"Authors","Author full names","Author(s) ID","Title","Year","Source title","Volume","Issue","Art. No.","Page start","Page end","Cited by","DOI","Link","Abstract","Author Keywords","Index Keywords","Document Type","Publication Stage","Open Access","Source","EID"
"Caporusso N.; Campan A.; Bhandari A.; Kroeger S.; Gautam S.","Caporusso, Nicholas (21734204500); Campan, Alina (13408689900); Bhandari, Ayush (59915223000); Kroeger, Stephen (60203691200); Gautam, Sarita (60203215000)","21734204500; 13408689900; 59915223000; 60203691200; 60203215000","BrandNERD: An Extensive Brand Dataset and Analysis Pipeline for Named Entity Resolution","2025","International Joint Conference on Knowledge Discovery, Knowledge Engineering and Knowledge Management, IC3K - Proceedings","1","","","481","488","0","10.5220/0013830600004000","https://www.scopus.com/pages/publications/105022473907?origin=resultslist","Named entity resolution (NER) comprises several steps to address multifaceted challenges, including canonicalization, aggregation, and validation. Nonetheless, NER research is hindered by the scarcity of realistic, labeled corpora that capture the spelling noise and brand proliferation found in data from multiple sources, from e-commerce to social media. In this paper, we introduce the Brand Name Entity Resolution Dataset (BrandNERD), an extensive dataset of real-world brand names extracted from an existing high-traffic retail marketplace. BrandNERD consists of multiple datasets along the entity resolution pipeline: raw surface forms, unique canonical entities, similarity clusters, validated brands, and a lookup table reconciling multiple canonical forms with a list of validated preferred brand labels. In addition to the BrandNERD dataset, our contribution includes an analysis of adequacy of various text similarity measures to the brand NER task at hand, the processing algorithms used in each step of the resolution process, and user interfaces and data visualization tools for manual reviews, resulting in a modular, fully reproducible, and extensible pipeline that reflects the complete NER workflow. BrandNERD, which is released as a public repository, contains the dataset and processing pipeline for over 390,000 raw brand names. The repository is continuously updated with new data and improved NER algorithms, making it a living resource for research in marketing and machine learning, and for enabling more complex downstream tasks such as entity disambiguation and brand sentiment analysis. Copyright © 2025 by SCITEPRESS – Science and Technology Publications, Lda.","Brand Canonicalization; Named Entity Resolution; String Pattern Matching; Text Mining","Clustering algorithms; Data visualization; Electronic commerce; Information systems; Information use; Knowledge management; Learning algorithms; Learning systems; Machine learning; Marketing; Pattern matching; Pipeline processing systems; Pipelines; Sentiment analysis; Text mining; User interfaces; Brand canonicalization; Brand names; Canonicalization; E- commerces; Entity resolutions; Multiple source; Named entities; Named entity resolution; String pattern matching; Text-mining; Table lookup","Conference paper","Final","All Open Access; Gold Open Access","Scopus","2-s2.0-105022473907"
"Mantha A.; Sundaresan A.; Kedia S.; Arora Y.; Gupta S.; Wang G.; Kanumala P.; Guo S.; Achan K.","Mantha, Aditya (57218453507); Sundaresan, Anirudha (57216689446); Kedia, Shashank (57219795514); Arora, Yokila (57218450665); Gupta, Shubham (57220721958); Wang, Gaoyang (57221692898); Kanumala, Praveenkumar (57218449525); Guo, Stephen (57194784208); Achan, Kannan (57215602368)","57218453507; 57216689446; 57219795514; 57218450665; 57220721958; 57221692898; 57218449525; 57194784208; 57215602368","A Real-Time Whole Page Personalization Framework for E-Commerce","2020","Proceedings - 2020 IEEE International Conference on Big Data, Big Data 2020","","","9378254","4646","4650","3","10.1109/BigData50022.2020.9378254","https://www.scopus.com/pages/publications/85103813956?origin=resultslist","E-commerce platforms consistently aim to provide personalized recommendations to drive user engagement, enhance overall user experience, and improve business metrics. Most e-commerce platforms contain multiple carousels on their homepage, each attempting to capture different facets of the shopping experience. Given varied user preferences, optimizing the placement of these carousels is critical for improved user satisfaction. Furthermore, items within a carousel may change dynamically based on sequential user actions, thus necessitating online ranking of carousels. In this work, we present a scalable end-to-end production system to optimally rank item-carousels in real-time on the Walmart online grocery homepage. The proposed system utilizes a novel model that captures the user's affinity for different carousels and their likelihood to interact with previously unseen items. Our system is flexible in design and is easily extendable to settings where page components need to be ranked. We provide the system architecture consisting of a model development phase and an online inference framework. To ensure low-latency, various optimizations across these stages are implemented. We conducted extensive online evaluations to benchmark against the prior experience. In production, our system resulted in an improvement in item discovery, an increase in online engagement, and a significant lift on add-to-carts (ATCs) per visitor on the homepage. © 2020 IEEE.","Content Ranking; E-commerce; Personalization; Recommender Systems; Whole-page Optimization","Real time systems; User interfaces; Commerce platforms; Content rankings; Homepage; Optimisations; Personalizations; Personalized recommendation; Real- time; User engagement; Users' experiences; Whole-page optimization; Electronic commerce","Conference paper","Final","All Open Access; Green Open Access","Scopus","2-s2.0-85103813956"
"Valanarasu D.P.; Ramavath S.K.; Ojha A.; Pardaev J.; Matchanova B.","Valanarasu, Dilip Prakash (60020006100); Ramavath, Shiva Kumar (59738632900); Ojha, Amit (60387661000); Pardaev, Jamshid (58723252900); Matchanova, Barno (60021902500)","60020006100; 59738632900; 60387661000; 58723252900; 60021902500","Advanced Recommender Systems for Personalised E-Commerce","2025","2025 International Conference on Sustainability, Innovation and Technology, ICSIT 2025","","","","","","0","10.1109/ICSIT65336.2025.11295020","https://www.scopus.com/pages/publications/105031596941?origin=resultslist","The spill-in effect of e-commerce advancement has made personalised recommendation systems important determinants of user interactivity, satisfaction, and sales conversions. However, although the traditional recommendation systems have provided a base of personalization, it has been limited in specificity due to data sparsity, cold-start issues, and context blindness. Advances in hybrid architectures, deep learning, sometimes attention, and reinforcement learning have been able to significantly enrich recommendation efforts. In this paper, the author presents an advanced hybrid recommender system architecture, which effectively combines collaborative filtering and content-based filtering with the deep sequential modelling mechanism and multi-modal context adaptation in order to provide highly customized recommendations. The measurement and testing of the proposed system are carried out on extensive e-commerce datasets to test the system in terms of accuracy, diversity, novelty, as well as customer satisfaction over various performance metrics. Findings prove that the hybrid model can produce a scaled and dynamic solution to the dynamic real-time use of personalization in a complex e-commerce environment, and this model is significantly superior to the conventional approaches. The framework handles the major issues in the industry, creating technical strength and being commercially viable. © 2025 IEEE.","Collaborative Filtering; Context-Aware Systems; Deep Learning; E-Commerce; Personalization; Recommender Systems; Reinforcement Learning","Computer architecture; Customer satisfaction; Deep learning; Deep reinforcement learning; Distributed computer systems; Electronic commerce; Learning systems; Starting; Statistical tests; User interfaces; Cold-start; Context-aware systems; Data sparsity; Deep learning; E- commerces; Hybrid architectures; Interactivity; Personalizations; Personalized recommendation systems; Reinforcement learnings; Collaborative filtering; Recommender systems","Conference paper","Final","","Scopus","2-s2.0-105031596941"
"Kohavi R.","Kohavi, Ron (56355116300)","56355116300","Mining e-commerce data: The good, the bad, and the ugly","2001","Proceedings of the Seventh ACM SIGKDD International Conference on Knowledge Discovery and Data Mining","","","","8","13","96","","https://www.scopus.com/pages/publications/0035788894?origin=resultslist","Organizations conducting Electronic Commerce (e-commerce) can greatly benefit from the insight that data mining of transactional and clickstream data provides. Such insight helps not only to improve the electronic channel (e.g., a web site), but it is also a learning vehicle for the bigger organization conducting business at brick-and-mortar stores. The e-commerce site serves as an early alert system for emerging patterns and a laboratory for experimentation. For successful data mining, several ingredients are needed and e-commerce provides all the right ones (the Good). Web server logs, which are commonly used as the source of data for mining e-commerce data, were designed to debug web servers, and the data they provide is insufficient, requiring the use of heuristics to reconstruct events. Moreover, many events are never logged in web server logs, limiting the source of data for mining (the Bad), Many of the problems of dealing with web server log data can be resolved by properly architecting the e-commerce sites to generate data needed for mining. Even with a good architecture, however, there are challenging problems that remain hard to solve (the Ugly). Lessons and metrics based on mining real e-commerce data are presented.","Application server; Data mining; E-commerce; Web server; Web site architecture","Electronic commerce; Heuristic methods; Learning systems; Problem solving; Servers; Websites; Application servers; Data mining","Conference paper","Final","","Scopus","2-s2.0-0035788894"
"Samonte M.J.C.; Coladilla J.T.A.; Lavarias A.; Montiero G.","Samonte, Mary Jane C. (36344067500); Coladilla, John Timothy A. (60102771900); Lavarias, Alvin (60102539500); Montiero, Gilbert (60102320000)","36344067500; 60102771900; 60102539500; 60102320000","LookingFor: A Mobile Application for Finding Local Skilled Workers and Service Providers","2025","Lecture Notes in Networks and Systems","1180 LNNS","","","287","297","0","10.1007/978-981-97-9324-2_23","https://www.scopus.com/pages/publications/105016102736?origin=resultslist","This paper delves into the impact of e-commerce or online platforms on the success of small businesses in the Philippines, focusing specifically on water refill businesses, on-call technicians, and plumbers. With the rapid advancement of technology, internet shopping has become increasingly prevalent, posing both opportunities and challenges for micro, small, and medium enterprises (MSMEs). The study explores the barriers MSMEs face in adopting e-commerce platforms and investigates how implementing them can enhance their business operations and competitiveness. Additionally, the paper examines the significance of locationbased e-commerce mobile applications in facilitating business transactions between MSMEs and customers. Employing an iterative and incremental research methodology, the study develops a mobile software solution integrated with a cloud platform to enable MSMEs to sell their services more efficiently. The project design incorporates various technologies, including Flutter, Dart DevTools, Firebase, and Google Maps API, to create a user-friendly interface and streamline transactions. Through usability testing and evaluation using the system usability scale (SUS), the study assesses the effectiveness and user-friendliness of the developed mobile application, which earned a score of 70. While the user experience questionnaire (UEQ), among all six (6) of its criteria (users’ perceptions of the application’s attractiveness, perspicuity, efficiency, dependability, stimulation, and novelty), stimulation got the highest mean score of 2.821. The research outcomes highlight the importance of such applications in empowering MSMEs, expanding their customer base, and driving economic growth. The findings contribute to the existing body of knowledge in mobile application development and its impact on small businesses, offering insights for future research endeavors. © The Author(s), under exclusive license to Springer Nature Singapore Pte Ltd. 2025.","Mobile application; Usability; User experience questionnaire","Application programming interfaces (API); Application programs; Competition; Economic analysis; Iterative methods; Mobile applications; Mobile commerce; Sales; Usability engineering; User experience; User interfaces; Commerce platforms; E- commerces; Micro-enterprises; Mobile applications; Skilled workers; Small business; Small-and-medium enterprise; Usability; User experience questionnaire; Users' experiences; Mobile computing","Conference paper","Final","","Scopus","2-s2.0-105016102736"
"Mohanty I.","Mohanty, Ipsita (57372168300)","57372168300","Recommendation Systems in the Era of LLMs","2023","ACM International Conference Proceeding Series","","","","142","144","6","10.1145/3632754.3632941","https://www.scopus.com/pages/publications/85185409734?origin=resultslist","Recommendation Systems (RecSys) in e-commerce play a pivotal role in enhancing the user experience by providing personalized recommendations of products specific to the user preferences. The power of RecSys lies in its ability to anticipate user needs through signals like historical purchases, tastes, preferences, similar user types, etc. These factors drive customer satisfaction, user engagement, revenue growth, etc. Since the advent of transformer-based embeddings, RecSys has been primarily driven by BERT-based architectures. However, in the era of Large Language Models (LLMs), interest in applying LLMs in the RecSys domain has gained significant attention. LLMs trained on massive amounts of data have the potential to enhance various aspects of RecSys through techniques like fine-tuning, prompt tuning, etc. However, these techniques are not without challenges for deployment in real-world applications. This talk discusses the potential use of LLMs in recommendation systems and challenges in real-world applications such as training efficiency, inference, and bias.  © 2023 Owner/Author.","Deep Learning; Large Language Model; Natural Language Processing; Natural Language Understanding; Recommendations Systems; Transformers","Computational linguistics; Customer satisfaction; Deep neural networks; Digital storage; Electronic commerce; Natural language processing systems; Tuning; User interfaces; Deep learning; E- commerces; Language model; Language processing; Large language model; Natural language processing; Natural language understanding; Natural languages; Real-world; Transformer; Recommender systems","Conference paper","Final","","Scopus","2-s2.0-85185409734"
"Djamasbi S.; Hall-Phillips A.; Yang R.R.","Djamasbi, Soussan (18433762500); Hall-Phillips, Adrienne (55481958300); Yang, Ruijiao Rachel (55634256600)","18433762500; 55481958300; 55634256600","Search results pages and competition for attention theory: An exploratory eye-tracking study","2013","Lecture Notes in Computer Science (including subseries Lecture Notes in Artificial Intelligence and Lecture Notes in Bioinformatics)","8016 LNCS","PART 1","","576","583","7","10.1007/978-3-642-39209-2_64","https://www.scopus.com/pages/publications/84880874939?origin=resultslist","The World Wide Web plays a central role in many aspects of our modern life. In particular, using search engines to access information about products and services has become an integral part of our day-to-day activities. In this study we look at users' viewing behavior on search engine results pages (SERPs) through the lens of competition for attention theory. While this theory has been used for examining consumer behavior on e-commerce websites, little work has been done to test this theory for viewing behavior on SERPs. We use eye tracking data to analyze viewing behavior. The results show that viewing behavior can have an impact on a user experience and effective search, providing theoretical direction for studying the viewing behavior of SERPs. © 2013 Springer-Verlag Berlin Heidelberg.","Competition for Attention; Eye Tracking; Fixation; Search Engine Result Pages (SERPs); Viewing Behavior","Consumer behavior; Nitrogen fixation; Search engines; User experience; User interfaces; Competition for attention theory; Competition for attentions; E-commerce websites; Eye-tracking studies; Products and services; Search engine results; Search engine results pages; Viewing Behavior; Eye tracking","Conference paper","Final","","Scopus","2-s2.0-84880874939"
"Penumatcha V.","Penumatcha, Vignyanand (60436872400)","60436872400","Generative AI and Large Language Models for Conversational AI: Advanced Deep Learning in Customer Support Chatbots","2025","2025 IEEE 2nd International Conference on Information Technology, Electronics and Intelligent Communication Systems, ICITEICS 2025","","","","","","0","10.1109/ICITEICS64870.2025.11341495","https://www.scopus.com/pages/publications/105033234346?origin=resultslist","With the rapid advancement of Artificial Intelligence (AI) and Natural Language Processing (NLP), chatbots have become integral to automating customer service workflows. Chatbots are increasingly finding their way into e-commerce and e-services, as their implementation opens up promising opportunities to improve customer service. This study presents a high-performance customer support chatbot framework that combines a fine-tuned DistilBERT model for accurate intent stratification and a GPT -2 model for context-aware response generation. The architecture integrates discriminative and generative capabilities, enabling a precise understanding of user queries and the generation of human-like, domain-relevant responses. It is computationally efficient and can be run in real-time; it achieves state-of-the-art efficacy on a domain-specific dataset, yielding real solutions that can be integrated into the architecture of the present-day customer support operations. The system is trained on the Bitext Gen AI Chatbot Customer Support Dataset, comprising diverse user-bot interactions across various service intents. Preprocessing steps include tokenization, lemmatization, and label encoding to ensure clean and structured input. The model is deployed through an interactive Gradio interface, which supports real-time, stateful, multi-turn conversations for a natural user experience. Evaluation demonstrates superior performance, with the proposed system achieving 99.94% accuracy, along with high 'precision' (prec), 'F1-score' (f-measure), and 'recall' (rec), substantially outperforming baseline models such as XGBoost, BERT, and BiLSTM. The chatbot effectively handles dynamic queries, maintains contextual coherence, and scales across different domains. This work addresses key limitations in existing chatbots, such as overreliance on retrieval-based systems, limited context retention, and lack of real-time deployability. The proposed solution offers a lightweight, scalable, and highly adaptable chatbot that enhances user engagement, reduces operational costs, and delivers reliable support across diverse customer service environments. © 2025 IEEE.","Customer Experience; Customer Support Chatbots; Deep learning; Generative AI; Intelligent Virtual Assistants; Large Language Models (LLMs)","Chatbots; Computer architecture; Human computer interaction; Natural language processing systems; Public relations; Sales; Search engines; User experience; User interfaces; Chatbots; Customer experience; Customer support; Customer support chatbot; Deep learning; Generative artificial intelligence; Intelligent virtual assistant; Language model; Large language model; Virtual assistants; Deep learning","Conference paper","Final","","Scopus","2-s2.0-105033234346"
"Wu M.; Miller R.C.; Garfinkel S.L.","Wu, Min (55729405900); Miller, Robert C. (57216196948); Garfinkel, Simson L. (36867821700)","55729405900; 57216196948; 36867821700","Do security toolbars actually prevent phishing attacks?","2006","Conference on Human Factors in Computing Systems - Proceedings","1","","","601","610","436","10.1145/1124772.1124863","https://www.scopus.com/pages/publications/33745867321?origin=resultslist","Security toolbars in a web browser show security-related information about a website to help users detect phishing attacks. Because the toolbars are designed for humans to use, they should be evaluated for usability - that is, whether these toolbars really prevent users from being tricked into providing personal information. We conducted two user studies of three security toolbars and other browser security indicators and found them all ineffective at preventing phishing attacks. Even though subjects were asked to pay attention to the toolbar, many failed to look at it; others disregarded or explained away the toolbars' warnings if the content of web pages looked legitimate. We found that many subjects do not understand phishing attacks or realize how sophisticated such attacks can be. Copyright 2006 ACM.","E-Commerce; User Interface Design; User Study; World Wide Web and Hypermedia","Computer aided design; Electronic crime countermeasures; Information retrieval; Security of data; Security systems; Web browsers; Websites; Security toolbars; User Interface Design; User Study; World Wide Web and Hypermedia; Computer crime","Conference paper","Final","","Scopus","2-s2.0-33745867321"
"Coltey E.; Alonso D.; Vassigh S.; Chen S.-C.","Coltey, Erik (57219305928); Alonso, Daniela (57860372600); Vassigh, Shahin (57203133538); Chen, Shu-Ching (7410254440)","57219305928; 57860372600; 57203133538; 7410254440","Towards an AI-Driven Marketplace for Small Businesses During COVID-19","2022","SN Computer Science","3","6","441","","","8","10.1007/s42979-022-01349-w","https://www.scopus.com/pages/publications/85136640876?origin=resultslist","With the introduction of new COVID-19 variants such as Delta and Omicron, small businesses have been tasked with navigating a constantly changing business environment. Furthermore, due to supply chain issues, shortages of various critical products negatively affect businesses of all sizes and industries. However, continued innovation in Computer Science, specifically in sub-fields of Artificial Intelligence (AI), such as natural language processing (NLP), has created significant value for businesses through helpful data-driven features. To this end, we propose a platform utilizing AI-driven tools to help build an effective business-to-business (B2B) platform. The proposed platform aims to automate much of the market research which goes into selecting products and platform users during times of distress while still providing an intuitive e-commerce interface. There are three primary novel components to this platform. The first of these components is the Buyer’s Club (BC), which allows customers to pool resources to purchase bulk orders at a reduced cost. The second component is an automated system utilizing Natural Language Processing (NLP) to detect trending disaster news topics. Disaster topic detection can be applied to inform buyers and suppliers on adapting to changing market conditions and has been shown to match closely with Google Trends data. The third component is a regulation matching system, using a custom data set to help inform customers when purchasing products. Such guidance is necessary to comply with a regulatory environment that will be irregular for the foreseeable future. © 2022, The Author(s), under exclusive licence to Springer Nature Singapore Pte Ltd.","Artificial intelligence; COVID-19; Data mining; Data retrieval; Mobile; Natural language processing; User interface","","Article","Final","All Open Access; Bronze Open Access; Green Open Access","Scopus","2-s2.0-85136640876"
"Lee J.","Lee, Juhnyoung (22734683900)","22734683900","ABSOLUTE: AN INFORMATION VISUALIZATION SYSTEM for DECISION SUPPORT in SOURCING","2002","International Journal of Image and Graphics","2","1","","1","20","0","10.1142/S0219467802000500","https://www.scopus.com/pages/publications/85073111668?origin=resultslist","ABSolute is a general-purpose, multi-dimensional decision support system which has a highly sophisticated visualization-based user interface for direct data manipulation. The interface and analysis facilities of this system enable the users to effectively view, explore, search, compare and classify data items to make discoveries, decisions or explanations about patterns, groups of items, or individual items with the highest level of confidence and knowledge. The usefulness of this system is demonstrated in solving a complex decision-making problem in a business environment: a bid evaluation and selection problem in corporate procurement using a RFQ (Request-For-Quotes) process. © 2002 World Scientific Publishing Company.","Decision Support; E-commerce; Procurement; User Interface; Visualization","Data visualization; Decision making; Decision support systems; Electronic commerce; Flow visualization; Information systems; User interfaces; Visualization; Business environments; Corporate procurement; Data manipulations; Decision supports; Information visualization system; Procurement; Request for quotes; Selection problems; Search engines","Article","Final","","Scopus","2-s2.0-85073111668"
"Singh M.; Jain A.K.; Singh M.P.","Singh, Mona (57200346962); Jain, Anuj K. (55470998000); Singh, Munindar P. (36515667700)","57200346962; 55470998000; 36515667700","E-commerce over communicators: Challenges and solutions for user interfaces","1999","ACM International Conference Proceeding Series","","","","177","186","3","10.1145/336992.337040","https://www.scopus.com/pages/publications/0006600424?origin=resultslist","Communicators are small handheld devices that combine the features of PDAs and palmtop computers with those of telephones. Communicators are widely believed to be the next big wave of devices with projected worldwide market penetration exceeding that of conventional desktop computers. Because of their being ready at hand as people go about their daily business, Communicators provide a natural platform on which to conduct e-commerce. However, Communicators pose major technical challenges because of their physical limitations and likely modes of usage. They offer small screens for presentation, difficult input, low bandwidth, and intermittent and unreliable connectivity. Further, people use their Communicators while on the run, in awkward settings, and may break, lose, or have their Communicators stolen. We describe an approach that addresses the above challenges while retaining the convenience of using Communicators. This approach integrates innovations in user interfaces and backend systems for information access and transactions. ©1999 ACM.","","Hand held computers; Personal computing; Backend system; E- commerces; Hand held device; Interface system; Low-bandwidth; Market penetration; Palmtop computers; Physical limitations; Small screens; Technical challenges; User interfaces","Conference paper","Final","","Scopus","2-s2.0-0006600424"
"Ferreira J.E.; Takai O.K.; Pu C.","Ferreira, João Eduardo (7403252472); Takai, Osvaldo Kotaro (14632736500); Pu, Calton (7007061293)","7403252472; 14632736500; 7007061293","Integration of collaborative information system in internet applications using riverFish architecture","2005","2005 International Conference on Collaborative Computing: Networking, Applications and Worksharing","2005","","1651225","","","10","10.1109/colcom.2005.1651225","https://www.scopus.com/pages/publications/33947709937?origin=resultslist","Business process integration is a serious challenge in collaborative information systems due to the potential interference among them. This paper describes RiverFish architecture to solving integration problems in collaborative information systems belong to E-Commerce environment. DECA application has been used to show a good example of a non-trivial problem of this integration. DECA application controls the processing application involving several government agencies to illustrate a new application called DECA. Each step of DECA processes various levels of checkpoints and stores the results into associated collaborative information systems. This application has served more than 2 million users since 2000, demonstrating the reliability and support for evolution of RiverFish approach. © 2005 IEEE.","Architecture model; Business processes; Collaborative information system; E-Commerce application; Navigation plan; RiverFish architecture; Web database services","Computer architecture; Database systems; Electronic commerce; Enterprise resource planning; Internet; World Wide Web; Business process integration; Navigation plan; RiverFish architecture; Web database services; Information systems","Conference paper","Final","","Scopus","2-s2.0-33947709937"
"Ayyadapu A.K.R.; Saini P.; Gupta P.; Kani R.M.; Shinde S.B.; Sheela K.S.","Ayyadapu, Anjan Kumar Reddy (59251152400); Saini, Priyanka (60112344900); Gupta, Prachi (60145595200); Kani, R. Melba (57220037904); Shinde, Sonal Bhanudas (60135397500); Sheela, K.Santha (57207912525)","59251152400; 60112344900; 60145595200; 57220037904; 60135397500; 57207912525","Fuzzy Logic and Machine Learning Hybrid Model for Influencing Consumer Purchasing Behavior in E-Commerce","2025","2025 International Conference on Computing Technologies and Data Communication, ICCTDC 2025","","","","","","0","10.1109/ICCTDC64446.2025.11158906","https://www.scopus.com/pages/publications/105019054718?origin=resultslist","With the rise of the Internet, online shopping has become an integral aspect of contemporary living, greatly impacting consumer behaviour in e-commerce. In e-commerce, good emotions and easy navigation play significant roles in driving consumer actions, in contrast to traditional retail settings were establishing human rapport influences purchasing decisions. The suggested approach employs state-of-the-art data preparation methods, such as handling missing values, encoding categorical variables, and scaling features to improve data quality, in order to comprehend and foretell these behaviours. First, the FKNN technique is used for regression modelling after using SA for effective feature selection. In an effort to enhance prediction accuracy, this study explores various FKNN versions based on Minkowski, Manhattan, and Euclidean distances. By obtaining the best prediction accuracy, the lowest average error, and an overall accuracy of 95.36%, the results show that the MdFKNN far surpasses previous methods. The MdFKNN model shows promise in solving regression issues in e-commerce analytics, as shown by these results. Ultimately, the study highlights how important intelligent modelling techniques are for better understanding consumer purchase behaviour in e-commerce environments and making predictions. © 2025 IEEE.","Consumer Purchase Behavior (CPB); Fuzzy K-Nearest Neighbour (FKNN); Minkowski Distance (MD); Sort Aggregation (SA)","Consumer behavior; Data accuracy; Data handling; Data quality; Electronic commerce; Fuzzy logic; Learning systems; Machine learning; Purchasing; Regression analysis; Sales; Consumer purchase; Consumer purchase behavior; E- commerces; Fuzzy K-near neighbor; Fuzzy-Logic; Minkowski distance; Minkowski's distance; Nearest-neighbour; Prediction accuracy; Sort aggregation; Forecasting","Conference paper","Final","","Scopus","2-s2.0-105019054718"
"Mithas S.; Ramasubbu N.; Krishnan M.S.; Fornell C.","Mithas, Sunil (8837646800); Ramasubbu, Narayan (16317345600); Krishnan, M.S. (7102069667); Fornell, Claes (6602961063)","8837646800; 16317345600; 7102069667; 6602961063","Designing web sites for customer loyalty across business domains: A multilevel analysis","2006","Journal of Management Information Systems","23","3","","97","127","168","10.2753/MIS0742-1222230305","https://www.scopus.com/pages/publications/34249038031?origin=resultslist","Web sites are important components of Internet strategy for organizations. This paper develops a theoretical model for understanding the effect of Web site design elements on customer loyalty to a Web site. We show the relevance of the business domain of a Web site to gain a contextual understanding of relative importance of Web site design elements. We use a hierarchical linear modeling approach to model multilevel and cross-level interactions that have not been explicitly considered in previous research. By analyzing data on more than 12,000 online customer surveys for 43 Web sites in several business domains, we find that the relative importance of different Web site features (e.g., content, functionality) in affecting customer loyalty to a Web site varies depending on the Web site's domain. For example, we find that the relationship between Web site content and customer loyalty is stronger for information-oriented Web sites than for transaction-oriented Web sites. However, the relationship between functionality and customer loyalty is stronger for transaction-oriented Web sites than for information-oriented Web sites. We also find that government Web sites enjoy greater word-of-mouth effect than commercial Web sites. Finally, transaction-oriented Web sites tend to score higher on mean customer loyalty than do information-oriented Web sites. © 2007 M.E. Sharpe, Inc.","Business value of information technology; Customer loyalty; Customer relationships; Customer satisfaction; E-commerce; Hierarchical linear modeling (HLM); Web site content; Word-of-mouth","Customer satisfaction; Hierarchical systems; Information retrieval; Information technology; Internet; Linear systems; Websites; Customer loyalty; Customer relationships; Hierarchical linear modeling (HLM); Web site content; Electronic commerce","Article","Final","All Open Access; Green Open Access","Scopus","2-s2.0-34249038031"
"Price J.","Price, J. (55456758500)","55456758500","You and me: Making technical communication personal","2001","Proceedings/STC, Society for Technical Communication Annual Conference","","","","215","216","0","","https://www.scopus.com/pages/publications/0034835073?origin=resultslist","Personalization lets us pinpoint our in formation for a particular person, small group, or niche audience. Using object-oriented databases and content management software, we are learning to answer individual questions, offer multiple menus leading to the same information, improve the precision of searches, respond individually to entail and discussion questions, and allow users to customize the contents of their own personal manuals. In these areas, E-commerce and commercial information sites show technical communicators the way to customize information for each visitor.","","Algorithms; Computer software; Digital signal processing; Electronic commerce; Electronic mail; Graphical user interfaces; Information management; Mathematical models; Object oriented programming; Online searching; Relational database systems; Websites; XML; Content management; Object-oriented databases; Technical writing","Conference paper","Final","","Scopus","2-s2.0-0034835073"
"Tilson R.; Dong J.; Martin S.; Kieke E.","Tilson, Roger (57195610937); Dong, Jianming (55478008100); Martin, Shirley (7404841854); Kieke, Eric (57195613527)","57195610937; 55478008100; 7404841854; 57195613527","A comparison of two current e-commerce sites","1998","ACM SIGDOC Annual International Conference on Computer Documentation, Proceedings","Part F129236","","","87","92","15","10.1145/296336.296357","https://www.scopus.com/pages/publications/85016882307?origin=resultslist","The IBM Ease of Use Group asked sixteen participants to compare two e-commerce web sites that sold designer clothing and two that sold computer products. The primary goal of the study was to pinpoint factors or issues affecting the usability of e-commerce sites that need further research. The sites that participants used were selected because they had received good reviews in the press. One surprising finding from this study, however, was that fourteen out of sixteen participants preferred Clothing Site B to Clothing Site A. This paper discusses the factors that influenced participants' preferences. Specifically, Site B provided participants with easy-To-use product lists, more obviousness for order links, more feedback on items in the shopping cart, and more navigation control after adding an item to the shopping list. © 1998 ACM.","E-commerce; Web site design","Electronic commerce; Websites; Computer products; E-commerce sites; Ease-of-use; Easy-to-use products; Navigation controls; Shopping carts; Shopping lists; Web site design; Commerce","Conference paper","Final","All Open Access; Gold Open Access","Scopus","2-s2.0-85016882307"
"Chaudhary N.; Chowdhury D.R.","Chaudhary, Namrata (57210551691); Chowdhury, Drimik Roy (57210554517)","57210551691; 57210554517","Data preprocessing for evaluation of recommendation models in E-commerce","2019","Data","4","1","23","","","13","10.3390/data4010023","https://www.scopus.com/pages/publications/85070914492?origin=resultslist","E-commerce businesses employ recommender models to assist in identifying a personalized set of products for each visitor. To accurately assess the recommendations’ influence on customer clicks and buys, three target areas—customer behavior, data collection, user-interface—will be explored for possible sources of erroneous data. Varied customer behavior misrepresents the recommendations’ true influence on a customer due to the presence of B2B interactions and outlier customers. Non-parametric statistical procedures for outlier removal are delineated and other strategies are investigated to account for the effect of a large percentage of new customers or high bounce rates. Subsequently, in data collection we identify probable misleading interactions in the raw data, propose a robust method of tracking unique visitors, and accurately attributing the buy influence for combo products. Lastly, user-interface issues discuss the possible problems caused due to the recommendation widget’s positioning on the e-commerce website and the stringent conditions that should be imposed when utilizing data from the product listing page. This collective methodology results in an exact and valid estimation of the customer’s interactions influenced by the recommendation model in the context of standard industry metrics, such as Click-through rates, Buy-through rates, and Conversion revenue. © 2019 by the authors. Licensee MDPI, Basel, Switzerland.","Buy-through rate; Click-through rate; Data preprocessing; Data validation; E-commerce; Non-parametric outlier removal; Online customer behavior; Personalization; Recommendation engine","Data acquisition; Electronic commerce; Sales; Statistics; User interfaces; Buy-through rate; Clickthrough rates (CTR); Customer behavior; Data preprocessing; Data validation; Non-parametric outlier removal; Nonparametrics; Online customer behaviors; Outlier removals; Personalizations; Recommender systems","Article","Final","All Open Access; Gold Open Access; Green Open Access","Scopus","2-s2.0-85070914492"
"Benbunan-Fich R.; Altschuller S.","Benbunan-Fich, Raquel (57203868711); Altschuller, Shoshana (8517648200)","57203868711; 8517648200","Web presence transformations in the 1990s: An analysis of press releases","2005","IEEE Transactions on Professional Communication","48","2","","131","146","20","10.1109/TPC.2005.849647","https://www.scopus.com/pages/publications/18944376570?origin=resultslist","Many organizations are constantly changing their web presence. Despite the frequency of these redesigns, there appears to be little evidence to explain what kinds of changes are incorporated into each updated version of a web presence. To understand how commercial organizations transform their web presence, we conduct a content analysis and a cluster analysis of press releases describing redesign initiatives in the late 1990s. Findings suggest that the majority of companies redesigned their web presence to expand information and change navigation protocols. Surprisingly, the addition of interactive features such as online ordering and community communication channels is present in only 20% of the redesign cases studied. According to the groups provided by the cluster analysis, most of the changes reported in these press releases are centered on improving the usability of the web presence. Based on this evidence, we conclude that initial transformations to commercial websites were more driven by the need to effectively communicate new information than by the addition of e-commerce features. © 2005 IEEE.","Cluster analysis; Content analysis; e-commerce; Usability; Websites","Communication channels (information theory); Electronic commerce; Human computer interaction; Information dissemination; Usability engineering; User interfaces; Websites; Cluster analysis; Content analysis; Press releases; Web presence; World Wide Web","Article","Final","","Scopus","2-s2.0-18944376570"
"Bhatti N.; Bouch A.; Kuchinsky A.","Bhatti, Nina (7003563222); Bouch, Anna (6603120805); Kuchinsky, Allan (6603107587)","7003563222; 6603120805; 6603107587","Integrating user-perceived quality into web server design","2000","HP Laboratories Technical Report","","3","","","","10","10.1016/s1389-1286(00)00087-6","https://www.scopus.com/pages/publications/84862440625?origin=resultslist","As the number of Web users and the diversity of Web applications continues to explode, Web Quality of Service (QoS) is an increasingly critical issue in the domain of e-Commerce. This paper presents experiments designed to estimate users' tolerance of QoS in the context of e-commerce. In addition to objective measures we discuss contextual factors that influence these thresholds and show how users' conceptual models of Web tasks affect their expectations. We then show how user thresholds of tolerance can be taken into account when designing web servers. This integration of user requirements for QoS into systems design is ultimately of benefit to all stakeholders in the design of Internet services.","E-commerce; Internet; Quality of service; Server design; User perception; Web server design","Computer systems; Electronic commerce; Integration; Internet; Optimization; Parameter estimation; Quality of service; Security of data; Servers; Technology; User interfaces; Latency; Priority scheduling; Server design; User perception; World Wide Web","Article","Final","","Scopus","2-s2.0-84862440625"
"Karunanithi K.; Haneef K.; Cordioli B.; Umar A.; Jain R.","Karunanithi, K. (57188682299); Haneef, K. (57188682245); Cordioli, B. (57188692458); Umar, A. (56250236900); Jain, R. (7403424167)","57188682299; 57188682245; 57188692458; 56250236900; 7403424167","Building flexible mobile applications for next generation enterprises","2000","Proceedings - Academia/Industry Working Conference on Research Challenges 2000: Next Generation Enterprises: Virtual Organizations and Mobile/Pervasive Technologies, AIWORC 2000","","","843283","127","132","3","10.1109/AIWORC.2000.843283","https://www.scopus.com/pages/publications/4544323568?origin=resultslist","In order to understand and gain practical insights into various aspects of next-generation enterprises (NGEs), we are building a testbed for flexible mobile applications. We started with a generic architecture and used it to build different applications in different domains. Our testbed consists of a multi-tiered architecture incorporating various user interfaces and access technologies, middleware components, enterprise integration systems, supply chain management and a host of currently emerging technologies. The first application we have developed is an information application for the Olympic Games to provide personalized information for mobile users through a variety of end-user devices. The second experiment is a typical e-commerce online purchasing application that uses mobile agents (brokers) to buy products from multiple suppliers based on user-specified criteria. The third example demonstrates a typical workflow scenario that may be needed in a highly collaborative and reliable NGE environment. In this paper, we present our preliminary experiences in building these applications. Based on our experience, we are pursuing further research and evaluation of various technologies for flexibility, mobility, scalability and ease of integration. © 2000 IEEE.","","Middleware; Mobile agents; Mobile computing; Mobile telecommunication systems; Supply chain management; Testbeds; User interfaces; Emerging technologies; Enterprise Integration; Information applications; Middleware components; Multi-tiered architectures; Personalized information; Research and evaluation; Various technologies; Mobile commerce","Conference paper","Final","","Scopus","2-s2.0-4544323568"
"Liu X.; Zhai C.; Han W.; Gungor O.","Liu, Xueqing (56354784200); Zhai, Chengxiang (35232046000); Han, Wei (57188840403); Gungor, Onur (36140999100)","56354784200; 35232046000; 57188840403; 36140999100","Numerical facet range partition: Evaluation metric and methods","2017","26th International World Wide Web Conference 2017, WWW 2017 Companion","","","","662","671","3","10.1145/3041021.3054195","https://www.scopus.com/pages/publications/85049578677?origin=resultslist","Faceted navigation is a very useful component in today's search engines. It is especially useful when user has an exploratory information need or prefer certain attribute values than others. Existing work has tried to optimize faceted systems in many aspects, but little work has been done on optimizing numerical facet ranges (e.g., price ranges of product). In this paper, we introduce for the first time the research problem on numerical facet range partition and formally frame it as an optimization problem. To enable quantitative evaluation of a partition algorithm, we propose an evaluation metric to be applied to search engine logs. We further propose two range partition algorithms that computationally optimize the defined metric. Experimental results on a two-month search log from a major e-Commerce engine show that our proposed method can significantly outperform baseline. © 2017 International World Wide Web Conference Committee (IW3C2), published under Creative Commons CC BY 4.0 License.","Faceted search; Information retrieval models; Non-smooth optimization; User search log","Search engines; World Wide Web; Evaluation metrics; Faceted search; Information retrieval models; Nonsmooth optimization; Optimization problems; Partition algorithms; Quantitative evaluation; User search log; Numerical methods","Conference paper","Final","All Open Access; Gold Open Access","Scopus","2-s2.0-85049578677"
"Ramineni V.; Ingole B.S.; Jayaram V.; Mehta G.; Krishnappa M.S.; Nagpal A.; Banarse A.R.","Ramineni, Vishnu (57193866408); Ingole, Balaji Shesharao (59362696700); Jayaram, Vivekananda (58978894100); Mehta, Gaurav (59720515500); Krishnappa, Manjunatha Sughaturu (59379329000); Nagpal, Akshay (59434660600); Banarse, Amey Ram (59379938900)","57193866408; 59362696700; 58978894100; 59720515500; 59379329000; 59434660600; 59379938900","Enhancing E-Commerce Accessibility Through a Novel Voice Assistant Approach for Web and Mobile Applications","2024","2024 3rd International Conference on Artificial Intelligence, Computational Electronics and Communication System, AICECS 2024","","","","","","0","10.1109/AICECS63354.2024.10956866","https://www.scopus.com/pages/publications/105004550702?origin=resultslist","As e-commerce platforms play a larger role in everyday transactions, it has grown important to ensure that users with disabilities can access them. This research introduces a new method for improving accessibility in web and mobile e-commerce applications by integrating intelligent voice assistants. The methodology utilizes natural language processing (NLP) together with machine learning techniques to facilitate navigation, product discovery, and transactions for people with visual, motor, or cognitive challenges. The system reduces the problems created by traditional graphical user interfaces (GUIs), which often restrict accessibility, by enabling users to interact with e-commerce platforms using voice commands. The study investigates the design of the voice assistant system, covering its combination with web and mobile applications, and assesses the advantages and disadvantages of voice interaction versus traditional input approaches. The user study investigates how the suggested solution performs and is usable, especially for the purpose of enhancing user experience for persons living with disabilities. The findings illustrate that the voice-based assistant greatly boosts accessibility, usability, and overall user satisfaction in multiple user groups. This research adds to the expanding literature on inclusive design for digital platforms, presenting insights into how voice technology might help close accessibility gaps in e-commerce. Future paths for improving voice interaction capabilities and broadening their use in other sectors are also part of the discussion.  © 2024 IEEE.","Accessibility Features; Cart Management; Cognitive Challenges; Command Efficiency; Command Recognition; E-commerce Accessibility; Hybrid Interfaces (Voice & Touch); Motor Impairments; Natural Language Processing (NLP); Order Management; Product Discovery; Speech Recognition; System Usability Scale (SUS); Task Completion Rates; User Satisfaction; User Study; Visual Impairments; Voice Assistants; Voice Interaction; Voice Navigation","Electronic money; Marketplaces; Mobile commerce; Speech enhancement; Speech recognition; Usability engineering; Accessibility feature; Cart management; Cognitive challenge; Command efficiency; Command recognition; E-commerce accessibility; Hybrid interface; Hybrid interface (voice & touch); Language processing; Motor impairments; Natural language processing; Natural languages; Orders management; Product discovery; System usability; System usability scale; Task completion rate; User study; Users' satisfactions; Visual impairment; Voice assistant; Voice interaction; Voice navigation; Graphical user interfaces","Conference paper","Final","","Scopus","2-s2.0-105004550702"
"Siau K.; Shen Z.","Siau, Keng (7003774702); Shen, Zixing (57221035106)","7003774702; 57221035106","Mobile commerce applications in supply chain management","2002","Journal of Internet Commerce","1","3","","3","14","38","10.1300/J179v01n03_02","https://www.scopus.com/pages/publications/0242706918?origin=resultslist","As wireless technologies evolve, the coming mobile revolution will bring dramatic and fundamental changes to supply chain management. When complete, the revolution will impact numerous facets of organizational life. It will provide important data in real time to assist decision makers, exert great influence on the ways businesses communicate and develop relationships with consumers and suppliers, and ultimately transform the way we manage the supply chain. This paper examines issues in integrating mobile commerce and supply chain management. The paper discusses issues such as the absence of killer applications, mobile device limitations, networking problems, infrastructure constraints, security concerns, and user distrust in mobile applications. Research issues, such as usability, user interfaces, mobile access to databases, agent technologies, and mobile business models, are also discussed. © 2002 by The Haworth Press, Inc. All rights reserved.","E-commerce; M-commerce; Supply chain; Wireless technology","","Article","Final","","Scopus","2-s2.0-0242706918"
"Nilan M.S.; Mundkur A.","Nilan, Michael S. (56189211100); Mundkur, Anuradha (8627251700)","56189211100; 8627251700","Structuring virtuality: A user-based example for E-Commerce","2007","IFIP International Federation for Information Processing","236","","","53","66","3","10.1007/978-0-387-73025-7_6","https://www.scopus.com/pages/publications/35148817955?origin=resultslist","The purpose of this paper is to provide an example of an empirical procedure for generating user-based cognitive and social cognitive models of tasks/problems/contexts that can be employed to create readily navigable link structures for virtuality-mediated communication and collaboration purposes. Employing a natural language, user-based method, this study describes patterns found across 128 interviews where respondents were describing their cognitive movement in the form of steps taken during an interactive E-Commerce situation. Employing these patterns, we analytically develop a model of E-Commerce as a series of logically necessary steps over time. The resulting model illustrates the utility of individual cognitive and social cognitive patterns to structure virtuality as a series of interactive links associated with particular tasks/problems/contexts. Logical structures derived in this manner have the additional strength of requiring no ""training"" of users because they already recognize the inherent linguistic, temporal and functional relationships. As an added benefit, the model of E-Commerce generated in this study has concrete practical implications for web site design and evaluation. © 2007 International Federation for Information Processing.","","Data processing; Electronic commerce; Information systems; Cognitive patterns; Communication and collaborations; Functional relationship; Link structure; Logical structure; Natural languages; Social cognitive models; Web site design; Structural design","Conference paper","Final","All Open Access; Gold Open Access","Scopus","2-s2.0-35148817955"
"Prakash Y.; Kolgar Nayak A.; Venkatraman N.; Jayarathna S.; Lee H.-N.; Ashok V.","Prakash, Yash (57805063400); Kolgar Nayak, Akshay (60240179600); Venkatraman, Nithiya (59342109400); Jayarathna, Sampath (36052654200); Lee, Hae-Na (57218554453); Ashok, Vikas (55633359800)","57805063400; 60240179600; 59342109400; 36052654200; 57218554453; 55633359800","Micro-Behavioral Analysis of Online Shopping Patterns for Blind Users","2026","CHIIR 2026 - Proceedings of the 2026 Conference on Human Information Interaction and Retrieval","","","","295","305","0","10.1145/3786304.3788841","https://www.scopus.com/pages/publications/105035838594?origin=resultslist","While online shopping platforms provide convenience and autonomy to blind users, their non-visual interactions remain underexplored at a micro-behavioral level. Existing studies have primarily emphasized accessibility and usability challenges but have overlooked how fine-grained, screen reader-driven keystroke-level behaviors reflect users' cognitive strategies. In this paper, we present the findings of a longitudinal study with 25 blind participants to examine their micro-behavioral patterns, using keyboard activity and screen reader logs on both familiar and unfamiliar e-commerce websites. We complemented this study with semi-structured interviews to contextualize the uncovered micro-behavioral patterns. Our results revealed patterns in how blind users draw upon cognitive maps and well-established shortcut routines developed on familiar websites to streamline navigation on unfamiliar platforms. However, unfamiliar websites, even when structurally accessible, often introduced elevated navigation entropy, increased shortcut failures, and induced more exploratory behavior, as users worked to reconstruct new mental models. Additionally, we also identified a strong preferential structure in keyboard shortcut use, where users maintain a personalized and often chronologically-ranked sequence of keystrokes. Furthermore, most users approached shopping with pre-planned objectives, relying on targeted search queries rather than broad ad-hoc product exploration for securing the best deals'. Based on the study insights, we discuss design considerations for assistive technology developers and e-commerce websites to further improve the online shopping experience for blind users. © 2026 Copyright held by the owner/author(s).","Blind; Screen reader; Usability; User Behavior; Visual impairment; Web accessibility; Web Browsing","Assistive technology; Cognitive systems; Electronic commerce; Human computer interaction; Human engineering; Information systems; Web browsers; Websites; Behavioral patterns; Blind; Blind users; Online shopping; Screen readers; Usability; User behaviors; Visual impairment; Web accessibility; Web browsing; Behavioral research","Conference paper","Final","All Open Access; Gold Open Access; Green Open Access","Scopus","2-s2.0-105035838594"
"Prakash Y.; Sunkara M.; Lee H.-N.; Jayarathna S.; Ashok V.","Prakash, Yash (57805063400); Sunkara, Mohan (57804796600); Lee, Hae-Na (57218554453); Jayarathna, Sampath (36052654200); Ashok, Vikas (55633359800)","57805063400; 57804796600; 57218554453; 36052654200; 55633359800","AutoDesc: Facilitating Convenient Perusal of Web Data Items for Blind Users","2023","International Conference on Intelligent User Interfaces, Proceedings IUI","","","","32","45","11","10.1145/3581641.3584049","https://www.scopus.com/pages/publications/85152136155?origin=resultslist","Web data items such as shopping products, classifieds, and job listings are indispensable components of most e-commerce websites. The information on the data items are typically distributed over two or more webpages, e.g., a 'Query-Results' page showing the summaries of the items, and 'Details' pages containing full information about the items. While this organization of data mitigates information overload and visual cluttering for sighted users, it however increases the interaction overhead and effort for blind users, as back-and-forth navigation between webpages using screen reader assistive technology is tedious and cumbersome. Existing usability-enhancing solutions are unable to provide adequate support in this regard as they predominantly focus on enabling efficient content access within a single webpage, and as such are not tailored for content distributed across multiple webpages. As an initial step towards addressing this issue, we developed AutoDesc, a browser extension that leverages a custom extraction model to automatically detect and pull out additional item descriptions from the 'details' pages, and then proactively inject the extracted information into the 'Query-Results' page, thereby reducing the amount of back-and-forth screen reader navigation between the two webpages. In a study with 16 blind users, we observed that within the same time duration, the participants were able to peruse significantly more data items on average with AutoDesc, compared to that with their preferred screen readers as well as with a state-of-the-art solution.  © 2023 Owner/Author.","Blind; Screen reader; Visual impairment; Web accessibility","Blind; Blind users; Classifieds; Data items; Query results; Screen readers; Visual impairment; Web accessibility; Web data; Web-page; Websites","Conference paper","Final","All Open Access; Gold Open Access; Green Open Access","Scopus","2-s2.0-85152136155"
"Li C.; Raghunathan A.; Jha N.K.","Li, Chunxiao (36554497100); Raghunathan, Anand (7005407504); Jha, Niraj K. (7102310305)","36554497100; 7005407504; 7102310305","A secure user interface for web applications running under an untrusted operating system","2010","Proceedings - 10th IEEE International Conference on Computer and Information Technology, CIT-2010, 7th IEEE International Conference on Embedded Software and Systems, ICESS-2010, ScalCom-2010","","","5578460","865","870","2","10.1109/CIT.2010.162","https://www.scopus.com/pages/publications/78249232342?origin=resultslist","Many security-critical web applications, such as online banking and e-commerce, require a secure communication path between the user and a remote server. Securing this end-to-end path is challenging and can be broken down into several segments. The network part between the user's machine and the server is usually well protected, using secure communication protocols, such as the Transport Layer Security (TLS) protocol. However, the user's sensitive inputs (such as password and credit card number) are handled by the operating system (OS) and the web applications before being encrypted and passed on to the network; also some sensitive information from the server (such as private account balance and transaction confirmation) is handled by OS/applications before being displayed to the user. This user interface part of the communication path, which includes the OS and web applications, is often untrusted because of possible malware (virus, rootkits, spyware, etc.) and vulnerabilities within the client. In this paper, a secure user interface running under an untrusted OS is proposed, which is independent of the OS/applications and has a very small code base size. This secure user interface attests itself to the remote server and then handles the sensitive input and output by itself, bypassing the OS kernel and web applications. It utilizes network software stacks in the OS, however, the sensitive information is cryptographically protected before being revealed to the potentially malicious OS. This ensures the confidentiality and integrity of the sensitive information. Using this secure user interface, even while running under untrusted OS/applications, the user's sensitive input, private output, and transaction integrity can be protected. © 2010 IEEE.","","Communication; Computer crime; Computer operating systems; Embedded software; Embedded systems; Information technology; Internet protocols; User interfaces; Viruses; World Wide Web; Account balance; Broken down; Communication path; Credit cards; E-Commerce; End-to-end path; Input and outputs; Malwares; On-line banking; Operating systems; Remote servers; Rootkits; Secure communications; Sensitive informations; Software stacks; Spy-ware; Transport layer security protocols; WEB application; Network security","Conference paper","Final","","Scopus","2-s2.0-78249232342"
"Shahabi C.; Chen Y.-S.","Shahabi, Cyrus (7004263107); Chen, Yi-Shin (7601428784)","7004263107; 7601428784","An adaptive recommendation system without explicit acquisition of user relevance feedback","2003","Distributed and Parallel Databases","14","2","","173","192","42","10.1023/A:1024888710505","https://www.scopus.com/pages/publications/0042318997?origin=resultslist","Recommendation systems are widely adopted in e-commerce businesses for helping customers locate products they would like to purchase. In an earlier work, we introduced a recommendation system, termed Yoda, which employs a hybrid approach that combines collaborative filtering (CF) and content-based querying to achieve higher accuracy for large-scale Web-based applications. To reduce the complexity of the hybrid approach, Yoda is structured as a tunable model that is trained off-line and employed for real-time recommendation on-line. The on-line process benefits from an optimized aggregation function with low complexity that allows the real-time aggregation based on confidence values of an active user to pre-defined sets of recommendations. In this paper, we extend Yoda to include more recommendation sets. The recommendation sets can be obtained from different sources, such as human experts, web navigation patterns, and clusters of user evaluations. Moreover, the extended Yoda can learn the confidence values automatically by utilizing implicit users' relevance feedback through web navigations using genetic algorithms (GA). Our end-to-end experiments show while Yoda's complexity is low and remains constant as the number of users and/or items grow, its accuracy surpasses that of the basic nearest-neighbor method by a wide margin (in most cases more than 100%). The experimental results also indicate that the retrieval accuracy is significantly increased by using the GA-based learning mechanism.","e-commerce; Genetic algorithm; Recommendation systems; Relevance feedback","Electronic commerce; Genetic algorithms; Learning systems; Recommendation systems; Management information systems","Article","Final","","Scopus","2-s2.0-0042318997"
"Boyer K.K.; Olson J.R.","Boyer, Kenneth K. (35512115800); Olson, John R. (7402882445)","35512115800; 7402882445","Drivers of internet purchasing success","2002","Production and Operations Management","11","4","","480","498","75","10.1111/j.1937-5956.2002.tb00473.x","https://www.scopus.com/pages/publications/11244311518?origin=resultslist","The development of the Internet as a business tool over the past 5 years has been phenomenal, causing a period of chaos and creative destruction. E-commerce has been hyped as a catalyst for vast streamlining of the supply chain. Yet, in a time of such phenomenal change, the focus tends to be on the large picture. Many details of how a new technology should be or is employed tend to be unknown or ignored. However, as the technology matures and stabilizes, one of the primary factors that separate winners from losers is the way in which the technology is implemented and operated on a daily basis. This study examines the ways in which companies utilize the Internet to streamline their purchasing process. A survey of 416 customers of a major Internet retailer of commodity office supplies reveals important relationships between web site design, employee work environments, Internet strategy, and purchasing performance. Our sample of companies consists of firms that have ordered office supplies at least once using the Internet. Our data indicate that companies do realize performance benefits from utilizing the Internet as a purchasing tool. Furthermore, the data suggest factors that facilitate purchasing process improvements. These factors can be utilized by both buying and selling companies to improve their proprietary processes to maximize the benefits of e-commerce as a purchasing tool.","E-commerce; Operations strategy; Purchasing; Supply chain management; Technology management","","Article","Final","","Scopus","2-s2.0-11244311518"
"Conway C.M.; Pelet J.-E.; Papadopoulou P.; Limayem M.","Conway, Christopher M. (57208846906); Pelet, Jean-Eric (25927450000); Papadopoulou, Panagiota (6701629498); Limayem, Moez (6603530297)","57208846906; 25927450000; 6701629498; 6603530297","Coloring in the lines: Using color to change the perception of quality in E-commerce sites","2010","ICIS 2010 Proceedings - Thirty First International Conference on Information Systems","","","","","","9","","https://www.scopus.com/pages/publications/84870970568?origin=resultslist","E-commerce sites, like their brick-and-mortar cousins, are designed to draw in potential customers and encourage purchases and brand loyalty. Currently, E-commerce website designs are often rejected by their user community, which costs money through wasted development and lost customers. User acceptance is the goal of every design choice - and yet little work has extrapolated from the known affective responses users have to color to website design. We posit that a better understanding of user reactions to color will increase user perceptions of quality. We hypothesize that color saturation and brightness cause an affective reaction in the user, which can change the user's trust in the site, and through this their perception of a site's quality. In an experimental lab study, we find support for our hypotheses, providing suggestions for future website design to improve customer acceptance.","Color; E-commerce; Emotion; Human-computer interaction; Trust","Color; Design; Electronic commerce; Human computer interaction; Information systems; Sales; Affective response; Brand loyalty; Color saturation; Customer acceptance; Draw-in; E-commerce sites; Emotion; Potential customers; Trust; User acceptance; User communities; User perceptions; Web site design; Websites","Conference paper","Final","","Scopus","2-s2.0-84870970568"
"Chang Y.","Chang, Yosun (57204288475)","57204288475","AI3D Desktop: Creating 3D using AI in Skeuomorphic XR and the Future of Work","2024","Proceedings - SIGGRAPH 2024 Appy Hour","","","1","","","1","10.1145/3664294.3664363","https://www.scopus.com/pages/publications/85199450953?origin=resultslist","AI3D Desktop is an XR app platform that lets anyone create 3D models using AI in an intuitive and delightful way by using skeuomorphic design motifs. Innovations include: Creating virtual humans and other AI3D objects using a hybrid desktop draft-To-reticle approach, AI3D user-created-content e-commerce as a virtual catalog, and aiQuery and sQuery language layers in RealityScript to easily chain AI models and spatial computing HCI elements together (also, as represented as gears and cogs!). We showcase such approaches for all AI3D methods: Text to 3D, text to image to 3D, image to 3D, 3D to 3D-And also multimodal AI3D methods for text/image/3D to scene, and text/image/3D to interactive 3D. The current implementation is for Apple Vision Pro. © 2024 Owner/Author.","AI pipelines; AI3D; creator app; spatial computing","User interfaces; 3D models; 3d-modeling; AI pipeline; AI3D; Creator app; Design motifs; Future of works; Spatial computing; Text images; Virtual humans; Virtual reality","Conference paper","Final","","Scopus","2-s2.0-85199450953"
"Jenkins J.L.; Denison A.; Valacich J.S.; Wilson D.","Jenkins, J.L. (36713489900); Denison, A. (58489803900); Valacich, J.S. (6603695997); Wilson, D. (55902797100)","36713489900; 58489803900; 6603695997; 55902797100","Detecting Goal-Oriented vs. Browsing Users Through Behavior Analysis","2023","2023 46th ICT and Electronics Convention, MIPRO 2023 - Proceedings","","","","13","18","2","10.23919/MIPRO57284.2023.10159963","https://www.scopus.com/pages/publications/85164937186?origin=resultslist","Understanding user personas in e-commerce is important for promoting successful online interactions. Two common personas include goal-oriented and browsing users. A goal-oriented user has the intention of completing a specific task as efficiently as possible (e.g., purchasing a product). A browsing user explores for information that will ultimately determine the next objective (e.g., to purchase or look elsewhere). A website that customizes content to a goal-oriented versus browsing user will improve the user experience and ultimately maximize conversion. In this research, we provide a methodology for differentiating between goal-oriented and browsing users by monitoring users' behavior on the website. We conducted a study where participants were randomly assigned to either a goal-oriented task to find a product or told to simply browse the website. Based on the study's results, we discuss suggestions to assist future human-computer interaction (HCI) researchers on how to design behavior-monitoring studies to accurately portray goal-oriented versus browsing users. We also provide insights into the need for considering the motivation of Amazon's Mechanical Turk workers to appropriately utilize them as a sample population in future behavior-monitoring studies. © 2023 MIPRO Croatian Society.","behavior analysis; browsing users; e-commerce persona; goal-oriented users; human-computer interaction; mouse tracking","Electronic commerce; Human computer interaction; Mammals; Microelectronics; User interfaces; Behavior analysis; Behaviour monitoring; Browsing user; E- commerces; E-commerce persona; Goal-oriented; Goal-oriented user; Mouse tracking; Online interaction; Specific tasks; Websites","Conference paper","Final","All Open Access; Green Open Access","Scopus","2-s2.0-85164937186"
"Garfinkel S.L.; Margrave D.; Schiller J.I.; Nordlander E.; Miller R.C.","Garfinkel, Simson L. (36867821700); Margrave, David (8912292800); Schiller, Jeffrey I. (10039224700); Nordlander, Erik (8912292700); Miller, Robert C. (57216196948)","36867821700; 8912292800; 10039224700; 8912292700; 57216196948","How to make secure email easier to use","2005","Conference on Human Factors in Computing Systems - Proceedings","","","","701","710","56","10.1145/1054972.1055069","https://www.scopus.com/pages/publications/84861290223?origin=resultslist","Cryptographically protected email has a justly deserved reputation of being difficult to use. Based on an analysis of the PEM, PGP and S/MIME standards and a survey of 470 merchants who sell products on Amazon.com, we argue that the vast majority of Internet users can start enjoying digitally signed email today. We present suggestions for the use of digitally signed mail in e-commerce and simple modifications to webmail systems that would significantly increase integrity, privacy and authorship guarantees that those systems make. We then show how to use the S/MIME standard to extend such protections Internet-wide. Finally, we argue that software vendors must make minor changes to the way that mail clients store email before unsophisticated users can safely handle mail that is sealed with encryption. Copyright 2005 ACM.","E-Commerce; User Interaction Design; User Studies","Computer software; Cryptography; Data privacy; Electronic commerce; Internet; Security of data; User interfaces; Internet users; User interaction design; User Studies; Webmail; Electronic mail","Conference paper","Final","","Scopus","2-s2.0-84861290223"
"Udo G.J.; Marquis G.P.","Udo, Godwin J. (7004107603); Marquis, Gerald P. (7007153056)","7004107603; 7007153056","Effective commercial web site design: An empirical study","2000","Proceedings of the 2000 IEEE Engineering Management Society, EMS 2000","","","872522","313","318","3","10.1109/EMS.2000.872522","https://www.scopus.com/pages/publications/84952037203?origin=resultslist","This paper reports a survey study involving 117 e-commerce customers. The purpose of the study was to sample the opinions of commercial web users in order to determine the critical design features of an effective web site. The results indicate that an effective web site design must have short download time, must be easy to navigate, use graphics that do not take too long to load, use animations that are not distracting, and must be highly interactive. In addition, an effective commercial web site design must be careful with the use of frames, choice of grammar and color combination and shows high degree of cohesion and consistency throughout the pages. The results also indicate that design features make a significant different on volume of traffic, repeated visits and intention of a visitor to stay and explore the site. © 2000 IEEE.","","Design; Websites; Color combination; Critical design; Design features; Download time; Empirical studies; Web site design; Web users; Web Design","Conference paper","Final","","Scopus","2-s2.0-84952037203"
"Gao J.Z.; Prakash L.; Jagatesan R.","Gao, Jerry Zeyu (7404475003); Prakash, Lekshmi (23095686700); Jagatesan, Rajini (23094514200)","7404475003; 23095686700; 23094514200","Understanding 2D-BarCode technology and applications in M-commerce - Design and implementation of A 2D barcode processing solution","2007","Proceedings - International Computer Software and Applications Conference","2","","4291101","49","56","110","10.1109/COMPSAC.2007.229","https://www.scopus.com/pages/publications/37349036802?origin=resultslist","With the swift increase of the number of mobile device users, more wireless information services and mobile commerce applications are needed. Since various barcodes have been used for decades as a very effective means in many traditional commerce systems, today people are looking for innovative solutions to use barcodes in the wireless world. Recently, the mobile industry began to pay more attention to barcode applications in m-commerce because 2D-barcodes not only provide a simple and inexpensive method to present diverse commerce data, but also improve mobile user experience by reducing their inputs. This paper first discusses 2D-Barcode concepts, types and classifications, major technology players, and applications in mobile commerce. Then, it reports a research project to develop a 2D-Barcode Processing solution to support mobile applications. Moreover, the paper also presents the application examples, and case study using the solution. © 2007 IEEE.","2D-Barcode enabled mobile applications; 2D-barcode processing; 2D-barcode technology; Mobile commerce","Classification (of information); Information services; Mobile computing; User interfaces; Barcode enabled mobile applications; Barcode processing; Barcode technology; Mobile commerce; Mobile commerce applications; Mobile devices","Conference paper","Final","","Scopus","2-s2.0-37349036802"
"Leone S.; De Spindler A.; Norrie M.C.; McLeod D.","Leone, Stefania (36608436300); De Spindler, Alexandre (23466392600); Norrie, Moira C. (7003525935); McLeod, Dennis (7203000839)","36608436300; 23466392600; 7003525935; 7203000839","Integrating component-based web engineering into content management systems","2013","Lecture Notes in Computer Science (including subseries Lecture Notes in Artificial Intelligence and Lecture Notes in Bioinformatics)","7977 LNCS","","","37","51","3","10.1007/978-3-642-39200-9_6","https://www.scopus.com/pages/publications/84880892384?origin=resultslist","Popular content management systems such as WordPress and Drupal offer a plug-in mechanism that allows users to extend the platform with additional functionality. However, plug-ins are typically isolated extensions defining their own data structures, application logic and user interface, and are difficult to combine. We address the fact that users may want to configure their applications more freely through the composition of such extensions. We present an approach and model for component-based web engineering based on the concept of components and connectors between them, supporting composition at the level of the schema and data, the application logic and the user interface. We show how our approach can be used to integrate component-based web engineering into platforms such as WordPress. We demonstrate the benefits of the approach by presenting a composition plug-in that showcases component composition through configurable connectors based on an eCommerce application scenario. © 2013 Springer-Verlag Berlin Heidelberg.","Component-based Web Engineering; Content Management System; WordPress","Application logic; Application scenario; Component based; Component composition; Component-based web engineering; Content management system; E-Commerce applications; Plug-ins; Web engineering; Wordpress; Information management","Conference paper","Final","All Open Access; Bronze Open Access","Scopus","2-s2.0-84880892384"
"Wresch W.; Fraser S.","Wresch, William (6602447635); Fraser, Simon (14059896600)","6602447635; 14059896600","Persistent barriers to E-commerce in developing countries: A longitudinal study of efforts by Caribbean companies","2011","Journal of Global Information Management","19","3","","30","44","35","10.4018/jgim.2011070102","https://www.scopus.com/pages/publications/80052840582?origin=resultslist","Studies summarized by the United Nations Commission on Trade and Development show that companies in developing countries face problems executing e-commerce strategies. To determine which barriers might be transitional and which might be persistent, a longitudinal study was conducted of companies in five Caribbean countries. Interviews were conducted with 23 companies in 2004. Interviews were repeated in 2008 with those companies that were still in operation. Some improvements were found in general telecommunications support, but persistent barriers were found in logistics services, and new problems were identified in increased competition and increased shipping costs. As a result of these changes, the general focus of managers shifted from establishing web sites and making them visible to more general managerial tasks connected to finding a place in an increasingly competitive environment. The results of this study suggest improved strategies for companies in developing countries seeking to use e-commerce to expand their markets. Copyright © 2011, IGI Global.","Caribbean business; Developing countries; E-commerce; ICT for development; Infrastructure; IT skills; Managerial competence; Shipping","Developing countries; Electronic commerce; Freight transportation; User interfaces; Competitive environment; E-commerce strategy; ICT for development; Infrastructure; IT skills; Logistics services; Longitudinal study; Managerial competence; Shipping cost; United Nations; Industry","Article","Final","","Scopus","2-s2.0-80052840582"
"Shafer J.C.; Agrawal R.","Shafer, John C. (8920794000); Agrawal, Rakesh (7201475122)","8920794000; 7201475122","Continuous querying in database-centric Web applications","2000","Computer Networks","33","1","","519","531","7","10.1016/S1389-1286(00)00080-3","https://www.scopus.com/pages/publications/0033689013?origin=resultslist","Web applications are becoming increasingly database-centric. Unfortunately, the support provided by most Web sites to explore such databases is rather primitive and is based on the traditional database metaphor of submitting an SQL query and packaging the response as an HTML page. Very often, the result set is empty or contains too many records. It is up to the user to refine the query by guessing how the query constraints must be tightened or relaxed and then go through another submit/response cycle. Furthermore, once results are displayed, typically no further exploration capabilities are offered. Web applications requiring interactive exploration of databases (e.g. e-commerce) need that the above submit/response metaphor be replaced with a continuous querying metaphor that seamlessly integrates querying with result browsing. In addition to supporting queries based on predicates on attribute values, queries based on example records should also be supported. We present techniques for supporting this metaphor and discuss their implementation in a Web-based database exploration engine.","","Buffer storage; Client server computer systems; Constraint theory; Graphical user interfaces; HTML; Interactive computer systems; Query languages; Search engines; Web browsers; Database centric; Metaphor; World Wide Web","Article","Final","","Scopus","2-s2.0-0033689013"
"Kuno H.; Lemon M.","Kuno, Harumi (7005477901); Lemon, Mike (7006287929)","7005477901; 7006287929","A lightweight dynamic Conversation Controller for e-services","2001","HP Laboratories Technical Report","","25 R.1","","","","0","","https://www.scopus.com/pages/publications/84862447371?origin=resultslist","As services become more loosely coupled and increasingly autonomous, heterogeneous distributed services should be able to discover and converse with each other dynamically, with or without human intervention. Current paradigms of service interaction require service developers to hardcode their logic to adhere strictly to pre-defined conversation policies. We propose here a mechanism for a Conversation Controller that can free service (and, to some extent, client) developers from having to couple business and conversation logic. We also describe our implementation of a prototype Conversation Controller. The Conversation Controller can direct and track spontaneous conversations between services and clients, thus enabling services to carry out an entire conversation without the service developers having to implement any explicit conversation control mechanisms.","Agent systems for e-commerce; Collaborative proxies; Conversation policies; E-commerce based architectures; E-service composition; XML-based message exchange","Computer architecture; Data acquisition; Distributed computer systems; Dynamics; Formal logic; Human computer interaction; Knowledge based systems; Software agents; User interfaces; XML; Agent system for e-commerce; Collaborative proxies; Conversation policies; E-commerce based architectures; E-service composition; XML-based message exchange; Electronic commerce","Article","Final","","Scopus","2-s2.0-84862447371"
"Khalilov I.; Chen C.; Xiao Z.; Li T.; Li T.J.-J.; Yao Y.","Khalilov, Ibrahim (59774082500); Chen, Chaoran (57933779300); Xiao, Ziang (57193774205); Li, Tianshi (57217155127); Li, Toby Jia-Jun (57193573228); Yao, Yaxing (57193547232)","59774082500; 57933779300; 57193774205; 57217155127; 57193573228; 57193547232","Beyond Permissions: Investigating Mobile Personalization with Simulated Personas","2025","HAIPS 2025 - Proceedings of the 1st Workshop on Human-Centered AI Privacy and Security, Co-located with: CCS 2025","","","","92","100","0","10.1145/3733816.3760758","https://www.scopus.com/pages/publications/105025357507?origin=resultslist","Mobile applications increasingly rely on sensor data to infer user context and deliver personalized experiences. Yet, the mechanisms behind this personalization remain opaque to users and researchers alike. This paper presents a sandbox system that uses sensor spoofing and persona simulation to audit and visualize how mobile apps respond to inferred behaviors. Rather than treating spoofing as adversarial, we demonstrate its use as a tool for behavioral transparency and user empowerment. Our system injects multi-sensor profiles—generated from structured, lifestyle-based personas—into Android devices in real time, enabling users to observe app responses to contexts such as high activity, location shifts, or time-of-day changes. With automated screenshot capture and GPT-4 Vision-based UI summarization, our pipeline helps document subtle personalization cues. Preliminary findings show measurable app adaptations across fitness, e-commerce, and everyday service apps such as weather and navigation. We offer this toolkit as a foundation for privacy-enhancing technologies and user-facing transparency interventions. © 2025 Copyright held by the owner/author(s)","AI auditing tools; Android instrumentation; human-centered evaluation; mobile personalization; privacy-enhancing technologies (PETs); sensor spoofing","Artificial intelligence; Behavioral research; Human computer interaction; Human engineering; Location based services; Mobile applications; Mobile computing; Transparency; AI auditing tool; Android instrumentation; Human-centered evaluation; Mobile applications; Mobile personalization; Privacy enhancing technologies; Privacy-enhancing technology; Sensor spoofing; Sensors data; Android (operating system)","Conference paper","Final","All Open Access; Gold Open Access; Green Open Access","Scopus","2-s2.0-105025357507"
"Burke R.","Burke, Robin (7402140252)","7402140252","Interactive critiquing for catalog navigation in E-commerce","2002","Artificial Intelligence Review","18","3-4","","245","267","74","10.1023/A:1020701617138","https://www.scopus.com/pages/publications/0036890577?origin=resultslist","E-commerce sites can have large, essentially unbounded, catalogs. With large catalogs comes increasing difficulty for buyers in making use of standard search and browsing facilities. Particularly in the case of casual or occasional buyers and in the case of complex products, the gap between a product's specifications and the buyer's understanding of need can be hard to bridge. An effective e-commerce catalog must map user needs to products that can fulfill them. This paper describes an interactive, incremental, case-based, critiquing approach to solving this problem. The approach is interactive and incremental, so it does not require that the user have a completely specified need at the start. The system is case-based in that it emphasizes products over features or constraints, and uses case-based reasoning techniques for its product retrieval. Finally, the approach is based on the critiquing of presented examples, each critique redirecting the search to home in on appropriate products.","Case-based reasoning; Electronic commerce; Information retrieval; Recommender systems","Computer aided software engineering; Online searching; Web browsers; Websites; Case-based reasoning; Electronic commerce","Article","Final","","Scopus","2-s2.0-0036890577"
"Bandos J.; Resnick M.L.","Bandos, Jennifer (57217911827); Resnick, Marc L. (7201681960)","57217911827; 7201681960","Targeted instructional hints to improve search user interface design","2004","IIE Annual Conference and Exhibition 2004","","","","1765","","0","","https://www.scopus.com/pages/publications/30044437596?origin=resultslist","The design of interfaces to facilitate user search has become critical for search engines, e-commerce sites, and intranets. The contribution of search tasks to the success of these applications has greatly increased as the volume of content has grown exponentially. Many companies' business models have been built around the customer's ability to explore extensive content. However, studies have shown that current search user interfaces do not adequately support most users' searching needs and the growth of content volume only increases these challenges, This study investigated the use of targeted instructional hints to improve search. Search hints are imbedded blocks of text that are presented to users immediately adjacent to the query input box and provide information to assist users in generating an effective query. Hints that presented semantic, syntactic, and exemplar help were created. Semantic help provides support for a conceptual model that helps users understand the inner workings of the system. Syntactic help provides support for the specific structure and grammatical rules required to input commands. Exemplar help provides examples and illustrations of correct use of the system. Eighty participants between the ages of 19 and 40 years were recruited. Eight search interfaces containing factorial pairing of syntactic, semantic, and exemplar forms of in-line help were created. Thus each interface could contain between zero and three search hints. Participants were assigned six naturalistic tasks that conceptually required more than one keyword and the use of adjacency and Boolean operators and they were instructed to construct a query that would yield links that contained the answer to the task. Performance was evaluated in terms of query construction time, correct use of Boolean and adjacency operators, correct query syntax, and ratings of Pre-Click Confidence. Analysis of Variance was used to measure the effects of the search hint contents and the Boolean logic required for each task on these performance measures. The results show the importance of targeting search hints according to the specific needs of the users. Syntactic hints improved query syntax, but had no effect on correct semantic use of the Boolean or adjacency operators. Similarly, semantic and exemplar hints improved query semantics, but had no effect on query syntax. There was a significant interaction with the Boolean logic required by the task. Semantic hints had a greater effect on tasks requiring AND and NOT logic than OR logic. Exemplar hints had a greater effect on tasks requiring AND and OR logic than NOT logic. The results also suggest that the quantity of information presented plays a role in how they are used. When more than one search hint was presented, performance regressed to the level measured with no search hints. It appears that when participants were faced with a large quantity of information, they were less likely to read or use it. Perhaps there is a subjective threshold above which users do not perceive that the time required to read the information will be worth the benefits that will be gained. This supports the concept of information foraging, which suggests users apply a subjective cost/benefit analysis when deciding where to look for information. The effects of search hints on PCC also provide insight for search interface designers. Although semantic hints increased user confidence, the exemplar hints decreased confidence. Perhaps participants were not consciously aware that they gained beneficial information from the examples, thus there was no added confidence despite the improvement in performance. This stands in contrast to the semantic hints, for which the link between the information in the hints and the queries is more direct and observable. The outcome of this study demonstrates the importance of displaying targeted instructional hints to improve search. The results showed the positive effects that semantic, syntactic and exemplar search hints can have on the effectiveness of search queries when displayed on a search interface. However, they also show the costs of including too much information. The study's results can provide designers with valuable guidance concerning the content and amount of information to be displayed on the interface of any search tool. This study will allow for more effective, efficient and usable search tools as well as improved and finer decisions regarding the overall design of search user interfaces.","","Computer aided software engineering; Electronic commerce; Intranets; Mathematical models; Search engines; Semantics; User interface design; Interfaces (computer)","Conference paper","Final","","Scopus","2-s2.0-30044437596"
"Mohsen W.A.; Tao C.; Li Q.-M.; Gao J.","Mohsen, Wajeh Addin (57194787671); Tao, Chuanqi (36086787600); Li, Qian-Mu (8231309800); Gao, Jerry (7404475003)","57194787671; 36086787600; 8231309800; 7404475003","A viewpoint on location-based mobile apps testing","2017","Proceedings - 3rd IEEE International Conference on Big Data Computing Service and Applications, BigDataService 2017","","","7944956","305","312","3","10.1109/BigDataService.2017.58","https://www.scopus.com/pages/publications/85022224796?origin=resultslist","With the expansion of mobile computing and mobile data services, the number, type, and application of location-based services will continue to expand rapidly in the coming years. These apps have attracted the interest of users from different fields, such as gaming, mobile commerce, navigation systems, emergency services, and various tracking systems. As these apps use large volumes of location data and services, efficient and accurate testing approaches become the most important and challenge issues for the academic community and industries. This paper discusses the testing process and related requirement for location-based mobile apps, and reviews current testing approaches. Moreover, primary issues and needs for testing these apps are addressed. © 2017 IEEE.","Location-based mobile apps; Location-based service; Location-based testing; Mobile application testing","Big data; Emergency services; Encoding (symbols); Knowledge based systems; Location; Mobile commerce; Mobile computing; Navigation systems; Telecommunication services; Academic community; Accurate testing; Current testing; Location based; Mobile application testing; Mobile apps; Mobile data service; Tracking system; Location based services","Conference paper","Final","","Scopus","2-s2.0-85022224796"
"Goyal T.; Brahma B.","Goyal, Tripti (60039146900); Brahma, Biswajit (57671008100)","60039146900; 57671008100","Designing a Recommendation System for Optimizing E-commerce User Experiences","2025","Lecture Notes in Networks and Systems","1298 LNNS","","","123","139","0","10.1007/978-981-96-3355-5_11","https://www.scopus.com/pages/publications/105013056819?origin=resultslist","The rapid growth of e-commerce has given consumers an overwhelming number of choices. To help navigate this, our study developed a recommendation system to provide personalized product suggestions. Using the Amazon dataset, we applied collaborative filtering techniques, particularly singular value decomposition (SVD) alongside matrix factorization imputation to discover hidden patterns in customer behaviour. This approach allows the system to predict user preferences and provide personalized product recommendations. Through extensive data pre-processing, hyperparameter tuning, and comprehensive evaluation using metrics such as RMSE, MAE, confusion matrix, precision, and recall, the system achieved an RMSE of 0.7625 and an MAE of 0.5141, indicating its accuracy in predicting user ratings. A user-friendly interface enables seamless interaction and real-time recommendations. The relevance of the achieved results lies in their improvement over baseline methodologies, providing enhanced predictive accuracy and personalized user experiences. © The Author(s), under exclusive license to Springer Nature Singapore Pte Ltd. 2025.","Amazon dataset; Collaborative filtering; E-commerce; Evaluation matrix; MAE (mean absolute error); Matrix factorization imputation; Recommendation systems; RMSE (root mean squared error); Singular value decomposition (SVD)","Behavioral research; Distributed computer systems; Electronic commerce; Factorization; Human computer interaction; Mean square error; Singular value decomposition; User experience; User interfaces; Amazon dataset; Evaluation matrices; Matrix factorization imputation; Matrix factorizations; Mean absolute error; Root mean squared error; Root mean squared errors; Singular value decomposition; Singular values; Value decomposition; Recommender systems","Conference paper","Final","","Scopus","2-s2.0-105013056819"
"Hsieh C.-C.; Medoff Y.; Chittar N.","Hsieh, Chu-Cheng (59583775500); Medoff, Yoni (56440031000); Chittar, Naren (35113004300)","59583775500; 56440031000; 35113004300","A Short-Term bookmarking system for collecting User-Interest data","2014","Lecture Notes in Computer Science (including subseries Lecture Notes in Artificial Intelligence and Lecture Notes in Bioinformatics)","8643","","","247","254","0","10.1007/978-3-319-13186-3_24","https://www.scopus.com/pages/publications/84915745467?origin=resultslist","During the shopping process, users typically narrow down their search to a small collection of products before making a final purchase. These data, consisting of products that users are considering purchasing, correlate strongly with user search intent and product desirability. By allowing users to bookmark products between browsing and purchasing, we collect user-interest information. We then propose a product recommendation algorithm based on these data. By considering both popular and long-tail queries, we shed light on the potential usage of the data. © Springer International Publishing Switzerland 2014.","Collaborative Filtering; Recommendation system; User interface","Big data; Bioinformatics; Collaborative filtering; Distributed computer systems; Information management; Mobile commerce; Public health; Recommender systems; Sales; Social networking (online); Social sciences computing; User interfaces; Bookmarking systems; Product recommendation; Search intents; Data mining","Conference paper","Final","","Scopus","2-s2.0-84915745467"
"Chung W.; Chen L.","Chung, Wingyan (7401983074); Chen, Li (55327085900)","7401983074; 55327085900","Group-buying e-commerce in China","2012","IT Professional","14","4","6197177","24","30","11","10.1109/MITP.2012.49","https://www.scopus.com/pages/publications/84864571069?origin=resultslist","Group-buying is growing rapidly in emerging economies, where websites have rudimentary functions and cluttered interfaces. The authors review 11 major Chinese group-buying websites, using case studies to provide timely guidance to e-commerce practitioners and researchers. © 1999-2012 IEEE.","and browsing.; China; e-commerce; group-buying; information presentation; Web searching; website design","Websites; and browsing.; China; group-buying; Information presentation; Web site design; Web-searching; Electronic commerce","Article","Final","","Scopus","2-s2.0-84864571069"
"Perer A.; Shneiderman B.","Perer, Adam (55805037700); Shneiderman, Ben (7006313615)","55805037700; 7006313615","Systematic yet flexible discovery: Guiding domain experts through exploratory data Analysis","2008","International Conference on Intelligent User Interfaces, Proceedings IUI","","","1378788","109","118","62","10.1145/1378773.1378788","https://www.scopus.com/pages/publications/57349140370?origin=resultslist","During exploratory data analysis, visualizations are often useful for making sense of complex data sets. However, as data sets increase in size and complexity, static information visualizations decrease in comprehensibility. Interactive techniques can yield valuable discoveries, but current data analysis tools typically support only opportunistic exploration that may be inefficient and incomplete. We present a refined architecture that uses systematic yet flexible (SYF) design goals to guide domain expert users through complex exploration of data over days, weeks and months. The SYF system aims to support exploratory data analysis with some of the simplicity of an e-commerce check-out while providing added flexibility to pursue insights. The SYF system provides an overview of the analysis process, suggests unexplored states, allows users to annotate useful states, supports collaboration, and enables reuse of successful strategies. The affordances of the SYF system are demonstrated by integrating it into a social network analysis tool employed by social scientists and intelligence analysts. The SYF system is a tool-independent component and can be incorporated into other data analysis tools. Copyright 2008 ACM.","Exploratory data analysis; Guides; Information visualization; Social networks; Systematic yet flexible; Wizards","Data visualization; Electric network analysis; Electronic commerce; Graph theory; Information analysis; Information science; Information systems; Mobile telecommunication systems; User interfaces; Visualization; Exploratory data analysis; Guides; Information visualization; Social networks; Systematic yet flexible; Wizards; Independent component analysis","Conference paper","Final","","Scopus","2-s2.0-57349140370"
"Cao M.; Zhang Q.","Cao, Mei (59107923300); Zhang, Qingyu (35932752700)","59107923300; 35932752700","Evaluating e-commerce web site design: A customer's perspective","2002","Proceedings - Annual Meeting of the Decision Sciences Institute","","","","1186","1191","3","","https://www.scopus.com/pages/publications/1642441791?origin=resultslist","The design of e-commerce Web sites is critical to e-commerce success; however, the factors that affect customer's perception on the acceptance of a Web site are unclear. The majority of the existing researches focusing on success factors of Web sites are mainly anecdotal and exploratory in nature. This study examines and integrates three sets of factors that affect e-commerce Web site design: content, functionality, and attractor. Based on the Technology Acceptance Model (TAM), a framework is developed to relate the content and functionality of a web site to customers' preference and intention to use the site. This research also seeks to identify the moderating variable (i.e., attractors) of an attractive e-commerce web site. The implications for research and managerial actions are addressed.","","Customer satisfaction; Managers; Multimedia systems; Web browsers; Websites; Technical webmasters; Technology acceptance model (TAM); Electronic commerce","Conference paper","Final","","Scopus","2-s2.0-1642441791"
"Ni Y.; Cheng Y.; Liu X.; Fu J.; Li Y.; He X.; Zhang Y.; Yuan F.","Ni, Yongxin (57220584651); Cheng, Yu (58386952800); Liu, Xiangyan (58560998700); Fu, Junchen (57710664100); Li, Youhua (58171862900); He, Xiangnan (56285637300); Zhang, Yongfeng (36816821200); Yuan, Fajie (57188715357)","57220584651; 58386952800; 58560998700; 57710664100; 58171862900; 56285637300; 36816821200; 57188715357","A Content-Driven Micro-Video Recommendation Dataset at Scale","2025","CIKM 2025 - Proceedings of the 34th ACM International Conference on Information and Knowledge Management","","","","6486","6491","4","10.1145/3746252.3761655","https://www.scopus.com/pages/publications/105023177969?origin=resultslist","Micro-form videos have emerged as a popular form of content, leading to extensive research in micro-video recommendation with significant implications for the entertainment, advertising, and e-commerce industries. However, the lack of publicly available large-scale micro-video datasets presents a challenge for developing effective recommender systems. To address this challenge, we introduce a comprehensive and diverse micro-video recommendation dataset, referred to as ''MicroLens.'' This dataset comprises nine million user-item interaction behaviors, one million users, and 91 thousand full-length micro-videos. It includes rich modality information such as titles, cover images, and audio associated with the videos. MicroLens serves as a benchmark for the content-driven micro-video recommendation, allowing researchers to leverage diverse video modality information, particularly the raw video features, to enhance the effectiveness of recommender systems. This goes beyond the traditional reliance on item IDs or off-the-shelf pre-extracted video/visual features, providing new avenues for improving recommendation accuracy and personalization. We have conducted extensive experiments on MicroLens, benchmarking multiple recommender models and video encoders, which have provided valuable insights into the performance of micro-video recommendation. We anticipate that this dataset will not only benefit the recommender system community but also foster advancements in the field of video understanding. Our datasets, code, and additional documents are available at https://github.com/westlake-repl/MicroLens. © 2025 Copyright held by the owner/author(s).","micro-video dataset; video recommendation; video understanding","Behavioral research; Electronic commerce; Human computer interaction; Human engineering; Image coding; Large datasets; Microoptics; Recommender systems; User interfaces; Video signal processing; Advertizing; Cover-image; E- commerces; Interaction behavior; Large-scales; Micro lens; Micro-video dataset; Video dataset; Video recommendation; Video understanding; Benchmarking","Conference paper","Final","All Open Access; Gold Open Access","Scopus","2-s2.0-105023177969"
"Menascé D.A.","Menascé, Daniel A. (7005921703)","7005921703","Workload characterization","2003","IEEE Internet Computing","7","5","","89","92","22","10.1109/MIC.2003.1232524","https://www.scopus.com/pages/publications/0142135002?origin=resultslist","Analyzing an e-commerce site's scalability requires a solid understanding of its workload characteristics, but this characterization must occur at multiple levels and time scales. Just recently, researchers from Brazil's Federal University of Minas Gerais, Rice University, George Mason University, completed several workload characterization studies, including auction sites. The general method adopted and few examples of the workload characterizations studied are outlined.","","Algorithms; Data communication systems; Graph theory; HTTP; Interactive computer systems; Online searching; User interfaces; Web browsers; Websites; Business layer; Distance-based algorithm; Fractal-based algorithm; Function layer; HTTP request layer; Session layer; Electronic commerce","Article","Final","","Scopus","2-s2.0-0142135002"
"Mahatanankoon P.; Wen H.J.; Lim B.B.L.","Mahatanankoon, Pruthikrai (57204990534); Wen, H. Joseph (7202983787); Lim, Billy B. L. (7201983593)","57204990534; 7202983787; 7201983593","Evaluating the technological characteristics and trust affecting mobile device usage","2006","International Journal of Mobile Communications","4","6","","662","681","32","10.1504/IJMC.2006.010361","https://www.scopus.com/pages/publications/33746922019?origin=resultslist","The Technology Acceptance Model was extended to explain the acceptance of mobile devices. The technological characteristics of mobile devices and trust were hypothesised as predictors of mobile device usage. The study of 212 mobile users indicate that device service reliability does influence perceived trust, perceived ease of use, and perceived usefulness, while device interface quality only predicts perceived trust and perceived ease of use. The findings suggest that trust and mobile device characteristics play essential roles in the acceptance of mobile device usage, and need to be incorporated into the design of future mobile commerce applications. Copyright © 2006 Inderscience Enterprises Ltd.","Information quality; m-commerce; Mobile devices; Perceived trust; Service reliability; Structural equation modelling; Technology Acceptance Model (TAM); User interface","Cellular telephone systems; Electronic commerce; Interfaces (computer); Reliability theory; Telecommunication services; Information quality; Interface quality; Mobile commerce (m-commerce); Mobile devices; Perceived trust; Service reliability; Structural equation modelling; Technology Acceptance Model (TAM); Mobile telecommunication systems","Article","Final","","Scopus","2-s2.0-33746922019"
"Ru Y.; Horowitz E.","Ru, Yanbo (8528899700); Horowitz, Ellis (7006515488)","8528899700; 7006515488","Automated classification of HTML forms on e-commerce web sites","2007","Online Information Review","31","4","","451","466","4","10.1108/14684520710780412","https://www.scopus.com/pages/publications/39649083560?origin=resultslist","Purpose: Most e-commerce web sites use HTML forms for user authentication, new user registration, newsletter subscription, and searching for products and services. The purpose of this paper is to present a method for automated classification of HTML forms, which is important for search engine applications, e.g. Yahoo Shopping and Google's Froogle, as they can be used to improve the quality of the index and accuracy of search results. Design/methodology/ approach: Describes a technique for classifying HTML forms based on their features. Develops algorithms for automatic feature generation of HTML forms and a neural network to classify them. Findings: The authors tested their classifier on an e-commerce data set and a randomly retrieved data set and achieved accuracy of 94.7 and 93.9 per cent respectively. Experimental results show that the classifier is effective and efficient on both test beds, suggesting that it is a promising general purpose method. Originality/value: The paper is of value to those involved with information management and e-commerce. © Emerald Group Publishing Limited.","Classification; Electronic commerce; Learning; Worldwide web","Authentication; Electronic commerce; Learning systems; Neural networks; Search engines; User interfaces; Websites; Automated classification; User authentication; User registration; HTML","Article","Final","","Scopus","2-s2.0-39649083560"
"McNay H.E.","McNay, Heather E. (7801449199)","7801449199","UML for e-business: New use for use cases","2001","IEEE International Professional Communication Conference","","","","245","249","2","","https://www.scopus.com/pages/publications/0035687053?origin=resultslist","One of the major challenges facing web site designers today is the planning of large web applications such as e-commerce sites. These online applications must be thoroughly investigated and planned before any development begins. Not only are they immense projects, often costing millions of dollars, but they are usually also architecturally challenging, having to be linked into existing business processes and database legacy systems. More and more web designers have been utilizing the Unified Modeling Language (UML) to model the entire system before development begins. UML was originally developed for the design and documentation of large software products. It is an object-based methodology to assist in the mapping of design specifications from functional requirements. It breaks the architecture of any software system into modules, and each module is made up of one or more ""Use Cases."" Siemens recently used this methodology to design a new e-Commerce site and we were pleased with how well UML works within the realm of Internet site design and the integration of business systems.","UML; Unified Modeling Language; Use Cases; Web Application Design","Computer software; Database systems; Legacy systems; Object oriented programming; Program documentation; Websites; Unified modeling language (UML); Electronic commerce","Conference paper","Final","","Scopus","2-s2.0-0035687053"
"Hong Z.; Cao D.; Wang H.; Wang G.; He T.; Zhang D.","Hong, Zhiqing (57209419452); Cao, Dongjiang (58727186000); Wang, Haotian (57702546500); Wang, Guang (57214494811); He, Tian (14019293900); Zhang, Desheng (54685570200)","57209419452; 58727186000; 57702546500; 57214494811; 14019293900; 54685570200","AutoBuild: Automatic Community Building Labeling for Last-mile Delivery","2023","International Conference on Information and Knowledge Management, Proceedings","","","","4623","4630","2","10.1145/3583780.3614658","https://www.scopus.com/pages/publications/85178104769?origin=resultslist","Fine-grained community-building information, such as building names and accurate geographical coordinates, is critical for a range of practical applications like navigation and door-to-door services (e.g., on-demand delivery and last-mile delivery). A common practice of traditional methods to gather community-building information usually relies on manual collection, which is typically labor-intensive and time-consuming. To address these issues, we utilize the massive data generated from e-commerce delivery services and design a framework, AutoBuild, for fine-grained large-scale community-building labeling. AutoBuild consists of two main components: (i) a Location Candidate Detection Module that identifies potential building names and coordinates from multi-source delivery data, and (ii) a Progressive Building Matching Model that employs trajectory modeling, human behavior analysis, and heterogeneous graph alignment to match building names and coordinates. To evaluate the performance of AutoBuild, we applied it to two real-world multi-modal datasets from Beijing City and Chengdu City. The results reveal that AutoBuild significantly outperforms multiple baseline models by 50-meter accuracy of 81.8% and 100-meter accuracy of 95.9% in Beijing City. More importantly, we conduct a real-world case study to demonstrate the practical impact of AutoBuild in last-mile delivery. © 2023 Copyright held by the owner/author(s). Publication rights licensed to ACM.","Building Labeling; Last-mile delivery; Uncertain behavior","Buildings; Beijing city; Building labeling; Community buildings; Fine grained; Labelings; Last mile; Last-mile delivery; Meter accuracy; Real-world; Uncertain behavior; Behavioral research","Conference paper","Final","","Scopus","2-s2.0-85178104769"
"Puglia S.; Carter R.; Jain R.","Puglia, Stefano (16031907700); Carter, Robert (59029909900); Jain, Ravi (7403424167)","16031907700; 59029909900; 7403424167","MultECommerce: A Distributed Architecture for Collaborative Shopping on the WWW","2000","EC 2000 - Proceedings of the 2nd ACM Conference on Electronic Commerce","","","","215","224","18","10.1145/352871.352895","https://www.scopus.com/pages/publications/78650637327?origin=resultslist","The WWW has made information and services more available than ever before. Many of the first Web applications have been emulations of real world activities, in particular, e-commerce. But so far, the use of information and services on the Web has been a solitary one. We propose a component-based architecture for collaboration that provides shared navigation of the WWW along with an EJB-based server implementation. As a particular application built on this architecture, we present MultECommerce, through which multiple users can participate in virtual shopping trips among multiple shopping sites. MultECommerce features a multi-site shopping cart and enables one-stop checkout from all visited shopping sites. We examine security and performance issues of our architecture. © 2000 ACM. All rights reserved.","component technologies; e-commerce APIs; e-commerce architectures; enterprise JavaBeans; shared navigation; WWW engineering","Electronic commerce; Collaborative shopping; Component technologies; Distributed architecture; E- commerces; E-commerce API; E-commerce architecture; Enterprise javabean; Shared navigation; Shopping sites; WWW engineering; Information use","Conference paper","Final","","Scopus","2-s2.0-78650637327"
"Gunaratne J.; Nov O.","Gunaratne, Junius (6507541353); Nov, Oded (22981114200)","6507541353; 22981114200","Influencing retirement saving behavior with expert advice and social comparison as persuasive techniques","2015","Lecture Notes in Computer Science (including subseries Lecture Notes in Artificial Intelligence and Lecture Notes in Bioinformatics)","9072","","","205","216","9","10.1007/978-3-319-20306-5_19","https://www.scopus.com/pages/publications/84937459622?origin=resultslist","Numerous online communities and e-commerce sites provide users with crowd-based recommendations to influence decision making about products. Similarly, automated recommender systems often use social advice or curated knowledge provided by experts to give customers personalized product recommendations. Little, however, is known about the relative strengths of these approaches in repeated-decision scenarios. We used social comparison and an expert recommendation to examine the relative effectiveness of these methods of persuasion for users making repeated retirement saving decisions. We exposed 314 performance-incentivized experiment participants to a retirement saving simulator where they made 34 yearly asset allocation decisions in one of three user interface conditions. The gap between participants’ retirement goal and actual savings was smallest in the expert advice condition and significantly better than the social comparison condition. Both conditions were significantly better than the control condition. In non-control conditions, users adjusted their behavior and achieved their saving goal more effectively. © Springer International Publishing Switzerland 2015.","Behavior change; Financial literacy; Persuasive technology; Retirement saving; Social comparison","Behavioral research; Decision making; Electronic commerce; Investments; Websites; Behavior change; Financial literacy; Persuasive technology; Retirement saving; Social comparison; User interfaces","Conference paper","Final","","Scopus","2-s2.0-84937459622"
"Springer M.; Tyran C.; Ross S.","Springer, Mark (7103099968); Tyran, Craig (6602445268); Ross, Steve (8283526000)","7103099968; 6602445268; 8283526000","Assessing the quality of a decision support e-service","2013","International Journal of e-Business Research","9","2","","61","80","5","10.4018/jebr.2013040105","https://www.scopus.com/pages/publications/84887432248?origin=resultslist","Electronic service quality, or e-service quality, is the quality experienced by the user of a service delivered over the Web. Over the past several years, researchers have developed many models of e-service quality with the goal of identifying those factors that are most important for customer loyalty. Most of these models focus primarily or exclusively on retail e-commerce Web sites which support the delivery of a physical product to the consumer. Recently, however, ""pure"" e-service Web sites, namely those that do not involve the sale and delivery of a physical good, have received increasing attention from researchers. This article proposes and validates a quality assessment instrument for a type of pure e-service that has not yet been studied: a Webbased decision support system. Based on a study involving over six hundred subjects, we identify those quality dimensions that affect customer loyalty for a pure e-service of this type. Copyright © 2013, IGI Global.","Customer Loyalty; E-Service Quality; E-Service Websites; E-Services; Service Quality (SERVQUAL); Web Site Design","","Article","Final","","Scopus","2-s2.0-84887432248"
"Sridharan H.; Ramsai N.; Vundurthy B.","Sridharan, Harinath (59550520900); Ramsai, Nambala (59532390500); Vundurthy, Bhaskar (57189094869)","59550520900; 59532390500; 57189094869","Generative Models, Attention Mechanisms, and Adaptive Methods for Robot Navigation in Complex Environments-A Survey","2025","IEEE Access","13","","","132332","132365","1","10.1109/ACCESS.2025.3590587","https://www.scopus.com/pages/publications/105011178837?origin=resultslist","Autonomous mobile robots, equipped with multiple sensors, have been traditionally used to perform search, rescue and other tasks. A number of new scenarios for application of mobile robots have emerged in the last decade. These include automated logistics handling in warehouse-like environments (in the context of e-commerce) and robot-assisted personal care. In these scenarios, there is a need for highly accurate object recognition and semantic knowledge. Also, enhanced safety requirements have come up as robots attempt to interact more with humans and make efforts to recognize their gestures and movements. Mobile robots also increasingly operate in malls and other zones which are pedestrian-rich. Thus, a need has arisen for a relook at navigation strategies for mobile robots. Classical approaches are typically inadequate in these new settings. This survey is aimed at studying the role of contemporary approaches in artificial intelligence in enabling successful robotic navigation in a variety of complex environments. In particular, we discuss how generative models, attention mechanisms and adaptive methods have helped mobile robots navigate in cluttered, uneven and even unknown indoor and outdoor environments. We also point to several interesting possibilities in the future.  © IEEE. 2013 IEEE.","attention mechanisms; complex environments; current trends; deep reinforcement learning; diffusion models; generative adversarial networks; graph neural networks and knowledge graphs; imitation learning; Mobile robot navigation; normalizing flow models; transformers; variational autoencoders","Deep learning; Generative adversarial networks; Graph neural networks; Intelligent robots; Knowledge graph; Learning systems; Navigation; Object recognition; 'current; Adversarial networks; Attention mechanisms; Auto encoders; Complex environments; Current trend; Diffusion model; Flow modelling; Graph neural network and knowledge graph; Graph neural networks; Imitation learning; Knowledge graphs; Mobile Robot Navigation; Networks/graphs; Normalizing flow model; Reinforcement learnings; Transformer; Variational autoencoder; Mobile robots","Article","Final","All Open Access; Gold Open Access; Green Open Access","Scopus","2-s2.0-105011178837"
"Pontelli E.; Son T.C.","Pontelli, E. (7004203882); Son, T.C. (7006447691)","7004203882; 7006447691","Designing intelligent agents to support universal accessibility of E-commerce services","2003","Electronic Commerce Research and Applications","2","2 SPEC.","","147","161","23","10.1016/S1567-4223(03)00012-7","https://www.scopus.com/pages/publications/0038711512?origin=resultslist","We propose the design of an intelligent agent to improve accessibility of E-commerce applications and Web sites for visually impaired individuals. An important feature of this design is the application of knowledge representation technology - specifically conceptual structures - to explicitly capture and represent the navigational semantics of each document. This allows one to view the process of navigating a complex HTML document - e.g., a document containing tables and complex forms - as solving goals with respect to an action theory, i.e., as a planning problem. This information will be used by agents to provide a level of intelligence in the navigation process, allow users to express high level navigation goals, solve such goals using planning techniques. Effectively, the navigation of the complex components of HTML documents will be done by agents, on behalf of the visually impaired user. © 2003 Elsevier B.V. All rights reserved.","Agents design; Answer set programming; Planning; Universal accessibility","Electronic commerce; HTML; Knowledge representation; Websites; Universal accessibility; Intelligent agents","Article","Final","","Scopus","2-s2.0-0038711512"
"Wen H.J.; Chen H.-G.; Hwang H.-G.","Wen, H. Joseph (59806993400); Chen, Houn-Gee (26643376200); Hwang, Hsin-Ginn (7403258500)","59806993400; 26643376200; 7403258500","E-commerce Web site design: Strategies and models","2001","Information Management and Computer Security","9","1","","5","12","77","10.1108/09685220110366713","https://www.scopus.com/pages/publications/0035780586?origin=resultslist","The rapid adoption of the Web as a commercial medium has caused firms to experiment with innovative ways of doing business. Those firms that effectively market themselves on the Web have a distinct advantage. This paper presents two e-commerce Web site design strategies and 12 e-commerce models for gaining that advantage.","Business strategy; Design; E-commerce; Marketing; Model; World Wide Web","Cost effectiveness; Electronic commerce; Information services; Marketing; Web site design; Websites","Article","Final","","Scopus","2-s2.0-0035780586"
"Kerne A.; Smith S.M.; Choi H.; Graeber R.; Caruso D.","Kerne, Andruid (6602816305); Smith, Steven M. (55909623500); Choi, Hyun (56296382200); Graeber, Ross (16233134000); Caruso, Daniel (36797339800)","6602816305; 55909623500; 56296382200; 16233134000; 36797339800","Evaluating navigational surrogate formats with divergent browsing tasks","2005","Conference on Human Factors in Computing Systems - Proceedings","","","","1537","1540","4","10.1145/1056808.1056960","https://www.scopus.com/pages/publications/84869137151?origin=resultslist","Navigational surrogates are representations that stand for information resources within search engine result sets, e-commerce sites, and digital libraries. They also form the basis of personal collections of media, such as web pages. Our hypothesis is that the formats of individual surrogates and collections play an important role in how people use collections. We are particularly interested in processes of information discovery, in which ideas are iteratively reformulated in the context of working with information. To investigate how the representation of navigational surrogates affects how people work with information, we have created a collection of undergraduate psychology curriculum resources in 3 alternative formats: a linear list of textual elements, a spatialized set of textual elements, and a spatialized set of labeled images that have been composited. To evaluate navigation with these surrogate formats during information discovery, we designed divergent browsing tasks, that is, tasks that require assembling information from multiple diverse sources. A within-subjects evaluation indicates that users prefer the spatial labeled images format, and navigate more effectively with it.","Collections; Creative ideation; Divergent thinking; Evaluation; Information discovery; Navigation; Surrogates","Curricula; Digital libraries; Human engineering; Search engines; Websites; Collections; Creative ideation; Divergent thinkings; Evaluation; Information discovery; Surrogates; Navigation","Conference paper","Final","","Scopus","2-s2.0-84869137151"
"Wu C.-S.; Cheng F.-F.; Yen D.C.","Wu, Chin-Shan (56132617200); Cheng, Fei-Fei (36907876500); Yen, David C. (7102471530)","56132617200; 36907876500; 7102471530","The atmospheric factors of online storefront environment design: An empirical experiment in Taiwan","2008","Information and Management","45","7","","493","498","158","10.1016/j.im.2008.07.004","https://www.scopus.com/pages/publications/52149087920?origin=resultslist","The purpose of our study was to identify the effect of atmospheric factors such as music and color on participants' emotional responses and subsequent shopping behavior in an online store setting. In this study, a laboratory experiment was conducted to test our hypotheses. The experiment was a 2 (music: fast/slow) × 2 (color: warm/cool) between-subjects factorial design with one control group. The results indicated that both music and color factors had a significant effect on participants' emotional response, which in turn influenced their intention to purchase. Specifically, participants felt more aroused and experienced greater pleasure when they were exposed to fast-tempo music and a warm color website than those people who experienced slow-tempo music and cool colors. In addition, both pleasure and arousal emotions were significant predictors of approach-avoidance intention. We expected that a well-designed website with adequate music and color attributes would create a desired environment and thus entice and retain target customers. Our findings should help in deciding on ambient factors in online website design. Although studies on atmospheric effects in traditional stores have been abundant, knowledge of their effect in the online retail context has been sparse. © 2008 Elsevier B.V. All rights reserved.","Approach-avoidance behavior; Atmospheric factors; E-commerce; Experiment; Online storefront","Atmospherics; Color; Electronic commerce; Experiments; Internet; Retail stores; Sales; World Wide Web; Approach-avoidance behavior; Atmospheric effects; Atmospheric factors; Color attributes; Control Group; E-commerce; Emotional response; Environment design; Experiment; Factorial designs; Laboratory experiments; Online store; Online storefront; Shopping behavior; Web site; Web site design; Optical properties","Article","Final","","Scopus","2-s2.0-52149087920"
"Ho D.T.; Le T.; Nguyen T.B.N.; Pham V.-H.","Ho, Dung Tuan (60192415700); Le, Than (57193612764); Nguyen, Tien B.N. (60192621100); Pham, Van-Huy (59931560400)","60192415700; 57193612764; 60192621100; 59931560400","GraphMind: Context-Aware Multi-Agent Systems With Graph Attention Autoencoder and Large Language Model Integration","2025","IEEE Access","13","","","199297","199316","0","10.1109/ACCESS.2025.3630967","https://www.scopus.com/pages/publications/105021668686?origin=resultslist","In recent years, integrating large language models (LLMs) with multi-agent systems has shown promise in improving the quality and coherence of automated conversations. However, managing the context effectively across multiple agents remains a significant challenge. This project introduces GraphMind, which explores the application of Graph Attention Autoencoder (GAE) to enhance context management and control within multi-agent conversational systems. By leveraging the inherent ability of GAE to focus on relevant parts of a graph-structured input dynamically, our approach aims to track and update the conversation context across agents efficiently. The proposed system integrates LLMs to handle natural language understanding and generation tasks while utilizing GAE to maintain a coherent shared context among agents. Preliminary results demonstrate that this hybrid model improves conversation flow, reduces context-switching errors, and enhances the overall user experience. This work contributes to the field of multi-agent communication by providing a scalable and efficient framework for context management in complex conversational environments. To extend this work into reinforcement learning (RL) in order to increasing the performance, we also focus on utilizing RL to optimize agent behaviors or improve task-specific efficiency dynamically. © 2013 IEEE.","e-commerce application; graph attention networks; large language models; Multi-agent systems; multi-turn conversation; reinforcement learning","Electronic commerce; Graphic methods; Integration; Intelligent agents; Learning systems; User interfaces; Auto encoders; Context management; E-Commerce applications; Graph attention network; Language model; Large language model; Multi-turn; Multi-turn conversation; Multiagent systems (MASs); Reinforcement learnings; Multi agent systems","Article","Final","All Open Access; Gold Open Access; Green Open Access","Scopus","2-s2.0-105021668686"
"Nguyen J.H.; Vu K.-P.L.","Nguyen, Jimmy H. (57213951856); Vu, Kim-Phuong L. (7004512504)","57213951856; 7004512504","Does privacy information influence users' online purchasing behavior?","2011","Lecture Notes in Computer Science (including subseries Lecture Notes in Artificial Intelligence and Lecture Notes in Bioinformatics)","6771 LNCS","PART 1","","349","358","3","10.1007/978-3-642-21793-7_39","https://www.scopus.com/pages/publications/79960312678?origin=resultslist","Web sites provide privacy policies to inform users about how their personal information is being handled. However, privacy policies are usually difficult to find or are written in a legal language that is hard for the average user to understand. Thus, privacy information is often ignored by users. The goal of the present study was to determine whether more salient presentation of privacy information, through a summary provided by the Privacy Finder Web site, would influence user purchasing behavior. Specifically, we examined whether Privacy Finder influenced college students' comfort levels in making small and large purchases from familiar and unfamiliar Web sites in a simulated e-commerce task. Users were more comfortable purchasing inexpensive items, as well as making purchases from more familiar Web sites. However, Privacy Finder did not influence their purchasing behaviors or comfort levels for the different types of Web sites. © 2011 Springer-Verlag.","E-Commerce; Privacy Finder; Usability; Web Privacy","Behavioral research; Electronic commerce; Purchasing; Sales; Students; User interfaces; College students; Comfort level; Online purchasing; Personal information; Privacy information; Privacy policies; Usability; Web privacy; Data privacy","Conference paper","Final","","Scopus","2-s2.0-79960312678"
"Kandogan E.; Campbell C.S.; Khooshabeh P.; Bailey J.; Maglio P.P.","Kandogan, Eser (6602588083); Campbell, Christopher S. (26667515900); Khooshabeh, Peter (12446971200); Bailey, John (7404350685); Maglio, Paul P. (6603719877)","6602588083; 26667515900; 12446971200; 7404350685; 6603719877","Policy-based management of an E-commerce business simulation: An experimental study","2006","Proceedings - 3rd International Conference on Autonomic Computing, ICAC 2006","2006","","1662379","33","42","5","","https://www.scopus.com/pages/publications/34247623287?origin=resultslist","Autonomic Computing lays out a vision of information technology in which systems manage themselves based on policies. As a result, policies are the new currency of interaction between people and computers, creating a new paradigm for interaction with autonomic systems. In this paradigm, interaction shifts (1) from low-level to high-level monitoring and control, and (2) from manually performing actions to delegating tasks to automation. In this paper, we report an experimental study comparing and contrasting manual interaction to policy-based interaction to manage a simulated e-commerce website. In this study, we investigated issues related to human expertise and policy representation. Our results suggest that effective policy-based interaction depends both on the level of detail of the policies and on the experience of the system supervisor. Our results show an overall benefit of policy-based interaction, as measured by business and technology-oriented metrics. Performance was significantly better with policy-based interaction following expertise gained through manual interaction. Performance with manual interaction was marginally worse after policy-based interaction, suggesting the classic out-of-the-loop problem. In addition, highly detailed policy representations marginally improved performance for technology-oriented metrics but did not yield significant differences for business-oriented metrics. ©2006 IEEE.","Autonomic computing; Human-computer interaction; User study","Automation; Computational methods; Computer simulation; Financial data processing; Human computer interaction; Information technology; User interfaces; Autonomic computing; Business simulation; Out of the loop problems; Technology oriented metrics; Electronic commerce","Conference paper","Final","","Scopus","2-s2.0-34247623287"
"Liu C.-L.; Huang H.-H.; Yen D.C.","Liu, Chi-Lun (14621760200); Huang, Hsieh-Hong (24741138800); Yen, David C. (57019964900)","14621760200; 24741138800; 57019964900","The effects of navigation cues and involvement of highly innovative consumers on attitudes toward mobile application stores","2022","Journal of Electronic Commerce in Organizations","20","1","","","","1","10.4018/JECO.305736","https://www.scopus.com/pages/publications/85168083369?origin=resultslist","In the e-commerce area, navigation cues play an important role that guides consumers while they are browsing products in online stores. Best-seller lists and product categories are typically used as navigation cues. With the rapid growth of smartphone penetration around the world, the role of navigation cues has become more critical to consumers who enjoy buying products and applications via mobile application stores. The purpose of this study is to investigate the relationships among navigation cues, attitudes, and involvement of users in mobile stores based on the elaboration likelihood model. A laboratory experiment was conducted, and the experiment results indicate that consumers with high involvement have better attitudes toward the product categories approach compared to the best-seller list approach. The fits of navigation cues and mobile consumer characteristics may contribute to the mobile application store design strategy. © 2022 IGI Global. All rights reserved.","Attitudes; Mobile Application Store; Navigation Systems; User Involvement","","Article","Final","All Open Access; Gold Open Access","Scopus","2-s2.0-85168083369"
"Guo Y.M.; Poole M.S.","Guo, Yi Maggie (14832712500); Poole, Marshall Scott (7102423839)","14832712500; 7102423839","Antecedents of flow in online environments: The role of website complexity","2006","Association for Information Systems - 12th Americas Conference On Information Systems, AMCIS 2006","5","","","2921","2929","0","","https://www.scopus.com/pages/publications/84870371151?origin=resultslist","Flow as an optimal state of experience has been studied in various situations, including online environments. It has been found related to more exploratory behavior, revisit and purchase intention, and positive attitude toward websites. Website complexity is one of the important interface design variables that influence a number of user outcomes. In this study, we investigate the effect of website complexity on flow during web surfing and shopping. Results show that website complexity affects flow through the mediating effects of the three preconditions of flow. This finding has both theoretical and practical implications.","E-commerce; Flow; Website complexity; Website design","Electronic commerce; Information systems; Flow; Flowthrough; Interface designs; Mediating effect; On flow; Online environments; Optimal state; Positive attitude; Purchase intention; Web site design; Web surfing; Websites","Conference paper","Final","","Scopus","2-s2.0-84870371151"
"Seth V.; Ting M.P.; Gao J.","Seth, Vishal (7006783205); Ting, Magdalene P. (7003961966); Gao, Jerry (7404475003)","7006783205; 7003961966; 7404475003","The e-salesman system","2004","International Conference on Information Technology: Coding Computing, ITCC","1","","","277","282","1","","https://www.scopus.com/pages/publications/3042546512?origin=resultslist","Current e-commerce websites employ designs that are catalog based. Most web-stores are seen to be fancy displays of product catalogs. The drawback is that customers are easily confused with the number of links available; they have to go through complex navigation and keyword searches to find their products; and solely rely on their own decision to purchase a product. Additionally, they cannot distinguish one retailer from another based on the web-front; identity of the web-business is lost. Hence, there is a lack of trust. The human and personal element seen in traditional shopping is also lost when shopping online. This paper discusses and proposes an intelligent solution to these problems. The e-Salesman System (eSS) aims to simulate the human element of traditional shopping for online sales. It is based on a knowledge driven, intelligent model as opposed to a catalog based, and static model. It is supported by a framework that is easily extensible and customizable to the needs of any web-store.","Artificial intelligence; E-business; E-commerce; Intelligent agent; Intelligent sales; Knowledge-based intelligence; Online sales; Persona; Web agent","Administrative data processing; Artificial intelligence; Computer simulation; Graph theory; Intelligent agents; Mathematical models; Natural language processing systems; Online searching; Sales; Websites; e-business; Intelligent sales; Online sales; Persona; Web agents; Electronic commerce","Conference paper","Final","","Scopus","2-s2.0-3042546512"
"Mccarthy R.V.; Aronson J.E.","Mccarthy, Richard V. (8304182600); Aronson, Jay E. (7202580725)","8304182600; 7202580725","Activating consumer response: A model for web site design strategy","2001","Journal of Computer Information Systems","41","2","","2","7","19","10.1080/08874417.2002.11646984","https://www.scopus.com/pages/publications/0345979863?origin=resultslist","Electronic commerce across the Internet has exploded, providing a strategic blend of marketing and technology. Projections for the expansion of electronic commerce have been consistently understated. The Internet has emerged as a means to effectively enable business-to-consumer and business-to-business electronic commerce. Its ease of use has resulted in rapid expansion worldwide to the point where the market is shifting to e-commerce. Information satisfaction contributes to consumer satisfaction, which occurs when the product or service offered by a firm matches the expectations of the consumer. In the emerging age of e-commerce this is accomplished without personal intervention and as a result presents several issues and design choices in the creation of Web sites. An effective electronic commerce strategy is therefore needed to match the desired consumer response with the Web site design. This paper explores the relationship between Web site design and a consumer's intention to return to a Web site. The relationship is defined through a model that explores the influence of information satisfaction, particularly when the Web site design is congruent with the expectations of the consumer.","","Business to Consumer; Business-to-business; Business-to-business electronic commerce; Consumer Response; Design strategies; E- commerces; Ease-of-use; Rapid expansion; Web site design; Web-sites; Marketplaces","Article","Final","","Scopus","2-s2.0-0345979863"
"Khan E.","Khan, Emdad (55307948000)","55307948000","Voice Internet - A simple and practical way to provide internet to everyone","2007","Assistive Technology Research Series","20","","","271","275","0","","https://www.scopus.com/pages/publications/84865455734?origin=resultslist","As we all know, in this Information Age, ""nformation is money"" like ""time is money"". The largest source of information is the Internet. Hence, it is important that everyone can access the Internet easily and economically. Unfortunately, only a small fraction can access the Internet today mainly because of (a) Lack of computers or computer skills, (b) Access through a personal device is difficult, visual, and expensive. Voice/Audio Internet makes Internet available to everyone by using the most natural user interface, voice and the most ubiquitous device, a simple phone without using a computer; thus overcomes the limitations posed by existing methods. One can surf any website, search any word(s), send /receive email and conduct e-commerce. In addition, voice portal features, such as news, weather, horoscopes and directions can be accessed. Voice Internet also supports streaming audio, thus allowing anyone to listen to Internet radios and on-line music. Voice Internet has been proven to be very useful to many elderly, visually impaired, blind, dyslexic, Digital Divide and highly mobile people. The key problem that is solved in Voice Internet is ""how to efficiently render visual Internet content into short, precise, easily navigable, meaningful and pleasant to listen to audio content"". The rendering problem is a very complex problem as the Internet sites were designed with visual access in mind and the information is laid out in a manner that is attractive to our eyes but not to our ears. In this paper we will discuss the key technologies used for Voice Internet, how an Intelligent Agent is used to solve the ""rendering"" problem using Artificial Intelligence techniques and the key features on a webpage itself, how Voice Internet effectively bridges the Digital & Language Divides, how it makes the Internet accessible to everyone, current status and future directions for both technology and potential businesses using core ""Voice Internet rendering"" technology. © 2007 The authors and IOS Press. All rights reserved.","","","Conference paper","Final","","Scopus","2-s2.0-84865455734"
"Taddei L.; Costantini E.; Lavie A.","Taddei, L. (57188857299); Costantini, E. (57196719247); Lavie, A. (7003519455)","57188857299; 57196719247; 7003519455","The NESPOLE! multimodal interface for cross-lingual communication - Experience and lessons learned","2002","Proceedings - 4th IEEE International Conference on Multimodal Interfaces, ICMI 2002","","","1166997","223","228","3","10.1109/ICMI.2002.1166997","https://www.scopus.com/pages/publications/34047254424?origin=resultslist","We describe the design, evolution, and development of the user interface components of the NESPOLE! speech-to-speech translation system. The NESPOLE! system was designed for users with medium-to-low levels of computer literacy and Web expertise. The user interface was designed to effectively combine Web browsing, real-time sharing of graphical information and multi-modal annotations using a shared whiteboard, and real-time multilingual speech communication, all within an e-commerce scenario. Data collected in sessions with naive users in several stages in the process of system development formed the basis for improving the effectiveness and usability of the system. We describe this development process, the resulting interface components and the lessons learned. © 2002 IEEE.","","Interactive computer systems; Speech communication; Computer literacy; Cross-lingual communication; Development process; Graphical information; Multi-modal interfaces; Speech-to-speech translation; System development; User interface components; User interfaces","Conference paper","Final","","Scopus","2-s2.0-34047254424"
"Reddy A.K.","Reddy, Ambati Kishore (59714670900)","59714670900","Real-Time and Offline Analytics for E-Commerce: A Hybrid Approach Using Apache Kafka, Apache Flink, and Machine Learning","2024","Proceedings - 2024 4th International Conference on Innovative Sustainable Computational Technologies, CISCT 2024","","","","","","0","10.1109/CISCT62494.2024.11134195","https://www.scopus.com/pages/publications/105016235226?origin=resultslist","In the rapidly evolving digital landscape, optimizing user engagement on e-commerce platforms is crucial for success. This paper presents a hybrid analytics system integrating real-time and offline analysis to enhance the functionality and user experience of a hypothetical furniture website. Utilizing Apache Kafka for data streaming, Apache Flink for real-time processing, and MongoDB for offline storage, the system analyzes user interactions and preferences. Machine learning models, including Random Forest and XGBoost, are employed for predictive analytics, with differential privacy ensuring data security. The system also incorporates Explainable AI for transparency. Realtime visual analytics via Elasticsearch and Kibana empower stakeholders with actionable insights, fostering strategic decision making and improved customer satisfaction. This work demonstrates the transformative potential of combining real-time data processing with in-depth offline analysis in the e-commerce sector. © 2024 IEEE.","Apache Flink; Apache Kafka; Machine Learning; Random Forest; XGBoost","Data privacy; Decision making; Differential privacy; Digital storage; Electronic commerce; Machine learning; User experience; User interfaces; Visual analytics; Apache flink; Apache kafkum; E- commerces; Hybrid approach; Machine-learning; Off-line analysis; Offline; Random forests; Real- time; Xgboost; Learning systems; Predictive analytics","Conference paper","Final","","Scopus","2-s2.0-105016235226"
"Smith M.; Wenerstrom B.; Giraud-Carrier C.; Lawyer S.; Liu W.","Smith, Matthew (56077438000); Wenerstrom, Brent (16040834200); Giraud-Carrier, Christophe (23060352300); Lawyer, Steve (16039658000); Liu, Wendy (37045941700)","56077438000; 16040834200; 23060352300; 16039658000; 37045941700","Personalizing e-commerce with data mining","2007","Studies in Computational Intelligence","37","","","273","286","2","10.1007/978-3-540-37017-8_12","https://www.scopus.com/pages/publications/33947165249?origin=resultslist","E-commerce greatly facilitates and enhances the level of interaction between a retailer and its customers, thus offering the potential for smarter marketing through thoughtful site design and analytics. This chapter presents and illustrates the three stages of knowledge discovery that move e-retailers from simple on-line catalog providers to finely-tuned, customer-centric service providers. © Springer-Verlag Berlin Heidelberg 2007.","","","Article","Final","","Scopus","2-s2.0-33947165249"
"Guo J.; Zhou Y.; Burlion L.; Savkin A.V.; Huang C.","Guo, Jingrui (58928786000); Zhou, Yangyang (59073897500); Burlion, Laurent (14035100800); Savkin, Andrey V. (7005027654); Huang, Chao (57188695397)","58928786000; 59073897500; 14035100800; 7005027654; 57188695397","Autonomous UAV last-mile delivery in urban environments: A survey on deep learning and reinforcement learning solutions","2025","Control Engineering Practice","165","","106491","","","5","10.1016/j.conengprac.2025.106491","https://www.scopus.com/pages/publications/105013186776?origin=resultslist","This survey investigates the convergence of deep learning (DL) and reinforcement learning (RL) for unmanned aerial vehicle (UAV) applications, particularly in autonomous last-mile delivery. The ongoing growth of e-commerce heightens the need for advanced UAV technologies to overcome urban logistics challenges, including navigation and package delivery. DL and RL offer promising methods for object detection, path planning, and decision-making, enhancing delivery efficiency. However, significant challenges persist, particularly regarding scalability, computational constraints, and adaptation to volatile urban settings. Large UAV fleets and intricate city environments exacerbate scalability issues, while limited onboard processing capacity hinders the use of computationally intensive DL and RL models. Moreover, adapting to unpredictable conditions demands robust navigation strategies. This survey emphasizes hybrid approaches that integrate supervised and reinforcement learning or employ transfer learning to adapt pre-trained models. Techniques like model based RL and domain adaptation are highlighted as potential pathways to improve generalizability and bridge the gap between simulation and real-world deployment. © 2025 Elsevier Ltd","Autonomous navigation; Deep learning; Hybrid learning; Last-mile delivery; Multi-agent systems; Object detection; Path planning; Real-world adaptability; Reinforcement learning; Unmanned aerial vehicle; Urban logistics","Air navigation; Aircraft detection; Antennas; Autonomous agents; Computer aided instruction; Decision making; Deep learning; Deep reinforcement learning; Electronic commerce; Motion planning; Multi agent systems; Object recognition; Urban growth; Aerial vehicle; Autonomous navigation; Deep learning; Hybrid learning; Last mile; Last-mile delivery; Multiagent systems (MASs); Objects detection; Real-world; Real-world adaptability; Reinforcement learnings; Unmanned aerial vehicle; Urban logistics; Object detection; Reinforcement learning; Unmanned aerial vehicles (UAV)","Article","Final","","Scopus","2-s2.0-105013186776"
"Rao J.; Wei Y.; Gong J.; Xu C.-Z.","Rao, Jia (59866419700); Wei, Yudi (44062194900); Gong, Jiayu (22957992900); Xu, Cheng-Zhong (55600419500)","59866419700; 44062194900; 22957992900; 55600419500","DynaQoS: Model-free self-tuning fuzzy control of virtualized resources for QoS provisioning","2011","IEEE International Workshop on Quality of Service, IWQoS","","","5931341","","","42","10.1109/IWQOS.2011.5931341","https://www.scopus.com/pages/publications/79960681097?origin=resultslist","Cloud elasticity allows dynamic resource provisioning in concert with actual application demands. Feedback control approaches have been applied with success to resource allocation in physical servers. However, cloud dynamics make the design of an accurate and stable resource controller more challenging, especially when response time is considered as the measured output. Response time is highly dependent on the characteristics of workload and sensitive to cloud dynamics. To address the challenges, we extend a self-tuning fuzzy control (STFC) approach, originally developed for response time assurance in web servers to resource allocation in virtualized environments. We introduce mechanisms for adaptive output amplification and flexible rule selection in the STFC approach for better adaptability and stability. Based on the STFC, we further design a two-layer QoS provisioning framework, DynaQoS, that supports adaptive multi-objective resource allocation and service differentiation. We implement a prototype of DynaQoS on a Xen-based cloud testbed. Experimental results on an E-Commerce benchmark show that STFC outperforms popular controllers such as Kalman filter, ARMA and adaptive PI by at least 16% and 37% under both static and dynamic workloads, respectively. Further results with multiple control objectives and service classes demonstrate the effectiveness of DynaQoS in performance-power control and service differentiation. © 2011 IEEE.","","Atmospheric thermodynamics; Dynamics; Elasticity; Fuzzy control; Multiuser detection; Quality control; Quality of service; Resource allocation; Telecommunication services; User interfaces; Virtual reality; Adaptive output; Cloud dynamics; Control approach; Control objectives; Dynamic resource provisioning; Model free; Multi objective; QOS provisioning; Resource controllers; Rule selection; Self-tuning fuzzy control; Service class; Service differentiation; Static and dynamic; Two layers; Virtualized environment; Virtualized resources; Web servers; Controllers","Conference paper","Final","","Scopus","2-s2.0-79960681097"
"Pierce M.; Fox G.","Pierce, Marlon (8982800200); Fox, Geoffrey (57203074031)","8982800200; 57203074031","Making scientific applications as web services","2004","Computing in Science and Engineering","6","1","","93","96","4","10.1109/MCISE.2004.1255829","https://www.scopus.com/pages/publications/0742303616?origin=resultslist","The general architecture of science portal-service systems is discussed and illustrates with a simple example how one can build a constituent service out of a particular application. A simple wrapper application for a code, Disloc, which is used in earthquake simulation to calculate surface displacements of observation stations for a given underground fault. Disloc's fast calculation is a particularly useful characteristic because it can be provided as an anonymous service and not to worry about computer accounts, allocations, and scheduling.","","Electronic commerce; HTML; Online systems; Portals; User interfaces; Web browsers; Websites; World Wide Web; E-science; Online ordering systems; Web auction sites; Web service description language; Telecommunication services","Article","Final","","Scopus","2-s2.0-0742303616"
"Kersbergen B.; Sprangers O.; Karlaš B.; De Rijke M.; Schelter S.","Kersbergen, Barrie (57226845509); Sprangers, Olivier (57195454634); Karlaš, Bojan (57205171983); De Rijke, Maarten (54790525600); Schelter, Sebastian (55387078400)","57226845509; 57195454634; 57205171983; 54790525600; 55387078400","Scalable Data Debugging for Neighborhood-based Recommendation with Data Shapley Values","2025","RecSys2025 - Proceedings of the 19th ACM Conference on Recommender Systems","","","","441","450","0","10.1145/3705328.3748049","https://www.scopus.com/pages/publications/105019642462?origin=resultslist","Machine learning-powered recommendation systems help users find items they like. Issues in the interaction data processed by these systems frequently lead to problems, e.g., to the accidental recommendation of low-quality products or dangerous items. Such data issues are hard to anticipate upfront, and are typically detected post-deployment after they have already impacted the user experience. We argue that a principled data debugging process is required during which human experts identify potentially hurtful data issues and preemptively mitigate them. Recent notions of ""data importance,""such as the Data Shapley value (DSV), represent a promising direction to identify training data points likely to cause issues. However, the scale of real-world interaction datasets makes it infeasible to apply existing techniques to compute the DSV in recommendation scenarios.We tackle this problem by introducing the KMC-Shapley algorithm for the scalable estimation of Data Shapley values in neighbor-hood-based recommendation on sparse interaction data. We conduct an experimental evaluation of the efficiency and scalability of our algorithm on both public and proprietary datasets with millions of interactions, and showcase that the DSV identifies impactful data points for two recommendation tasks in e-commerce. Furthermore, we discuss applications of the DSV on real-world click and purchase data in e-commerce, such as identifying dangerous products or improving the ecological sustainability of product recommendations. © 2025 Copyright is held by the owner/author(s). Publication rights licensed to ACM.","Data importance; Data Shapley value; Neighborhood-based recommendation","Artificial intelligence; Data accuracy; Human computer interaction; Human engineering; Recommender systems; Sustainable development; User experience; User interfaces; Data importance; Data shapley value; Datapoints; E- commerces; Low-quality products; Machine-learning; Neighborhood-based recommendation; Neighbourhood; Real-world; Shapley value; Learning systems","Conference paper","Final","","Scopus","2-s2.0-105019642462"
"Vallamkondu S.; Gruenwald L.","Vallamkondu, S. (56901210300); Gruenwald, L. (7003477057)","56901210300; 7003477057","Integrating purchase patterns and traversal patterns to predict HTTP requests in e-commerce sites","2003","Proceedings - IEEE International Conference on E-Commerce, CEC 2003","","","1210257","256","263","8","10.1109/COEC.2003.1210257","https://www.scopus.com/pages/publications/74849122856?origin=resultslist","The success of an e-commerce (electronic commerce) site is measured in terms of the number of users visiting the site. A survey of essential qualities for a successful EC site suggests that reduced user perceived latency is the second most important quality after good site navigation quality. The most successful approach towards reducing user perceived latency has been the extraction of path traversal patterns from past users access history to predict future user traversal behavior and to prefetch the required resources. However this approach is suited for only non-EC sites where there is no purchase behavior. In this paper we describe a new approach to predict user behavior in EC sites. The core of our approach involves extracting knowledge from integrated data of purchase and path traversal patterns of past users to predict the purchase and traversal behavior of future users. Simulations were conducted using synthetic data, which showed that the proposed model produces more accurate modeling of the user behavior. © 2003 IEEE.","Bandwidth; Computer science; Data mining; Databases; Delay; Electronic commerce; History; Navigation; Prefetching; Web server","Bandwidth; Commerce; Computer science; Data mining; Database systems; Electronic commerce; Forecasting; History; HTTP; Navigation; Sales; Accurate modeling; Delay; E-commerce sites; Integrated data; Path traversal patterns; Prefetching; Traversal patterns; Web servers; Behavioral research","Conference paper","Final","","Scopus","2-s2.0-74849122856"
"Morgan M.; Borns L.","Morgan, Michael (57198955246); Borns, Laura (55490068800)","57198955246; 55490068800","360 degrees of usability","2004","Conference on Human Factors in Computing Systems - Proceedings","","","","795","809","5","10.1145/985921.985941","https://www.scopus.com/pages/publications/84876782104?origin=resultslist","Global usability testing and gathering ongoing user feedback from initial concept through post launch was critical to the project success. Several different methodologies were deployed during the process. During pre launch, surveys were used to gather high-level feature preference assessments; live baseline usability testing determined areas of the flow that were difficult for users to comprehend and complete. Data from the surveys and baseline usability tests was incorporated into the redesign of the feature and page flow. Iterative prototype testing of the redesign focused on identifying major usability issues and updating the design after each round of testing to solidify and finalize the design direction. Community involvement using regular focus groups and a live, interactive preview helped inform the community and soften reaction to the change. During post launch, community feedback was leveraged to gather feedback on feature enhancements while additional rounds of iterative prototype testing tested the flow efficacy. The enhancements were presented to focus groups to ensure community needs were addressed, thus completing the usability feedback loop. © 2004 ACM.","Evaluation/methodology; Graphical user interfaces (GUI); Human-Centered Design; Internet Ecommerce website; Online auctions; Usability Research; User Experience; User Research; User-centered design; User-Centered Design","Computer systems; Electronic commerce; Enzyme inhibition; Graphical user interfaces; Human computer interaction; Human engineering; Iterative methods; Surveys; Usability engineering; E-commerce websites; Evaluation/methodology; Graphical user interfaces (GUI); Human-centered designs; Online auctions; Usability research; User centered designs; User experience; User research; Design","Conference paper","Final","","Scopus","2-s2.0-84876782104"
"Zheng J.Y.; Shi M.","Zheng, Jiang Yu (56327553800); Shi, Min (53874141200)","56327553800; 53874141200","Mapping cityscapes into cyberspace for visualization","2005","Computer Animation and Virtual Worlds","16","2","","97","107","11","10.1002/cav.66","https://www.scopus.com/pages/publications/23444442913?origin=resultslist","This work establishes a cyberspace of a real urban area for visiting on the Internet. By registering entire scenes along every street and at many locations, viewers can visually travel around and find their destinations in Cyberspace. The issues we discuss here are mapping of a large-scale area to image domains in a small amount of data, and effective display of the captured scenes for various applications. Route Panoramas captured along streets and panoramic views captured at widely opening sites are associated to a city map to provide navigation functions. This paper focuses on the properties of our extended images - route panorama, addressing the archiving process applied to an urban area, an environment developed to transmit image data as streaming media, and display for scene traversing on the WWW in real time. The created cyberspaces of urban areas have broad applications such as city tour, real estate searching, e-commerce, heritage preservation, urban planning and construction, and vehicle navigation. Copyright © 2005 John Wiley & Sons, Ltd.","Cyberspace; Georeference; Panoramic view; Route panorama; Streaming media; Virtual tour; Visualization","Data reduction; Image analysis; Image reconstruction; Internet; Mathematical models; Urban planning; Cyberspace; Georeference; Panoramic view; Route panorama; Streaming media; Virtual tour; Cybernetics","Article","Final","","Scopus","2-s2.0-23444442913"
"Furner C.P.; Zinko R.A.","Furner, Christopher P. (36709662100); Zinko, Robert A. (8727396000)","36709662100; 8727396000","The influence of information overload on the development of trust and purchase intention based on online product reviews in a mobile vs. web environment: an empirical investigation","2017","Electronic Markets","27","3","","211","224","107","10.1007/s12525-016-0233-2","https://www.scopus.com/pages/publications/84988359730?origin=resultslist","Information overload has been studied extensively by decision science researchers, particularly in the context of task-based optimization decisions. Media selection research has similarly investigated the extent to which task characteristics influence media choice and use. This paper outlines a study which compares the effectiveness of web-based online product review systems for facilitation of trust and purchase intention to those of mobile product review systems in an experiential service setting (hotel services). Findings indicate that the extensiveness of information in the review increases trust and purchase intention until that information load becomes excessive, at which point trust and purchase intention begin to decrease. The magnitude of this decline is smaller in web-environments than in mobile environments, suggesting that web-based systems are more effective in fostering focus and are less prone to navigation frustration, thus reducing information overload. © 2016, Institute of Applied Informatics at University of Leipzig.","Information overload; Mobile commerce; Mobile reviews; Word of mouth","","Article","Final","","Scopus","2-s2.0-84988359730"
"Leberknight C.S.","Leberknight, Christopher S. (55024931100)","55024931100","A location aware service to minimize travel costs using dynamic information","2010","16th Americas Conference on Information Systems 2010, AMCIS 2010","4","","","2821","2836","0","","https://www.scopus.com/pages/publications/84870346503?origin=resultslist","Automotive navigation systems have become common accessories in vehicles manufactured today. However, the information provided by these systems is quite limited in that many systems only provide static information. As a result, manufacturers of such systems have not been able to fully capitalize from the potential applications for mobile commerce (mcommerce) which is critically dependent on providing consumers with dynamic information. The objective of this paper is to discuss a novel method, known as Dynamic Location Cost Minimization (DLCM), which can be used with a vehicle's navigation system to determine the optimum location to purchase gas. With the increasing cost of gas and the possibility of higher prices due to proposed gas price taxes, providing a means for consumers to minimize their costs to travel could prove to be very beneficial, and potentially help drive down prices due to increased competition. In addition, the proposed method could also be used in conjunction with mobile phones to facilitate real-time decisions for other services or purchases. Anecdotal evidence presented in this paper merits further investigation into the usability and acceptance of this technology.","Location aware systems; M-commerce; Real-time decision support; Recommender systems; Ubiquitous computing","Automobile manufacture; Decision support systems; Information systems; Navigation systems; Recommender systems; Ubiquitous computing; Anecdotal evidences; Automotive navigation system; Cost minimization; Decision supports; Dynamic information; Gas price; In-vehicle; Location aware services; Location aware system; M-commerce; Mobile commerce (m-commerce); Optimum location; Potential applications; Static information; Travel costs; Costs","Conference paper","Final","","Scopus","2-s2.0-84870346503"
"Yen B.; Hu P.; Wang M.","Yen, Benjamin (56730206400); Hu, Paul (59028361200); Wang, May (59121584600)","56730206400; 59028361200; 59121584600","Towards effective Web site designs: A framework for modeling, design evaluation and enhancement","2005","Proceedings - 2005 IEEE International Conference on e-Technology, e-Commerce and e-Service, EEE-05","","","","716","721","7","10.1109/EEE.2005.137","https://www.scopus.com/pages/publications/30944437437?origin=resultslist","Effective Web site design is critical to the success of e-commerce. Therefore, the evaluation and enhancement of a Web site design is of great importance. In this vein, accessibility is important and has been examined by a lot of researchers from different points of views. By and large, Web site accessibility is a structural problem and may be analytically investigated using mathematical approach. We propose a framework for representing real-world design problems as generic Web site designs, which then can be mapped into accessibility models analyzable or solvable using established analytical techniques. The framework consists of generic design and graph models, with the necessary mapping. We describe a generic Web site design using its objective and constraints, which correspond to important design requirements. By representing design problems using well-defined structures and rigorous analysis methods, this framework measures Web site accessibility using systematic and quantifiable approaches rather than qualitative ad-hoc practice. Hence, the framework facilitates the overall Web site design process, enhances design quality, and increases ease of analysis, implementation and continuous improvement. © 2005 IEEE.","","Constraint theory; Electronic commerce; Problem solving; Quality control; Real time systems; Design evaluation; Design problems; Generic Web site designs; Web site designs; Websites","Conference paper","Final","","Scopus","2-s2.0-30944437437"
"Katz M.A.; Byrne M.D.","Katz, Michael A. (57199849478); Byrne, Michael D. (36627868100)","57199849478; 36627868100","Effects of scent and breadth on use of site-specific search on e-commerce web sites","2003","ACM Transactions on Computer-Human Interaction","10","3","","198","220","69","10.1145/937549.937551","https://www.scopus.com/pages/publications/3042854921?origin=resultslist","Users faced with Web sites containing many possibly relevant pages often have a decision to make about navigation: use the menu of links or use the provided site search function. Two studies were conducted to examine what users do when faced with this decision on e-commerce Web sites, and how users go about deciding which method to attempt. An exploratory study revealed a wide distribution of searching and browsing behavior across sites and users. Counter to some predictions, use of the site search functions did not yield faster or more accurate performance in locating products. Questionnaire data suggested that factors relevant to the menu structure, interface element prominence, information scent and user dispositions all influenced the decision of whether to browse or search a site for a product. A second experiment utilizing novel e-commerce sites and allowing for more control of factors found to be important in the first study found that browsing behavior was influenced by both the breadth and information scent of the menus. These results suggest that providing site search should not be used to compensate for poor menu design, and provide further evidence regarding the design of effective menu structures.","Browsing; e-commerce; Empirical studies; Information retrieval; Navigation; Searching; WWW","Decision making; Electronic commerce; Information retrieval; Online searching; User interfaces; Web browsers; Browsing; E-commerce web sites; Emperical studies; Searching; Websites","Article","Final","","Scopus","2-s2.0-3042854921"
"Wen R.B.","Wen, Robert B. (57050135100)","57050135100","URL-driven automated testing","2001","Proceedings - 2nd Asia-Pacific Conference on Quality Software, APAQS 2001","","","990029","268","272","5","10.1109/APAQS.2001.990029","https://www.scopus.com/pages/publications/84954053089?origin=resultslist","Web-based applications pose new and unique software testing challenges as the World Wide Web suddenly surges in the global e-Commerce. The Web-based test process becomes more challenging than non-web applications testing. It is no longer sufficient to obtain accurate analysis and measurements of the Internet computing systems with manual testing alone. IT professionals have repeatedly and convincingly produced the case for the Automated Software Testing (AST) process. The most critical challenge to enterprises is the ability to build a friendly, cost-effective and maintainable AST system. This paper contributes a new concept of efficient testing methodologies to support the rapid deployment of new Web-based applications and technologies. An UUL-Driven Navigation Testing (URL-DNT) case will be used as an example to introduce the UUL-Driven Automated Testing (UUL-DAT) methodology. © 2001 IEEE.","","Application programs; Automation; Cost effectiveness; Testing; Web services; Websites; World Wide Web; Accurate analysis; Automated software testing; Automated testing; Critical challenges; Global e commerces; Internet computing; Testing methodology; Web-based applications; Software testing","Conference paper","Final","","Scopus","2-s2.0-84954053089"
"Schafer J.B.; Konstan J.A.; Riedl J.","Schafer, J. Ben (57213660263); Konstan, Joseph A. (7003985614); Riedl, John (7005582593)","57213660263; 7003985614; 7005582593","E-commerce recommendation applications","2001","Data Mining and Knowledge Discovery","5","1-2","","115","153","1412","10.1007/978-1-4615-1627-9_6","https://www.scopus.com/pages/publications/23044524651?origin=resultslist","Recommender systems are being used by an ever-increasing number of E-commerce sites to help consumers find products to purchase. What started as a novelty has turned into a serious business tool. Recommender systems use product knowledge - either hand-coded knowledge provided by experts or ""mined"" knowledge learned from the behavior of consumers - to guide consumers through the often-overwhelming task of locating products they will like. In this article we present an explanation of how recommender systems are related to some traditional database analysis techniques. We examine how recommender systems help E-commerce sites increase sales and analyze the recommender systems at six market-leading sites. Based on these examples, we create a taxonomy of recommender systems, including the inputs required from the consumers, the additional knowledge required from the database, the ways the recommendations are presented to consumers, the technologies used to create the recommendations, and the level of personalization of the recommendations. We identify five commonly used E-commerce recommender application models, describe several open research problems in the field of recommender systems, and examine privacy implications of recommender systems technology. © 2001 Kluwer Academic Publishers.","Cross-sell; Customer loyalty; Data mining; Database marketing; Electronic commerce; Mass customization; Personalization; Privacy; Recommender systems; Up-sell; User interface","","Article","Final","","Scopus","2-s2.0-23044524651"
"Kumaran S.; Huang Y.; Chung J.-Y.","Kumaran, Santhosh (7003371752); Huang, Ying (55717100700); Chung, Jen-Yao (36982648100)","7003371752; 55717100700; 36982648100","A framework-based approach to building private trading exchanges","2002","IBM Systems Journal","41","2","","253","271","16","10.1147/sj.412.0253","https://www.scopus.com/pages/publications/0036994682?origin=resultslist","The private trading exchange (PTX) is emerging as the cornerstone of business-to-business e-commerce. At its core a private trading exchange involves interenterprise integration and collaboration. Our main objective in this paper is to introduce a versatile application platform for building private trading exchanges. This platform supports the management and execution of multienterprise business processes and collabarations in the context of these processes. We review the business requirements of PTX-based systems and the technical challenges in developing such systems. We then examine and categorize the main interaction patterns between the private trading exchange and its participants. These patterns lead to the design of a component framework for process brokering and content aggregation. This framework is the foundation of our application platform for building PTX solutions. We describe the platform and discuss how to use it to implement a PTX solution.","","Computer applications; Computer software; Internet; Security of data; User interfaces; Private trading exchanges (PTX); Electronic commerce","Article","Final","","Scopus","2-s2.0-0036994682"
"Resnick M.; Albert W.","Resnick, Marc (7201681960); Albert, William (36024933000)","7201681960; 36024933000","The Impact of Advertising Location and User Task on the Emergence of Banner Ad Blindness: An Eye-Tracking Study","2014","International Journal of Human-Computer Interaction","30","3","","206","219","116","10.1080/10447318.2013.847762","https://www.scopus.com/pages/publications/84893675403?origin=resultslist","The purpose of this study is to explore the emergence of ad banner blindness in the viewing of e-commerce home pages. Building on the literature on inattention blindness and banner blindness, this article assessed the gaze path of users in goal-directed and free-viewing tasks when viewing pages with advertising banners on the right side of the page and on the top of the page above the main navigation menu. The hypotheses are tested using an analysis of variance. Using an eye-tracking methodology, the results identify significant differences in visual attention for banner ad location and for task type. Banner blindness is strongest for advertising banners on the right side of the page and for goal-directed tasks. Neither participants' ratings of page visual appeal or of page familiarity could explain the findings. The study contributes to the existing literature by resolving some of the cognitive factors that lead to banner blindness and supplementing previous research that focused on relevant perceptual factors. © 2014 Copyright Taylor and Francis Group, LLC.","","Marketing; Advertising banners; Cognitive factors; Eye-tracking; Eye-tracking studies; Goal-directed; Perceptual factors; Visual appeals; Visual Attention; Eye protection","Article","Final","","Scopus","2-s2.0-84893675403"
"Li H.; Sarathy R.; Xu H.","Li, Han (35269099100); Sarathy, Rathindra (6602199540); Xu, Heng (55392134500)","35269099100; 6602199540; 55392134500","The role of affect and cognition on online consumers' decision to disclose personal information to unfamiliar online vendors","2011","Decision Support Systems","51","3","","434","445","370","10.1016/j.dss.2011.01.017","https://www.scopus.com/pages/publications/79955921931?origin=resultslist","Based on the privacy calculus framework and the stimulus-organism-response (S-O-R) model, this study examines online information disclosure decision as a result of affective and cognitive reactions of online consumers over several stages, i.e. an initial stage where an overall impression is formed about an unfamiliar online vendor, and a subsequent information exchange stage where information necessary to complete the ecommerce transaction will be provided to the online vendor. We found that, initial emotions formed from an overall impression of a Web site act as initial hurdles to information disclosure. Once online consumers enter the information exchange stage, fairness-based levers further adjust privacy beliefs. © 2011 Elsevier B.V. All rights reserved.","e-Commerce; Emotion; Privacy belief; Privacy concern; Social contract","Data privacy; Information dissemination; User interfaces; E-Commerce; Emotion; Privacy belief; Privacy concern; Social contract; Electronic commerce","Article","Final","","Scopus","2-s2.0-79955921931"
"Kleinberg J.; Sandler M.","Kleinberg, Jon (7005755823); Sandler, Mark (55729849400)","7005755823; 55729849400","Using mixture models for collaborative filtering","2008","Journal of Computer and System Sciences","74","1","","49","69","28","10.1016/j.jcss.2007.04.013","https://www.scopus.com/pages/publications/35448983933?origin=resultslist","A collaborative filtering system at an e-commerce site or similar service uses data about aggregate user behavior to make recommendations tailored to specific user interests. We develop recommendation algorithms with provable performance guarantees in a probabilistic mixture model for collaborative filtering proposed by Hofmann and Puzicha. We identify certain novel parameters of mixture models that are closely connected with the best achievable performance of a recommendation algorithm; we show that for any system in which these parameters are bounded, it is possible to give recommendations whose quality converges to optimal as the amount of data grows. All our bounds depend on a new measure of independence that can be viewed as an L1-analogue of the smallest singular value of a matrix. Using this, we introduce a technique based on generalized pseudoinverse matrices and linear programming for handling sets of high-dimensional vectors. We also show that standard approaches based on L2 spectral methods are not strong enough to yield comparable results, thereby suggesting some inherent limitations of spectral analysis. © 2007.","Clustering; Collaborative filtering; Latent class models; Linear programming; Mixture models; Singular value decomposition; Text classification","Algorithms; Linear programming; Mathematical models; Parameter estimation; Probability; Singular value decomposition; User interfaces; Collaborative filtering; Latent class models; Mixture models; Text classification; Electronic commerce","Article","Final","","Scopus","2-s2.0-35448983933"
"Hong W.; Thong J.Y.L.; Tam K.Y.","Hong, Weiyin (7401528074); Thong, James Y. L. (7006658274); Tam, Kar Yan (55667247700)","7401528074; 7006658274; 55667247700","How do Web users respond to non-banner-ads animation? the effects of task type and user experience","2007","Journal of the American Society for Information Science and Technology","58","10","","1467","1482","59","10.1002/asi.20624","https://www.scopus.com/pages/publications/34547599602?origin=resultslist","Prior research on Web animation typically focuses on banner ads, where the findings suggest that users are capable of ignoring the animation when performing online tasks. Research on non-banner-ads animation (e.g., animation applied to the main content of an e-commerce Web site), however, is relatively scarce with inconclusive results. We propose that the effects of non-banner-ads animation are moderated by task type and the Web user's experience with the animation. Drawing upon divided attention theories, especially the central capacity theory, this research investigates the effects of non-banner-ads animation on Web users' clicking behavior, task performance, and perceptions through an online shopping experiment. The results show that non-banner-ads animation does attract Web users' attention, with the animated item more likely to be clicked first and also more likely to be purchased when users are performing browsing tasks. Meanwhile, Web users' task performance and perceptions are negatively affected in the presence of animation. Moreover, the negative effects of animation on task performance are greater in browsing tasks than in searching tasks. Finally, experience can help Web users to reduce the distraction from animation and is more effective when users are engaged in searching tasks than when they are engaged in browsing tasks.","","Electronic data interchange; Online systems; User interfaces; Web browsers; World Wide Web; Online tasks; Searching tasks; Web animation; Animation","Article","Final","","Scopus","2-s2.0-34547599602"
"Anderson C.R.; Domingos P.; Weld D.S.","Anderson, Corin R. (7404306602); Domingos, Pedro (7003565655); Weld, Daniel S. (7003334103)","7404306602; 7003565655; 7003334103","Relational Markov models and their application to adaptive web navigation","2002","Proceedings of the ACM SIGKDD International Conference on Knowledge Discovery and Data Mining","","","","143","152","107","10.1145/775047.775068","https://www.scopus.com/pages/publications/0242456818?origin=resultslist","Relational Markov models (RMMs) are a generalization of Markov models where states can be of different types, with each type described by a different set of variables. The domain of each variable can be hierarchically structured, and shrinkage is carried out over the cross product of these hierarchies. RMMs make effective learning possible in domains with very large and heterogeneous state spaces, given only sparse data. We apply them to modeling the behavior of web site users, improving prediction in our Proteus architecture for personalizing web sites. We present experiments on an e-commerce and an academic web site showing that RMMs are substantially more accurate than alternative methods, and make good predictions even when applied to previously-unvisited parts of the site.","Markov models; Personalization; Relational probabilistic models; Shrinkage; Web mining","Artificial intelligence; Data mining; Data structures; Database systems; Electronic commerce; Mathematical models; Online searching; Probability; Websites; Adaptive web navigation; Relational Markov models; Web mining; Markov processes","Conference paper","Final","","Scopus","2-s2.0-0242456818"
"Lightner N.J.; Yenisey M.M.; Ozok A.A.; Salvendy G.","Lightner, Nancy J. (6603403102); Yenisey, Mehmet M. (6506861211); Ozok, A. Ant (6603612916); Salvendy, Gavriel (56763746600)","6603403102; 6506861211; 6603612916; 56763746600","Shopping behaviour and preferences in e-commerce of Turkish and American university students: Implications from cross-cultural design","2002","Behaviour and Information Technology","21","6","","373","385","73","10.1080/0144929021000071316","https://www.scopus.com/pages/publications/0036872594?origin=resultslist","With internationalization of commerce and business and with increased use of e-business and e-commerce, it is important to ensure that these systems can be effectively utilized across cultural boundaries. To increase effectiveness, appropriate changes and modifications in the systems may be required. With this in mind, a survey of 300 Turkish university students was undertaken to assess their on-line shopping and behaviour preferences, and these were compared with the results derived from 64 US university students. The results provide guidelines for specific design of features for the Turkish population that may not be necessary for the US population.","","Human engineering; Internet; Marketing; Sales; Students; User interfaces; On-line shopping; Shopping behaviour; Electronic commerce","Article","Final","","Scopus","2-s2.0-0036872594"
"Kepner J.; Davis T.; Gadepally V.; Jananthan H.; Milechin L.","Kepner, Jeremy (7003516683); Davis, Timothy (57210563376); Gadepally, Vijay (23476933100); Jananthan, Hayden (57192655479); Milechin, Lauren (57189369594)","7003516683; 57210563376; 23476933100; 57192655479; 57189369594","Mathematics of Digital Hyperspace","2021","2021 IEEE International Parallel and Distributed Processing Symposium Workshops, IPDPSW 2021 - In conjunction with IEEE IPDPS 2021","","","9460593","263","271","4","10.1109/IPDPSW52791.2021.00048","https://www.scopus.com/pages/publications/85114440372?origin=resultslist","Social media, e-commerce, streaming video, e-mail, cloud documents, web pages, traffic flows, and network packets fill vast digital lakes, rivers, and oceans that we each navigate daily. This digital hyperspace is an amorphous flow of data supported by continuous streams that stretch standard concepts of type and dimension. The unstructured data of digital hyperspace can be elegantly represented, traversed, and transformed via the mathematics of hypergraphs, hypersparse matrices, and associative array algebra. This paper explores a novel mathematical concept, the semilink, that combines pairs of semirings to provide the essential operations for graph analytics, database operations, and machine learning. The GraphBLAS standard currently supports hypergraphs, hypersparse matrices, the mathematics required for semilinks, and seamlessly performs graph, network, and matrix operations. With the addition of key based indices (such as pointers to strings) and semilinks, GraphBLAS can become a richer associative array algebra and be a plug-in replacement for spreadsheets, database tables, and data centric operating systems, enhancing the navigation of unstructured data found in digital hyperspace. © 2021 IEEE.","algebra; databases; graphs; hypergraphs; hypersparse; networks; polystore","Data streams; Graph theory; Media streaming; Memory architecture; Websites; Associative arrays; Database tables; Graph analytics; Mathematical concepts; Matrix operations; Network packets; Streaming videos; Unstructured data; Matrix algebra","Conference paper","Final","All Open Access; Green Open Access","Scopus","2-s2.0-85114440372"
"Brusilovsky P.; de Gemmis M.; Felfernig A.; Polignano M.; Semeraro G.; Willemsen M.C.","Brusilovsky, Peter (6701517032); de Gemmis, Marco (26424953100); Felfernig, Alexander (6701498411); Polignano, Marco (56458088400); Semeraro, Giovanni (57108777800); Willemsen, Martijn C. (7004296745)","6701517032; 26424953100; 6701498411; 56458088400; 57108777800; 7004296745","11th Joint Workshop on Interfaces and Human Decision Making for Recommender Systems (IntRS’24)","2024","RecSys 2024 - Proceedings of the 18th ACM Conference on Recommender Systems","","","","1253","1257","1","10.1145/3640457.3687098","https://www.scopus.com/pages/publications/85210497185?origin=resultslist","The primary goal of Recommender Systems is to suggest the most suitable items to a user, aligning them with the user’s interests and needs. RSs are essential for modern e-commerce, helping users discover content and products by predicting suitable items based on their past behavior. However, their success isn’t just about advanced algorithms. The design of the user interface and a good integration with the human decision-making process are equally crucial. A well-designed interface enhances the user experience and makes recommendations more effective, while a poor interface can lead to frustration. Recognizing this limitation, recent trends in Recommender Systems (RSs) are increasingly focusing on integrating Symbiotic Human-Machine Decision-Making models. These models aim to offer users a dynamic and persuasive interface that helps them better understand and engage with recommendations. This shift is a crucial step toward developing recommender systems that truly connect with users and offer a more enjoyable, trustworthy, explainable, and user-friendly experience. Although early efforts concentrated on creating systems that could proactively predict user preferences and needs, modern RSs also emphasize the importance of providing users with control and transparency over their recommendations. Finding the right balance between proactivity and user control is essential to ensure that the system supports users without being too intrusive, thus improving their overall satisfaction. As Large Language Models (LLMs) become more integrated into recommender systems, the importance of user-centric interfaces and a deep understanding of decision-making becomes even more critical. Effective integration of LLMs requires interfaces that are both visually and cognitively engaging. These aspects are the main discussion topics of the Joint Workshop on Interfaces and Human Decision Making for Recommender Systems at RecSys’24. In this summary, we introduce the motivation and perspective of the workshop, review its history, and discuss the most critical issues that deserve attention for future research directions. © 2024 Copyright held by the owner/author(s).","Decision Biases; Evaluation Methods; Human Decision Making; Human-Computer Interaction; Large Language Models; LLMs; Recommender Systems; Symbiotic-AI; User Interfaces","Cognitive systems; Decision support systems; Human engineering; User interfaces; Computer interaction; Decision bias; Evaluation methods; Human decision-making; Language model; Large language model; Symbiotic-AI; Symbiotics; Man machine systems","Conference paper","Final","All Open Access; Gold Open Access; Green Open Access","Scopus","2-s2.0-85210497185"
"Dinev T.; Bellotto M.; Hart P.; Russo V.; Serra I.; Colautti C.","Dinev, Tamara (6603321512); Bellotto, Massimo (14824757100); Hart, Paul (56011859900); Russo, Vincenzo (58799466400); Serra, Ilaria (35940165900); Colautti, Christian (14824625600)","6603321512; 14824757100; 56011859900; 58799466400; 35940165900; 14824625600","Internet users' privacy concerns and beliefs about government surveillance: An exploratory study of differences between Italy and the United States","2006","Journal of Global Information Management","14","4","","57","91","107","10.4018/jgim.2006100103","https://www.scopus.com/pages/publications/33750996095?origin=resultslist","The study examines differences in individual's privacy concerns and beliefs about government surveillance in Italy and the United States. By incorporating aspects of multiple cultural theories, we argue that for both countries, the user's decision to conduct e-commerce transactions on the Internet is influenced by privacy concerns, perceived need for government surveillance that would secure the Internet environment from fraud, crime and terrorism, and balancing concerns about government intrusion. An empirical model was tested using LISREL structural equation modeling and multigroup analysis. The results support the hypotheses with regard to direction and relative magnitude of the relationships. Italians exhibit lower Internet privacy concerns than individuals in the U.S., lower perceived need for government surveillance, and higher concerns about government intrusion. The relationships among the model constructs are also different across the two countries. Implications of the findings and directions for future work are discussed. Copyright © 2006, Idea Group Inc.","Cross-cultural research; e-commerce; Government surveillance; Privacy","Computer crime; Data privacy; Decision making; Electronic commerce; Security of data; Social aspects; User interfaces; Cross cultural research; Cultural theories; E-commerce transactions; Government surveillance; Internet","Conference paper","Final","","Scopus","2-s2.0-33750996095"
"Cunningham D.; Thach L.; Thompson K.","Cunningham, David (36072429500); Thach, Liz (21834958500); Thompson, Karen (16508034600)","36072429500; 21834958500; 16508034600","Innovative E-commerce site design: A conceptual model to match consumer MBTI dimensions to Website design","2007","Journal of Internet Commerce","6","3","","1","27","13","10.1300/J179v06n03_01","https://www.scopus.com/pages/publications/34548844728?origin=resultslist","Designing an e-commerce site that will appeal to customers and convince them to purchase a product or service becomes difficult because of the variety of personalities and preferences that individual customers may have. One approach is to base the website's text, imagery, and navigation features on customers' personality types. The goal of this paper is to propose a conceptual model that links the Myers-Briggs Type Indicator's (MBTI) personality dimensions to business-to-consumer e-commerce website design. The model can offer guidance to those e-retailers who want to target their products at a particular audience. © Copyright (c) by The Haworth Press, Inc. All rights reserved.","E-commerce; MBTI; Website design","","Article","Final","","Scopus","2-s2.0-34548844728"
"Zhang Q.; Xu C.; Mo J.","Zhang, Qiong (56709020900); Xu, Congfu (8937504100); Mo, Jianzhong (7102347720)","56709020900; 8937504100; 7102347720","A web-based virtual assembly/disassembly system for e-commerce","2002","Proceedings of SPIE - The International Society for Optical Engineering","4875","2","","919","924","0","10.1117/12.477091","https://www.scopus.com/pages/publications/0036448216?origin=resultslist","We introduced a web-based assembly/disassembly system in this article, which is designed for e-commerce and tele-education purpose. The system is characterized by automatic disassembly path/sequence generation, multi-level deployment/rendering, partially ordered reliable delivery and a friendly web-based user interface.","Client/server; E-commerce; Virtual assembly/disassembly","Client server computer systems; Computer architecture; Computer graphics; Electronic commerce; User interfaces; World Wide Web; Multilevel geometry model generator; Virtual assembly; Virtual disassembly analyzer; Virtual reality","Conference paper","Final","","Scopus","2-s2.0-0036448216"
"Thomas L.; Xu W.; Xu D.","Thomas, Lijo (57210525078); Xu, Weifeng (35073269500); Xu, Dianxiang (7404073618)","57210525078; 35073269500; 7404073618","Mutation analysis of magento for evaluating threat model-based security testing","2011","Proceedings - International Computer Software and Applications Conference","","","6032235","184","189","2","10.1109/COMPSACW.2011.40","https://www.scopus.com/pages/publications/80054976995?origin=resultslist","Security testing is a major means for assuring software security and many security testing techniques have been developed in the past. Benchmarks, however, are in great demands for empirically evaluating the vulnerability detection capabilities of these techniques. To develop such a benchmark, this paper presents an approach to security mutation analysis of Magento, a fully-fledged open source e-commerce web application for evaluating automated security testing techniques. We create security mutants by injecting vulnerabilities in a systematic way. Specifically, we consider the causes of vulnerabilities according to OWASP's top 10 web application security risks, the application's business logic, as well as various consequences of vulnerabilities (i.e., STRIDE attacks). We have created 63 mutants and applied them successfully to the evaluation of two security testing techniques that use threat trees and threat nets as threat models for test generation. Our experiments show that these testing methods can kill most of the mutants but cannot detect the vulnerabilities that are not captured by the threat models. © 2011 IEEE.","Mutation testing; Security testing; Software testing; Threat modeling","Benchmarking; Computer applications; Computer software selection and evaluation; Security of data; User interfaces; World Wide Web; Business logic; Mutation analysis; Mutation testing; Open sources; Security testing; Software security; Test generations; Testing method; Threat modeling; Vulnerability detection; WEB application; Web application security; Software testing","Conference paper","Final","","Scopus","2-s2.0-80054976995"
"Tucker S.-P.","Tucker, Shin-Ping (25224018200)","25224018200","E-commerce standard user interface: An E-menu system","2008","Industrial Management & Data Systems","108","8","","1009","1028","30","10.1108/02635570810904587","https://www.scopus.com/pages/publications/53349110006?origin=resultslist","Purpose A rapidly growing segment of the internet is e-commerce. The future of economic competitiveness for most enterprises relies on entrance and active participation in the e-commerce market. About a third of the time users fail when they try to purchase products on an e-commerce site. An essential problem with e-commerce is that the controls and organization are different for each site. There is no standard way of building the navigation of the e-commerce site. Most sites do not have a global navigation system and the local one may be confusing, like solving a maze. The goal of this study is to minimize users' look up time and make e-commerce sites usable so visitors can easily and quickly access information. The objective of this study is to provide an implementation method by which an agent of the artificial intelligence (AI) user interface creates a standard navigation menu, called E-menu, to increase the usability of e-commerce. Design/methodology/approach The selected E-menu items are based on a study of the graphical user interface (GUI) used in Windows environment and an evaluation of one hundred and two (102) e-commerce sites. The prototype of the E-menu system proves that a standard menu can be created by an intermediate intelligent agent, acting on behalf of the system user. Three sites out of 102 were chosen to be edited by the E-menu server for the pilot study. This study also applies the Technology Acceptance Model (TAM) identifying components of usefulness and ease of use that predict user attitude toward the usage of the E-menu system by conducting a Web-based survey. Findings The survey result is promising and indicates that the e-commerce users accept the idea of the E-menu system. The E-menu system makes it possible to create a standard navigation menu globally for e-commerce sites. Although E-menu is not ready for prime time, the prototype proves that a standard menu can be created by an intermediate intelligent agent, acting on behalf of the system user. These types of agents will become more popular in the internet paradigm as the number of e-commerce sites increase and the usability of the sites decrease due to rapid deployment strategies and technological deficiencies. Originality/value The paper provides information on a method to increase the usability of e-commerce sites. © 2008, Emerald Group Publishing Limited","Electronic commerce; Internet; Standardization; User interfaces","Agents; Artificial intelligence; Commerce; Competition; Computer systems; Electronic commerce; Graphical user interfaces; Industrial economics; Internet; Navigation; Standards; Surveys; Wireless telecommunication systems; Design/methodology/approach; E-commerce; E-commerce sites; Ease-of-use; Economic competitiveness; Global navigation systems; Implementation methods; Menu items; Pilot studies; Prime time; Standardization; Technology acceptance model; Up time; User interfaces; Web-based surveys; Windows environment; Mobile telecommunication systems","Article","Final","","Scopus","2-s2.0-53349110006"
"Wu J.; Cook V.J., Jr.; Strong E.C.","Wu, Jianan (59807149100); Cook, Victor J. (57197016229); Strong, Edward C. (55909502300)","59807149100; 57197016229; 55909502300","ASSESSING PROMOTION PERFORMANCE OF PURE ONLINE PLAYERS: A TWO-STAGE MODEL WITH SAMPLE SELECTION","2001","Proceedings of the International Conference on Information Systems, ICIS 2001","","","","247","248","0","","https://www.scopus.com/pages/publications/85138748806?origin=resultslist","Firms may be motivated to establish an online presence to achieve many objectives, including image-building, awareness creation, sales lead generation, or direct sales. These ends cannot be fulfilled unless customers know of and visit the firm’s website. Firms with an established offline presence (mixed online players) can generate website traffic by word-of-mouth or may be reached by a consumer guessing a Web address (e.g., www.ford.com). However, pure online players must promote their websites to their targeted audience in various advertising vehicles in online and/or offline media (e.g., www.monster.com). According to Advertising Age, in 1999, the golden year for advertising-revenue-driven firms, dot-coms spent $7.4 billion in various advertising vehicles to promote their websites. Regardless of their line of business, pure online players in e-commerce follow essentially the same two-stage model of advertising strategy. In the first stage, firms attract customers to their online websites through advertising either in traditional media such as print, radio, and television or online media such as banners, search engines, e-mails, and affiliate programs (Hoffman and Novak 2000). In the second stage, when potential customers visit the websites, firms provide customers with carefully selected website contents and friendly navigation environments to create an environment conducive to the generation of desired outcomes. These outcomes can be sales transactions, sales leads, or other expressions of interest (e.g., registration, membership, etc). For instance, business-to-consumer (B2C) online retailer Amazon.com (www.amazon.com) heavily advertises in both online and offline media to build website traffic and expects customers make purchases at its websites once customers visit the sites. On the other hand, business-to-business (B2B) e-marketplace Ariba.com (www.ariba.com) also heavily advertises in both online and offline media to build website traffic, but only expects visitors (both buyers and suppliers) to register at its website and join the network. In either situation, the more financially desirable outcome goes beyond merely inducing website visits (e.g., number of visits or number of hits). Going beyond traffic generation is critical to online players in the post-dot-com crash era. The need for pure online players to monitor and analyze website traffic has created a brand new software industry. However, most of the website traffic tracking software currently available in the market suffers from several limitations. First, they provide only a static snapshot of website traffic. Second, they cannot be used for relational analysis. Third, they focus on the website activities per se (e.g., number of hits and type of browser) rather than managerially relevant issues such as the drivers of website activities and the consequences of these activities. © 2001, Association for Information Systems. All rights reserved.","E-commerce; Promotion; sample selection; two-stage model","Electronic commerce; Sales; Search engines; Advertising vehicles; Advertizing; Direct sales; Lead generation; Offline; Performance; Promotion; Samples selection; Two stage model; Website traffics; Websites","Conference paper","Final","","Scopus","2-s2.0-85138748806"
"Kang S.-R.; In H.P.; Zhao W.","Kang, Seong-Ryong (8384342800); In, Hoh Peter (8980732300); Zhao, Wei (55574198935)","8384342800; 8980732300; 55574198935","SmartClick: An enabler for human-centered wireless Web service","2002","Proceedings - 4th IEEE International Workshop on Advanced Issues of E-Commerce and Web-Based Information Systems, WECWIS 2002","","","1021258","187","194","1","10.1109/WECWIS.2002.1021258","https://www.scopus.com/pages/publications/84963657290?origin=resultslist","Recently wireless Web services have been rapidly growing as a new way of information service. As the wireless Internet access grows, so do e-commerce opportunities through the wireless Web services. Wireless Internet access has inherent limitations since most handheld devices have much less display and means of operations. This imposes a particular problem to the design of mobile information services in terms of information and service navigation. In this paper, a novel approach called SmartClick is presented to achieve user-centered wireless Web services. SmartClick enables users to explicitly express their intentions or preferences with minimal clicks (user interaction). SmartClick with a middleware support provides users a way to get the desired Web contents more efficiently and easily. © 2002 IEEE.","e-commerce; Middleware; SmartClick; web mining; wireless web service","","Conference paper","Final","","Scopus","2-s2.0-84963657290"
"Lee J.; Lee H.S.; Wang P.","Lee, Juhnyoung (22734683900); Lee, Ho Soo (7501494789); Wang, Priscilla (57113786400)","22734683900; 7501494789; 57113786400","Design and implementation of a visual online product catalog interface","2001","ICEIS 2001 - Proceedings of the 3rd International Conference on Enterprise Information Systems","2","","","1010","1017","2","","https://www.scopus.com/pages/publications/84973885530?origin=resultslist","One of the key elements of e-commerce systems is the online product catalog. It provides sellers with a content management system that assembles, aggregates, normalizes, and distributes product information. It also provides potential buyers with an interactive interface that offers a multimedia representation of the product information as well as retrieval, classification and ordering services. In this paper, we discuss the interface of online product catalogs, focusing on its ability to help shoppers navigate and analyze product information. Specifically, we present a new interactive interface for online product catalogs that is effective in navigating through the product information space and analytically selecting suitable products. It uses a multi-dimensional visualization mechanism based on parallel coordinates and augmented by a number of visual facilities for filtering, tagging, color-coding, and dynamic querying. To demonstrate the capabilities of the product catalog interface for online retail stores and marketplaces, we implemented a prototype displaying a set of automobile data. We explain how the prototype visualizes the entire product information space in a single page and supports intuitive exploratory analysis with the visual facilities.","Electronic commerce; Product catalog; User interface; Visualization","Classification (of information); Commerce; Electronic commerce; Flow visualization; Information management; Information systems; Management information systems; Multimedia services; Online systems; Retail stores; User interfaces; Visualization; Content management system; Design and implementations; Exploratory analysis; Interactive interfaces; Multidimensional visualization; Online product catalog; Online retail stores; Product catalogs; Product design","Conference paper","Final","","Scopus","2-s2.0-84973885530"
"Gadde P.; Bolchini D.","Gadde, Prathik (55923526900); Bolchini, Davide (9041282700)","55923526900; 9041282700","WebNexter: Dynamic guided tours for screen readers","2013","UIST 2013 Adjunct - Adjunct Publication of the 26th Annual ACM Symposium on User Interface Software and Technology","","","","85","86","2","10.1145/2508468.2514722","https://www.scopus.com/pages/publications/84887364824?origin=resultslist","Recent research has shown that screen-reader users can find information on a website almost twice as fast if they bypass indexes and just navigate the content pages of a collection linearly (in a guided-tour fashion). Yet manually building a guided tour for each existing index requires significant resources from web developers, especially for very large web applications. To address this problem, we introduce WebNexter, a web browser extension that automatically generates guided tours from the indexes present in the page a screen-reader user is currently visiting. WebNexter is manifest in a Google Chrome extension that implements screen-reader accessible, dynamic construction of guided tours from a very large, eCommerce website prototype. Our goal is to develop WebNexter extensions for multiple browsers that will work on any website; this will relieve developers from the burden of designing guided tours while greatly accelerating the screen-reader navigation experience during fact-finding. © 2013 Authors.","guided-tours; screen-reader users; web navigation","Websites; Chrome extensions; Dynamic construction; E-commerce websites; guided-tours; Large web applications; Recent researches; screen-reader users; Web navigation; User interfaces","Conference paper","Final","","Scopus","2-s2.0-84887364824"
"Jin T.","Jin, Tian (59723615200)","59723615200","A Graph Bottleneck and Masked Feature Interaction Framework for Multi-Objective Optimization in E-commerce Recommendation Systems","2025","Proceedings of 2025 International Conference on Management Science and Computer Engineering, MSCE 2025","","","","429","432","0","10.1145/3760023.3760094","https://www.scopus.com/pages/publications/105021647863?origin=resultslist","This study aims to enhance the accuracy of multi-objective prediction in e-commerce recommendation systems, specifically focusing on user behaviors such as clicks, cart additions, and purchases. Utilizing the OTTO dataset, we developed a recommendation system that integrates advanced feature engineering, the ESM2 framework for multi-task learning, and MaskNet for capturing high-order feature interactions. To further improve prediction accuracy, a power-weighted fusion mechanism was implemented, combining click-through rate and conversion rate predictions. The proposed model demonstrates superior performance over traditional approaches, offering a more effective solution for handling complex user behaviors in e-commerce environments. © 2025 Copyright held by the owner/author(s)","E-commerce recommendation; ESM2; feature engineering; MaskNet; multi-objective learning; prediction accuracy","Behavioral research; Electronic commerce; Human computer interaction; Human engineering; Learning systems; Multi-task learning; Multiobjective optimization; User interfaces; E-commerce recommendations; ESM2; Feature engineerings; Feature interactions; Interaction framework; Masknet; Multi-objective learning; Multi-objectives optimization; Prediction accuracy; User behaviors; Forecasting; Recommender systems","Conference paper","Final","All Open Access; Gold Open Access","Scopus","2-s2.0-105021647863"
"Kurby C.; Lee R.","Kurby, Christopher (35932576300); Lee, Richard (55318196500)","35932576300; 55318196500","ION 2015 GNSS L band spectrum policy panel","2015","28th International Technical Meeting of the Satellite Division of the Institute of Navigation, ION GNSS 2015","1","","","475","485","0","","https://www.scopus.com/pages/publications/84975483999?origin=resultslist","Weighing GPS and Mobile Spectrum Use & Economic Interests Spectrum, especially highly desirable L Band, is valuable, so its use must reflect that value 10MHz L Band Spectrum: ;7B (Based on ;2.40 MHz-POP, paired, FCC AWS-B L Band auction) However, GNSS live-sky signals already share spectrum, are precious, costly to duplicate, non-fungible resources GNSS is 70B global industry, with high extrinsic value (e.g., aviation, precision ag, professional) Each global constellation costs 10-15B, plus OPEX adds ~10-20% annually Must globally standardize, protect signals - ARNSS SoL rules protect commerce and safety everywhere Emerging GNSS, such as Galileo and BeiDou, require extending LI band since signal elements now extend down to 1540 MHz New Constellation wideband signals are essential to improving resilience, innovation, improved accuracy and precision ""Military Receivers: Air Force Wants Foreign GNSS Capability"" ,Inside GNSS Oct Must (continue to) thoroughly educate GNSS by nature has limited flexibility still evolving Cannot change receive frequencies on the fly like mobile networks Cannot selectively or quickly tailor performance Must serve diverse consumer, commercial, public and military sectors Also, GNSS industry can promote without compromise improved L Band spectrum efficiency Such as accept ATC operate within MSS, ""upper"" GEO block uplinks However, the MSS Downlink (1525-35 MHz) is problematic for overall compatibility GNSS could also benefit from FCC Harm Claim Threshold policy Voluntary. Avoids fixed ""Receiver Design"" standards, increases certainty across customers, clients, suppliers Protects, enforces against adjacent and co-channel interferences if operator exceeds HCT power limits c.","","Accident prevention; Cochannel interference; Ions; Mobile commerce; Orbits; Radio navigation; Satellites; Signal receivers; Sols; Accuracy and precision; Economic interests; Fungible resources; Global industry; Military sectors; Receiver design; Threshold policies; Wideband signals; Global positioning system","Conference paper","Final","","Scopus","2-s2.0-84975483999"
"Hong W.; Thong J.Y.L.; Tam K.Y.","Hong, Weiyin (7401528074); Thong, James Y.L. (7006658274); Tam, Kar Yan (55667247700)","7401528074; 7006658274; 55667247700","The effects of information format and shopping task on consumers' online shopping behavior: A cognitive fit perspective","2004","Journal of Management Information Systems","21","3","","149","184","302","10.1080/07421222.2004.11045812","https://www.scopus.com/pages/publications/13944276356?origin=resultslist","A feature central to the success of e-commerce Web sites is the design of an effective interface to present product information. However, the suitability of the prevalent information formats in supporting various online shopping tasks is not known. Using the cognitive fit theory as the theoretical framework, we developed a research model to investigate the fit between information format and shopping task, and examine its influence on consumers' online shopping performance and perceptions of shopping experience. The competition for attention theory from the marketing literature and the scanpath theory from vision research were employed to support the analyses. An experiment was conducted to examine the effects of two types of information formats (list versus matrix) in the context of two types of shopping tasks (searching versus browsing). The results show that when there is a match between the information format and the shopping task, consumers can search the information space more efficiently and have better recall of product information. Specifically, the list format better supports browsing tasks, and the matrix format facilitates searching tasks. However, a match between the information format and the shopping task has no effect on cognitive effort or attitude toward using the Web site. Overall, this research supports the application of the cognitive fit theory to the study of Web interface design. It also demonstrates the value in integrating findings from cognitive science and vision research to understand the processes involved. As the information format has been shown to affect consumers' online shopping behavior, even when the information content is held constant, the practical implications for Web site designers include providing both types of information format on their Web sites and matching the appropriate information format to the individual consumer's task. © 2005 M.E. Sharpe, Inc.","B2C e-commerce; Cognitive fit theory; Competition for attention theory; E-commerce; E-tailing; Information format; Interface design; Online shopping; Scanpath theory; Shopping task","Consumer products; Human computer interaction; Information use; Mathematical models; Purchasing; User interfaces; Websites; Cognitive fit theory; Competition for attention theory; Information format; Interface design; Online shopping; Scanpath theory; Shopping task; Electronic commerce","Article","Final","All Open Access; Bronze Open Access; Green Open Access","Scopus","2-s2.0-13944276356"
"Deutch D.; Milo T.; Polyzotis N.","Deutch, Daniel (23472515200); Milo, Tova (7004059488); Polyzotis, Neoklis (6507659601)","23472515200; 7004059488; 6507659601","Top-k queries over web applications","2013","VLDB Journal","22","4","","519","542","4","10.1007/s00778-012-0303-9","https://www.scopus.com/pages/publications/84880620123?origin=resultslist","The core logic of web applications that suggest some particular service, such as online shopping, e-commerce etc., is typically captured by Business Processes (BPs). Among all the (maybe infinitely many) possible execution flows of a BP, analysts are often interested in identifying flows that are ""most important"", according to some weight metric. The goal of the present paper is to provide efficient algorithms for top-k query evaluation over the possible executions of Business Processes, under some given weight function. Unique difficulties in top-k analysis in this settings stem from (1) the fact that the number of possible execution flows of a given BP is typically very large, or even infinite in presence of recursion and (2) that the weights (e.g., likelihood, monetary cost, etc.) induced by actions performed during the execution (e.g., product purchase) may be inter-dependent (due to probabilistic dependencies, combined discount deals etc.). We exemplify these difficulties, and overcome them to provide efficient algorithms for query evaluation where possible. We also describe in details an application prototype that we have developed for recommending optimal navigation in an online shopping web site that is based on our model and algorithms. © 2012 Springer-Verlag Berlin Heidelberg.","Business processes; Top-k query processing; Web applications","Algorithms; Applications; Information retrieval; World Wide Web; Business Process; Model and algorithms; Monetary costs; Online shopping; Query evaluation; Top-k query processing; WEB application; Weight functions; Electronic commerce","Article","Final","","Scopus","2-s2.0-84880620123"
"Chiravuri A.; Peracchio L.","Chiravuri, Ananth (7801313484); Peracchio, Laura (6602573828)","7801313484; 6602573828","INVESTIGATING ONLINE CONSUMER BEHAVIOR USING THIN SLICES OF USABILITY OF WEB SITES","2003","9th Americas Conference on Information Systems, AMCIS 2003","","","","2105","2110","1","","https://www.scopus.com/pages/publications/85041816707?origin=resultslist","Studies in psychology have indicated that ‘thin slices,’ very brief exposure to information, have a great deal of predictive validity in judgments and decision-making. We apply this concept of “thin slices” to study the behavior of consumers when surfing online. Our primary objective is to investigate whether consumers’ thin slice judgments of web sites have validity in an online environment. We determine predictive validity of thin slices using measures on the overall usability of a web site and its navigability. We propose to test the hypotheses by conducting an experiment. © 2003, Association for Information Systems. All rights reserved.","E-commerce; online consumer behavior; thin slices; Web site design","Decision making; Electronic commerce; Web Design; Judgment and decision makings; Online consumer behavior; Online environments; Primary objective; Thin slice; Web site design; Web-sites; Consumer behavior","Conference paper","Final","","Scopus","2-s2.0-85041816707"
"Lin T.-C.; Cheng H.K.; Wang F.-S.; Chang K.-J.","Lin, Tung-Ching (8720295900); Cheng, Hsing Kenneth (34978214300); Wang, Feng-Sheng (55740436700); Chang, Kuei-Jung (55178165200)","8720295900; 34978214300; 55740436700; 55178165200","A Study of Online Auction Sellers' Intention to Switch Platform: The Case of Yahoo!Kimo Versus Ruten_eBay","2012","Decision Sciences","43","2","","241","272","47","10.1111/j.1540-5915.2011.00347.x","https://www.scopus.com/pages/publications/84859485272?origin=resultslist","The study of consumers' switching from one service provider to another has a long tradition in economics, information systems, and marketing. The emergence of electronic commerce presents new challenges in understanding consumers' switching intentions in the context of e-commerce in general and online auctions in particular. With the abundance of literature on online auctions, there is a surprising lack of research on auction sellers' intentions to switch from one online auction platform to another. Using the competition between Yahoo!Kimo and Ruten_eBay, two leading auction platforms in Taiwan, as the backdrop, we developed a research model and collected empirical data based on this real case to study what factors influence auction sellers to switch to a competing service provider. We find that the higher the procedural switching costs, financial switching costs, relational switching costs, site design quality, or interaction quality, the lower the intention of an auction seller to switch to a competing auction service provider. A higher perceived transaction fee, however, leads to a higher switching intention. © 2012 The Authors. Decision Sciences Journal © 2012 Decision Sciences Institute.","and Web Site Quality; Lock-in; Online Auction; Switching Costs; Switching Intention","","Article","Final","","Scopus","2-s2.0-84859485272"
"Ain Q.U.; Missen M.M.S.; Prasath S.","Ain, Qurat ul (57220388160); Missen, Malik Muhammad Saad (27867925800); Prasath, Surya (24829700400)","57220388160; 27867925800; 24829700400","LRAP: Layered Ring Based Adaptive and Personalized Usability Model for Mobile Commerce Apps","2023","International Journal of Interactive Mobile Technologies","17","12","","74","93","2","10.3991/ijim.v17i12.37995","https://www.scopus.com/pages/publications/85172115907?origin=resultslist","Usability is one of the most important characteristics of software applications, especially when it comes to mobile shopping applications. There is a great deal of shift from traditional shopping to online shopping because it benefits both parties i.e., customers as well as businessmen. In such a scenario, the usability factor can play a very vital role in the business industry. If a client stops using a mobile shopping app because it is not user-friendly, it can badly damage the annual revenues especially when hundreds of alternatives are available and there is tough competition. Therefore, to keep existing customers intact and to attract new customers, it is very important to provide a user-friendly mobile app to customers. This paper considers a large variety of online customers with diverse requirements. background and constraints and evaluate the usability of existing mobile e-commerce apps to identify the problems people face with existing applications and do a systematic review of existing shopping apps. Then, we propose a personalized and adaptive usability model for mobile commerce apps considering the neglected user type i.e., illiterates and people with tactile disabilities. The proposed model LRAP is a layered approach from generalization to specification and it can be considered an extension of the famous PACMAD usability model. Besides this, we also suggest a combining score tool which will be helpful in measuring the usability of any app. Participant-based usability evaluation is the major technique used to identify the design problems in existing mobile commerce apps. Major design issues identified in mobile commerce apps include poor navigation and lack of personalization for illiterates and people with tactile disabilities. © (2023), (International Association of Online Engineering). All Rights Reserved.","m-commerce; mobile apps; online shopping; usability model","","Article","Final","All Open Access; Gold Open Access","Scopus","2-s2.0-85172115907"
"Piao J.; Zhang G.; Xu F.; Chen Z.; Zheng Y.; Gao C.; Li Y.","Piao, Jinghua (57211805984); Zhang, Guozhen (57209060896); Xu, Fengli (57051858100); Chen, Zhilong (57209060687); Zheng, Yu (59444979600); Gao, Chen (57198890200); Li, Yong (57189401839)","57211805984; 57209060896; 57051858100; 57209060687; 59444979600; 57198890200; 57189401839","Bringing Friends into the Loop of Recommender Systems: An Exploratory Study","2021","Proceedings of the ACM on Human-Computer Interaction","5","CSCW2","439","","","10","10.1145/3479583","https://www.scopus.com/pages/publications/85117955707?origin=resultslist","The recommender system (RS), as a computer-supported information filtering system, is ubiquitous and influences what we eat, watch, or even like. In online RS, interactions between users and the system form a feedback loop: users take actions based on the recommendations provided by RS, and RS updates its recommendations accordingly. As such interactions increase, the issue of recommendation homogeneity intensifies, which significantly impairs user experience. In the face of this long-standing issue, the newly-emerging social e-commerce offers a new solution - bringing friends' recommendations into the loop (friend-in-the-loop). In this paper, we conduct an exploratory study on the benefits of friend-in-the-loop through mixed methods on a leading social e-commerce platform in China, Beidian. We reveal that friend-in-the-loop provides users with more accurate and diverse recommendations than merely RS, and significantly alleviates algorithmic homogeneity. Moreover, our qualitative results demonstrate that the introduction of friends' external knowledge, consumers' trust, and empathy accounts for these benefits. Overall, we elaborate that friend-in-the-loop comprehensively benefits both users and RS, and it is a promising HCI-based solution to recommendation homogeneity, which offers insightful implications on designing future human-algorithm collaboration models.  © 2021 ACM.","friend in the loop; friends' recommendations; human-in-the-loop; personalized recommender system; social e-commerce","Electronic commerce; Information filtering; User interfaces; E- commerces; Exploratory studies; Friend in the loop; Friend recommendations; Human-in-the-loop; Information filtering system; Online recommender systems; Personalized recommender systems; Social e-commerce; System interactions; Recommender systems","Article","Final","","Scopus","2-s2.0-85117955707"
"Kwon W.-S.; Chattaraman V.; Shim S.I.; Alnizami H.; Gilbert J.","Kwon, Wi-Suk (17135349200); Chattaraman, Veena (12793986300); Shim, Soo In (42962276400); Alnizami, Hanan (36162775100); Gilbert, Juan (8365435900)","17135349200; 12793986300; 42962276400; 36162775100; 8365435900","Older user-computer interaction on the internet: How conversational agents can help","2011","Lecture Notes in Computer Science (including subseries Lecture Notes in Artificial Intelligence and Lecture Notes in Bioinformatics)","6762 LNCS","PART 2","","533","536","3","10.1007/978-3-642-21605-3_58","https://www.scopus.com/pages/publications/79960302827?origin=resultslist","Using a qualitative study employing a role-playing approach with human agents, this study identifies the potential roles of conversational agents in enhancing older users' computer interactions on the Internet in e-commerce environments. Twenty-five participants aged 65 or older performed a given shopping task with a human agent playing the role of a conversational agent. The activity computer screens were video-recorded and the participant-agent conversations were audio-recorded. Through navigation path analysis as well as content analysis of the conversations, three major issues hindering older users' Internet interaction are identified: (1) a lack of prior computer knowledge, (2) a failure to locate information or buttons, and (3) confusions related to meanings of information. The navigation path analysis also suggests potential ways conversational agents may assist older users to optimize their search strategies. Implications and suggestions for future studies are discussed. © 2011 Springer-Verlag.","Conversational agent; interaction; Internet; older users","Internet; Knowledge management; Man machine systems; Navigation; Regression analysis; Telecommunication networks; Internet; Regression analysis; As content; Computer interaction; Computer knowledge; Computer screens; Conversational agents; Human agent; interaction; Navigation paths; Older users; Qualitative study; Search strategies; Shopping task; Computer interaction; Computer knowledge; Computer screens; Conversational agents; Interaction; Older users; Qualitative study; Search strategies; Human computer interaction; Human computer interaction","Conference paper","Final","","Scopus","2-s2.0-79960302827"
"Ant Ozok A.; Oldenburger K.; Salvendy G.","Ant Ozok, A. (6603612916); Oldenburger, Kristen (16043343600); Salvendy, Gavriel (56763746600)","6603612916; 16043343600; 56763746600","Impact of consistency in customer relationship management on E-commerce shopper preferences","2007","Journal of Organizational Computing and Electronic Commerce","17","4","","283","309","12","10.1080/10919390701436424","https://www.scopus.com/pages/publications/36749029663?origin=resultslist","Customer Relationship Management (CRM) in e-commerce is concerned with retaining the existing customers on a long-term basis, motivating them to come back to shop for more and to talk positively to their peers about the products and services provided. Fourteen items have been identified in a developed questionnaire to measure CRM factors in consistency of customer treatment. They are consistencies of: price-quoting, steps to execute a transaction, design of the shopping Web page, site navigation, promotions offered, indication of in-stock products, product variety, alternative product suggestions, fraud protection, presented guarantees involving the product, fairness of the site, help offered, return policies, and personal information. To determine the validity of the items, 100 e-commerce experts from academia were presented the questionnaire and asked to rate the importance of the individual items. The developed tool had a Cronbach's Alpha internal consistency value of 0.81. A multivariate analysis was conducted to cluster the aspects of consistency in CRM. For this purpose, two factors were identified: Technical and Customer Treatment Factors. The individual Cronbach's Alpha values were 0.84 for Treatment Factor and 0.74 for Technical factor. The analysis indicated that the Technical Factor included the consistencies of shopping steps, site design, and navigation, while the Customer Treatment Factor included the consistencies of promotions, in-stock indication, product variety, fraud protection, presented guarantees, customer fairness, and return policies. Based on the analysis, 10 guidelines for Consistency in CRM were produced. The guidelines can be applied to Business-to-Consumer (B2C) e-commerce sites as part of their CRM policy.","Consistency; Customer relationship management; Factor analysis; Survey; User perspectives","","Article","Final","","Scopus","2-s2.0-36749029663"
"Papadopoulos A.-A.; Kordonis I.; Dessouky M.; Ioannou P.","Papadopoulos, Aristotelis-Angelos (57204569496); Kordonis, Ioannis (57196096041); Dessouky, Maged (7005350906); Ioannou, Petros (24514347400)","57204569496; 57196096041; 7005350906; 24514347400","Coordinated Freight Routing with Individual Incentives for Participation","2019","IEEE Transactions on Intelligent Transportation Systems","20","9","8522045","3397","3408","16","10.1109/TITS.2018.2876326","https://www.scopus.com/pages/publications/85056187016?origin=resultslist","The sharp increase in e-commerce over the last few years has led to an increase in the volume of trucks both in ports and in commercial areas. Truck traffic has a negative impact on traffic flow in general due to the size of trucks and their slower dynamics. The continuously increasing use of navigation apps has led drivers to make their routing decisions in an independent manner in an effort to minimize their own individual travel time, with possible significant deviation from a socially optimum solution. In this paper, we consider the use of coordinated routing in order to achieve load balancing. Users send their OD matrices as well as their preferred departure time to the coordinator who gives them routing instructions based on a socially optimum cost. This design enables us to derive sufficient conditions under which we prove the existence of mechanisms which are truthful in equilibrium, budget balanced on average and create individual incentives for voluntary participation of the truck drivers. Subsequently, we design our mechanism in a way that only uses a minimal set of sufficient conditions in order to guarantee the existence of a solution and maximize its efficiency. Finally, the extensive simulation results of our approach in the Braess and the Sioux Falls networks demonstrate that the proposed mechanism can approach the system optimum solution. © 2000-2011 IEEE.","Freight; incentive compatibility; load balancing; mechanism design; routing; user equilibrium","Automobiles; Budget control; Machine design; Resource allocation; Traffic control; Travel time; Truck drivers; Trucks; Freight; Incentive compatibility; Mechanism design; routing; User equilibrium; Commercial vehicles","Article","Final","","Scopus","2-s2.0-85056187016"
"Gao J.; Zhang C.; Wang K.; Ba S.","Gao, Jie (58834163200); Zhang, Cheng (56316550200); Wang, Ke (57203441742); Ba, Sulin (56126274300)","58834163200; 56316550200; 57203441742; 56126274300","Understanding online purchase decision making: The effects of unconscious thought, information quality, and information quantity","2012","Decision Support Systems","53","4","","772","781","190","10.1016/j.dss.2012.05.011","https://www.scopus.com/pages/publications/84865488430?origin=resultslist","The prosperity of online shopping has led e-commerce vendors to provide increasingly rich information, particularly for experience products, to enhance consumers' shopping experience and satisfaction. However, there is little awareness that consumers may not be able to process all the information available because of human beings' limited information processing capacity. Online shoppers could be easily confused when facing rich information, particularly when the amount of information greatly exceeds their processing capacity. In contrast to previous research which has focused on the formatting of information or user interfaces to solve the information overload problem, this study explores a new solution based on the role of unconscious thought. Integrating information processing theory and the unconscious thought theory, the current study examines the different roles of information quantity, information quality and thought mode in consumers' decision satisfaction, in the presence of rich information. Our results show that unconscious thought moderates the relationship between information quality and consumer satisfaction towards their decision making when shopping experience products online, and is thus worthy of special attention in the design of e-commerce websites. The study contributes to both unconscious thought theory and information processing theory by exploring the interaction effect of the quantity and quality of information with thought mode in affecting the quality of purchasing decisions. © 2012 Elsevier B.V. All rights reserved.","Information processing; Information quality; Information quantity; Unconscious thought","Data processing; Decision making; Decision theory; Information analysis; Product design; User interfaces; Amount of information; Human being; Information overloads; Information quality; Information quantity; Integrating information; Interaction effect; Online shoppers; Online shopping; Processing capacities; Purchase decision; Purchasing decisions; Quality of information; Unconscious thought; Electronic commerce","Conference paper","Final","","Scopus","2-s2.0-84865488430"
"Liao H.; Proctor R.W.; Salvendy G.","Liao, H. (59099217100); Proctor, R.W. (7101687932); Salvendy, G. (56763746600)","59099217100; 7101687932; 56763746600","Content preparation for cross-cultural e-commerce: A review and a model","2008","Behaviour and Information Technology","27","1","","43","61","33","10.1080/01449290601088424","https://www.scopus.com/pages/publications/38949182299?origin=resultslist","Content preparation is an important stage in e-commerce website development. It is critical to present appropriate information content to facilitate consumers' decision-making. In the international e-commerce setting, to better serve users from different countries, their different information preferences must be accommodated by taking cultural differences between countries into consideration in content preparation. After examining relevant literature, this paper proposes a conceptual model on content preparation for cross-cultural e-commerce. The model explores cultural effects on information processing of consumers by taking into account both normative effects and psychological effects. Tentative conclusions about cultural differences that need to be accommodated in content preparation are also offered.","Content preparation; Culture; E-commerce; World wide web","Data processing; Decision making; Mathematical models; User interfaces; Websites; Conceptual models; Content preparation; Cross-cultural e-commerce; Cultural differences; Electronic commerce","Article","Final","","Scopus","2-s2.0-38949182299"
"Wheatley D.J.","Wheatley, David J. (36142312900)","36142312900","The driving need for human factors in the car of the future","2000","SAE Technical Papers","","","","","","1","10.4271/2000-01-3075","https://www.scopus.com/pages/publications/85072472698?origin=resultslist","The car of the future will be very different from that which we know today - no longer just a mechanical transportation device, but a mobile communications and entertainment platform providing many new functions and services to the occupants. The use of cellular telephones whilst driving is already a source of major concern and further legislation regarding phone usage will undoubtedly be forthcoming. The future will also add display based navigation, internet access, e-commerce and other location dependent services which will increase the drivers cognitive load. We will also see driver assistance systems such as adaptive cruise control, collision avoidance warnings and vision enhancement systems which will change the driving task and could potentially reduce cognitive load almost to the level of autopilot monitoring. As the nature of the in-vehicle activity therefore evolves from being a perceptual-motor driving task to that of a communications and vigilance task (set against a background of infotainment services) then we can not only anticipate emergent behaviors but will also see a new need for the management of multimodal information presentation to the driver according to his driving circumstances and indeed, personal preferences. Consequently driving could be as different from what we know today, as today is from the time of leather helmets and driving goggles. The aim of this presentation is to provide an overview of the major human factors and safety issues which these new systems are raising and which will be fundamental to their effective and safe use as well as to their commercial viability and success. Copyright © 2000 Society of Automotive Engineers, Inc.","","Adaptive control systems; Adaptive cruise control; Automobile drivers; Cellular telephones; Cognitive systems; Human engineering; Location based services; Telephone sets; Commercial viability; Driver assistance system; Emergent behaviors; Location-dependent service; Mobile communications; Multi-modal information; Vehicle activity; Vision enhancement systems; Vehicle to vehicle communications","Conference paper","Final","","Scopus","2-s2.0-85072472698"
"Lazar J.; Wentz B.; Bogdan M.; Clowney E.; Davis M.; Guiffo J.; Gunnarsson D.; Hanks D.; Harris J.; Holt B.; Kitchin M.; Motayne M.; Nzokou R.; Sedaghat L.; Stern K.","Lazar, Jonathan (7007005493); Wentz, Brian (35486438400); Bogdan, Matthew (52063203700); Clowney, Edrick (52063239300); Davis, Matthew (57203606563); Guiffo, Joseph (50361202900); Gunnarsson, Danial (52063286300); Hanks, Dustin (52063411300); Harris, John (57198693720); Holt, Behnjay (52063275800); Kitchin, Mark (52063513700); Motayne, Mark (50361895100); Nzokou, Roslin (50361772100); Sedaghat, Leela (6505787388); Stern, Kathryn (52063702300)","7007005493; 35486438400; 52063203700; 52063239300; 57203606563; 50361202900; 52063286300; 52063411300; 57198693720; 52063275800; 52063513700; 50361895100; 50361772100; 6505787388; 52063702300","Potential pricing discrimination due to inaccessible web sites","2011","Lecture Notes in Computer Science (including subseries Lecture Notes in Artificial Intelligence and Lecture Notes in Bioinformatics)","6946 LNCS","PART 1","","108","114","8","10.1007/978-3-642-23774-4_11","https://www.scopus.com/pages/publications/80052790078?origin=resultslist","Although tools and design guidelines exist to make web sites accessible, a majority of web sites continue to be inaccessible. When a web site offers special prices that are available only on the web site (not the physical store), and the web site itself is inaccessible, this can lead to discriminatory pricing, where people with disabilities could end up paying higher prices than people without disabilities who can access the web site and take advantage of the online-only prices. This research examined whether 10 of the top e-commerce web sites which offer online-only price specials are accessible. The results revealed that there were multiple categories of accessibility violations found on all of the evaluated web sites. © 2011 IFIP International Federation for Information Processing.","disabilities; discrimination; e-commerce; web accessibility","Costs; Electronic commerce; Handicapped persons; Human computer interaction; User interfaces; Design guidelines; disabilities; discrimination; Discriminatory pricing; People with disabilities; Physical stores; Web accessibility; Disability; Discrimination; Discriminatory pricing; High price; People with disabilities; Physical stores; Web accessibility; Web-sites; Websites; Marketplaces","Conference paper","Final","All Open Access; Bronze Open Access; Green Open Access","Scopus","2-s2.0-80052790078"
"Adkisson H.P.","Adkisson, Heidi P. (6603475977)","6603475977","Identifying de-facto standards for e-commerce web sites","2002","IEEE International Professional Communication Conference","","","","22","45","5","","https://www.scopus.com/pages/publications/0036444520?origin=resultslist","Designers of desktop software rely on published user interface standards to help make systems more consistent, and therefore more usable. Though no such published design standards exist for the Web, certain design practices have become increasingly common. Some of these are pervasive enough to be considered de-facto standards. In this study, 75 leading e-commerce sites were analyzed to determine how similarly they presented standard e-commerce functions to users. The study examined the location, labeling, and icon use for five functions: Return to Home, View Cart, Manage Account, Get Help and Search. While a few de-facto standard practices emerged, overall there was considerable variation, particularly in the location of functions. However, it remains unclear how these variations impact e-commerce site usability. On-going identification of design practices on the Web is important to help designers make more intelligent design decisions and for providing a baseline for future studies on the relationship between de-facto standards and site usability.","E-commerce; User interface standards; Web navigation","Computer software; Electronic commerce; Graphical user interfaces; Heuristic methods; Web navigation; World Wide Web","Conference paper","Final","","Scopus","2-s2.0-0036444520"
"Zhang F.; Lin S.; Li X.; Shuai Y.; Jiang H.; Yao C.; Ying F.; Gao F.","Zhang, Fan (57205501591); Lin, Siyuan (57202087731); Li, Xuan (57203730740); Shuai, Yingbin (57205505834); Jiang, Hao (57205504222); Yao, Cheng (57220998916); Ying, Fangtian (35338282100); Gao, Feng (57225898847)","57205501591; 57202087731; 57203730740; 57205505834; 57205504222; 57220998916; 35338282100; 57225898847","Navigation configuration and placement influences the visual search efficiency and preference","2017","26th International World Wide Web Conference 2017, WWW 2017 Companion","","","","871","872","3","10.1145/3041021.3054236","https://www.scopus.com/pages/publications/85060274950?origin=resultslist","As the basic and ubiquitous elements of interfaces, navigation is used to search target information items. Many prior research has shown that how does the navigation placement influence users' visual search efficiency and preference, and owing to the format of navigation is hierarchical navigation in most of e-commerce websites today. So designers need to consider about the navigation configuration. To investigate the effects of navigation design on users' experience in e-commerce websites ， we performed an experimental study to better understand what kind of two-level hierarchical menu layout users preferred, and two factors we controlled were configuration and placement. These data indicate that the manual placement could significantly influence users' preference. And the influence of configuration is significant with navigation placed on the top or left. © 2017 International World Wide Web Conference Committee (IW3C2), published under Creative Commons CC BY 4.0 License.","Cognitive load; Navigation placement and configuration; Subjective preference; Visual search","Efficiency; Electronic commerce; User experience; Websites; Cognitive loads; E-commerce websites; Hierarchical navigations; Navigation designs; Subjective preference; Target information; Users' experiences; Visual search; Navigation","Conference paper","Final","All Open Access; Gold Open Access","Scopus","2-s2.0-85060274950"
"Ting M.P.; Seth V.; Gao J.","Ting, Magdalene P. (7003961966); Seth, Vishal (7006783205); Gao, Jerry (7404475003)","7003961966; 7006783205; 7404475003","The e-salesman system","2004","Proceedings - IEEE International Conference on E-Commerce Technology, CEC 2004","","","","353","357","1","10.1109/ICECT.2004.1319757","https://www.scopus.com/pages/publications/10444238567?origin=resultslist","Current e-commerce websites employ designs that are elaborate displays of product catalogs. The drawback is the presence of complex navigation and keyword searches to find products. Customers rely solely on their own decision to purchase a product. In addition, it's difficult to distinguish online retailers from one another based on the web-front; the identity of the web business and the portrayal of genuineness are lost. The human and personal element seen in traditional shopping is most often not present when shopping online. This paper discusses and proposes a solution to these problems. The e-Salesman System (eSS) aims to simulate the human element of traditional shopping for online sales.","E-business; E-commerce; Intelligent agent; Intelligent sales; Knowledge-based intelligence; Online sales; Persona; Web agent","Electronic commerce; Human computer interaction; Knowledge based systems; Problem solving; Websites; World Wide Web; E-business; Intelligent sales; Knowledge based intelligence; Online sales; Persona; Web agents; Intelligent agents","Conference paper","Final","","Scopus","2-s2.0-10444238567"
"Langston J.; Craig J.P.; Dorsey T.","Langston, Jim (56043814000); Craig, Jack P. (57190795827); Dorsey, Tracy (57190794922)","56043814000; 57190795827; 57190794922","Jswitch: E-commerce solution to spacecraft command and control","1999","Space Technology Conference and Exposition","","","","","","0","10.2514/6.1999-4414","https://www.scopus.com/pages/publications/85087240022?origin=resultslist","Jswitch a Java-based spacecraft Web interface to telemetry and command handling, is a prototype platform-independent user interface-to a spacecraft command and control system that uses Java technology. It makes use of readily available security software, standard internet protocols, and commercial off-the-shelf (COTS) products. Jswitch reduces operational costs by providing access to real-time spacecraft telemetry and command via web protocols over the open Internet or a closed Intranet. This access enables operational scenarios for anomaly response during lights out operations, distributed operations, and remote monitoring during special mission activities. Jswitch has two distinct models: Model l- Rapid deployment with limited views using Java applets, and Model 2 - Full production with configurable displays using Java applications and Java beans. The Jswitch models were developed for NASA’s Goddard Space Flight Center(GSFC). © 1999 by Computer Sciences Corp.","E-commerce; Spacecraft command and control; Web interface","Commercial off-the-shelf; Electronic commerce; Flight control systems; Internet protocols; Java programming language; NASA; Space flight; Spacecraft; Telemetering equipment; User interfaces; Command and control; Commercial off-the-shelf products; Distributed operations; Goddard Space Flight Center; Platform independent; Real-time spacecraft telemetry; Telemetry and command; Web interface; Command and control systems","Conference paper","Final","","Scopus","2-s2.0-85087240022"
"Ting M.P.; Gao J.","Ting, Magdalene P. (7003961966); Gao, Jerry (7404475003)","7003961966; 7404475003","Web-based authoring tool for e-salesman system","2005","Lecture Notes in Computer Science (including subseries Lecture Notes in Artificial Intelligence and Lecture Notes in Bioinformatics)","3824 LNCS","","","528","537","0","10.1007/11596356_54","https://www.scopus.com/pages/publications/33744956325?origin=resultslist","Searching and finding items on the WWW is increasingly difficult for businesses and for consumers. Many navigation and keyword searches are inadequate for the modern consumer. What's plaguing e-commerce is the lack of intelligent assistance. The e-Salesman System (eSS) [11], based on a knowledge-driven intelligent model, aims to simulate the human element of traditional shopping for online sales. This paper presents a tool for authoring and managing an intelligent system that will change the current approach to online browsing, searching, and shopping. The contribution of this solution is to allow merchants to customize and change their e-retail shops to interact with online users based on their dynamic changed models to meet their business rules and marketing needs. © IFIP International Federation for Information Processing 2005.","","Computer simulation; Electronic commerce; Intelligent agents; Knowledge acquisition; Mathematical models; Online systems; World Wide Web; e-salesman system; Online sales; Web-based authoring tool; Computer aided software engineering","Conference paper","Final","","Scopus","2-s2.0-33744956325"
"Chen S.-K.; Wu K.-L.; Yih J.-S.","Chen, Shyh-Kwei (7410261516); Wu, Kun-Lung (57191998288); Yih, Jih-Shyr (6603676969)","7410261516; 57191998288; 6603676969","Decoupled common annotations for reusing XML document composition logic","2004","Proceedings of the Eigtht IASTED International Conference on Software Engineering and Applications","","","436-181","678","683","2","","https://www.scopus.com/pages/publications/11144236856?origin=resultslist","XML is emerging as a popular data format for business process integration. To achieve interoperability, XML documents must also conform to predefined Data Type Definitions (DTDs). However, most business data are not maintained as XML documents, and are stored in various native formats. Hence, a middleware is needed to dynamically extract XML documents from various data sources. XML Access Server (XAS) is a middleware that gives the appearance of a system maintaining a large set of DTD-conforming XML documents while retaining data in the underlying heterogeneous formats. However, industrial standard DTDs can be large, comprehensive, and yet similar. The lack of reuse and sharing of existing Document Composition Logic (DCL) can be costly in both development time and storage. In this paper, we present a decoupled common annotation method for reusing the DCLs. As individual DTDs under the same standard tend to share common elements, the reuse and sharing of DCLs not only save storage but also facilitate rapid creation of new mapping logic.","Business interoperability; E-Commerce; Reusibility; Software artifact reuse; XML","Data acquisition; Electronic commerce; Formal logic; Graphical user interfaces; Program documentation; Reusability; Standardization; Business interoperability; Data type definition (DTD); Document composition logic (DCL); Software artifact reuse; XML","Conference paper","Final","","Scopus","2-s2.0-11144236856"
"Ahluwalia P.; Varshney U.","Ahluwalia, Punit (16315234200); Varshney, Upkar (7005986164)","16315234200; 7005986164","A framework for transaction-level quality of service for M-commerce applications","2007","IEEE Transactions on Mobile Computing","6","7","","848","864","7","10.1109/TMC.2007.1007","https://www.scopus.com/pages/publications/34249696603?origin=resultslist","In the emerging wireless Internet environment involving m-commerce and other mobile applications, an increasing number of users are likely to adopt mobile transactions. These transactions may have very diverse requirements and some of them may require a significant amount of network resources and/or bounded delays. One of many unique characteristics of transactions involving a financial value is the criticality of its completion. The unique requirements of mobile transactions necessitate the introduction of new metrics for quality-of-service. So far, most of the qualily-of-service research in wireless networks has focused on call or connection-level QoS. In this paper, we propose a framework to support QoS requirements of mobile transactions by resource allocation at the connection level, transaction level, and a combination of connection and transaction levels. To measure the QoS effectiveness of mobile transactions, two new metrics, transaction completion probability and transaction response time, are introduced. Simulation and analytical models are used for computing different metrics for transaction performance under varying network and traffic conditions. The results show that the balanced transaction and connection level resource allocation can improve the probability of transactions completion and resource utilization. This improvement is at the cost of slightly increased processing overload, which is dependent on both the group size and number of transactions during a connection. © 2007 IEEE.","Analytical modeling; Mobile commerce; Quality of service; Simulation modeling; Transactions; Wireless networks","Computer simulation; Internet; Mathematical models; Probability; User interfaces; Wireless networks; Analytical modeling; Mobile commerce; Mobile transactions; Wireless Internet environment; Quality of service","Article","Final","","Scopus","2-s2.0-34249696603"
"Alam M.R.; Sadri A.M.; Jin X.","Alam, Md Rakibul (58694357900); Sadri, Arif Mohaimin (55673568000); Jin, Xia (35722440500)","58694357900; 55673568000; 35722440500","Identifying Public Perceptions toward Emerging Transportation Trends through Social Media-Based Interactions","2021","Future Transportation","1","3","","794","813","10","10.3390/futuretransp1030044","https://www.scopus.com/pages/publications/85133413824?origin=resultslist","The objective of this study is to mine and analyze large-scale social media data (rich spatio-temporal data unlike traditional surveys) and develop comparative infographics of emerging transportation trends and mobility indicators by adopting natural language processing and data-driven techniques. As such, first, around 13 million tweets for about 20 days (16 December 2019–4 January 2020) from North America were collected, and tweets closely aligned with emerging transportation and mobility trends (such as shared mobility, vehicle technology, built environment, user fees, telecommuting, and e-commerce) were identified. Data analytics captured spatio-temporal differences in social media user interactions and concerns about such trends, as well as topics of discussions formed through such interactions. California, Florida, Georgia, Illinois, New York are among the highly visible cities discussing such trends. Being positive overall, people carried more positive views on shared mobility, vehicle technology, telecommuting, and e-commerce, while being more negative on user fees, and the built environment. Ride-hailing, fuel efficiency, trip navigation, daily as well as shopping and recreational activities, gas price, tax, and product delivery were among the emergent topics. The social media data-driven framework would allow real-time monitoring of transportation trends by agencies, researchers, and professionals. © 2021 by the authors.","e-commerce; shared mobility; social media; trend; user fees; vehicle technology","","Article","Final","All Open Access; Gold Open Access; Green Open Access","Scopus","2-s2.0-85133413824"
"Najjar L.J.","Najjar, Lawrence J. (6603168681)","6603168681","Advances in E-commerce user interface design","2011","Lecture Notes in Computer Science (including subseries Lecture Notes in Artificial Intelligence and Lecture Notes in Bioinformatics)","6772 LNCS","PART 2","","292","300","18","10.1007/978-3-642-21669-5_35","https://www.scopus.com/pages/publications/79960334775?origin=resultslist","To remain competitive, e-commerce user interfaces need to evolve as customer behaviors and technologies change. This paper describes several new user interface features that designers may want to add to their e-commerce offerings. The features include social media connections, storefronts on social media sites, automated product recommendations, dynamic product customization, dynamic product contextual simulation, flash sales, and mobile commerce. © 2011 Springer-Verlag.","automated product recommendations; dynamic product contextual simulation; dynamic product customization; E-commerce; flash sales; m-commerce; mobile commerce; social media; user interface design","Behavioral research; Customer satisfaction; Design; Electronic commerce; Product development; Sales; dynamic product contextual simulation; dynamic product customization; flash sales; M-commerce; Mobile Commerce; Product recommendation; Social media; user interface design; User interfaces","Conference paper","Final","","Scopus","2-s2.0-79960334775"
"Sood S.; Gilligan R.; Chandler C.; Slack S.","Sood, Shilpa (55661965800); Gilligan, Rhonda (55662548400); Chandler, Chris (55662747700); Slack, Shelley (55662631500)","55661965800; 55662548400; 55662747700; 55662631500","Disneyworld.com redesign","2004","Conference on Human Factors in Computing Systems - Proceedings","","","","869","884","4","10.1145/985921.985946","https://www.scopus.com/pages/publications/33947368823?origin=resultslist","Disneyworld.com has recently been redesigned from the ground up. This paper discusses the challenges facing the design team given the enormous and unique physical aspects of the property, a very challenging business climate for the travel industry in the post-911 world, and the need to uphold the magical imperative of the world's pre-eminent entertainment brand. Our solution needed to address two very specific and disparate groups of users: "" Intenders"" and ""Repeaters"". It needed to enfranchise new back-end systems and commerce processes. And it needed to tie into Walt Disney World's® overarching CRM initiative. The design solution is a holistic and scalable experience, allowing Guests to navigate via geographic and/or experience-based facets, incorporating a vast array of multimedia assets. Although the site has only been live for a little over a month, the early results are overwhelmingly positive. © 2004 ACM.","Content strategy; E-commerce; Experience design; Graphic design; Interaction design; Product management; Usability; User interface design; User research; User-centered design; Visual design","Commerce; Electronic commerce; Entertainment industry; Human engineering; Software design; Tourism industry; User centered design; User interfaces; Content strategy; Experience design; Graphic design; Interaction design; Product management; Usability; User interface designs; User research; Visual design; Product design","Conference paper","Final","","Scopus","2-s2.0-33947368823"
"Simon S.J.","Simon, Steven John (7402458254)","7402458254","The Impact of Culture and Gender on Web Sites: An Empirical Study","2000","Data Base for Advances in Information Systems","32","1","","18","37","323","10.1145/506740.506744","https://www.scopus.com/pages/publications/0010287852?origin=resultslist","The growth of electronic commerce, in particular business-to-consumer, has been explosive during the last few years. Until recently, the Web community has been a male dominated western-oriented society, with the design of Web sites reflecting that homogenous audience. Using an adapted version of Hofstede's dimensions as a means of differentiation, this study explores the perception and satisfaction levels of one hundred and sixty subjects on four web sites. Analysis indicates that perception and satisfaction differences exist between the cuitural dusters and gender groups within those cultures - Asia, Europe, Latin & South America, and North America, in particular, the perceptions of the Asian and Latin/South American were found to be similar, as were the perceptions of the Europeans and North Americans. Qualita-tive analysis indicates that females within certain cultures have widely different preferences from their male counterparts regarding web site attributes. © 2000, Author. All rights reserved.","E-commerce; Gender differences (satisfaction & perception); Hofstede model; Web site design","","Article","Final","","Scopus","2-s2.0-0010287852"
"Stolz C.; Viermetz M.; Neuneier R.; Skubacz M.","Stolz, Carsten (8961115600); Viermetz, Maximilian (14625692400); Neuneier, Ralph (6603158275); Skubacz, Michal (8961115400)","8961115600; 14625692400; 6603158275; 8961115400","Guidance performance indicator - Web metrics for information driven web sites","2005","Proceedings - 2005 IEEE/WIC/ACM InternationalConference on Web Intelligence, WI 2005","2005","","1517841","186","192","19","10.1109/WI.2005.69","https://www.scopus.com/pages/publications/33748882377?origin=resultslist","For the evaluation of web sites a multitude of metrics are available. Apart from general statistical measures, success metrics reflect the degree to which a web site achieves its defined objectives. Particularly metrics for e-commerce sites based on transaction analysis are commonly available and well understood. In contrast to transaction based sites, the success of web sites geared toward information delivery is harder to quantify since there is no direct feedback of user intent. User feedback is only directly available on transactional web sites. We introduce a metric to measure the success of an information driven web site in meeting its objective to deliver the desired information in a timely and usable fashion. We propose to assign a value to each click based on the type of transition, duration and semantic distance. These values are then combined into a scoring model describing the success of a web site in meeting its objectives. The resulting metric is introduced as the GPI and its applicability shown on a large corporate web site. © 2005 IEEE.","","Electronic commerce; Information analysis; Information dissemination; Online searching; Semantics; Statistical methods; User interfaces; Websites; GPI; Information delivery; Transaction analysis; Transaction based sites; Metric system","Conference paper","Final","","Scopus","2-s2.0-33748882377"
"Tsoupikova D.; Chu J.Y.; Ko E.; Schmidt A.; Bhasha S.; Huggins K.; Kumar H.; Lee G.; Shet D.","Tsoupikova, Daria (35615185900); Chu, Julie Y. (36489074500); Ko, Eunseo (60171418100); Schmidt, Alexandria (60171418200); Bhasha, Shahira (60171418300); Huggins, Kenzell (57195962206); Kumar, Harini (59545743400); Lee, Gaeun (60078460300); Shet, Darshan (60171868800)","35615185900; 36489074500; 60171418100; 60171418200; 60171418300; 57195962206; 59545743400; 60078460300; 60171868800","CAVE2 Virtual Reality Exhibition: Project Fulfillment","2025","ACM HT 2025 - Adjunct Proceedings of the 36th ACM Conference Hypertext and Social Media","","","","40","43","0","10.1145/3720533.3750058","https://www.scopus.com/pages/publications/105020830805?origin=resultslist","The VR project Fulfilment, is a multi-year research project developed at the Electronic Visualization Laboratory (EVL) at the University of Illinois Chicago (UIC) in collaboration with the Anthropology Department at the University of Chicago. The project was enabled through a unique collaboration between anthropologists, designers, and other social scientists from several research institutions spanning the U.S., Europe and Asia with support from the National Science Foundation. This proposal is for a public exhibition of Fulfilment project in the CAVE2 VR Environment as part of the Demos and Exhibitions track during the for ACM Hypertext 2025 Conference.Project Fulfilment brings VR technology to the forefront of anthropological research to engage participants in guided first-hand observation of the hidden aspects of logistics and the behind-the-scenes effects of supply chain capitalism on ecology, labor and socio-economic wellbeing. This immersive experience unfolds the increasingly pervasive yet often obscured ways in which the infrastructural and operative dimensions of commercial logistics are reshaping the way we work, live and relate to each other and to our environments.Participants enter a virtual narrative environment by initially selecting an object of ""fulfillment""from a 3D user interface of everyday consumer items - such as a teddy bear, stationery, or a healthcare product. The selection of the item serves as an entry point into a deeper exploration of the hidden costs and consequences of commercial logistics. Using a button-equipped wand in the immersive CAVE2 VR system, participants navigate through ten interconnected scenes - including a cityscape, data center, warehouse zones, modern cemetery, prairieland, and military ruins - each revealing layers of ecological, social, historical, and economic entanglements that shape global supply chains.Interactive objects embedded within each scene act like hyperlinks: when activated, they visually tear open the environment to expose new narratives and landscapes connected to the selected item, inviting participants to reflect on the often-invisible infrastructures and labor that sustain contemporary consumer worlds. This immersive system transforms data-driven insights from fieldwork and archival research into ethnographic spatial storytelling, giving multisensorial form to complex systems and fostering critical reflection on the ethics and impacts of global commerce.Through this project, we seek to illuminate the hidden dimensions of global supply chains and their entanglements with labor, consumption, and ecological systems. By leveraging the immersive power of virtual reality, Fulfilment expands the methodological toolkit of anthropological fieldwork and deepens public engagement with complex, often obscured, socio-technical infrastructures. The project also invites reflection on hypertext as a conceptual and navigational framework - encouraging viewers to explore how non-linear storytelling and associative connections can reshape the way we experience, interpret, and share immersive ethnographic knowledge. In doing so, it catalyzes interdisciplinary collaboration across anthropology, design, and science, while fostering multimodal pathways for educating scholars and engaging wider publics. © 2025 Copyright held by the owner/author(s).","Design; E-Commerce; Environment; Infrastructure; Logistics; Multimodal Ethnography; Sousveillance; Supply Chain Capitalism","Caves; Data visualization; Electronic commerce; Human computer interaction; Human engineering; Hypertext systems; Interactive computer systems; Public works; Supply chains; Three dimensional computer graphics; User interfaces; Virtual reality; Visualization; Warehouses; Chicago; Environment; Global supply chain; Immersive; Infrastructure; Multi-modal; Multimodal ethnography; Sousveillance; Supply chain capitalism; University of Chicago; Logistics","Conference paper","Final","","Scopus","2-s2.0-105020830805"
"Wei J.; Shen Z.; Sundaresan N.; Ma K.-L.","Wei, Jishang (55473777800); Shen, Zeqian (14830686700); Sundaresan, Neel (7005588783); Ma, Kwan-Liu (35242602500)","55473777800; 14830686700; 7005588783; 35242602500","Visual cluster exploration of web clickstream data","2012","IEEE Conference on Visual Analytics Science and Technology 2012, VAST 2012 - Proceedings","","","6400494","3","12","84","10.1109/VAST.2012.6400494","https://www.scopus.com/pages/publications/84872966556?origin=resultslist","Web clickstream data are routinely collected to study how users browse the web or use a service. It is clear that the ability to recognize and summarize user behavior patterns from such data is valuable to e-commerce companies. In this paper, we introduce a visual analytics system to explore the various user behavior patterns reflected by distinct clickstream clusters. In a practical analysis scenario, the system first presents an overview of clickstream clusters using a Self-Organizing Map with Markov chain models. Then the analyst can interactively explore the clusters through an intuitive user interface. He can either obtain summarization of a selected group of data or further refine the clustering result. We evaluated our system using two different datasets from eBay. Analysts who were working on the same data have confirmed the system's effectiveness in extracting user behavior patterns from complex datasets and enhancing their ability to reason. © 2012 IEEE.","","Clustering algorithms; Conformal mapping; Graphical user interfaces; Markov processes; Clickstream data; Clickstreams; Clustering results; Complex datasets; Data sets; Intuitive user interface; Markov chain models; User behavior patterns; Visual analytics systems; Behavioral research","Conference paper","Final","","Scopus","2-s2.0-84872966556"
"Li L.; Din Z.A.; Tan Z.; London S.; Chen T.; Daptardar A.","Li, Lichi (58912509500); Din, Zainul Abi (57219257237); Tan, Zhen (57394013000); London, Sam (58913000800); Chen, Tianlong (57221072108); Daptardar, Ajay (13906805400)","58912509500; 57219257237; 57394013000; 58913000800; 57221072108; 13906805400","MerRec: A Large-scale Multipurpose Mercari Dataset for Consumer-to-Consumer Recommendation Systems","2025","Proceedings of the ACM SIGKDD International Conference on Knowledge Discovery and Data Mining","1","","","2371","2382","0","10.1145/3690624.3709394","https://www.scopus.com/pages/publications/105014318485?origin=resultslist","In the evolving e-commerce field, recommendation systems crucially shape user experience and engagement. The rise of Consumer-to-Consumer (C2C) recommendation systems, noted for their flexibility and ease of access for customer vendors, marks a significant trend. However, the academic focus remains largely on Business-to-Consumer (B2C) models, leaving a gap filled by the limited C2C recommendation datasets that lack in item attributes, user diversity, and scale. The intricacy of C2C recommendation systems is further accentuated by the dual roles users assume as both sellers and buyers, introducing a spectrum of less uniform and varied inputs. Addressing this, we introduce MerRec, the first large-scale dataset specifically for C2C recommendations, sourced from the Mercari e-commerce platform, covering millions of users and products over 6 months in 2023. MerRec not only includes standard features such as user_id, item_id, and session_id, but also unique elements like timestamped action types, product taxonomy, and textual product attributes, offering a comprehensive dataset for research. This dataset, extensively evaluated across three recommendation tasks, establishes a new benchmark for the development of advanced recommendation algorithms in real-world scenarios, bridging the gap between academia and industry and propelling the study of C2C recommendations. Experiment code (https://github.com/mercari/mercari-ml-merrec-pub-us) and dataset (https://huggingface.co/datasets/mercari-us/merrec) are released. © 2025 ACM.","datasets; recommender systems","Electronic commerce; Large datasets; User experience; User interfaces; Business to Consumer; Commerce platforms; Dataset; Dual role; E- commerces; Large-scale datasets; Large-scales; Spectra's; User engagement; Users' experiences; Recommender systems","Conference paper","Final","","Scopus","2-s2.0-105014318485"
"Ball T.; Colby C.; Danielsen P.; Jagadeesan L.J.; Jagadeesan R.; Läufer K.; Mataga P.; Rehor K.","Ball, Thomas (7102130944); Colby, Christopher (7004819568); Danielsen, Peter (6603398558); Jagadeesan, Lalita Jategaonkar (6602157422); Jagadeesan, Radha (57204885887); Läufer, Konstantin (6601969613); Mataga, Peter (6603405173); Rehor, Kenneth (6506247001)","7102130944; 7004819568; 6603398558; 6602157422; 57204885887; 6601969613; 6603405173; 6506247001","Sisl: several interfaces, single logic","2000","International Journal of Speech Technology","3","2","","93","108","32","10.1023/A:1009645414233","https://www.scopus.com/pages/publications/0034204120?origin=resultslist","Modern interactive services such as information and e-commerce services are becoming increasingly more flexible in the types of user interfaces they support. These interfaces incorporate automatic speech recognition and natural language understanding and include graphical user interfaces on the desktop and web-based interfaces using applets and HTML forms. To what extent can the user interface software be decoupled from the service logic software (the code that defines the essential function of a service)? Decoupling of user interface from service logic directly impacts the flexibility of services, or how easy they are to modify and extend.","","Electronic commerce; HTML; Information services; Interactive computer systems; Java programming language; Logic programming; Natural language processing systems; Speech recognition; User interfaces; World Wide Web; Automatic speech recognition; Domain specific languages; Interactive services; Voice services; Computer aided software engineering","Article","Final","All Open Access; Green Open Access","Scopus","2-s2.0-0034204120"
"Palmer J.W.","Palmer, Jonathan W. (7403308496)","7403308496","Web site usability, design, and performance metrics","2002","Information Systems Research","13","2","","151","167","1200","10.1287/isre.13.2.151.88","https://www.scopus.com/pages/publications/0036015965?origin=resultslist","Web sites provide the key interface for consumer use of the Internet. This research reports on a series of three studies that develop and validate Web site usability, design and performance metrics, including download delay, navigability, site content, interactivity, and responsiveness. The performance metric that was developed includes the subconstructs user satisfaction, the likelihood of return, and the frequency of use. Data was collected in 1997, 1999, and 2000 from corporate Web sites via three methods, namely, a jury, third-party ratings, and a software agent. Significant associations between Web site design elements and Web site performance indicate that the constructs demonstrate good nomological validity. Together, the three studies provide a set of measures with acceptable validity and reliability. The findings also suggest lack of significant common methods biases across the jury-collected data, third-party data, and agent-collected data. Results suggest that Web site success is a first-order construct. Moreover, Web site success is significantly associated with Web site download delay (speed of access and display rate within the Web site), navigation (organization, arrangement, layout, and sequencing), content (amount and variety of product information), interactivity (customization and interactivity), and responsiveness (feedback options and FAQs).","Construct Validity; Design and Performance Constructs; e-Commerce, Web Metrics, or Measurement; Nomological Validity; Web Site Usability","Data acquisition; Electronic commerce; Societies and institutions; Software agents; User interfaces; Web metrics; Web site usability; Websites","Article","Final","","Scopus","2-s2.0-0036015965"
"Lin T.; Wang J.; Huang P.-Y.; Tung Y.-P.; Huang H.-Y.; Yu K.-W.","Lin, Tefen (42861821100); Wang, Jie (35222545500); Huang, Pei-Yu (55463811300); Tung, Yan-Ping (49964698700); Huang, Hsiao-Yun (56138825200); Yu, Kai-Wen (49964833200)","42861821100; 35222545500; 55463811300; 49964698700; 56138825200; 49964833200","A Web application for making Mosaic Art images","2011","WEBIST 2011 - Proceedings of the 7th International Conference on Web Information Systems and Technologies","","","","641","644","0","","https://www.scopus.com/pages/publications/80052576706?origin=resultslist","This paper presents Tile Mosaic Art (TMA), an e-commerce Web application system for making mosaic art images from regular pictures. TMA makes it possible for ordinary users to produce high-quality mosaic art images with tiles without special training. We describe how TMA resolves color bandings caused by current technologies of tile industries, where only a limited color palette for tiles is available. In particular, TMA uses the FWD-FSD error diffusion algorithm (Lin and Wang, 2011) to maintain the original structure of the input image and produce high-quality mosaic images. TMA also develops Ajax, Web Service, and XQuery technologies to save and modify mosaic images and obtain the effect of what-you-see-is-what-you-get mosaic picture. Our experiments show that TMA not only produces high-quality mosaic images but also is efficient in terms of response and request time.","Ajax; Dithering algorithm; FWD-FSD; Mosaic art image; TMA; Web service; XQuery","Algorithms; Information systems; Technology; User interfaces; Ajax; Art image; Dithering algorithm; FWD-FSD; TMA; XQuery; Web services","Conference paper","Final","","Scopus","2-s2.0-80052576706"
"Shaiva V.","Shaiva, Vivek (56034783500)","56034783500","Designing adaptive components for a services oriented architecture","2003","Proceedings, ITRE 2003 - International Conference on Information Technology: Research and Education","","","1270644","390","394","3","10.1109/ITRE.2003.1270644","https://www.scopus.com/pages/publications/36249014633?origin=resultslist","The necessity for effective integration of enterprise applications to support e-commerce initiatives has resulted in the re-emergence of the services oriented architecture (SOA). Leading software vendors have launched initiatives to provide tools and technologies that support this architecture. However, experiential knowledge on the design of adaptable component-based applications that provide services is limited. This paper describes a Services Oriented Adaptive Components (SOAC) architecture that has foundations in complex real world project implementations. It presents a design for services oriented components that dynamically support both user interfaces and web services. The paper describes synchronous and asynchronous adapter components that enable flexible multi-vendor systems integration strategies. Finally, it illustrates the iterative implementation of interfaces and components to achieve a phased migration of legacy systems. © 2003 IEEE.","Component based; Java; Object oriented; Software architecture; Web services","","Conference paper","Final","","Scopus","2-s2.0-36249014633"
"Goldstein A.; Raphaeli O.; Reichman S.","Goldstein, Anat (56318492000); Raphaeli, Orit (8675822100); Reichman, Shachar (55346697400)","56318492000; 8675822100; 55346697400","Engagement, search goals and conversion - The different M-commerce path to conversion","2016","2016 International Conference on Information Systems, ICIS 2016","","","","","","2","","https://www.scopus.com/pages/publications/85019482203?origin=resultslist","While the use of smartphones is increasing, conversion rates for mobile platforms are still significantly lower than those for traditional e-commerce channels, suggesting that these platforms are characterized by distinct consumption patterns. In this research, using detailed event log-files of an online jewelry retailer, we analyze user engagement and navigation behaviors on both platforms, model search goals and their effect on purchase decisions, and develop a conversion prediction model. Our initial results show that while user engagement is significantly higher in PC sessions compared to mobile sessions, in buying sessions, mobile sessions reflect a higher level of user engagement than PC sessions. These results indicate that m-commerce involves more than ensuring mobile-compatibility of websites, and that mobile consumers follow a distinct path to purchase involving distinct search and browsing behaviors. Therefore, analysis of the different types of consumption behaviors is necessary to understand the factors that lead to conversion on mobile e-commerce platforms.","Browsing behavior; Conversion; Mobile commerce; Navigation patterns; Online engagement","Commerce; Consumer behavior; Electronic commerce; Electronic document exchange; Information systems; Mobile telecommunication systems; Sales; Ship conversion; Browsing behavior; Consumption patterns; Mobile e-commerce; Navigation behavior; Navigation patterns; Online engagement; Prediction model; Purchase decision; Mobile commerce","Conference paper","Final","","Scopus","2-s2.0-85019482203"
"Li J.","Li, Jusheng (59949719100)","59949719100","Application of Intelligent Recommendation System Based on User Behavior Analysis in Marketing","2025","Proceedings - 2025 International Conference on Digital Analysis and Processing, Intelligent Computation, DAPIC 2025","","","","568","573","0","10.1109/DAPIC66097.2025.00111","https://www.scopus.com/pages/publications/105008307493?origin=resultslist","Intelligent recommendation system based on user behavior analysis is increasingly widely used in marketing, and its core lies in accurately grasping consumer demand and realizing personalized marketing through big data analysis and AI technology. This study comprehensively analyzes the principle, algorithm and application status of intelligent recommendation system in marketing, and discusses its advantages and challenges. It is found that the intelligent recommendation system provides personalized product or service recommendation for users by collecting and processing user behavior data, using collaborative filtering and contentbased recommendation algorithm, which significantly improves the user experience and marketing efficiency. Taking a well-known e-commerce platform as an example, the platform integrates collaborative filtering and content-based recommendation algorithm to optimize the shopping process, enhance user satisfaction and promote sales growth. The application of intelligent recommendation system not only improves the efficiency of users to find their favorite products, reduces the search cost, but also effectively stimulates users' desire to buy, increases the exposure and click-through rate of products, and directly promotes the significant improvement of sales and conversion rate. However, the intelligent recommendation system also faces challenges such as data privacy, algorithm bias, technical cost, user fatigue and cold start. In order to give full play to the potential of intelligent recommendation system, businesses need to constantly explore and optimize algorithm design, data management and user experience strategies.  © 2025 IEEE.","collaborative filtering; intelligent recommendation system; marketing; recommendation algorithm; user behavior analysis","Big data; Consumer behavior; Data privacy; Efficiency; Electronic commerce; Information management; Information systems; Intelligent systems; Recommender systems; Sales; User experience; User interfaces; AI Technologies; Application status; Consumer demands; Content-based recommendation; Intelligent recommendation system; Personalized marketings; Personalized service; Recommendation algorithms; User behavior analysis; Users' experiences; Collaborative filtering","Conference paper","Final","","Scopus","2-s2.0-105008307493"
"Anupam V.; Freire J.; Kumar B.; Lieuwen D.","Anupam, Vinod (6603578679); Freire, Juliana (18037092200); Kumar, Bharat (7401973304); Lieuwen, Daniel (6603728489)","6603578679; 18037092200; 7401973304; 6603728489","Automating Web navigation with the WebVCR","2000","Computer Networks","33","1","","503","517","80","10.1016/S1389-1286(00)00073-6","https://www.scopus.com/pages/publications/0033727024?origin=resultslist","Recent developments in Web technology such as the inclusion of scripting languages, frames, and the growth of dynamic content, have made the process of retrieving Web content more complicated, and sometimes tedious. For example, Web browsers do not provide a method for a user to bookmark a frame-based Web site once the user navigates within the initial frameset. Also, some sites, such as travel sites and online classifieds, require users to go through a sequence of steps and fill out a sequence of forms in order to access their data. Using the bookmark facilities implemented in all popular browsers, often it is not possible to create a shortcut to access such data, and these steps must be manually repeated every time the data is needed. However, hard-to-reach pages are often the best candidates for a shortcut, because significantly more effort is required to reach them than to reach a standard page with a well-defined URL. The WebVCR system addresses this problem by letting users record and replay a series of browsing steps in smart bookmarks-shortcuts to Web content that require multiple steps to be retrieved. It provides a VCR-style interface to transparently record and replay users' actions. Creating and updating smart bookmarks is a simple process involving only the usual browsing actions and requiring no programming by the user. In addition to saving users time by providing shortcuts to hard-to-reach Web content, smart bookmarks can be used as building blocks for many interesting Web applications and new e-commerce services. In this paper, we describe the WebVCR and the techniques it uses to record and replay smart bookmarks, as well as our experiences in building the system. We also discuss some applications that are simplified/enabled by smart bookmarks.","","Client server computer systems; Computer software portability; Electronic commerce; HTML; HTTP; Information retrieval; Java programming language; User interfaces; Web browsers; Affiliate programs; Dynamic content; Personalization; Smart bookmarks; Tutorials; Web clipping; Web navigation; Wrappers; World Wide Web","Article","Final","","Scopus","2-s2.0-0033727024"
"Rao L.; Osei-Bryson K.-M.; Reichgelt H.","Rao, Lila (15832884800); Osei-Bryson, Kweku-Muata (6603472927); Reichgelt, Han (6506720037)","15832884800; 6603472927; 6506720037","Quality dimensions for B2C e-commerce","2008","Proceedings of the International Conference on Electronic Business (ICEB)","","","","155","164","0","","https://www.scopus.com/pages/publications/84873442438?origin=resultslist","Organizations have still not realized the full potential of e-commerce. One factor that is likely to influence the further adoption of e-commerce is the quality of the e-commerce system as system quality impacts user satisfaction and hence use of the system. However, in order to improve the quality of any systems, one first needs to identify measures to assess quality. Although other researchers have recognized the need for such measures, they have primarily focused on a single specific aspect of e-commerce systems, typically the user interface. In this paper we identify the key components of e-commerce systems and synthesize existing research related to quality of these components to arrive at a comprehensive list of quality dimensions, which in turn provide measures to assess the quality of e-commerce systems.","E-commerce systems; Quality dimensions","User interfaces; B2C e-commerce; E-commerce systems; One-factor; Quality dimension; System quality; User satisfaction; Electronic commerce","Conference paper","Final","","Scopus","2-s2.0-84873442438"
"St. Amant R.; Healey C.G.","St. Amant, Robert (10241649700); Healey, Christopher G. (7005893610)","10241649700; 7005893610","Usability guidelines for interactive search in direct manipulation systems","2001","IJCAI International Joint Conference on Artificial Intelligence","","","","1179","1184","6","","https://www.scopus.com/pages/publications/84880886489?origin=resultslist","As AI systems make their way into the mainstream of interactive applications, usability becomes an increasingly important factor in their success. A wide range of user interface design guidelines have been developed for the direct manipulation and graphical user interface conventions of modern software. Unfortunately, it is not always clear how these should be applied to AI systems. This paper discusses a visualization assistant, an e-commerce simulation domain we have applied it to, and the guidelines we found relevant in the construction of its user interface. The goal of this paper is to explain how an interactive system can incorporates search-based intelligent behavior while still respecting well-established rules for effective user interaction.","Expert systems; Simulation; User interfaces","Artificial intelligence; Expert systems; User interfaces; Direct manipulation; Intelligent behavior; Interactive applications; Interactive search; Interactive system; Simulation; Usability guidelines; User interface designs; Graphical user interfaces","Conference paper","Final","","Scopus","2-s2.0-84880886489"
"Morais A.M.M.; Raddick J.; Santos R.D.C.","Morais, Alessandra Marli M. (55814115900); Raddick, Jordan (55504526800); Santos, Rafael D.C. (7201375217)","55814115900; 55504526800; 7201375217","Visualization and characterization of users in a citizen science project","2013","Proceedings of SPIE - The International Society for Optical Engineering","8758","","87580L","","","8","10.1117/12.2015888","https://www.scopus.com/pages/publications/84881146831?origin=resultslist","Recent technological advances allowed the creation and use of internet-based systems where many users can collaborate gathering and sharing information for specific or general purposes: social networks, e-commerce review systems, collaborative knowledge systems, etc. Since most of the data collected in these systems is user-generated, understanding of the motivations and general behavior of users is a very important issue. Of particular interest are citizen science projects, where users without scientific training are asked for collaboration labeling and classifying information (either automatically by giving away idle computer time or manually by actually seeing data and providing information about it). Understanding behavior of users of those types of data collection systems may help increase the involvement of the users, categorize users accordingly to different parameters, facilitate their collaboration with the systems, design better user interfaces, and allow better planning and deployment of similar projects and systems. Behavior of those users could be estimated through analysis of their collaboration track: registers of which user did what and when can be easily and unobtrusively collected in several different ways, the simplest being a log of activities. In this paper we present some results on the visualization and characterization of almost 150.000 users with more than 80.000.000 collaborations with a citizen science project - Galaxy Zoo I, which asked users to classify galaxies' images. Basic visualization techniques are not applicable due to the number of users, so techniques to characterize users' behavior based on feature extraction and clustering are used. © 2013 SPIE.","Citizen Science; Collaborative Systems; Visual Analytics; Visualization","Feature extraction; Flow visualization; Galaxies; Social networking (online); User interfaces; Visualization; Citizen science; Collaborative knowledge; Collaborative systems; Data collection system; Internet-based systems; Technological advances; Visual analytics; Visualization technique; Classification (of information)","Conference paper","Final","","Scopus","2-s2.0-84881146831"
"Sathyakumar D.C.","Sathyakumar, Damodaran Chingleput (59261594600)","59261594600","Practical Workflows to Engineer Scalable Presentation Platforms for Modern Web Applications","2024","2024 4th IEEE International Conference on Software Engineering and Artificial Intelligence, SEAI 2024","","","","165","174","0","10.1109/SEAI62072.2024.10674071","https://www.scopus.com/pages/publications/85205958893?origin=resultslist","This abstract presents the concept of presentation engineering, a critical facet of software engineering focused on the user experience of web applications. As web and native app distinctions blur, presentation engineering's significance in software architecture grows. Modern web applications, including e-commerce and social networking, demand advanced presentation platforms to manage content-heavy and interaction-rich services. This paper introduces presentation platform engineering, highlighting its necessity and exploring best practices for building and operating scalable systems. It details engineering workflows that address the complexities of contemporary web development, enabling the delivery of engaging content and interactions effectively at scale. Insights into the trade-offs involved in these workflows are also discussed. The findings are drawn from empirical research, including developer experience surveys and release velocity assessments, within large-scale organizations like eBay Inc. This study aims to enhance understanding and improve practices within the evolving domain of presentation engineering.  © 2024 IEEE.","Component; Engineering workflows; Platform; Platform engi-neering; Practices; Pre-sentation Engineering; Presentation platforms; User interface; UX; Web","Engineering exhibitions; Scalability; Software architecture; User experience; Web Design; Work simplification; Component; Engineering workflows; Platform; Platform engi-neering; Practice; Pre-sentation engineering; Presentation platform; Web; WEB application; Web applications; Application programs","Conference paper","Final","","Scopus","2-s2.0-85205958893"
"Faisal A.; Shahabi C.; McLaughlin M.; Betz F.","Faisal, Adil (55683378700); Shahabi, Cyrus (7004263107); McLaughlin, Margaret (7202284464); Betz, Frederick (57213587742)","55683378700; 7004263107; 7202284464; 57213587742","Insite: Introduction to a generic paradigm for interpreting user-web space interaction","1999","Proceedings of the Interntational Workshop on Web Information and Data Management WIDM","Part F129160","","","53","58","3","10.1145/319759.319785","https://www.scopus.com/pages/publications/84877337744?origin=resultslist","INsite is a heuristic-based implementation to provide consistent tracking, analysis and visualization of users' interactions with a generic web site. Our research has immediate applicability in such disparate fields as Business, E-commerce, Distance Education, Entertainment and Management for capturing individual and collective profiles of customers, learners and employees. INsite can identify trends and changes in user(s) behavior (interests) by monitoring their online interactions. It has a three-tier architecture for tracking, analysis and visualization. First, a remote agent transparently tracks user-navigation-paths within a site. Second, a unique Connectivity Matrix (CM) Model (a set of Connectivity Matrices) represents each path (and cluster of paths). Third, the user-web site interaction, thus translated to a finite number of CM-Models, is readily visualized by graphically representing the member matrices of the models. Each member matrix of a representative CM-Model captures a single navigational attribute. Our dimensionally static approach to path and cluster representation by the Connectivity Matrices can reduce the complexity of analysis by several orders. Consequently, we employ a new paradigm for dynamic clustering that leverages on the unique CM-Model of representation. © ACM 1999.","Traffic analysis; User profile; Visualization; Web mining; Web navigation analysis; Web space; WWW","Client server computer systems; Distance education; Flow visualization; Human resource management; Information management; Visualization; Websites; World Wide Web; Traffic analysis; User profile; Web Mining; Web navigation; Web spaces; Matrix algebra","Conference paper","Final","","Scopus","2-s2.0-84877337744"
"Chalasani S.; Boppana R.V.","Chalasani, Suresh (7004168751); Boppana, Rajendra V. (7004212011)","7004168751; 7004212011","Software architectures for e-commerce computing systems with external hosting","2005","International Journal of Computers and Applications","27","3","","190","198","4","10.1080/1206212X.2005.11441769","https://www.scopus.com/pages/publications/23444447244?origin=resultslist","Several medium to large companies are currently in the process of using external hosting to deploy their internet applications. External hosting by such application service providers (ASPs) as IBM provides a secure and reliable way for companies to deploy e-commerce enterprise applications without the need to purchase costly infrastructure. However, when software is designed for applications that run on the servers of external hosts, the performance may suffer if the data and the application reside at two different locations. The authors provide a technique for improving the performance in such applications. This technique is implemented in large software systems that the authors are associated with as industry consultants. The software architecture and preliminary performance results are provided.","Application service providers; E-hosting; Enterprise computing; Software architectures; Web application servers","Database systems; Electronic commerce; Electronics industry; HTML; Mathematical models; Sales; Servers; User interfaces; World Wide Web; Application service providers; E-hosting; Enterprise computing; Software architectures; Web application servers; Computer software","Article","Final","","Scopus","2-s2.0-23444447244"
"Erbacher R.F.","Erbacher, Robert F. (7003584526)","7003584526","Glyph-based generic network visualization","2002","Proceedings of SPIE - The International Society for Optical Engineering","4665","","","228","237","16","10.1117/12.458790","https://www.scopus.com/pages/publications/0036059186?origin=resultslist","Network managers and system administrators have an enormous task set before them in this day of growing network usage. This is particularly tree of e-commerce companies and others dependent on a computer network for their livelihood. Network managers and system administrators must monitor activity for intrusions and misuse while at the same time monitoring performance of the network. In this paper, we describe our visualization techniques for assisting in the monitoring of networks for both of these tasks. The goal of these visualization techniques is to integrate the visual representation of both network performance/usage as well as data relevant to intrusion detection. The main difficulties arise from the difference in the intrinsic data and layout needs of each of these tasks. Glyph based techniques are additionally used to indicate the representative values of the necessary data parameters over time. Additionally, our techniques are geared towards providing an environment that can be used continuously for constant real-time monitoring of the network environment.","Computer Networks; Information Visualization; Intrusion Detection; Traffic Monitoring","Bandwidth; Computation theory; Data reduction; Electronic commerce; Information retrieval; Microprocessor chips; Network protocols; Remote consoles; Servers; Telecommunication traffic; UNIX; User interfaces; Data parameters; Intrusion detection; Internet","Conference paper","Final","","Scopus","2-s2.0-0036059186"
"Dommel H.-P.; Garcia-Luna-Aceves J.J.","Dommel, Hans-Peter (7004330825); Garcia-Luna-Aceves, J.J. (7005135193)","7004330825; 7005135193","A coordination framework and architecture for Internet groupware","2000","Journal of Network and Computer Applications","23","4","","401","427","8","10.1016/S1084-8045(00)90014-6","https://www.scopus.com/pages/publications/16644390488?origin=resultslist","We discuss a group coordination architecture to support Internet-wide distributed collaboration, in particular for WWW-based distance education. With the current surge in e-commerce and Web-centric information exchange among users, the need for systems offering better telepresence and interaction capabilities becomes tangible. Group coordination in distributed systems and networked multimedia systems has many faces manifested in a variety of user interfaces and network protocols. However, to date no general methodology exists for engineering group coordination protocols to streamline the deployment of remote learning and collaboration environments. The objective of this article is to identify the key elements of a general group coordination framework, complementing existing group membership and multicast dissemination models, and to set the cornerstones for a coordination architecture which may be used to leverage the rapid development of group-oriented distributed collaborative applications in the Internet, for example for distance education, distributed scientific simulation and visualization, or similar applications. © 2000 Academic Press.","Floor control; Group coordination; Multimedia collaboration; Reliable multicast","","Article","Final","","Scopus","2-s2.0-16644390488"
"Zhu Y.; Fu X.; Bettati R.; Zhao W.","Zhu, Ye (57201506650); Fu, Xinwen (7402205144); Bettati, Riccardo (6603733773); Zhao, Wei (55574198935)","57201506650; 7402205144; 6603733773; 55574198935","Anonymity analysis of mix networks against flow-correlation attacks","2005","GLOBECOM - IEEE Global Telecommunications Conference","3","","1577959","1801","1805","14","10.1109/GLOCOM.2005.1577959","https://www.scopus.com/pages/publications/33846627316?origin=resultslist","Mix networks are designed to provide anonymity for users in a variety of applications, including anonymous web browsing and numerous E-commerce systems. Such networks have been shown to be susceptible to flow correlation attacks empirically. In this paper, we model the effectiveness of flow correlation attacks. Our results illustrate the quantitative relationship among system parameters such as sample size, noise level, payload flow rate, and detection rate. Our analysis quantitatively predicts how existing flow-based anonymous systems would fail under flow-correlation attacks, thus providing useful guidelines for the design of future anonymous systems. © 2005 IEEE.","","Computer crime; Correlation methods; Electronic commerce; Security of data; User interfaces; Web browsers; Anonymity analysis; Flow correlation attacks; Mix networks; Payload flow rate; Telecommunication networks","Conference paper","Final","","Scopus","2-s2.0-33846627316"
"Lituchy T.R.; Barra R.A.","Lituchy, Terri R. (6602594088); Barra, Roberta Ann (56158825400)","6602594088; 56158825400","International issues of the design and usage of websites for e-commerce: Hotel and airline examples","2008","Journal of Engineering and Technology Management - JET-M","25","1-2","","93","111","27","10.1016/j.jengtecman.2008.01.004","https://www.scopus.com/pages/publications/41949122327?origin=resultslist","Technology has globalized businesses. International business is difficult due to differences in languages and cultures. In terms of technology, in some countries, it is difficult to get data; while in others, data is input in different ways. This paper examines how international differences affect website design, implementation and usage. We analyze websites of airlines and hotels. While some websites take into consideration language and culture differences, we find significant room for improvement in both industries. We found support for localization strategy in marketing, communication and transactions. Theoretical and practical implications, including language translators, currency converters and pull-down fields, are discussed. © 2008 Elsevier B.V. All rights reserved.","Airline industry; E-commerce; International business; Websites","Aerospace industry; Hotels; Information retrieval; International trade; Marketing; Translation (languages); User interfaces; Websites; Currency converters; International business; Language translators; Electronic commerce","Article","Final","","Scopus","2-s2.0-41949122327"
"Cherukuri R.; Yarram V.K.; Karthik Parimi S.; Jegajothi B.","Cherukuri, Rajesh (60560250900); Yarram, Venkat Kishore (60559804400); Karthik Parimi, Siva (60559756100); Jegajothi, B. (57194456157)","60560250900; 60559804400; 60559756100; 57194456157","Leveraging ML for Enhanced User Experience in Web Applications","2025","Proceedings of 5th International Conference on Ubiquitous Computing and Intelligent Information Systems, ICUIS 2025","","","","757","764","0","10.1109/ICUIS67429.2025.11380651","https://www.scopus.com/pages/publications/105034902525?origin=resultslist","User Experience (UX) has become a decisive factor in the success of web applications, yet traditional evaluation methods fail to capture complex behavioral patterns at scale. This research introduces LogUX-Net, a novel hybrid machine learning framework designed to enhance UX by analyzing large-scale web server access logs. The model integrates a Session-Aware Embedding Layer (SAEL), a Graph-Temporal Encoder (GAT+TCN), a Cross-Attention Fusion Module (CAFM), and an Explainable Capsule Classifier (X-Caps), jointly modeling structural navigation graphs and temporal user behavior. A 3.3 GB dataset of e-commerce web logs was preprocessed into session-level feature vectors and used for extensive evaluation. Results demonstrate that LogUX-Net achieves 95.8% accuracy, 94.6% precision, 94.1% recall, 94.3% F1-score, and 96.7% AUC, outperforming conventional baselines such as CNN, LSTM, and Transformer models. Class-wise analysis confirms robust detection of successful sessions, anomalies, and drop-offs, while ablation studies emphasize the significance of hybrid feature extraction and capsule-based interpretability. Importantly, real-world UX improvements were observed, including a 15% increase in session completion rates, a 14% improvement in satisfaction scores, and a 50% reduction in bounce rates. These findings validate the effectiveness of LogUX-Net in optimizing web application performance and user engagement. The study provides a scalable and explainable framework with practical implications for adaptive interface design and anomaly detection in modern web ecosystems.  © 2025 IEEE.","Capsule Networks; Explainable AI; Graph Neural Networks; Machine Learning; Temporal Convolutional Networks; User Experience; Web Applications; Web Server Logs","Anomaly detection; Behavioral research; Electronic commerce; Graph neural networks; Machine learning; Navigation; User experience; User profile; Web services; Capsule network; Convolutional networks; Explainable AI; Graph neural networks; Machine-learning; Temporal convolutional network; Users' experiences; WEB application; Web applications; Web server logs; Learning systems","Conference paper","Final","","Scopus","2-s2.0-105034902525"
"Shatz N.; Bortz J.; Squire M.","Shatz, Narkis (6603155078); Bortz, John (7004754645); Squire, Mark (57202049680)","6603155078; 7004754645; 57202049680","Demonstration of augmented-reality optical narrowcasting","2018","CCNC 2018 - 2018 15th IEEE Annual Consumer Communications and Networking Conference","2018-January","","","1","2","1","10.1109/CCNC.2018.8319317","https://www.scopus.com/pages/publications/85046937901?origin=resultslist","We introduce a new communications technology, which we refer to as augmented-reality optical narrowcasting. This technology has the potential to significantly enhance smartphone consumer communications by enabling information exchange between multiple transmitters and multiple receivers using free-space optical data transmission. A practical communication range of 400 meters in broad daylight is achievable with miniaturized optics transmitting HD video. An augmented-reality-style user interface, wherein visual representations of available information sources are overlaid on a live display of video imagery allows users to conveniently manage transmissions from multiple parties. The new technology is envisioned to be installed in smartphones and other mobile devices and in vehicles, opening new vistas for commerce and social interaction. We will demonstrate key features of the technology using custom optical communications hardware and software developed especially for this purpose. © 2018 IEEE.","augmented reality; consumer electronics; mobile devices; nonimaging optics; optical communication; smartphones","Augmented reality; Consumer electronics; Digital television; Light transmission; Mobile commerce; Mobile devices; Smartphones; User interfaces; Communications technology; Hardware and software; Information exchanges; Information sources; Miniaturized optics; Multiple transmitters; Non-imaging optics; Visual representations; Optical communication","Conference paper","Final","","Scopus","2-s2.0-85046937901"
"de Leon-Martinez S.; Kang J.; Moro R.; de Rijke M.; Kveton B.; Oosterhuis H.; Bielikova M.","de Leon-Martinez, Santiago (57797102300); Kang, Jingwei (59124430800); Moro, Robert (53984737600); de Rijke, Maarten (54790525600); Kveton, Branislav (55837807300); Oosterhuis, Harrie (57044414800); Bielikova, Maria (6603891237)","57797102300; 59124430800; 53984737600; 54790525600; 55837807300; 57044414800; 6603891237","RecGaze: The First Eye Tracking and User Interaction Dataset for Carousel Interfaces","2025","SIGIR 2025 - Proceedings of the 48th International ACM SIGIR Conference on Research and Development in Information Retrieval","","","","3702","3711","3","10.1145/3726302.3730301","https://www.scopus.com/pages/publications/105011816248?origin=resultslist","Carousel interfaces are widely used in e-commerce and streaming services, but little research has been devoted to them. Previous studies of interfaces for presenting search and recommendation results have focused on single ranked lists, but it appears their results cannot be extrapolated to carousels due to the added complexity. Eye tracking is a highly informative approach to understanding how users click, yet there are no eye tracking studies concerning carousels. There are very few interaction datasets on recommenders with carousel interfaces and none that contain gaze data. We introduce the RecGaze dataset: the first comprehensive feedback dataset on carousels that includes eye tracking results, clicks, cursor movements, and selection explanations. The dataset comprises of interactions from 3 movie selection tasks with 40 different carousel interfaces per user. In total, 87 users and 3,477 interactions are logged. In addition to the dataset, its description and possible use cases, we provide results of a survey on carousel design and the first analysis of gaze data on carousels, which reveals a golden triangle or F-pattern browsing behavior. Our work seeks to advance the field of carousel interfaces by providing the first dataset with eye tracking results on carousels. In this manner, we provide and encourage an empirical understanding of interactions with carousel interfaces, for building better recommender systems through gaze information, and also encourage the development of gaze-based recommenders. © 2025 Copyright held by the owner/author(s).","Browsing behavior; Carousel interfaces; Eye tracking","Electronic commerce; Eye movements; Human computer interaction; Human engineering; Interfaces (materials); Recommender systems; User interfaces; Browsing behaviour; Carousel interface; Cursor movement; E-commerce services; Eye-tracking; Eye-tracking studies; Streaming service; User interaction; Eye tracking","Conference paper","Final","All Open Access; Gold Open Access; Green Open Access","Scopus","2-s2.0-105011816248"
"Raju C.","Raju, Caroline (56715288600)","56715288600","WEB navigation pattern with automatic reconfiguration of servers","2014","2014 IEEE/ACIS 13th International Conference on Computer and Information Science, ICIS 2014 - Proceedings","","","6912127","167","170","0","10.1109/ICIS.2014.6912127","https://www.scopus.com/pages/publications/84936777087?origin=resultslist","Understanding the navigational behaviour of website visitors is a significant factor of success in the emerging business model of electronic commerce and even mobile Commerce. The WEB navigation patterns, termed throughout-surfing patterns (TSPs) as defined in this paper, are a superset of WEB traversal patterns that effectively display the trends toward the next visited WEB pages in a browsing session. TSPs are more expressive for understanding the purposes of website visitors. In this report, we first introduce the concept of throughout-surfing patterns and then present an efficient method for mining the patterns. We propose a compact graph structure, termed a path traversal graph, to record information about the navigation paths of website visitors. The graph contains the frequent surfing paths that are required for mining TSPs. In addition, we devised a graph traverse algorithm based on the proposed graph structure to discover the TSPs. This website will be hosted in a server, where we will be introducing the concept of automatic reconfiguration of storage systems. This system will be providing a master slave server where even if the master server crashes the replica of the data will be stored in the slave server dynamically and the slave server will be automatically configured as the master server. In this case the end user doesn't have to face issues with server crash, data loss, or delay of data. © 2014 IEEE.","dbQs; Master Server; Slave Server; TSPs (Throughout Surfing Patterns)","Virtual storage; Automatic reconfiguration; Business models; Dbqs; Graph structures; Master server; Navigation patterns; Slave server; Supersets; Throughout surfing pattern; Traversal patterns; Mobile commerce","Conference paper","Final","","Scopus","2-s2.0-84936777087"
"Newcomb E.; Pashley T.; Stasko J.","Newcomb, Erica (57197113905); Pashley, Toni (6506610839); Stasko, John (7006755495)","57197113905; 6506610839; 7006755495","Mobile computing in the retail arena","2003","Conference on Human Factors in Computing Systems - Proceedings","","","","337","344","82","10.1145/642611.642670","https://www.scopus.com/pages/publications/0038035110?origin=resultslist","Although PDAs typically run applications in a ""standalone"" mode, they are increasingly equipped with wireless communications, which makes them useful in new domains. This capability for more powerful information exchange with larger information systems presents a new situated context for PDA applications, and provides new design and usability evaluation challenges. In this work we examine how grocery shopping could be aided by a mobile shopping application that consumers access via a PDA while in a store. The interactive relationship between the physical space of the store and the human activity of shopping are crucial when designing for this application. To better understand this interaction, we studied people's grocery shopping habits, designed and evaluated prototypes, and performed usability tests within the shopping environment. This paper reveals our design process for this problem and a framework for designing and evaluating situated applications for mobile handhelds.","Interactions; Mobile interfaces; PDA; Situated computing; User-centered approach; Wireless communication","Behavioral research; Graphical user interfaces; Personal digital assistants; Retail stores; Software prototyping; Usability engineering; Mobile commerce; User-centered approach; Grocery shopping; Information exchanges; Interaction; Mobile interface; Mobile-computing; PDA; Situated computing; Stand-alone modes; Wireless communications; Mobile computing; User centered design","Conference paper","Final","","Scopus","2-s2.0-0038035110"
"Zhang H.; Haldar M.; Bellare K.; Chen S.; Banerjee S.; Wang X.; Abdool M.; Gao H.; Tapadia P.; He L.; Katariya S.; Moyerman S.","Zhang, Hongwei (59238858700); Haldar, Malay (57210640313); Bellare, Kedar (60363344500); Chen, Sherry (59238863800); Banerjee, Soumyadip (59238898100); Wang, Xiaotang (55658042000); Abdool, Mustafa (56840815500); Gao, Huiji (36456928300); Tapadia, Pavan (59238858800); He, Liwei (57939058600); Katariya, Sanjeev (57211580800); Moyerman, Stephanie (60214701000)","59238858700; 57210640313; 60363344500; 59238863800; 59238898100; 55658042000; 56840815500; 36456928300; 59238858800; 57939058600; 57211580800; 60214701000","Maps Ranking Optimization in Airbnb","2025","CIKM 2025 - Proceedings of the 34th ACM International Conference on Information and Knowledge Management","","","","6258","6265","0","10.1145/3746252.3761563","https://www.scopus.com/pages/publications/105023185080?origin=resultslist","Search results on Airbnb are presented in two user interfaces: a list of rectangle cards, referred to as the feed result, that include photos, prices, ratings, and other details of the listings, and listing pins on the map, referred to as the map result, which can either display as price pins or appear without prices as mini-pins. The map plays a key role in Airbnb. Not only does it display the location of the listings in the search results, but it also serves as an interactive user interface that allows users to view the details of the pins and perform new searches by moving or zooming on the map. Majority of searches on Airbnb are conducted using the map, and majority of bookings are related to listings shown in map search results. Limited research has been conducted within the industry to address the unique challenges of maps ranking. For years, it was assumed that showing the top K results based on the model designed for feed ranking was also optimal for the map. However, this assumption simply breaks down when we take a closer look at the NDCG (Normalized Discounted Cumulative Gain) metric. Attention is key to NDCG, and the attention flow on the feed does not apply to the map. In this paper, we will begin with the NDCG theory and redesign map-specific NDCG by introducing three types of attention factors. We conducted a series of experiments to test whether optimizing map NDCG could drive the booking rates on Airbnb, and the results strongly supported this hypothesis.  © 2025 Copyright held by the owner/author(s).","e-commerce; map search; ndcg; search ranking","Human computer interaction; Human engineering; Information management; Information systems; Information use; Interactive computer graphics; Interactive computer systems; User interfaces; Break down; E- commerces; Interactive user interfaces; Map search; Ndcg; Optimisations; Search ranking; Costs","Conference paper","Final","","Scopus","2-s2.0-105023185080"
"Proctor R.W.; Vu K.-P.L.; Najjar L.J.; Vaughan M.W.; Salvendy G.","Proctor, Robert W. (7101687932); Vu, Kim-Phuong L. (7004512504); Najjar, Lawrence J. (6603168681); Vaughan, Misha W. (7202017457); Salvendy, Gavriel (56763746600)","7101687932; 7004512504; 6603168681; 7202017457; 56763746600","Content preparation and management for E-commerce web sites","2003","Communications of the ACM","46","12","","289","299","16","10.1145/953460.953513","https://www.scopus.com/pages/publications/38149058593?origin=resultslist","An effective content design preparation and management is necessary for the success of E-commerce Web site in terms of a successful users' interaction. The primary goals of content preparation for the website include information needed, structure and organization of information, methods for retrieval of information, and how to present the information to the user. Designing of a website on the user experience include user capabilities and limitations, user requirements, roles, and responsibilities, organizational factors, and environmental factors. Creation of highly usable navigation structure requires knowledge of the business context, provided content, and tasks and information needs of the end-user. The number of information and content searches made by the uses is found to affect the success of the website.","","","Article","Final","","Scopus","2-s2.0-38149058593"
"Kull T.J.; Boyer K.; Calantone R.","Kull, Thomas J. (15127301400); Boyer, Ken (35512115800); Calantone, Roger (35547139400)","15127301400; 35512115800; 35547139400","Last-mile supply chain efficiency: An analysis of learning curves in online ordering","2007","International Journal of Operations and Production Management","27","4","","409","434","57","10.1108/01443570710736985","https://www.scopus.com/pages/publications/33947189096?origin=resultslist","Purpose - As companies extend supply chains via direct delivery to consumers, supply chain efficiency depends upon the usability of the online ordering system. The purpose of this paper is to focus on customer order cycle efficiency gains through the ""learnability"" of web sites. Design/methodology/approach - The paper analyzes empirical data using nonlinear regression from seven firms and over 4,000 customers to examine how order time - an important performance metric - changes within an online grocery ordering environment. Findings - The evidence supports various forms of power-law learning for web-based ordering (i.e. the first few orders involve substantial learning). However, significant differences exist between web sites, and a portion of the ordering time may be irreducible. Research limitations/ implications - The research lends insight into how web sites influence last-mile supply chain efficiency via differing learning rates in the order cycle. Perceptual measures were used in order to assess customer beliefs. Practical implications - Online order entry serves as the starting point for many supply chain actions. Managers can use this research to benchmark their web site performance and subsequently take action to improve the efficiency and service of their supply chain. Originality/value - The empirically validated model allows researchers and web-based businesses to utilize the provided learning rate measure as an ease of use performance metric. © Emerald Group Publishing Limited.","Electronic commerce; Lead times; Supply chain management","","Article","Final","","Scopus","2-s2.0-33947189096"
"Datta A.; Dutta K.; VanderMeer D.; Ramamritham K.; Navathe S.B.","Datta, Anindya (7402110566); Dutta, Kaushik (57204050380); VanderMeer, Debra (6604087859); Ramamritham, Krithi (7005185245); Navathe, Shamkant B. (7004370449)","7402110566; 57204050380; 6604087859; 7005185245; 7004370449","An architecture to support scalable online personalization on the web","2001","VLDB Journal","10","1","","104","117","27","10.1007/s007780100037","https://www.scopus.com/pages/publications/0035431983?origin=resultslist","Online personalization is of great interest to e-companies. Virtually all personalization technologies are based on the idea of storing as much historical customer session data as possible, and then querying the data store as customers navigate through a web site. The holy grail of online personalization is an environment where fine-grained, detailed historical session data can be queried based on current online navigation patterns for use in formulating real-time responses. Unfortunately, as more consumers become e-shoppers, the user load and the amount of historical data continue to increase, causing scalability-related problems for almost all current personalization technologies. This paper chronicles the development of a real-time interaction management system through the integration of historical data and online visitation patterns of e-commerce site visitors. It describes the scientific underpinnings of the system as well as its architecture. Experimental evaluation of the system shows that the caching and storage techniques built into the system deliver performance that is orders of magnitude better than those derived from off-the-shelf database components.","Ahead profile; Behavior-based personalization; Dynamic look; Profile caching; Scalable online personalization; Web site and interaction model","","Article","Final","","Scopus","2-s2.0-0035431983"
"Yang H.; Parthasarathy S.","Yang, Hui (59044734000); Parthasarathy, Srinivasan (7101695336)","59044734000; 7101695336","On the use of constrained associations for web log mining","2003","Lecture Notes in Artificial Intelligence (Subseries of Lecture Notes in Computer Science)","2703","","","100","118","11","10.1007/978-3-540-39663-5_7","https://www.scopus.com/pages/publications/0242308111?origin=resultslist","In recent years there has been an increasing interest and a growing body of work in web usage mining as an underlying approach to capture and model the behavior of users on the web for business intelligence and browser performance enhancements. Web usage mining strategies range from strategies such as clustering and collaborative filtering, to accurately modeling sequential pattern navigation. However, many of these approaches suffer problems in terms of scalability and performance (especially online performance) due to the size and sparse nature of the data involved and the fact that many of the methods generate complex models that are less than amenable to an on-line decision making environment. In this paper, we present a new approach for mining web logs. Our approach discovers association rules that are constrained (and ordered) temporally. The approach relies on the simple premise that pages accessed recently have a greater influence on pages that will be accessed in the near future. The approach not only results in better predictions, it also prunes the rule-space significantly, thus enabling faster online prediction. Further refinements based on sequential dominance are also evaluated, and prove to be quite effective. Detailed experimental evaluation shows how the approach is quite effective in capturing a web user's access patterns; consequently, our prediction model not only has good prediction accuracy, but also is more efficient in terms of space and time complexity. The approach is also likely to generalize for e-commerce recommendation systems. © Springer-Verlag Berlin Heidelberg 2003.","","Computer supported cooperative work; Constraint theory; Data processing; Database systems; Decision making; Electronic commerce; Markov processes; Mathematical models; Online searching; Set theory; World Wide Web; Collaborative filtering; Data mining; Decision making; Websites; Datasets; Offline mining techniques; Web log mining; Web usage mining; E-commerce recommendations; Experimental evaluation; On-line decision makings; Performance enhancements; Prediction accuracy; Scalability and performance; Sequential patterns; Space and time complexity; Data mining; Forecasting","Conference paper","Final","","Scopus","2-s2.0-0242308111"
"Balan R.K.; Ramasubbu N.; Prakobphol K.; Christin N.; Hong J.","Balan, Rajesh Krishna (35576393800); Ramasubbu, Narayan (16317345600); Prakobphol, Komsit (24776635300); Christin, Nicolas (6602380385); Hong, Jason (7404117920)","35576393800; 16317345600; 24776635300; 6602380385; 7404117920","mFerio: The design and evaluation of a peer-to-peer mobile payment system","2009","MobiSys'09 - Proceedings of the 7th ACM International Conference on Mobile Systems, Applications, and Services","","","","291","304","38","10.1145/1555816.1555846","https://www.scopus.com/pages/publications/70549109127?origin=resultslist","In this paper, we present the design and evaluation of a near-field communication-based mobile p2p payment application, called mFe-rio, that is designed to replace cash-based transactions. We first identify design criteria that payment systems should satisfy and then explain how mFerio, relative to those criteria, improves on the limitations of cash-based systems. We next describe mFerio's implementation and user interface design, focusing on the balance between usability and security. Finally, we present the results of a two-phase user study, involving a total of 104 people, that shows that mFerio has low cognitive load and is also fast, accurate, and easy to use - even outperforming cash in terms of speed and cognitive load in common payment situations. Copyright 2009 ACM.","Digital wallet; Mobile computing; Mobile payment; Near-field communication; NFC; P2p payment; User study","Electronic money; Mobile commerce; Printed circuit design; Cognitive loads; Design and evaluations; Digital wallets; Mobile payment; Mobile-computing; Near-field communication; NFC; P2p payment; Peer to peer; User study; Near field communication","Conference paper","Final","All Open Access; Green Open Access","Scopus","2-s2.0-70549109127"
"Sha W.","Sha, Wei (36009492500)","36009492500","The effectiveness of customer service policies on intentions in business-to-consumer e-commerce: A psychological contract perspective","2007","Association for Information Systems - 13th Americas Conference on Information Systems, AMCIS 2007: Reaching New Heights","2","","","1154","1165","0","","https://www.scopus.com/pages/publications/84870213613?origin=resultslist","This study examines the influence of customer service policies on consumer purchase intentions in business-to-consumer (B2C) electronic commerce. Prior research findings proposed that practitioners could utilize these policies to influence their customers' purchase intentions. Based on the psychological contract theory, this study conducted an experiment to examine whether customer service policies could influence consumers' intentions through their perceived psychological contract with the vendors. The experiment found that a customer can form psychological contract beliefs with a vendor based on the vendor's customer service policies, and these psychological contract beliefs may influence purchase intentions through trusting beliefs. These research results should help web vendors realize the importance of customer service policies and improve their website design.","Psychological contract; Purchase intentions; Service policies and ecommerce; Trusting beliefs","Electronic commerce; Experiments; Information systems; Purchasing; World Wide Web; Business-to-consumer; Business-to-consumer electronic commerces; Consumer purchase; Customer services; Psychological contracts; Purchase intention; Research results; Service policy; Trusting beliefs; Web site design; Web vendors; Sales","Conference paper","Final","","Scopus","2-s2.0-84870213613"
"Yu Y.; Ryskeldiev B.; Tsutsui A.; Gillingham M.; Wang Y.","Yu, Yaman (58285158200); Ryskeldiev, Bektur (56453509600); Tsutsui, Ayaka (58536587200); Gillingham, Matthew (57215419733); Wang, Yang (56510310300)","58285158200; 56453509600; 58536587200; 57215419733; 56510310300","From Cluttered to Clear: Improving the Web Accessibility Design for Screen Reader Users in E-commerce With Generative AI","2025","ASSETS 2025 - Proceedings of the 27th International ACM SIGACCESS Conference on Computers and Accessibility","","","87","","","4","10.1145/3663547.3746353","https://www.scopus.com/pages/publications/105022600392?origin=resultslist","Blind and low vision users often face significant barriers when navigating online shopping websites using screen readers. Complex layouts, unclear content hierarchies, and visually driven designs create a frustrating and inefficient browsing experience, particularly on unfamiliar platforms. While prior accessibility tools focus on isolated elements such as product descriptions or image alt text, they often fall short of addressing the structural and navigational challenges screen reader users encounter across entire webpages. In this work, we explore how Generative AI (GenAI) can be leveraged to improve the accessibility of shopping websites by automatically restructuring their HTML content. We conducted a three-phase study: formative interviews with screen reader users, system development of a GenAI-powered browser extension, and user evaluation through both automated audits and real-world testing. Our tool dynamically reorganizes web content to better align with screen reader navigation patterns. Results from user studies with blind and low vision participants show that the GenAI-generated pages significantly improve navigation efficiency, content clarity, and overall usability. Participants highlighted benefits such as more logical section order and reduced browsing fatigue. Our findings demonstrate the potential of GenAI to support comprehensive, user-centered accessibility improvements directly within the structure of existing websites. © 2025 Copyright held by the owner/author(s).","","Artificial intelligence; Electronic commerce; Human computer interaction; Human engineering; User centered design; Web Design; Isolated elements; Low vision; Online shopping; Product descriptions; Product images; Screen readers; Shopping websites; Three phasis; Web accessibility; Web-page; Navigation","Conference paper","Final","All Open Access; Gold Open Access","Scopus","2-s2.0-105022600392"
"Machiraju V.; Dekhil M.; Wurster K.; Garg P.; Griss M.; Holland J.","Machiraju, V. (55927088400); Dekhil, M. (57190129950); Wurster, K. (7005265156); Garg, P. (36878197900); Griss, M. (7003978589); Holland, J. (7401757296)","55927088400; 57190129950; 7005265156; 36878197900; 7003978589; 7401757296","Towards generic application auto-discovery","2000","IEEE Symposium Record on Network Operations and Management Symposium","","","","75","87","8","","https://www.scopus.com/pages/publications/0033708028?origin=resultslist","The increasing complexity of enterprise applications, the expanding number of networked machines, and the rapid deployment of Internet-based business applications (e-commerce), emphasize the importance and value of application management. One of the main problems in current application management products is the amount of time and effort needed to install and customize them. Application auto-discovery is a key technology for solving this problem. In this paper, we present a generic approach to application auto-discovery along with some examples. Our approach is to create a model-based discovery engine that is driven by an application template model. While the application template model captures the variation from one application to another, the auto-discovery engine uses sophisticated mechanisms such as scoping to execute an invariant auto-discovery process.","","Algorithms; Client server computer systems; Computational complexity; Computer operating systems; Computer software reusability; Electronic commerce; Graphical user interfaces; Internet; Object oriented programming; Query languages; Software prototyping; Application management; Auto discovery; Model based discovery; Software agents; Search engines","Conference paper","Final","","Scopus","2-s2.0-0033708028"
"Korgaonkar P.; O'Leary B.","Korgaonkar, Pradeep (6602291520); O'Leary, Bay (15019684300)","6602291520; 15019684300","Product, marketing and web site attributes discrimanating between successful and failed internet businesses","2008","Journal of Internet Commerce","7","4","","485","512","8","10.1080/15332860802507347","https://www.scopus.com/pages/publications/68149131997?origin=resultslist","This article is an empirical study of factors deemed significant in the context of e-business success or failure. Drawing upon the literature from the area of new business in brick-and-mortar (BM) firms and the current e-business literature, an examination of the factors that lead to the success or failure of new BM businesses is hypothesized in terms of new e-business companies. In an attempt to understand the marketing and managerial implications for the success or failure of an e-business, a total of eight subfactors composed of three main factors are included in the study. The main factors are product factors, marketing factors, and Web site design and efficiency factors. A national survey is used in addition to qualitative data gathered from in-depth interviews of managers and owners of e-businesses to validate the influence of these factors separating winners from losers. The study implications are discussed. © 2008 by The Haworth Press.","E-business; E-Commerce; E-marketing; Internet failure","","Article","Final","","Scopus","2-s2.0-68149131997"
"Ontanon S.; Zhu J.","Ontanon, Santiago (23095671000); Zhu, Jichen (43261949300)","23095671000; 43261949300","The personalization paradox: The conflict between accurate user models and personalized adaptive systems","2021","International Conference on Intelligent User Interfaces, Proceedings IUI","","","3450734","64","66","6","10.1145/3397482.3450734","https://www.scopus.com/pages/publications/85104428564?origin=resultslist","Personalized adaptation technology has been adopted in a wide range of digital applications such as health, training and education, e-commerce and entertainment. Personalization systems typically build a user model, aiming to characterize the user at hand, and then use this model to personalize the interaction. Personalization and user modeling, however, are often intrinsically at odds with each other (a fact some times referred to as the personalization paradox). In this paper, we take a closer look at this personalization paradox, and identify two ways in which it might manifest: feedback loops and moving targets. To illustrate these issues, we report results in the domain of personalized exergames (videogames for physical exercise), and describe our early steps to address some of the issues arisen by the personalization paradox. © 2021 Owner/Author.","Adaptive systems; Personalization; User modeling","Adaptive systems; Digital applications; Feed-back loop; Moving targets; Personalization systems; Personalizations; Physical exercise; Training and education; User Modeling; User interfaces","Conference paper","Final","","Scopus","2-s2.0-85104428564"
"Marcus A.; Guttman E.","Marcus, Aaron (35484932900); Guttman, Edward (55491070000)","35484932900; 55491070000","Visual design for E-commerce and performance tools","1999","Conference on Human Factors in Computing Systems - Proceedings","","","","112","113","0","10.1145/632716.632787","https://www.scopus.com/pages/publications/84869430180?origin=resultslist","User interface design requires good visual design of metaphors, mental models, navigation, appearance, and interaction to represent data, functions, tasks, roles, organizations, and people. Techniques of simplicity, clarity, and consistency can improve the communication effectiveness of user interfaces for performance (productivity) tools, multimedia, and the Web. In particular, the use of appropriate typography, layout, color, animation, and symbolism can assist developers to achieve more efficient, effective o communication to more diverse user communities.","Color; Consumers; Culture; Dialogue boxes; Diversity; E-commerce; Graphic design; Grids; Icons; Information design; Information visualization; Metaphors; Multi-media; Performance tools; Productivity tools; Rhetoric; Semantics; Semiotics; Symbols; Typography","Animation; Cell culture; Codes (symbols); Color; Communication; Electronic commerce; Human engineering; Information systems; Semantics; Semiotics; Typesetting; User interfaces; Consumers; Dialogue box; Diversity; Graphic design; Grids; Icons; Information design; Information visualization; Metaphors; Multi-Media; Performance tools; Productivity tools; Rhetoric; Typography; Design","Conference paper","Final","","Scopus","2-s2.0-84869430180"
"Dunton A.; Vyas R.; Shah H.; Sankathala S.; Masum M.","Dunton, Andrew (59474812000); Vyas, Riddhi (60008534800); Shah, Harshal (60008534900); Sankathala, Soujanya (60008376900); Masum, Mohammad (57215599253)","59474812000; 60008534800; 60008534900; 60008376900; 57215599253","InvadeAI: INteractive ADvertising with Multimodal AI","2025","Proceedings - 2025 IEEE Conference on Artificial Intelligence, CAI 2025","","","","126","131","0","10.1109/CAI64502.2025.00027","https://www.scopus.com/pages/publications/105011288866?origin=resultslist","In this paper, we introduce INvadeAI, a novel interactive advertising framework that leverages multimodal AI to monetize Large Language Models (LLMs) while enhancing digital advertising experiences. Our multi-stage framework integrates YOLOv8 for product detection in visual media, BLIP3 and OCR for caption generation and text extraction, and multimodal LLMs for product link retrieval. Unified within an interactive user interface, INvadeAI enables seamless product discovery and purchasing, creating a potential new revenue stream for computationally intensive AI systems. We applied a fine-tuned YOLOv8 model trained on 25 custom product classes-achieving mAP@ 50 of 0.535-alongside the base YOLOv8 model's 64 product classes, enabling detection of products across 89 consumer categories. We integrated BLIP3 for image captioning, achieving an average CLIPScore of 0.2852, and utilized advanced LLMs for product link retrieval. While our implementation of LLaMA3 achieved up to 0.97 accuracy in matching products to their purchase sources, ablation studies revealed superior product link retrieval performance when bypassing BLIP3 and OCR integration. This suggests that advanced LLMs can effectively handle multimodal tasks directly. Through our system, we demonstrate a practical application for monetizing advanced AI models by creating value in the e-commerce ecosystem, transforming passive content consumption into revenue-generating opportunities through contextually relevant, non-intrusive product discovery.  © 2025 IEEE.","Image Captioning; Interactive Advertising; LLMs; Object Detection; Optical Character Recognition (OCR)","Data mining; Electronic commerce; Information retrieval; Information use; Marketing; Purchasing; Search engines; User interfaces; Digital advertizing; Image captioning; Interactive advertizing; Language model; Large language model; Multi-modal; Objects detection; Optical character recognition; Optical-; Product class; Artificial intelligence","Conference paper","Final","","Scopus","2-s2.0-105011288866"
"Cranor L.F.; Arjula M.; Guduru P.","Cranor, Lorrie Faith (6602378856); Arjula, Manjula (6505631640); Guduru, Praveen (6602519115)","6602378856; 6505631640; 6602519115","Use of a P3P user agent by early adopters","2002","Proceedings of the ACM Conference on Computer and Communications Security","","WORKSHOP","","1","10","72","10.1145/644527.644528","https://www.scopus.com/pages/publications/0037703521?origin=resultslist","The Platform for Privacy Preferences (P3P), developed by the World Wide Web Consortium (W3C), provides a standard computer-readable format for privacy policies and a protocol that enables web browsers to read and process privacy policies automatically. P3P enables machine-readable privacy policies that can be retrieved automatically by web browsers and other user agent tools that can display symbols, prompt users, or take other appropriate actions. We developed the AT&T Privacy Bird as a P3P user agent that can compare P3P policies against a user's privacy preferences. Since P3P was adopted as a W3C recommendation in April 2002, little work has been done to study how it is being used and, especially, its impact on users. Many questions have been raised about whether and how Internet users will make use of P3P, and how to build P3P user agents that will prove most useful to end users. In this paper we first provide a brief introduction to P3P and the AT&T Privacy Bird. Then we discuss a survey of AT&T Privacy Bird users that we conducted in August 2002. We found that a large proportion of AT&T Privacy Bird users began reading privacy policies more often and being more proactive about protecting their privacy as a result of using this software. Unfortunately, the usefulness of P3P user agents is severely limited by the number of web sites that have implemented P3P. Our survey results also suggest that if it becomes easier to compare privacy policy across e-commerce web sites, a significant group of consumers would likely use this information in their purchase decisions.","P3P; Privacy; Survey; User agent; User study","Data privacy; Electronic commerce; Network protocols; Software agents; User interfaces; Web browsers; Privacy policies; Internet","Conference paper","Final","","Scopus","2-s2.0-0037703521"
"Sasidharan S.; Dhanesh G.","Sasidharan, Sharath (11739716400); Dhanesh, Ganga (52363569800)","11739716400; 52363569800","Font personality and B2C E-commerce trust","2008","14th Americas Conference on Information Systems, AMCIS 2008","4","","","2587","2597","3","","https://www.scopus.com/pages/publications/84870333767?origin=resultslist","User perceptions of trust in a Business to Consumer (B2C) electronic commerce website could influence its adoption and subsequent use. Prior research has examined various techniques for enhancing user trust in e-commerce websites. This study examines the role of typography and typefaces in influencing user perceptions of trust. Typefaces are viewed as possessing distinct personalities. When used to present text material in a website, those typefaces that are perceived as stable and trustworthy are expected to engender trust in the user. Data was collected from participants in an experimental setting that simulated an online banking website. The results of the study confirm our expectations. We find that serif and sans serif typefaces result in enhanced user trust compared to monospace and script typefaces. E-commerce vendors, particularly those engaging in financial transactions with the consumer need to pay attention to the typography used in their websites.","E-commerce; Trust; Typeface; Typography; Website design","Electronic commerce; Information systems; Typesetting; B2C e-commerce; Business-to-consumer electronic commerces; Consumer needs; Financial transactions; On-line banking; Text materials; Trust; Typeface; Typography; User perceptions; Web site design; Social networking (online)","Conference paper","Final","","Scopus","2-s2.0-84870333767"
"Wang Y.D.; Emurian H.H.","Wang, Ye Diana (10140867800); Emurian, Henry H. (6701806670)","10140867800; 6701806670","An overview of online trust: Concepts, elements, and implications","2005","Computers in Human Behavior","21","1","","105","125","764","10.1016/j.chb.2003.11.008","https://www.scopus.com/pages/publications/9244224654?origin=resultslist","Lack of trust has been repeatedly identified as one of the most formidable barriers to people for engaging in e-commerce, involving transactions in which financial and personal information is submitted to merchants via the Internet. The future of e-commerce is tenuous without a general climate of online trust. Building consumer trust on the Internet presents a challenge for online merchants and is a research topic of increasing interest and importance. This paper provides an overview of the nature and concepts of trust from multi-disciplinary perspectives, and it reviews relevant studies that investigate the elements of online trust. Also, a framework of trust-inducing interface design features articulated from the existing literature is presented. The design features were classified into four dimensions, namely (1) graphic design, (2) structure design, (3) content design, and (4) social-cue design. By applying the design features identified within this framework to e-commerce web site interfaces, online merchants might then anticipate fostering optimal levels of trust in their customers. © 2003 Elsevier Ltd. All rights reserved.","E-commerce; Interface design; Online trust; Trust","Customer satisfaction; Information analysis; Internet; Societies and institutions; User interfaces; Websites; Content design; Interface design; Online trust; Trust; Electronic commerce","Article","Final","All Open Access; Green Open Access","Scopus","2-s2.0-9244224654"
"Kim E.B.; Eom S.B.","Kim, Eyong B. (7404507121); Eom, Sean B. (7006620046)","7404507121; 7006620046","Designing effective cyber store user interface","2002","Industrial Management & Data Systems","102","5","","241","251","88","10.1108/02635570210428276","https://www.scopus.com/pages/publications/0036334924?origin=resultslist","Complementary to the increasing popularity of the Internet and WWW, electronic commerce (e-commerce) has become a fast emerging industry and a significant global economic force. The online retail stores need to attract more visitors and convert them into the customers who actually purchase the products or services. To achieve this goal, these stores need to endeavor to enhance customers’ satisfaction to maintain positive relationships with customers. Satisfied customers have a higher chance of purchasing merchandise from the same store and remaining loyal customers. This study investigates the features that possibly influence the perceived satisfaction of online retail shopping among university students using 27 questionnaire items. The study findings imply that the online retailers may need to put emphasis on specifying how they guarantee on-time delivery and risk-free, hassle-free return clearly on their Web pages. They should follow what they promise as much as possible to improve shoppers’ satisfaction. Clearly specified policies or explanations will perhaps make customers more satisfied and trust site more. © 2002, MCB UP Limited","Electronic data interchange; Factor analysis; Interface management; Internet; Purchasing; User satisfaction","Customer satisfaction; Electronic data interchange; Internet; Purchasing; Students; User interfaces; Websites; Cyber store; Factor analysis; Interface management; Online retail shopping; User satisfaction; Electronic commerce","Article","Final","","Scopus","2-s2.0-0036334924"
"Chai J.; Horvath V.; Nicolov N.; Stys-Budzikowska M.; Kambhatla N.; Zadrozny W.","Chai, Joyce (8842227500); Horvath, Veronika (7005106405); Nicolov, Nicolas (36803345400); Stys-Budzikowska, Margo (6505874364); Kambhatla, Nanda (35606149000); Zadrozny, Wlodek (6603116034)","8842227500; 7005106405; 36803345400; 6505874364; 35606149000; 6603116034","Natural language sales assistant- A web-based dialog system for online sales","2001","Innovative Applications of Artificial Intelligence - Conference Proceedings","","","","19","26","21","","https://www.scopus.com/pages/publications/0035739995?origin=resultslist","This paper describes a web-based dialog system - Natural Language Sales Assistant (NLSA) - that helps users find relevant information about products and services in e-commerce sites. The system leverages technologies in natural language processing and human computer interaction to create a faster and more intuitive way of interacting with websites. By combining traditional AI rolebased technology with taxonomy mapping, the system is able to accommodate both customer and business requirements. Our user studies have demonstrated that, in the context of e-commerce, users preferred the natural language enabled navigation over menu-driven navigation (79% to 21% users). In addition, compared to a menu driven system, the average number of clicks used in the natural language system was reduced by 63.2% and the average time was reduced by 33.3%. The NLSA system is currently deployed by IBM as a live pilot and we are collecting real user feedback. We believe that conversational interfaces like that of NLSA offer the ultimate personalization and can greatly enhance the user experience for websites.","","Human computer interaction; Online systems; Sales; Websites; Web-based dialog systems; Electronic commerce","Conference paper","Final","","Scopus","2-s2.0-0035739995"
"Zheng J.Y.; Shi M.","Zheng, Jiang Yu (56327553800); Shi, Min (53874141200)","56327553800; 53874141200","Mapping cityscapes to cyber space","2003","Proceedings - 2003 International Conference on Cyberworlds, CW 2003","","","1253450","166","173","10","10.1109/CYBER.2003.1253450","https://www.scopus.com/pages/publications/19544390461?origin=resultslist","This work establishes a cyber space of an urban area for visiting on the Internet. By registering entire scenes along every street and scenes at many locations, people can visually travel from street to street, and reach their destinations in cyber city. The issues we discuss here are how to map a large scale area to image domain in a small amount of data, how to cover visual information as complete as possible in the mapping, and how to effectively display the captured scenes for various activities in cyber city. Route Panoramas captured along streets and Panoramic Views captured at widely open sites are associated to city maps to provide a navigation function. This paper focuses on the properties of our extended images - route panorama, the archiving process applied to an urban area, and a real environment we developed to transmit and display scenes on the WWW and portable devices. The created cyber spaces of real cities have broad applications such as city tour, real estate, E-commerce, heritage preservation, urban planning and construction. © 2003 IEEE.","","Display devices; Mapping; Smart city; Broad application; Heritage preservation; Navigation functions; Panoramic views; Portable device; Real environments; Urban planning and constructions; Visual information; Urban planning","Conference paper","Final","","Scopus","2-s2.0-19544390461"
"Rahdari B.; Brusilovsky P.","Rahdari, Behnam (57195587099); Brusilovsky, Peter (6701517032)","57195587099; 6701517032","Under the Hood of Carousels: Investigating User Engagement and Navigation Effort in Multi-list Recommender Systems","2025","International Conference on Intelligent User Interfaces, Proceedings IUI","","","","1485","1498","0","10.1145/3708359.3712130","https://www.scopus.com/pages/publications/105001918690?origin=resultslist","A ranked list has been the standard way for several generations of recommender systems to present recommendations to their users. Even today, the majority of research focuses on achieving the best possible ranking and assesses recommender approaches by the quality of rankings they can generate. Yet, many user-facing recommender systems, especially in streaming and e-commerce domains, have switched to more interactive and flexible carousel-based interfaces. Is it just an attempt to make a better-looking interface, or is the popularity of carousel-based interfaces well supported by the better service they offer to users? This paper compares carousel-based recommendation interfaces with traditional ranked lists through three key experiments. First, a profile recovery simulation using the MovieLens dataset assesses how effectively each interface adapts to evolving user preferences. The results show that the carousel interfaces support faster adaptation and encourage broader content exploration compared to ranked lists. Second, a simulation examining navigation effort demonstrates that carousel interfaces reduce the effort that users exert to locate relevant content. Finally, we reexamine these findings through a large-scale user study in a real-world setting, demonstrating that carousel interfaces can enhance user experience by supporting efficient content discovery and promoting broader engagement with diverse content.  © 2025 Copyright held by the owner/author(s).","Carousel-based interface; Human-AI collaboration; Click Models; Navigability; Simulation-Based Evaluation","User experience; Carousel-based interface;; Click model; E-commerce domains; Human-AI collaboration; Movielens; Navigability; Research focus; Simulation-based evaluation; User engagement; User navigation; User interfaces","Conference paper","Final","All Open Access; Gold Open Access","Scopus","2-s2.0-105001918690"
"Yu C.; Liu X.; Maia J.; Li Y.; Cao T.; Gao Y.; Song Y.; Goutam R.; Zhang H.; Yin B.; Li Z.","Yu, Changlong (57211937170); Liu, Xin (57206739249); Maia, Jefferson (59179852300); Li, Yang (59314051400); Cao, Tianyu (57225220598); Gao, Yifan (57211752080); Song, Yangqiu (14039604300); Goutam, Rahul (52663357700); Zhang, Haiyang (57221146330); Yin, Bing (57210637479); Li, Zheng (57196124633)","57211937170; 57206739249; 59179852300; 59314051400; 57225220598; 57211752080; 14039604300; 52663357700; 57221146330; 57210637479; 57196124633","COSMO: A Large-Scale E-commerce Common Sense Knowledge Generation and Serving System at Amazon","2024","Proceedings of the ACM SIGMOD International Conference on Management of Data","","","","148","160","10","10.1145/3626246.3653398","https://www.scopus.com/pages/publications/85196398163?origin=resultslist","Applications of large-scale knowledge graphs in the e-commerce platforms can improve shopping experience for their customers. While existing e-commerce knowledge graphs (KGs) integrate a large volume of concepts or product attributes, they fail to discover user intentions, leaving the gap with how people think, behave, and interact with the surrounding world. In this work, we present COSMO, a scalable system to mine user-centric commonsense knowledge from massive behaviors and construct industry-scale knowledge graphs to empower diverse online services. In particular, we describe a pipeline for collecting high-quality seed knowledge assertions that are distilled from large language models (LLMs) and further refined by critic classifiers trained over human-in-the-loop annotated data.Since those generations may not always align with human preferences and contain noises, we then describe how we adopt instruction tuning to finetune an efficient language model∼(COSMO-LM) for faithful e-commerce commonsense knowledge generation at scale. COSMO-LM effectively expands our knowledge graph to 18 major categories at Amazon, producing millions of high-quality knowledge with only 30k annotated instructions. Finally COSMO has been deployed in Amazon search applications such as search navigation. Both offline and online A/B experiments demonstrate our proposed system achieves significant improvement. Furthermore, these experiments highlight the immense potential of commonsense knowledge extracted from instruction-finetuned large language models.  © 2024 ACM.","commonsense knowledge; knowledge graph; large language model","Computational linguistics; Electronic commerce; Commerce platforms; Commonsense knowledge; E- commerces; High quality; Knowledge generations; Knowledge graphs; Language model; Large language model; Large volumes; Large-scales; Knowledge graph","Conference paper","Final","","Scopus","2-s2.0-85196398163"
"Sohaib O.; Naderpour M.; Hussain W.","Sohaib, Osama (36440384900); Naderpour, Mohsen (54795635500); Hussain, Walayat (56412522700)","36440384900; 54795635500; 56412522700","SaaS e-commerce platforms web accessibility evaluation","2018","IEEE International Conference on Fuzzy Systems","2018-July","","8491621","","","7","10.1109/FUZZ-IEEE.2018.8491621","https://www.scopus.com/pages/publications/85060444953?origin=resultslist","Web accessibility related to cloud computing is more concerned at the application level where a human interacts with an application via a user interface. Although previous research has identified web accessibility influences on website effectiveness, the evaluation of the relative importance of web accessibility on software-as-a-service (SaaS) e-commerce platform has not been empirically determined. This study evaluates the web accessibility of SaaS e-commerce platform websites. The web accessibility features from the cloud accessibility taxonomy framework were evaluated for people with disabilities such as sensory (hearing and vision), motor (limited use of hands) and cognitive (language and learning disabilities) impairments. We conducted an expert evaluation using Fuzzy TOPSIS (Technique for Order of Preference by Similarity to Ideal Solution). The results show Shopify cloud-based e-commerce platform has a high number of web accessibility features from the proposed cloud accessibility framework followed by 3dCart, BigCommerce, Volusion, and WooCommerce. © 2018 IEEE.","Cloud accessibility; Cloud computing; E-commerce; Ecommerce; People with disabilities; SaaS; Software-as-a-service; User interface; Web accessibility","Audition; Cloud computing; Electronic commerce; Fuzzy systems; User interfaces; Web services; Websites; Application level; Expert evaluation; FUZZY TOPSIS; Ideal solutions; Learning disabilities; People with disabilities; SaaS; Web accessibility; Software as a service (SaaS)","Conference paper","Final","","Scopus","2-s2.0-85060444953"
"Chen R.; Sharma S.","Chen, Rui (35725168900); Sharma, Sushil (57218988251)","35725168900; 57218988251","Theorizing Intercultural Accommodation in Consumer E-Commerce","2009","International Journal of E-Adoption","1","3","","82","92","1","10.4018/jea.2009092904","https://www.scopus.com/pages/publications/85001832930?origin=resultslist","Consumer e-commerce extends the marketplace of traditional business and brings in business opportunities in online retailing and service. As a consequence of intensive competition among online vendors, the need to capture more customers has become crucial. The consumer group is under a huge change due to demographic shift and immigration laws. Population of minorities has dramatically increased suggesting a growing buying power of ethnic groups. To effectively attract ethnic consumers into consumer e-commerce Web sites, we propose the Web-based intercultural accommodation model. Drawing upon literature in linguistic, sociology, and Web information system success, this model offers a theoretical explanation of online ethnic consumers’ behavioral intention to use e-commerce Web site. The conceptual model recognizes the potential roles of ethnicity attributes of individual consumers as well as the use of ethnic pertaining Web site designs in accommodating ethnic consumers. The theoretical model is subject to empirical validation. © 2009, IGI Global. All rights reserved.","E-commerce; Ethnicity; Research in Progress; Technology Acceptance Model; User Behavior; Web Site Design, Intercultural Accommodation Model","","Article","Final","","Scopus","2-s2.0-85001832930"
"Zhang R.; Xu H.","Zhang, Rui-ling (57219018678); Xu, Hong-sheng (55493778800)","57219018678; 55493778800","Building and mapping ontology of e-business based on fuzzy rough concept lattices","2011","Journal of Convergence Information Technology","6","9","","81","88","3","10.4156/jcit.vol6.issue9.10","https://www.scopus.com/pages/publications/80053942942?origin=resultslist","As the foundation of the semantic web, ontology is a formal, explicit specification of a shared conceptual model. The aim of ontology is to obtain, describe and express the knowledge of related domain. The domain ontology model of e-business is built combined with knowledge of domain expert. The project probes into building and merging of e-business domain ontology based on rough concept lattices in order to constructing the ontology model of e-commerce recommendation system, and to suffice the needs of theory and application in E-commerce recommendation system. Rough concept lattice model is proposed based on integrating of variable precision rough set model, formal concept analysis and the theory of fuzzy sets, and is used to reduce formal context. The method of conceptual similarity in electronic commerce based on FRFCA is proposed by introducing of trapezoidal fuzzy number to represent the fuzzy similarity and via weighted composite, non-fuzzy, computing the composite similarity among multi-strategies heterogeneous ontology concepts for the sake of improving the effect of mapping and matching.","Domain ontology; Formal concept analysis; Fuzzy sets; Variable precision rough set","Electronic commerce; Fuzzy logic; Fuzzy set theory; Fuzzy sets; Information analysis; Recommender systems; Rough set theory; Semantic Web; Semantics; User interfaces; Concept Lattices; Conceptual model; Domain experts; Domain ontologies; eBusiness; Formal Concept Analysis; Formal contexts; Fuzzy similarity; Heterogeneous ontology; Ontology model; Semantic Web , ontology; Theory of fuzzy sets; Trapezoidal fuzzy numbers; Variable precision rough sets; Variable-precision rough set model; Ontology","Article","Final","","Scopus","2-s2.0-80053942942"
"Pai D.; George S.Z.","Pai, Deepak (55440450300); George, Sandeep Zechariah (24329163600)","55440450300; 24329163600","Real-time visualization and targeting of online visitors","2014","SIGIR 2014 - Proceedings of the 37th International ACM SIGIR Conference on Research and Development in Information Retrieval","","","","1253","1254","0","10.1145/2600428.2611180","https://www.scopus.com/pages/publications/84904553777?origin=resultslist","Identifying and targeting visitors on an e-commerce website with personalized content in real-time is extremely important to marketers. Although such targeting exists today, it is based on demographic attributes of the visitors. We show that dynamic visitor attributes extracted from their clickstream provide much better predictive capabilities of visitor intent. In this demonstration, we showcase an interactive real-time user interface for marketers to visualize and target visitor segments. Our dashboard not only provides the marketers understanding of their visitor click patterns, but also lets them target individual or group of visitors with offers and promotions.","","Commerce; Information retrieval; Marketing; User interfaces; Clickstreams; E-commerce websites; Personalized content; Predictive capabilities; Real time visualization; Exhibitions","Conference paper","Final","","Scopus","2-s2.0-84904553777"
"Pedraza B.; Dera D.","Pedraza, Bryan (58547655800); Dera, Dimah (57188709807)","58547655800; 57188709807","Robust Active Simultaneous Localization and Mapping Based on Bayesian Actor-Critic Reinforcement Learning","2023","Proceedings - 2023 IEEE Conference on Artificial Intelligence, CAI 2023","","","","63","66","3","10.1109/CAI54212.2023.00035","https://www.scopus.com/pages/publications/85168705303?origin=resultslist","Autonomous mobile robots play vital roles in business, industry, manufacturing, e-commerce, and healthcare. Autonomous navigation and obstacle avoidance involve localizing a robot to actively explore and map an unknown environment autonomously without prior knowledge. Simultaneous localization and mapping (SLAM) present a severe challenge. This paper proposes a novel approach for robust navigation and robot action mapping based on Bayesian Actor-Critic (A2C) reinforcement learning. The principle of Actor-Critic combines policy-based and value-based learning by splitting the model into two: the policy model (Actor) computes the action based on the state, and the value model (Critic) tracks whether the agent is ahead or behind during the game. That feedback guides the training process, where both models participate in a game and optimize their output as time passes. We develop a Bayesian A2C model that generates robot actions and quantifies uncertainty on the actions toward robust exploration and collision-free navigation. We adopt the Bayesian inference and optimize the variational posterior distribution over the unknown model parameters using the evidence lower bound (ELBO) objective. The first-order Taylor series approximates the mean and covariance of the variational distribution passed through non-linear functions in the A2C model. The propagated covariance estimates the robot's action uncertainty at the output of the Actor-network. Experiments demonstrate the superior robustness of the proposed Bayesian A2C model exploring heavily noisy environments compared to deterministic homologs. The proposed framework can be applied to other fields of research (underwater robots, biomedical devices/robots, micro-robots, drones, etc.) where robustness and uncertainty quantification are critical.  © 2023 IEEE.","Actor-Critic (A2C); evidence lower bound (ELBO); Simultaneous localization and mapping (SLAM); uncertainty; variational inference (VI)","Air navigation; Bayesian networks; Collision avoidance; Inference engines; Intelligent robots; Learning systems; Mapping; Uncertainty analysis; Actor critic; Actor-critic (A2C); Bayesian; Evidence low bound; Low bound; Simultaneous localization and mapping; Uncertainty; Variational inference; Reinforcement learning","Conference paper","Final","All Open Access; Green Open Access","Scopus","2-s2.0-85168705303"
"Song X.","Song, Xue (59665957900)","59665957900","Improving User Experience in E-commerce Through Intelligent Demand Forecasting and Inventory Visualization","2025","2025 4th International Symposium on Computer Applications and Information Technology, ISCAIT 2025","","","","2221","2225","1","10.1109/ISCAIT64916.2025.11010503","https://www.scopus.com/pages/publications/105010218300?origin=resultslist","E-commerce has grown significantly, creating an urgent need for businesses to enhance user experience. This paper proposes innovative strategies to achieve this through intelligent demand forecasting and inventory visualization. We introduce a system that leverages historical sales data alongside current market trends to deliver more accurate demand predictions. By implementing machine learning algorithms, retailers can proactively anticipate customer needs, thereby optimizing their stock levels and minimizing the chances of stockouts. Complementing this, an interactive inventory visualization tool is presented, enabling users to track stock availability in real-time. This tool not only supports retailers in making data-driven decisions but also fosters customer satisfaction by ensuring products are accessible. Experimental results from e-commerce platforms illustrate that our approach significantly boosts customer engagement and enhances sales performance, emphasizing the critical role of advanced analytics in transforming the e-commerce environment for improved user experiences.  © 2025 IEEE.","Interactive Visualization; Series Forecasting; User Experience","Advanced Analytics; Electronic commerce; Flow visualization; Inventory control; Sales; User experience; User interfaces; 'current; Demand forecasting; Demand prediction; E- commerces; Innovative strategies; Interactive visualizations; Machine learning algorithms; Market trends; Series forecasting; Users' experiences; Forecasting","Conference paper","Final","","Scopus","2-s2.0-105010218300"
"Kadel J.; See A.; Sinha R.; Fischer M.","Kadel, Jan (59487527600); See, August (57268134100); Sinha, Ritwik (14053056000); Fischer, Mathias (7402921041)","59487527600; 57268134100; 14053056000; 7402921041","BOTracle: A Framework for Discriminating Bots and Humans","2025","Lecture Notes in Computer Science","15264 LNCS","","","49","67","1","10.1007/978-3-031-82362-6_4","https://www.scopus.com/pages/publications/105002722585?origin=resultslist","Bots constitute a significant portion of Internet traffic and are a source of various issues across multiple domains. Modern bots often become indistinguishable from real users, as they employ similar methods to browse the web, including using real browsers. We address the challenge of bot detection in high-traffic scenarios by analyzing three distinct detection methods. The first method operates on heuristics, allowing for rapid detection. The second method utilizes, well known, technical features, such as IP address, window size, and user agent. It serves primarily for comparison with the third method. In the third method, we rely solely on browsing behavior, omitting all static features and focusing exclusively on how clients behave on a website. In contrast to related work, we evaluate our approaches using real-world e-commerce traffic data, comprising 40 million monthly page visits. We further compare our methods against another bot detection approach, Botcha, on the same dataset. Our performance metrics, including precision, recall, and AUC, reach 98 percent or higher, surpassing Botcha. © The Author(s), under exclusive license to Springer Nature Switzerland AG 2025.","bot detection; user behavior; web bots; website navigation","Botnet; Chatbots; Websites; Bot detections; Detection methods; Internet traffic; Multiple domains; Rapid detection; Technical features; User behaviors; Web bot; Website navigation; Window Size; Bot (Internet)","Conference paper","Final","","Scopus","2-s2.0-105002722585"
"Anaokar C.A.; Atalatti S.S.","Anaokar, Chinmay Avinash (59961286200); Atalatti, Saniya Sanjay (59410294300)","59961286200; 59410294300","Navigating Cognitive Landscapes: Harnessing Confirmation Bias in Design Applications","2025","2025 International Conference on Computing and Communication Technologies, ICCCT 2025","","","","","","1","10.1109/ICCCT63501.2025.11020159","https://www.scopus.com/pages/publications/105009000670?origin=resultslist","This research examines cognitive biases, specifically confirmation bias, and explores their potential applications in design. The study emphasizes the impact of confirmation bias on human decision-making, focusing on its role in seeking information aligned with preexisting beliefs. The research analyzes confirmation bias in user interactions, particularly in e-commerce and online dating applications, identifying pain points and proposing practical design strategies to overcome skepticism. Key findings indicate that virtual try-on technology in e-commerce and enhanced security measures in online dating can mitigate confirmation bias, improve user trust, and increase satisfaction.  © 2025 IEEE.","Behavioral Economics; Bias Mitigation; Cognitive Bias; Cognitive Psychology; Confirmation Bias; Decision-Making; Design Strategies; E-commerce; Human-Computer Interaction; Online Dating; Skepticism Management; User Engagement; User Experience (UX); User Interface Design","Behavioral research; Economics; Information use; User centered design; User experience; User interfaces; Behavioral economics; Bias mitigation; Cognitive bias; Cognitive psychology; Computer interaction; Confirmation bias; Decisions makings; Design strategies; Online dating; Skepticism management; User engagement; User experience (UX); User interface designs; Users' experiences; Decision making; Human computer interaction","Conference paper","Final","","Scopus","2-s2.0-105009000670"
"Castillo A.; Vander Meer D.; Castellanos A.","Castillo, Alfred (55933405300); Vander Meer, Debra (56191762900); Castellanos, Arturo (57192643284)","55933405300; 56191762900; 57192643284","ExUP recommendations: Inferring user's product metadata preferences from single-criterion rating systems","2018","Decision Support Systems","108","","","69","78","9","10.1016/j.dss.2018.02.006","https://www.scopus.com/pages/publications/85042657192?origin=resultslist","Recommendation systems make use of complex algorithms and methods to provide recommendations to consumers. Typically, online rating schemes use a single rating metric that captures the overall user experience with a product. Nevertheless, this might hinder the intricacies of how a product's attributes influence an individual's preferences. While it is possible to use sentiment and semantic analysis to interpret free text in user reviews, if available, to gain insight into a user's reasons for a product rating, these methods are expensive to implement and error prone, and rely on significant data input from the user. To overcome these challenges, we propose a method for inferring user preferences and generating recommendations without relying on the availability or quality of text reviews. Specifically, our method is designed to use existing product metadata and user rating patterns to shed light on how the attributes of a product correspond to individual preferences. Our method uses only the user's history of ratings and the corresponding product attributes to generate predicted ratings for products a user has not yet experienced. This work extends existing work in this area by focusing on multi-valued attributes, and considering the distinct impact of each attribute value in a user's preferences. In terms of computational complexity, our method runs in linear time, making it feasible for real-time implementations. Our experimental results showed that, compared with the two best-performing existing state of the art methods, our method provided review score predictions with up to: 47.7% greater precision, 6.9% greater recall, and 20.5% greater F-measure than existing methods. © 2018 Elsevier B.V.","E-commerce; Multi-valued attributes; Product metadata; Recommendation system; Single-rating","Electronic commerce; Indium compounds; Metadata; Real time control; Recommender systems; Semantics; Sentiment analysis; User interfaces; Complex algorithms; Individual preference; Multi-valued attribute; Product attributes; Product metadata; Real-time implementations; State-of-the-art methods; User's preferences; Rating","Article","Final","","Scopus","2-s2.0-85042657192"
"Fu Z.; Xian Y.; Zhang Y.; Zhang Y.","Fu, Zuohui (57209224010); Xian, Yikun (57201632692); Zhang, Yongfeng (36816821200); Zhang, Yi (56018366600)","57209224010; 57201632692; 36816821200; 56018366600","IUI 2021 tutorial on conversational recommendation systems","2021","International Conference on Intelligent User Interfaces, Proceedings IUI","","","3450621","1","2","5","10.1145/3397482.3450621","https://www.scopus.com/pages/publications/85104450345?origin=resultslist","Recent years have witnessed the emerging of conversational systems, including both physical devices and mobile-based applications. Both the research community and industry believe that conversational systems will have a major impact on human-computer interaction, and specifically, the CHI/IR/DM/RecSys communities have begun to explore Conversational Recommendation Systems. Conversational recommendation aims at finding or recommending the most relevant information (e.g., web pages, answers, movies, products) for users based on textual- or spoken-dialogs, through which users can communicate with the system more efficiently using natural language conversations. Due to users' constant need to look for information to support both work and daily life, conversational recommendation system will be one of the key techniques towards an intelligent web. The tutorial focuses on the foundations and algorithms for conversational recommendation, as well as their applications in real-world systems such as search engine, e-commerce and social networks. The tutorial aims at introducing and communicating conversational recommendation methods to the community, as well as gathering researchers and practitioners interested in this research direction for discussions, idea communications, and research promotions. © 2021 ACM.","Conversational Recommendation; Dialog Systems; Human-in-the-Loop AI; Intelligent Interface; Natural Language Processing","Human computer interaction; Recommender systems; Search engines; Websites; Conversational recommendations; Conversational systems; Daily lives; Intelligent web; Natural languages; Physical devices; Real-world system; Research communities; User interfaces","Conference paper","Final","","Scopus","2-s2.0-85104450345"
"Gao J.Z.; Durve G.; Alam S.; Shim S.","Gao, Jerry Zeyu (7404475003); Durve, Gauri (53868832900); Alam, Sirisha (57197114706); Shim, Simon (7202796212)","7404475003; 53868832900; 57197114706; 7202796212","Wireless based multimedia messaging system","2006","CEC/EEE 2006 Joint Conferences","2006","","1640334","","","0","10.1109/CEC-EEE.2006.97","https://www.scopus.com/pages/publications/33845885114?origin=resultslist","As the significant increase of mobile device users, more wireless information services and mobile commerce applications are needed. Wireless multimedia messaging service is one of them. To meet the increasing needs of mobile users in this area, Multimedia Messaging Service (MMS) has been defined as a standard. This paper reports a research project on developing a wireless multimedia messaging system for mobile device users. It allows them to send, receive, and browse multimedia-based messages (in audio, text, image, video formats) in their private message boxes over a wireless network. The paper covers the system architecture, functional features, and design. Moreover, it presents its validation and performance evaluation results. Finally, some application examples, and the design challenges and lessons are reported. © 2006 IEEE.","Mobile multimedia application; Multimedia Messaging Service (MMS); Wireless information service; Wireless multimedia messaging system","Computer architecture; Information services; Telecommunication networks; User interfaces; Web browsers; Wireless telecommunication systems; Mobile multimedia applications; Multimedia Messaging Service (MMS); Wireless information services; Wireless multimedia messaging system; Multimedia systems","Conference paper","Final","","Scopus","2-s2.0-33845885114"
"Jones B.M.; McCoy S.","Jones, Brian M. (57213118730); McCoy, Scott (8380100600)","57213118730; 8380100600","ASSESSING THE EFFECTS OF WEBSITE CONTROL BUTTON DIFFERENTIATION ON USER ATTITUDES AND PERFORMANCE","2003","9th Americas Conference on Information Systems, AMCIS 2003","","","","2171","2175","1","","https://www.scopus.com/pages/publications/85138994321?origin=resultslist","While much research in HCI has examined control design and layout on keyboards and other user devices such as personal digital assistants (PDA) not much research has been identified that looks at web-page button (control) design used in single-step navigation. This research proposes the development of differentiation characteristics to be used on web page control tools and seeks to test the effects of color and shape on users’ attitudes and performance. © 2003, Association for Information Systems. All rights reserved.","e-commerce; HCI; Human computer interaction","Digital devices; Human computer interaction; Personal digital assistants; Button control; Control buttons; Control design; Control layouts; E- commerces; Single-step; User attitudes; User devices; User performance; Web-page; Websites","Conference paper","Final","","Scopus","2-s2.0-85138994321"
"Yuan R.; Cezik T.; Graves S.C.","Yuan, Rong (56251948500); Cezik, Tolga (6506019766); Graves, Stephen C. (7103067838)","56251948500; 6506019766; 7103067838","Stowage decisions in multi-zone storage systems","2018","International Journal of Production Research","56","1-2","","333","343","27","10.1080/00207543.2017.1398428","https://www.scopus.com/pages/publications/85033710756?origin=resultslist","The stowage decision determines how arriving products are distributed in a storage system or warehouse. In particular, we consider the zone-stowage decision for large warehouses that are organised into distinct storage zones. An example would be a multi-floor warehouse where each floor is a storage zone. Each storage zone has limited picking capacity; we want to stow the product inventory across the storage zones so as to be able to meet uncertain demand requirements with the limited picking capacity in each zone. Determining how to spread the inventory across the storage zones is the zone-stowage decision that we consider in this paper. With a simulation study, we identify two zone-stowage policies that are effective in balancing the picking workload across different storage zones. The first zone-stowage policy achieves a chaining-inspired allocation by splitting the received quantity for each product across two storage zones; the second zone-stowage policy explicitly tracks the expected workload for each storage zone, termed the velocity of the zone, and then stows arriving products to the storage zone with the smallest velocity. © 2017 Informa UK Limited, trading as Taylor & Francis Group.","E-commerce; flexibility; storage systems; stowage decision; warehousing systems","Cargo handling; Electronic commerce; Floors; Navigation; Warehouses; flexibility; Product inventory; Simulation studies; Storage systems; Storage zones; Uncertain demand; Warehousing systems; Stowage (mines)","Article","Final","All Open Access","Scopus","2-s2.0-85033710756"
"Chai J.; Lin J.; Zadrozny W.; Ye Y.; Stys-Budzikowska M.; Horvath V.; Kambhatla N.; Wolf C.","Chai, Joyce (8842227500); Lin, Lin (56824507200); Zadrozny, Wlodek (6603116034); Ye, Yiming (7401627507); Stys-Budzikowska, Margo (6505874364); Horvath, Veronika (7005106405); Kambhatla, Nanda (35606149000); Wolf, Catherine (7402588597)","8842227500; 56824507200; 6603116034; 7401627507; 6505874364; 7005106405; 35606149000; 7402588597","The role of a natural language conversational interface in online sales: A case study","2001","International Journal of Speech Technology","4","3-4","355610","285","295","31","10.1023/A:1011316909641","https://www.scopus.com/pages/publications/0035386747?origin=resultslist","This paper describes the evaluation of a natural language dialog-based navigation system (HappyAssistant) that helps users access e-commerce sites to find relevant information about products and services. The prototype system leverages technologies in natural language processing and human-computer interaction to create a faster and more intuitive way of interacting with websites, especially for less experienced users. The result of a comparative study shows that users prefer the natural language-enabled navigation two to one over the menu driven navigation. In addition, the study confirmed the efficiency of using natural language dialog in terms of the number of clicks and the amount of time required to obtain the relevant information. In the case study, as compared to the menu driven system, the average number of clicks used in the natural language system was reduced by 63.2% and the average time was reduced by 33.3%.","Conversational interfaces; Dialog systems; Human-computer interaction; Natural language processing","Computational linguistics; Electronic commerce; HTML; Human computer interaction; Knowledge based systems; Speech recognition; User interfaces; Websites; Dialog systems; Natural language conversational interface; Online sales; Natural language processing systems","Article","Final","","Scopus","2-s2.0-0035386747"
"Zhou X.; Chen L.; He C.; Wu J.; Zhou W.; Shao J.; Zhang Y.","Zhou, Xiangmin (55793091700); Chen, Lei (56442948300); He, Chengkun (57072228600); Wu, Junfeng (57201955657); Zhou, Weiyi (57200194541); Shao, Jie (57002035900); Zhang, Yanchun (57219783900)","55793091700; 56442948300; 57072228600; 57201955657; 57200194541; 57002035900; 57219783900","A Responsible and Extendable Context-Aware Recommender System","2025","WWW Companion 2025 - Companion Proceedings of the ACM Web Conference 2025","","","","2955","2958","1","10.1145/3701716.3715164","https://www.scopus.com/pages/publications/105009225956?origin=resultslist","Context-aware social media recommendation has been important in many applications such as e-commerce and entertainment. However, existing systems consider pre-specified contexts and cannot well handle user preferences, which negatively affects the recommendation quality and efficiency, and causes them not extendable to various applications. In this demo, we design RECARS, the first responsible and extendable context-aware recommender system. RECARS is designed with novel techniques, including efficient data organization over MongoDB and Apache Flink, and effective responsible recommendation generation that supports the system interactions with users. It allows users to perform iteratively refining and explaining the results by active learning and large language model (LLM). We demonstrate the usage of RECARS via YouTube. © 2025 Copyright held by the owner/author(s). Publication rights licensed to ACM.","Context-aware; Extendability; Responsible Recommendation","Electronic commerce; Human engineering; Iterative methods; Learning systems; User interfaces; Context-Aware; Context-aware recommender systems; E- commerces; Existing systems; Extendability; Media recommendations; Novel techniques; Responsible recommendation; Social media; User's preferences; Recommender systems","Conference paper","Final","All Open Access; Gold Open Access","Scopus","2-s2.0-105009225956"
"Conklin A.; Dietrich G.; Walz D.","Conklin, Art (6603467698); Dietrich, Glenn (7101803528); Walz, Diane (7102655103)","6603467698; 7101803528; 7102655103","Password-based authentication: A system perspective","2004","Proceedings of the Hawaii International Conference on System Sciences","37","","INDIS02","2645","2654","57","10.1109/hicss.2004.1265412","https://www.scopus.com/pages/publications/12344331343?origin=resultslist","User authentication in computer systems has been a cornerstone of computer security for decades. The concept of a user id and password is a cost effective and efficient method of maintaining a shared secret between a user and a computer system. One of the key elements in the password solution for security is a reliance on human cognitive ability to remember the shared secret. In early computing days with only a few computer systems and a small select group of users, this model proved effective. With the advent of the Internet, e-commerce, and the proliferation of PCs in offices and schools, the user base has grown both in number and in demographic base. Individual users no longer have single passwords for single systems, but are presented with the challenge of remembering numerous passwords for numerous systems, from email, to web accounts, to banking and financial services. This paper presents a conceptual model depicting how users and systems work together in this function and examines the consequences of the expanding user base and the use of password memory aids. A system model of the risks associated with password-based authentication is presented from a user centric point of view including the construct of user password memory aids. When confronted with too much data to remember, users will develop memory aids to assist them in the task of remembering important pieces of information. These user password memory aids form a bridge between otherwise unconnected systems and have an effect on system level security across multiple systems interconnected by the user. A preliminary analysis of the implications of this user centric interconnection of security models is presented.","","Codes (symbols); Cognitive systems; Cost effectiveness; Distributed computer systems; Electronic commerce; Identification (control systems); Information analysis; Interconnection networks; Internet; Software engineering; User interfaces; Biometrics; Password memory aids; Password-based authentication; User authentication; Security of data","Conference paper","Final","","Scopus","2-s2.0-12344331343"
"Zhou X.; Wei J.; Xu C.-Z.","Zhou, Xiaobo (55743262600); Wei, Jianbin (7403084810); Xu, Cheng-Zhong (55600419500)","55743262600; 7403084810; 55600419500","Resource allocation for session-based two-dimensional service differentiation on e-commerce servers","2006","IEEE Transactions on Parallel and Distributed Systems","17","8","","838","850","22","10.1109/TPDS.2006.111","https://www.scopus.com/pages/publications/33746099299?origin=resultslist","A scalable e-commerce server should be able to provide different levels of quality of service (QoS) to different types of requests based on clients' navigation patterns and the server capacity. E-Commerce workloads are composed of sessions. In this paper, we propose a session-based two-dimensional (2D) service differentiation model for online transactions: intersession and intrasession. The intersession model aims to provide different levels of QoS to sessions from different customer classes, and the intrasession model aims to provide different levels of QoS to requests in different states of a session. A primary performance metric of online transactions is slowdown. It measures the waiting time of a request relative to its service time. We present a processing rate allocation scheme for 2D proportional slowdown differentiation. We then introduce service slowdown as a systemwide QoS metric of an e-commerce server. It is defined as the weighted sum of request slowdown in different sessions and in different session states. We formulate the problem of 2D service differentiation as an optimization of processing rate allocation with the objective of minimizing the service slowdown of the server. We prove that the derived rate allocation scheme based on the optimization guarantees client requests' slowdown to be square-root proportional to their prespecified differentiation weights in both intersession and intrasession dimensions. We evaluate this square-root proportional rate allocation scheme and a proportional rate allocation scheme via extensive simulations. Results validate that both schemes can achieve predictable, controllable, and fair 2D service differentiation on e-commerce servers. The square-root proportional rate allocation scheme provides 2D service differentiation at a minimum cost of service slowdown. © 2006 IEEE.","Rate allocation; Resource managemnet; Session; Slowdown; Two-dimensional service differentiation","Computer simulation; Electronic commerce; Online systems; Optimization; Resource allocation; Servers; Rate allocation; Resource management; Service differentiation; Multiprocessing systems","Article","Final","","Scopus","2-s2.0-33746099299"
"Karygiannis A.; Antonakakis E.","Karygiannis, Athanasios (14632041300); Antonakakis, Emmanouil (14631637200)","14632041300; 14631637200","Security and privacy issues in agent-Based location-Aware mobile commerce","2009","Lecture Notes in Computer Science (including subseries Lecture Notes in Artificial Intelligence and Lecture Notes in Bioinformatics)","4324 LNAI","","","308","329","5","10.1007/978-3-642-04879-1_21","https://www.scopus.com/pages/publications/70450184406?origin=resultslist","Mobile commerce and location-aware services promise to combine the conveniences of both online and offline bricks-and-mortar services. Just as agent-enabled desktop computers can be used to improve a user's e-commerce experience, so can agent-enabled mobile devices be used to improve a user's mobile commerce experience. Agent-enabled mobile devices can perform complex and time-consuming tasks not well-suited for the small and cumbersome user interfaces available on most mobile devices, can interact with other mobile devices over more than one interface, and can accompany users under circumstances in which the desktop computers cannot. Agent-enabled mobile devices, however, present new security challenges and risks. While e-commerce agents run the risk of disclosing one's identity in cyberspace, agent-enabled mobile devices running location-aware applications, run the risk of disclosing one's actual physical location in addition to other personal information. This paper outlines security and privacy issues and provides security guidelines for agent-based location-aware mobile commerce. © 2009 Springer Berlin Heidelberg.","","Building materials; Electronic commerce; Mobile computing; Mobile devices; Network security; Personal computers; Portable equipment; User interfaces; Agent based; Cyberspaces; Desktop computer; E-Commerce; IMPROVE-A; Location aware services; Location-aware; Location-aware application; Mobile Commerce; Offline; Personal information; Physical locations; Security and privacy issues; Security challenges; Time-consuming tasks; Mobile agents","Conference paper","Final","","Scopus","2-s2.0-70450184406"
"Barria-Pineda J.; Brusilovsky P.","Barria-Pineda, Jordan (57193796580); Brusilovsky, Peter (6701517032)","57193796580; 6701517032","Making educational recommendations transparent through a fine-grained open learner model","2019","CEUR Workshop Proceedings","2327","","","","","7","","https://www.scopus.com/pages/publications/85063188748?origin=resultslist","Recommendations for online educational systems generally differ from recommendations generated in other contexts (e.g. movies, e-commerce), given that students’ level of knowledge rather then their interests is key for suggesting the most appropriate content. Thus, the challenge of making recommendations more transparent is closely tied to how student skills are estimated and conveyed. In this paper, we present an approach based on Open Learner Model visualization as a first step for making the learning content recommendation process more transparent. A preliminary analysis of students who used the visualization for navigating the content of an introductory programming course showed that considerable time was spent exploring the explanatory interface, which could be linked to the significant likelihood of opening/attempting the recommended activities. © 2019 for the individual papers by the papers’ authors. Copying permitted for private and academic purposes. This volume is published and copyrighted by its editors.","Educational recommender systems; Open learner models; Transparency","Curricula; Electronic commerce; Learning systems; Online systems; Transparency; User interfaces; Visualization; Fine grained; Introductory programming course; Learning contents; Online educational systems; Open learner modeling; Open learner models; Preliminary analysis; Student skills; Students","Conference paper","Final","","Scopus","2-s2.0-85063188748"
"Ponnusamy M.; Divya Venkatesh J.; Das S.; Nanda G.","Ponnusamy, Madhumathi (59520096200); Divya Venkatesh, Jeevithashree (58592719400); Das, Souvik (57211601973); Nanda, Gaurav (56154737400)","59520096200; 58592719400; 57211601973; 56154737400","Examining the Role of Customer Reviews in Online Purchasing Using Eye Tracking","2025","Communications in Computer and Information Science","2523 CCIS","","","265","273","0","10.1007/978-3-031-94153-5_26","https://www.scopus.com/pages/publications/105008668250?origin=resultslist","With the growing usage of the internet, there has been a steady increase in the number of people buying online products ranging from appliances to everyday-use consumer goods. In an online shopping setup, it is difficult for customers to experience the product firsthand in the virtual environment. Many ecommerce platforms provide (a) detailed pictures, 3D models, animations, and videos on their website for customers to explore the product features, and (b) customer reviews and ratings to learn about product performance in different conditions and usage periods from previous customers’ experiences. These help the customers make purchase-related decisions. A large percentage of online customers utilize online customer reviews in their decision-making. However, there is limited knowledge about how customers read and use the information in customer reviews for purchase decisions. This research aims to fill this gap in the literature by studying users’ attention toward customer reviews during online product purchase tasks using eye tracking and their consideration of reviews in the decision-making process. A user study was conducted with 30 participants, who were asked to buy a specified consumer product by searching a popular e-commerce website. A post-task study followed the survey. Participants used the search functions on the websites to locate the selected products. This included browsing product categories, using keyword searches, and evaluating different listings. Once they found a product that matched the description, they had to add it to the cart. Throughout the task, participants followed their usual online shopping behavior, which included comparing products, reading descriptions, and potentially viewing customer reviews. The participants’ gaze movements were continuously recorded using an eye tracker, capturing every action they took on the screen, including product browsing, clicking on details, and reading information. To analyze the level of utilization of reviews by participants, detailed data was collected on the time participants spent on each stage of finding the target product. This included searching for the product, viewing product details, comparing different brand options, and adding the chosen product to the cart. The time explicitly spent reading customer reviews was analyzed to understand participants’ engagement with the reviews and their potential influence on their decision-making. The post-task survey included questions regarding demographic information (such as age, gender, education, etc.) and participants’ spending activities, preferences, and shopping habits. Additionally, participants were asked questions related to their experience during the experiment, such as difficulties faced and decision-making processes. © The Author(s), under exclusive license to Springer Nature Switzerland AG 2025.","Consumer decision process; Customer reviews; Decision-making; E-commerce UX; Eye-tracking; Gaze analysis; Online shopping behavior; Purchase behavior; User experience; User study","Consumer behavior; Consumer products; Decision making; Electronic commerce; Eye movements; Human computer interaction; Information management; Information systems; Information use; Population statistics; Purchasing; Reviews; Sales; Search engines; User experience; User interfaces; Virtual reality; Websites; Consumer decision process; Customer review; Decisions makings; E-commerce UX; Eye-tracking; Gaze analysis; Online shopping; Online shopping behavior; Purchase behavior; Shopping behaviour; User study; Users' experiences; Eye tracking","Conference paper","Final","","Scopus","2-s2.0-105008668250"
"Tarigonda A.; Hymes B.; Nikonovich-Kahn A.","Tarigonda, Amith (56964421500); Hymes, Bruce (57203094164); Nikonovich-Kahn, Alexei (57203090951)","56964421500; 57203094164; 57203090951","E-commerce flow management in fulfillment centers through data visualization","2018","Lecture Notes in Computer Science (including subseries Lecture Notes in Artificial Intelligence and Lecture Notes in Bioinformatics)","10923 LNCS","","","767","778","1","10.1007/978-3-319-91716-0_60","https://www.scopus.com/pages/publications/85050506659?origin=resultslist","Organizations face challenges in gathering, interpreting, and acting upon real-time data. To overcome the challenge of real time data interpretation, most retailers have built business dashboards to readily display key performance indicators (KPIs). The most critical element of a dashboard is the user interface and how KPIs are displayed to end users for interpretation. Given the importance of visual analytics and business dashboard design, Williams-Sonoma, Inc (WSI) tasked the supply chain solutions (SCS) team to develop a comprehensive strategy for gathering, interpreting, and acting upon real time data within its fulfillment centers. Prior to the implementation, operational leadership had limited visibility to people, processes, and systems within the fulfillment centers. Using a bottom-up design approach, the SCS team identified and bridged the gap between two order management systems and created end to end flow visibility. With an emphasis on providing visibility to the “right information at the right time” SCS created a Flow Management platform which predicts operational risks by intercepting real time order drops and worker activity. The flow management platform is a minute-by-minute supply chain monitoring system that displays a set of related KPIs from various stages (e.g. wave, pick, pack, ship) of the order fulfillment process. After the implementation, leadership of fulfillment centers had access to a business intelligence framework that linked two key order management systems and enabled them to develop an optimal strategy for best serving our customers. It also allowed leadership to identify gaps in the order fulfillment and prioritization process. © Springer International Publishing AG, part of Springer Nature 2018.","Business intelligence; Dashboard; Data analytics; Decision making; E-commerce; Flow management; Fulfillment centers; Supply chain flow; Supply chain solutions; Visual analytics; Visualization; Warehouse management","Behavioral research; Benchmarking; Competitive intelligence; Data visualization; Electronic commerce; Flow visualization; Human resource management; Information analysis; Supply chain management; Supply chains; User interfaces; Visibility; Visualization; Warehouses; Dashboard; Data analytics; Flow management; Fulfillment centers; Supply chain flows; Supply chain solutions; Visual analytics; Warehouse management; Decision making","Conference paper","Final","","Scopus","2-s2.0-85050506659"
"Cleveland S.B.; Gao B.J.","Cleveland, Seth B. (56016564800); Gao, Byron J. (14024318100)","56016564800; 14024318100","MASFA: Mass-collaborative faceted search for online communities","2013","WWW 2013 Companion - Proceedings of the 22nd International Conference on World Wide Web","","","","293","296","1","","https://www.scopus.com/pages/publications/84893060535?origin=resultslist","Faceted search combines faceted navigation with direct keyword search, providing exploratory search capacities allowing progressive query refinement. It has become the de facto standard for e-commerce and product-related websites such as amazon.com and ebay.com. However, faceted search has not been effectively incorporated into non-commercial online community portals such as craigslist.org. This is mainly because unlike keyword search, faceted search systems require metadata that constantly evolve, making them very costly to build and maintain. In this paper, we propose a framework MASFA that utilizes a set of non-domain-specific techniques to build and maintain effective, portable, and cost-free faceted search systems in a mass-collaborative manner. We have implemented and deployed the framework on selected categories of Craigslist to demonstrate its utility.","Crowdsoursing; Faceted navigation; Faceted search; Human computation; Interactive information retrieval; Masscollaboration; Named entity recognition; Taxonomy","Safety devices; Search engines; Social networking (online); Crowdsoursing; Faceted navigation; Faceted search; Human computation; Interactive information retrieval; Keyword search; Mass collaborative; Masscollaboration; Named entity recognition; On-line communities; Online systems","Conference paper","Final","","Scopus","2-s2.0-84893060535"
"Chen L.; L'Abbate M.; Thiel U.; Neuhold E.J.","Chen, Libo (7409435466); L'Abbate, Marcello (6603259338); Thiel, Ulrich (7003318093); Neuhold, Erich J. (7003563048)","7409435466; 6603259338; 7003318093; 7003563048","The layer-seeds term clustering method: Enabling proactive situation-aware product recommendations in e-commerce dialogues","2005","Information Systems Frontiers","7","4-5","","405","419","2","10.1007/s10796-005-4811-7","https://www.scopus.com/pages/publications/29844444638?origin=resultslist","In e-commerce it is often crucial to provide customers a large choice of relevant offers. Users, however, seldom provides complete and comprehensive descriptions of their desires, therefore user interfaces are needed that can generate automatically expanded queries to the product database and proactively enrich the ongoing dialogue with recommendations of suitable products. Automatic query expansion is mostly based on thesaurus and/or user profiles. In e-commerce applications, specific thesauri reflecting the webstore's product categories are desirable. This work describes a method for the automatic construction of a thesaurus based on existing categories of documents. A clustering algorithm, the ""Layer-Seeds method'', is introduced, which facilitates the automatic generation of thesaurus reflecting the specific vocabulary occurring in a given collection of documents. The clustering works on terms extracted from the documents in a certain category and organizes them in a tree-like hierarchical structure-a thesaurus. The thesaurus is then employed for automatic query expansion in an e-commerce application in order to obtain better results for product searching. Experiments yield evidence that a significant increase of user satisfaction is achieved. © 2005 Springer Science+Business Media, Inc.","Automatic construction; Conversational agents; e-commerce; Layer-seeds method; Proactivity; Query expansion; Thesaurus; User profiling and modelling","Customer satisfaction; Database systems; Graph theory; World Wide Web; Automatic construction; Layer-seeds method; Proactivity; Query expansion; Thesaurus; User profiling and modeling; Electronic commerce","Article","Final","","Scopus","2-s2.0-29844444638"
"Su Stanley Y.W.; Huang Chunbo; Hammer Joachim","Su, Stanley Y.W. (57203078910); Huang, Chunbo (7406886103); Hammer, Joachim (7201624088)","57203078910; 7406886103; 7201624088","Replicable web-based negotiation server for e-commerce","2000","Proceedings of the Hawaii International Conference on System Sciences","","","","219","","43","","https://www.scopus.com/pages/publications/0033900588?origin=resultslist","This paper describes our ongoing R&D effort in developing a replicable, Web-based negotiation server to conduct bargaining-type negotiations between clients (i.e., buyers and sellers) in e-commerce. Multiple copies of this server can be paired with existing Web-observers to provide negotiation capabilities. Each client can select a trusted negotiation server to represent his/her interests. Web-based GUI tools are used by clients in a build-time registration process to specify the requirements, constraints, negotiation strategic rules, and preference scoring methods related to the buying or selling of a product. The registration information is used by the negotiation servers to conduct negotiations automatically on behalf of the clients. In this paper, we present the architecture of the negotiation server and the framework for automated negotiations, and describe a number of communication primitives, which make up the negotiation protocol. We have developed a constraint satisfaction processor (CSP) to evaluate a negotiation proposal against the registered constraints. An Event-Trigger-Rule (ETR) server manages events and triggers the execution of strategic rules, which may relax constraints, notify clients, or perform other operations. Strategic rules can be added and modified at run-time to deal with the dynamic nature of negotiations. A cost-benefit analysis performs quantitative analysis of alternative negotiation conditions. We have implemented a prototype system to demonstrate automated negotiations among buyers and suppliers in a supply chain management system.","","Client server computer systems; Computer architecture; Constraint theory; Cost benefit analysis; Data communication systems; Graphical user interfaces; Network protocols; Program processors; Software prototyping; World Wide Web; Constraint satisfaction processor; Event trigger rule server; Negotiation protocol; Negotiation server; Electronic commerce","Conference paper","Final","","Scopus","2-s2.0-0033900588"
"Al Halabi W.S.; Kubat M.; Tapia M.","Al Halabi, Wadee S. (35316856000); Kubat, Miroslav (7006437636); Tapia, Moiez (7006438894)","35316856000; 7006437636; 7006438894","A fully automated recommender system using collaborative filters","2007","Proceedings of the Sixth IASTED International Conference on Communications, Internet, and Information Technology, CIIT 2007","","","","226","231","0","","https://www.scopus.com/pages/publications/38349103377?origin=resultslist","Recommender systems represent valuable marketing tools in e-commerce. No wonder that this field has enjoyed quite some attention from the scientific community that seeks to develop algorithms that optimize the performance of recommender systems based on the analysis of historical data. In the research reported here, we experimented with a mechanism that combines traditional collaborative filtering approaches with explicit rating. This paper describes the technique and illustrates its behavior in a test-bed we created from real-world data. The results are promising.","Collaborative filtering; Internet tools; Recommender systems; User profile","Algorithms; Computer aided software engineering; Data reduction; Internet; User interfaces; Collaborative filtering; Internet tools; Recommender systems; Scientific community; User profile; Electronic commerce","Conference paper","Final","","Scopus","2-s2.0-38349103377"
"Singh N.; Park J.; Kalliny M.","Singh, Nitish (55348328100); Park, Jieun (37011674700); Kalliny, Morris (24544360400)","55348328100; 37011674700; 24544360400","A framework to localize international business to business web sites","2012","Data Base for Advances in Information Systems","44","1","","56","77","14","10.1145/2436239.2436243","https://www.scopus.com/pages/publications/84875176387?origin=resultslist","The main purpose of this study is to propose and apply an analytical framework to help B2B marketers assess and develop web sites that are localized not only for the B2B marketplace but also for international markets. This study deals with an area that has not received much attention in academic research as previous studies have mainly focused on B2C web sites. The study focuses on B2B web sites and provides a framework to assess web site localization. A content analysis of American and Korean web sites was conducted to analyze the proposed framework. The overall results show that U.S. companies have not accomplished a high degree of localization for B2B markets. The study results indicate that most U.S. companies focus primarily on the translation of web content from English to Korean to create web sites.While it is true that globalization has brought us closer than ever to Mcluhan's (1964) idea of a global village, major differences across countries and regions exist and play a significant role in how consumers react to web site designs and content. Therefore, this framework is vital to business seeking consumers globally. Using this framework should allow businesses to localize their B2B web sites and included key areas that appeal to local consumers.The study concludes by providing marketers insights into factors that can help them better localize their international B2B web sites.","B2B e-commerce; Cultural customization; Localization; South Korea; Web site localization","Industry; International trade; Marketing; Academic research; B2B e-commerce; Cultural customization; Degree of localization; International business; International markets; Localization; South Korea; Websites","Article","Final","","Scopus","2-s2.0-84875176387"
"Archak N.; Ghose A.; Ipeirotis P.G.","Archak, Nikolay (23033281100); Ghose, Anindya (9845067800); Ipeirotis, Panagiotis G. (6603236863)","23033281100; 9845067800; 6603236863","Show me the money!: Deriving the pricing power of product features by mining consumer reviews","2007","Proceedings of the ACM SIGKDD International Conference on Knowledge Discovery and Data Mining","","","","56","65","178","10.1145/1281192.1281202","https://www.scopus.com/pages/publications/36849011074?origin=resultslist","The increasing pervasiveness of the Internet has dramatically changed the way that consumers shop for goods. Consumer-generated product reviews have become a valuable source of information for customers, who read the reviews and decide whether to buy the product based on the information provided. In this paper, we use techniques that decompose the reviews into segments that evaluate the individual characteristics of a product (e.g., image quality and battery life for a digital camera). Then, as a major contribution of this paper, we adapt methods from the econometrics literature, specifically the hedonic regression concept, to estimate: (a) the weight that customers place on each individual product feature, (b) the implicit evaluation score that customers assign to each feature, and (c) how these evaluations affect the revenue for a given product. Towards this goal, we develop a novel hybrid technique combining text mining and econometrics that models consumer product reviews as elements in a tensor product of feature and evaluation spaces. We then impute the quantitative impact of consumer reviews on product demand as a linear functional from this tensor product space. We demonstrate how to use a low-dimension approximation of this functional to significantly reduce the number of model parameters, while still providing good experimental results. We evaluate our technique using a data set from Amazon.com consisting of sales data and the related consumer reviews posted over a 15-month period for 242 products. Our experimental evaluation shows that we can extract actionable business intelligence from the data and better understand the customer preferences and actions. We also show that the textual portion of the reviews can improve product sales prediction compared to a baseline technique that simply relies on numeric data. © 2007 ACM.","Consumer reviews; E-commerce; Econometrics; Electronic commerce; Electronic markets; Hedonic analysis; Internet; Opinion mining; Product review; Sentiment analysis; Text mining; User-generated content","Data mining; Electronic commerce; Internet; Mathematical models; Text processing; User interfaces; Econometrics; Opinion mining; Product review; Sentiment analysis; Text mining; Feature extraction","Conference paper","Final","","Scopus","2-s2.0-36849011074"
"Furner C.P.; Zinko R.A.; Zhu Z.; McDowell W.; Dalton A.","Furner, Christopher P. (36709662100); Zinko, Robert A. (8727396000); Zhu, Zhen (56006353900); McDowell, William (24390993600); Dalton, Adam (57194435085)","36709662100; 8727396000; 56006353900; 24390993600; 57194435085","Online Word-Of-Mouth and Mobile Product Reviews: An Experimental Investigation of the Mediating Role of Mobile Self Efficacy","2014","13th Wuhan International Conference on E-Business, WHICEB 2014","","","","300","308","4","","https://www.scopus.com/pages/publications/85065737239?origin=resultslist","Online word-of-mouth (WOM) has been studied extensively by electronic commerce researchers, particularly in the realm of online product reviews. As mobile computing becomes more and more common, difference in navigation and the ability to foster focus may lead to changes in the way in which consumers read and react to mobile product reviews compared to online reviews. We use research related to mobile computing limitations, Mobile Self Efficacy and information overload to outlines a study in which two common online review outcomes, trust in the review and purchase intention are evaluated in a mobile environment. © 2014, Association for Information Systems. All rights reserved.","Mobile Commerce; Mobile Reviews; Mobile Self Efficacy; Word of Mouth","Mobile computing; Experimental investigations; Mediating roles; Mobile products; Mobile review; Mobile self efficacy; Mobile-computing; Online reviews; Online word of mouths; Product reviews; Self efficacy; Mobile commerce","Conference paper","Final","","Scopus","2-s2.0-85065737239"
"Wietrzyk V.I.; Lawson R.; Wietrzyk I.; Grosky B.","Wietrzyk, Vlad Ingar (6602679468); Lawson, Robyn (7201676744); Wietrzyk, Ingrid (10739387500); Grosky, Bill (7004119740)","6602679468; 7201676744; 10739387500; 7004119740","Architecting E-business infrastructure","2005","Proceedings of the IASTED International Conference on Internet and Multimedia Systems and Applications, IMSA","","","477-032","47","52","0","","https://www.scopus.com/pages/publications/29844452396?origin=resultslist","The widespread adoption of Web services promises to usher in an exciting new generation of advanced distributed applications. Replication of Web documents can improve both performance and reliability of the Web service. Response time is a key differentiation point among electronic commerce (e-commerce) applications. In this paper, we analyze the factors that impact the performance and scalability of a database-driven Web site. We consider the problem of on-line workflow database reorganization. We present an algorithm for maintaining the biconnected components of a graph during a sequence of edge insertions and deletions. We complement our algorithms with encouraging experimental results.","Caching; Clustering; Distributed Systems; Dynamic Content","Buffer storage; Computer architecture; Distributed computer systems; Program documentation; User interfaces; Websites; Caching; Clustering; Distributed systems; Dynamic content; Electronic commerce","Conference paper","Final","","Scopus","2-s2.0-29844452396"
"Zahedi F..; Song J.","Zahedi, Fatemeh Mariam (6701812395); Song, Jaeki (8875400500)","6701812395; 8875400500","Do web sites change customers' beliefs? A study of prior-posterior beliefs in e-commerce","2009","Information and Management","46","2","","125","137","17","10.1016/j.im.2009.01.001","https://www.scopus.com/pages/publications/63749107849?origin=resultslist","Web sites are the main interface between online merchants and their customers. Despite the consequent importance of web-site design, there is little theoretical foundation that can be used to assess how web-design factors lead e-customers to revise their earlier beliefs. Our study examined web customers' salient beliefs and the role of web-design elements in altering customers' existing beliefs after their exposure to an e-commerce web site. Using salient beliefs and categories of web-design elements identified previously, we developed a conceptual model of belief revisions due to exposure to web-design elements and internal cues. The empirical analysis of the model indicated that web customers were influenced by the external cues from the design factors as well as the internal ones from their prior beliefs. Our findings have implications in designing web sites for e-commerce. © 2009 Elsevier B.V. All rights reserved.","e-Commerce salient beliefs; Perceived presence of web-design elements; Posterior beliefs; Prior beliefs; Web-design elements","Customer satisfaction; Electronic commerce; Sales; World Wide Web; e-Commerce salient beliefs; Perceived presence of web-design elements; Posterior beliefs; Prior beliefs; Web-design elements; Design","Article","Final","","Scopus","2-s2.0-63749107849"
"Zhang L.; Sanyal S.; King T.","Zhang, Liping (60572330400); Sanyal, Subhajit (23135689800); King, Tracy (9846796300)","60572330400; 23135689800; 9846796300","CTMR: Cohort-Aware Transformer Multi-Objective Ranker for Personalized Debiased and Diversity-Aware Product Search","2025","IEEE International Conference on Data Mining Workshops, ICDMW","","","","1128","1134","3","10.1109/ICDMW69685.2025.00133","https://www.scopus.com/pages/publications/105035388126?origin=resultslist","Modern e-commerce platforms must balance short-term engagement-CTR with downstream outcomes-CVR, while ensuring fairness across user cohorts, long-tail queries, and strict latency requirements. Prior frameworks, such as UWM3R, introduced multi-task uncertainty weighting and hybrid pairwise ranking, but lacked fine-grained semantic alignment, cohort personalization, or explicit exposure-diversity control. We present CTMR, a Transformer-based multi-objective re-ranking framework that integrates: field-aware positional encoders for Adobe creative content product query text, Late-Interaction MaxSim features for scalable token matching, Cohort-Conditioned Hy perNetworks to adapt expert routing and CTR-CVR mixing, inverse-propensity-weighted pairwise debiasing, and an exposure-diversity regularizer. On 4M query-product interactions from Adobe creative content marketplace, CTMR improves AUC, NDCG, MAP, MRR over strong baselines, reduces long-tail exposure Gini. CTMR demonstrates that responsible and scalable multi-objective ranking can advance both business goals and user experience in interactive e-commerce search. © 2025 IEEE.","debiasing; diversity-aware retrieval; E-commerce search; multi-task learning; personalization; transformer ranking","Electronic commerce; Information retrieval; Learning systems; Multi-task learning; Query processing; User experience; User interfaces; Creatives; De-biasing; Diversity-aware retrieval; E- commerces; E-commerce search; Long tail; Multi objective; Multitask learning; Personalizations; Transformer ranking; Semantics","Conference paper","Final","","Scopus","2-s2.0-105035388126"
"Halpert B.J.","Halpert, Benjamin J. (8865041100)","8865041100","Authentication interface evaluation and design for mobile devices","2005","Proceedings of the 2005 Information Security Curriculum Development Conference, InfoSecCD '05","","","","112","117","15","10.1145/1107622.1107649","https://www.scopus.com/pages/publications/34547330492?origin=resultslist","The design of mobile device interfaces is an area that has started to be addressed in the human computer interaction (HCI) community during the past few years. While previous work on handheld interface design has focused on overall usability aspects, security related design issues have only been minimally addressed. An example of a security interface is an authentication interface as used by electronic commerce (e-commerce) web sites. The paper opens with a review of prior research on secure interface design. Results of a usability evaluation targeting authentication interfaces as accessed on mobile devices is presented. To illustrate design aspects of an authentication interface, a discussion of the eBay authentication interface is then discussed. Recommended guidelines are proposed for designing authentication interfaces as accessed via mobile devices. Copyright 2005 ACM.","authentication interface design; handheld devices and mobile computing; security interface design; ubiquitous computing; user interface design","Curricula; Design; Electronic commerce; Hand held computers; Human computer interaction; Mobile computing; Mobile devices; Portable equipment; Ubiquitous computing; User interfaces; Hand held device; Interface designs; user interface design; User interface designs; Authentication","Conference paper","Final","","Scopus","2-s2.0-34547330492"
"Udo G.J.; Marquis G.P.","Udo, Godwin J. (7004107603); Marquis, Gerald P. (7007153056)","7004107603; 7007153056","Factors affecting e-commerce web site effectiveness","2001","Journal of Computer Information Systems","42","2","","10","16","79","","https://www.scopus.com/pages/publications/0035552033?origin=resultslist","This paper reports the results of a survey study involving 117 e-commerce customers. The purpose of the study was to sample the opinions of commercial web users in order to determine the critical factors that affect the effectiveness of e-commerce web sites. Web site effectiveness was measured by the intention of the users to repeatedly visit the site. Eight design factors were tested but only four were found to have significant positive impact on web site effectiveness, namely: download time, navigation, graphics usage, and interactivity. The following four factors did not seem to have any significant effects: use of flames, consistency, cohesion, and amount of advertisements. The e-commerce web site users ranked download time as the most important factor, followed by ease of navigation, graphics usage, and interactivity, in that order. The implication of these results is that some design factors significantly affect the user's intention to revisit a web site. In effect, the web sites with short download time, easy navigation, appropriate user of graphics and high degree of interactivity are more likely to attract repeat visits. Given the rapid rate at which e-commerce is gaining importance in today's business environment, the findings in this study are expected to provide helpful guidelines to both practitioners and researchers.","","Electronic commerce; Interactive computer graphics; Statistical methods; Surveys; Business communications; Websites","Article","Final","","Scopus","2-s2.0-0035552033"
"Baeza-Yates R.; Delnevo G.","Baeza-Yates, Ricardo (7004433908); Delnevo, Giovanni (57193867382)","7004433908; 57193867382","Exploration Trade-offs in Web Recommender Systems","2022","Proceedings - 2022 IEEE International Conference on Big Data, Big Data 2022","","","","","","2","10.1109/BigData55660.2022.10325847","https://www.scopus.com/pages/publications/85180153889?origin=resultslist","One of the main problems of web recommender systems is exposure bias, due to the fact that the web system itself is partly generating its own future, as users can only click on items shown to them. This bias not only creates popularity bias for products but also is one of the main challenges for recommender systems that deal with a very dynamic environment, where new items and users appear frequently and also user preferences change (or the market changes as happened with the coronavirus pandemic). The main paradigm to deal with these changes is to explore and exploit, avoiding the filter bubble effect. However, too much exploration also reduces short-term revenue and hence is usually traffic bounded. In this work, we present a counterfactual analysis that shows that web recommender systems could improve their long-term revenue if significantly more exploration is performed. This is good for the web recommender system but also for everyone as it creates more fair and healthy digital markets. This also improves the web user experience so is a double win-win for the e-commerce platform, the sellers, the users, and ultimately society. © 2022 IEEE.","","Coronavirus; Electronic commerce; Recommender systems; User interfaces; Coronaviruses; Counterfactuals; Digital markets; Dynamic environments; Market changes; Preference change; Trade off; User's preferences; Web recommender systems; Web system; Economic and social effects","Conference paper","Final","All Open Access; Green Open Access","Scopus","2-s2.0-85180153889"
"Heydari M.H.; Morales L.; Sudborough I.H.","Heydari, M.H. (57216064770); Morales, L. (14832891200); Sudborough, I.H. (6701571027)","57216064770; 14832891200; 6701571027","Efficient algorithms for batch re-keying operations in secure multicast","2006","Proceedings of the Annual Hawaii International Conference on System Sciences","9","","1579737","218b","","13","10.1109/HICSS.2006.143","https://www.scopus.com/pages/publications/33749594702?origin=resultslist","Secure multicast has a variety of applications in e-commerce, e-banking, command and control, video-on-demand, and other internet-based services. In this paper, we present algorithms to improve on the number of rekeying messages (overhead) needed to add and delete sets of users to a secure multicast group. We present upper and lower bounds on the number of re-keying bits to add or delete groups of users from secure multicast groups. We also show how to amortize the cost of group re-keying over time to avoid long periods of system overhead that can potentially block the transmission of desired data at times when large numbers of users simultaneously join or leave multicast sessions. © 2006 IEEE.","Batch re-keying; Group key management; Re-key complexity; Secure multicast; Secure multicast re-keying multicasting; Security; Tree-based system","Electronic commerce; Internet; Learning algorithms; Systems analysis; User interfaces; Batch re-keying; Group key management; Re-key complexity; Secure multicast; Secure multicast re-keying multicasting; Tree-based system; Multicasting","Conference paper","Final","","Scopus","2-s2.0-33749594702"
"Dragut E.; Wu W.; Sistla P.; Yu C.; Meng W.","Dragut, Eduard (11639718400); Wu, Wensheng (7407078594); Sistla, Prasad (7003367530); Yu, Clement (7404978288); Meng, Weiyi (7103208074)","11639718400; 7407078594; 7003367530; 7404978288; 7103208074","Merging source query interfaces on Web databases","2006","Proceedings - International Conference on Data Engineering","2006","","1617414","46","","32","10.1109/ICDE.2006.91","https://www.scopus.com/pages/publications/33749642793?origin=resultslist","Recently, there are many e-commerce search engines that return information from Web databases. Unlike text search engines, these e-commerce search engines have more complicated user interfaces. Our aim is to construct automatically a natural query user interface that integrates a set of interfaces over a given domain of interest. For example, each airline company has a query interface for ticket reservation and our system can construct an integrated interface for all these companies. This will permit users to access information uniformly from multiple sources. Each query interface from an e-commerce search engine is designed so as to facilitate users to provide necessary information. Specifically, (1) related pieces of information such as first name and last name are grouped together and (2) certain hierarchical relationships are maintained. In this paper, we provide an algorithm to compute an integrated interface from query interfaces of the same domain. The integrated query interface can be proved to preserve the above two types of relationships. Experiments on five domains verify our theoretical study. © 2006 IEEE.","","Algorithms; Electronic commerce; Hierarchical systems; Merging; Query languages; Search engines; User interfaces; World Wide Web; Integrated interfaces; Query interfaces; Text search engines; Web databases; Database systems","Conference paper","Final","","Scopus","2-s2.0-33749642793"
"Zhou X.; Wei J.; Xu C.-Z.","Zhou, Xiaobo (55743262600); Wei, Jianbin (7403084810); Xu, Cheng-Zhong (55600419500)","55743262600; 7403084810; 55600419500","Modeling and analysis of 2D service differentiation on e-commerce servers","2004","Proceedings - International Conference on Distributed Computing Systems","24","","","740","747","13","10.1109/icdcs.2004.1281642","https://www.scopus.com/pages/publications/2442448468?origin=resultslist","A scalable e-Commerce server should be able to pro vide different levels of quality of service (QoS) to different types of requests according to clients' navigation patterns and the server capacity. In this paper, we propose a two-dimensional (2D) service differentiation (DiffServ) model for on-line transactions: inter-session and intra-session. The inter-session model aims to provide different levels of QoS to sessions from different customer classes, and the intra-session model aims to provide different levels of QoS to re quests in different states of a session. We introduce service slowdown as a QoS metric of e-Commerce servers. It is defined as the weighted sum of re quest slowdown in different sessions and in different session states. We formulate the problem of 2D DiffServ provision ing as an optimization of processing rate allocation with the objective of minimizing service slowdown. We derive the op timal allocations for an M/G/1 server under various server load conditions and prove that the optimal allocations guar antees requests' slowdown to be square-root proportional to their pre-specified differentiation weights in both dimen sions. We evaluate the optimal allocation scheme via exten sive simulations and compare it with a tailored proportional DiffServ scheme. Simulation results validate that both allo cation schemes can achieve predictable, controllable, and fair 2D slowdown differentiation on e-Commerce servers. The optimal allocation scheme guarantees 2D DiffServ at a minimum cost of service slowdown.","","Electronic commerce; Multimedia systems; Quality of service; Queueing networks; Resource allocation; Telecommunication traffic; Inter-session differentiation; Processing rate allocation; Server capacity; Service differentiation; Servers","Conference paper","Final","","Scopus","2-s2.0-2442448468"
"Wang E.","Wang, Erfan (59761165100)","59761165100","Attention-Driven Interaction Network for E-Commerce Recommendations","2025","2025 5th International Conference on Neural Networks, Information and Communication Engineering, NNICE 2025","","","","1241","1245","2","10.1109/NNICE64954.2025.11064400","https://www.scopus.com/pages/publications/105012122709?origin=resultslist","E-commerce platforms use personalized recommendation systems to improve user experience and increase sales. Traditional models have difficulty capturing the complex relationships between user behavior and product features. This paper introduces the Enhanced Attention and Interaction Network (EAIN), a new approach that combines higher-order feature interactions and attention mechanisms. EAIN includes modules like the Dynamic Interest Network (DIN), Selective Feature Interaction (MaskBlock), and Position-Aware Interaction (PAIM), using data preprocessing and feature engineering to improve user-product relationships. Experimental results show that EAIN performs better than traditional models, especially due to the attention mechanism and higher-order feature interactions. This work contributes to personalized recommendation systems in e-commerce. © 2025 IEEE.","Attention Mechanism; Deep Learning; E-commerce; Feature Interaction; Personalized Recommendation; Product Recommendation","Behavioral research; Electronic commerce; Human computer interaction; Information management; Information systems; Recommender systems; User experience; User interfaces; Attention mechanisms; Deep learning; Feature interactions; High-order; Higher-order; Interaction networks; Personalized recommendation; Personalized recommendation systems; Product recommendation; Traditional models; Deep learning","Conference paper","Final","","Scopus","2-s2.0-105012122709"
"He F.; Mykytyn P.P.","He, Fang (26654148300); Mykytyn, Peter P. (6602594607)","26654148300; 6602594607","Decision factors for the adoption of e-finance and other e-systems","2008","14th Americas Conference on Information Systems, AMCIS 2008","2","","","1331","1338","1","","https://www.scopus.com/pages/publications/84870339729?origin=resultslist","The development of e-commerce relies upon customer usage intentions, and IS researchers have examined usage intentions toward various online e-commerce systems. However, these systems have been studied in prior works independently rather than comprehensively. In order to pursue better measures for predicting and explaining B2C e-finance and some other major e-commerce adoptions for customers, we conducted a comparison analysis across different online systems to advance the understanding of the adoption factors and their linkage to customer behavior. Refining from Perceived Risk Theory and existing studies, specific risk facets, customer characteristics and system characteristics were operationalized and integrated within the Technology Acceptance Model (TAM) resulting in a proposed e-finance and other e-commerce system adoption model.","Adoption of IT; Customer characteristics; E-commerce; E-finance; Perceived risk; TAM; Website design","Factor analysis; Finance; Information systems; Online systems; Sales; Adoption of IT; Customer characteristics; E-finance; Perceived risk; TAM; Web site design; Electronic commerce","Conference paper","Final","","Scopus","2-s2.0-84870339729"
"Koren J.; Leung A.; Zhang Y.; Maltzahn C.; Ames S.; Miller E.","Koren, Jonathan (35869591800); Leung, Andrew (26536293200); Zhang, Yi (56018366600); Maltzahn, Carlos (8860801600); Ames, Sasha (25925651900); Miller, Ethan (7404492020)","35869591800; 26536293200; 56018366600; 8860801600; 25925651900; 7404492020","Searching and navigating petabyte-scale file systems based on facets","2007","Proceedings of the 2nd International Petascale Data Storage Workshop, PDSW '07, held in Conjunction with Supercomputing '07","","","","21","25","11","10.1145/1374596.1374603","https://www.scopus.com/pages/publications/57749094800?origin=resultslist","As users interact with file systems of ever increasing size, it is becoming more difficult for them to familiarize themselves with the entire contents of the file system. In petabyte-scale systems, users must navigate a pool of billions of shared files in order to find the information they are looking for. One way to help alleviate this problem is to integrate navigation and search into a common framework. One such method is faceted search. This method originated within the information retrieval community, and has proved popular for navigating large repositories, such as those in ecommerce sites and digital libraries. This paper introduces faceted search and outlines several current research directions in adapting faceted search techniques to petabyte-scale file systems. Copyright 2007 ACM.","Enterprise search; Faceted search; Information retrieval; Metadata; Petabyte-scale storage; Semantic file system; Virtual directory","Digital libraries; Metadata; Navigation systems; Network security; Online searching; Search engines; Virtual storage; 'current; E-commerce sites; Enterprise searches; Faceted search; Filesystem; Petabyte-scale storage; Petabytes; Scale system; Semantic file systems; Virtual directories; File organization","Conference paper","Final","","Scopus","2-s2.0-57749094800"
"Lu Q.; Lyu H.; Zheng J.; Wang Y.; Zhang L.; Zhou C.","Lu, Qingyi (59510186500); Lyu, Haotian (60007388100); Zheng, Jiayun (59951395700); Wang, Yang (59951550600); Zhang, Li (59993146300); Zhou, Chengrui (59734297600)","59510186500; 60007388100; 59951395700; 59951550600; 59993146300; 59734297600","Research on E-Commerce Long-Tail Product Recommendation Mechanism Based on Large-Scale Language Models","2025","Proceedings of 2025 9th International Conference on Electronic Information Technology and Computer Engineering, EITCE 2025","","","","997","1002","7","10.1145/3766671.3766843","https://www.scopus.com/pages/publications/105026569346?origin=resultslist","As e-commerce platforms continue to extend their product catalogs, ensuring accurate recommendation of long-tail items has become a major objective. This is crucial because, in this way, user experience and platform revenue can be significantly enhanced. A common struggle for these systems is the long-tail problem, where the full breadth of data drives the high level of sparsity and the cold start occurs. Consequently, traditional recommendation algorithms have many issues when recommending long-tail items due to lack of available data. Our work reflects a long-tail product recommendation mechanism that represents a combination of the product text descriptions and the user behavior sequences based on a large-scale language model (LLM) as the first proposal of this paper. This mechanism starts with the application of a pre-trained LLM to convert multimodal texts, e.g., product titles, detailed descriptions, and user reviews, into word embedding formats that are semantically meaningful for those particular entities of the text. This approach is referred to as the semantic visor. Going further, we also set up an attention-based user intent encoder to encode user's latent interests in long-tail products in a collaboration pattern. This way, a hybrid ranking model was designed to combine semantic similarity scores, collaborative filtering scores, and LLM-generated recommendation candidates. Through them, we provide extensive empirical results on a real-world e-commerce dataset, thus illustrating that our method surpasses the static baseline models in recalling, hitting, and using diverse users by 12%, 9%, and 15%, respectively, thereby more effectively conveys exposure and purchase rates of long-tail products. Therefore, our work demonstrates the significant benefits of LLMs for interpreting the product content and user intent, suggesting an innovative technical direction for e-commerce recommendation systems. © 2025 Copyright held by the owner/author(s).","attention mechanism; Large-scale language model; long-tail products; recommendation system; semantic representation","Behavioral research; Electronic commerce; Human computer interaction; Human engineering; Latent semantic analysis; Purchasing; Semantics; Starting; User experience; User interfaces; Attention mechanisms; E- commerces; Language model; Large-scale language model; Large-scales; Long tail; Long-tail product; Product recommendation; Recommendation mechanism; Semantic representation; Recommender systems","Conference paper","Final","All Open Access; Gold Open Access","Scopus","2-s2.0-105026569346"
"Hinman R.; Matovu J.","Hinman, Rachel (25723297300); Matovu, Julus (57213069171)","25723297300; 57213069171","Opportunities and challenges for mobile-based financial services in rural Uganda","2010","Conference on Human Factors in Computing Systems - Proceedings","","","","3925","3930","10","10.1145/1753846.1754080","https://www.scopus.com/pages/publications/77953086533?origin=resultslist","This paper outlines key research findings on the use of mobile-based financial services in rural Uganda. It also includes insights into behaviors and attitudes towards finances that may impact the widespread uptake of mobile financial services in rural Uganda. This paper provides actionable insight into the opportunities and challenges for these services as well recommendations for future research. © 2010 Copyright is held by the author/owner(s).","Design; Emerging markets; Ethnography; Handheld devices and mobile computing; Interaction design; Internationalization/localization; Mobile; Service design; Sustainbility; UI; User experience design/experience design; User interface design; User studies; User-centered design/human-centered design","Mobile commerce; User centered design; User interfaces; Emerging markets; Ethnography; Handheld devices and mobile computing; Interaction design; Internationalization/localization; Mobile; Services designs; Sustainbility; UI; User centred design/human centred design; User experience design/experience design; User interface designs; User study; Decentralized finance","Conference paper","Final","","Scopus","2-s2.0-77953086533"
"Dursch A.; Yen D.C.; Shih D.-H.","Dursch, Andrew (6504534515); Yen, David C. (7102471530); Shih, Dong-Her (9335419500)","6504534515; 7102471530; 9335419500","Bluetooth technology: An exploratory study of the analysis and implementation frameworks","2004","Computer Standards and Interfaces","26","4","","263","277","25","10.1016/j.csi.2003.12.005","https://www.scopus.com/pages/publications/2042512960?origin=resultslist","Bluetooth is still a relatively new technology to the wireless world. It is designed for wireless communication between a wide variety of different Bluetooth enabled devices; from computers and PDAs to GPS systems and heart monitoring devices. There are a growing number of companies continually adopting this technology. As Bluetooth becomes a standard feature in many products that we use everyday, it seems that the use of the technology will grow even faster in the future. This paper provides an analysis of the technology's features and how companies should go about deciding if they should adopt Bluetooth or another wireless alternative. First, the paper talks about what Bluetooth is and how it compares with other wireless standards. It then goes into an analysis of how feasible integrating Bluetooth into a business would be, and how some industries are already using the technology. These case studies are followed by a look at what steps need to be taken through the implementation cycle, and deciding what technology makes a better fit for a business. The paper ends with a look at the pros and cons of Bluetooth, as well as a look into what the future may hold for this technology. © 2004 Elsevier B.V. All rights reserved.","Bluetooth; Feasibility study; Frequency-hopping spread-spectrum (FHSS); Mobile commerce; Systems analysis and design; Wireless communications","Cryptography; Global positioning system; Information retrieval; Mobile telecommunication systems; Network protocols; Personal digital assistants; Standards; Systems analysis; User interfaces; Bluetooth technology; Frequency-hopping spread-spectrum (FHSS); Mobile commerce; System analysis and design; Wireless telecommunication systems","Article","Final","","Scopus","2-s2.0-2042512960"
"Gremett P.","Gremett, Peter (12805770200)","12805770200","Utilizing a user's context to improve search results","2006","Journal of the American Society for Information Science and Technology","57","6","","808","812","13","10.1002/asi.20298","https://www.scopus.com/pages/publications/33645747655?origin=resultslist","Usability evaluations and observations of users shopping at Amazon.com (http://www.amazon.com) revealed some interesting user behaviors. The mixed behavior patterns were leveraged to create an interface for an e-commerce product. The author describes some design practices for providing a scoped search interface for an e-commerce site.","","Behavioral research; Electronic commerce; Product design; Search engines; Software engineering; User interfaces; E-commerce products; Search interface; Search results; User behaviors; Online searching","Conference paper","Final","","Scopus","2-s2.0-33645747655"
"Sun Y.; Koehler G.J.","Sun, Yi (55508719100); Koehler, Gary J. (7007010156)","55508719100; 7007010156","A location model for a web service intermediary","2006","Decision Support Systems","42","1","","221","236","10","10.1016/j.dss.2004.11.016","https://www.scopus.com/pages/publications/33747767542?origin=resultslist","Recently, Web services have entered the competition for a new type of distributed e-commerce platform. This paper studies the placement of servers of a Web service intermediary. The intermediary serves as a common interface to its clients while obtaining Web services from independent providers. The intermediary locates its servers by minimizing costs where a major component is network latency. We propose and study an integer programming formulation to determine the locations and usage rates of the servers of an intermediary. A greedy heuristic method is used to obtain good solutions to the problem. © 2004 Elsevier B.V. All rights reserved.","Facility location; Heuristic algorithm; Network latency; Web services; Web services intermediary","Costs; Customer satisfaction; Electronic commerce; Heuristic methods; Integer programming; Mathematical models; Servers; User interfaces; Facility location; Heuristic algorithm; Network latency; Web services; Web services intermediary; Websites","Article","Final","","Scopus","2-s2.0-33747767542"
"Cheng H.-I.; Patterson P.E.","Cheng, Hong-In (14064606700); Patterson, Patrick E. (7201502940)","14064606700; 7201502940","Iconic hyperlinks on e-commerce websites","2007","Applied Ergonomics","38","1","","65","69","28","10.1016/j.apergo.2006.01.007","https://www.scopus.com/pages/publications/33747121585?origin=resultslist","The proper use of iconic interfaces reduces system complexity and helps users interact with systems more easily. However, due to carelessness, inadequate research, and the web's relatively short history, the icons used on web sites often are ambiguous. Because non-identifiable icons may convey meanings other than those intended, designers must consider whether icons are easily identifiable when creating web sites. In this study, visual icons used on e-business web sites were examined by population stereotypy and categorized into three groups: identifiable, medium, and vague. Representative icons from each group were tested by comparing selection performance in groups of student volunteers, with identifiable and medium icons improving performance. We found that only easily identifiable icons can reduce complexity and increase system usability. © 2006 Elsevier Ltd. All rights reserved.","","Computational complexity; Computer aided design; Electronic commerce; Graphical user interfaces; World Wide Web; E-business; E-commerce websites; Population stereotypy; Student volunteers; adult; article; comparative study; computer interface; computer system; electronic commerce; female; human; human experiment; Internet; male; normal human; population; stereotypy; student; task performance; volunteer; Human engineering","Article","Final","","Scopus","2-s2.0-33747121585"
"Gabriel I.J.","Gabriel, Isaac J. (24777951000)","24777951000","Designing e-commerce sites with the focus on security and privacy of online customers","2006","Proceedings of the Information Systems Education Conference, ISECON","23","","","","","0","","https://www.scopus.com/pages/publications/84870427839?origin=resultslist","Rapid growth of electronic commerce increases the competition among e-commerce firms. These firms need to attract new and retain existing customers. In order to do that, their web sites must be usable and user-friendly. Therefore, web site designers and developers need to be well educated in the human-computer interaction (HCI) field. The development of various checklists contributes to better education of web site designers and developers. As a result, web site designers and developers would follow checklists while designing/re-designing sites improving their usability. One of the most important issues related to usability of e-commerce sites is security and privacy of customers' information. These issues prevent many people from shopping online. E-commerce firms need to make customers feel secure. In this paper, we present a checklist that would help web developers and designers to improve usability of sites with regards to customer security and privacy. As a result, sites would be more usable, hence, would attract more customers. This, in turn, will enable e-commerce firms to survive the competition. © 2006 EDSIG.","Design evaluation; Electronic commerce; Privacy; Security; Site design","Competition; Data privacy; Design; Electronic commerce; Industry; Information systems; Sales; Design evaluation; E-commerce sites; Online customers; Rapid growth; Security; Security and privacy; Web developers; Websites","Conference paper","Final","","Scopus","2-s2.0-84870427839"
"Li P.; Yen I.-L.; Xia Z.","Li, Peng (57199004958); Yen, I-Ling (7007018001); Xia, Zhonghang (7402151719)","57199004958; 7007018001; 7402151719","M3TAgent: A transaction processing system for B2C e-commerce","2003","Proceedings of the International Conference on Information and Knowledge Engineering","1","","","186","192","0","","https://www.scopus.com/pages/publications/1642350796?origin=resultslist","Due to the high connectivity and great convenience, many E-commerce application systems have a high access volume. Consequently, the system state changes rapidly by the large number of concurrent transactions and it is likely that customers may issue transactions based on out-of-date state information. Thus, the potential of transaction abortion increases greatly. In order to address this problem, we proposed an M3-transaction model. An M3-Transaction is a generalized transaction where users can issue their preferences in a request by specifying multiple criteria and optional data resources simultaneously within one command. In this paper, we introduce the system design for the M3-Transaction processing. The system evaluates a group of M3-transactions arrived to the system within a short duration and makes optimal decisions in allocating data resources to them so as to achieve better customer satisfaction and lower transaction failure rate. The system also merges a group of transactions into one single transaction at high system load to further improve the performance.","E-commerce; Preference-based transaction; Transaction processing","Buffer storage; Client server computer systems; Customer satisfaction; Database systems; Intelligent agents; Optimization; Storage allocation (computer); Systems analysis; User interfaces; Web browsers; Allocating data resource; Business to consumer; Preference based transaction; Transaction processing; Virtual shopping cart; Electronic commerce","Conference paper","Final","","Scopus","2-s2.0-1642350796"
"Schapsis C.; Chiagouris L.","Schapsis, Claudio (57209824044); Chiagouris, Larry (6508017868)","57209824044; 6508017868","Outlining a new approach to study mobile marketing: Relevancy as a primary mediating construct to understand mobile advertising effectiveness","2019","ACM International Conference Proceeding Series","","","","17","24","0","10.1145/3332324.3332326","https://www.scopus.com/pages/publications/85068838538?origin=resultslist","Mobile Marketing is a relatively new field. Many articles attempt to understand, define, encapsulate, find best practices, and describe marketing use applications on mobile devices. A significant part of the research on mobile marketing and mobile advertising focuses on the technology or functionality perspective, i.e., QR Codes, MMS and SMS, APPS, and Smart Tags/Proximity technology implementations, User Interface, and Payments to name a few. Researchers try to understand how consumers' attitudes are formed and influenced by Mobile Marketing, in many cases using models that studied technology acceptance (TAM, UTAUT, etc.). The authors contend that there is a critical misconception in the study of Mobile Marketing. It is argued here that different from extant research, ""mobile"" in the context of ""mobile marketing"" is not a technology, it is a medium. That medium can be highly customized, even considered as a one to one conversation. Consequently, different from current research, it is claimed here that consumer intention, acceptance, and redemption of mobile offers are affected directly not by technological, situational, or contextual factors, but through a primary mediating construct: Relevancy or ""Agent R"". Drawing concepts from the Relevance Theory we offer a new perspective on how to study the effects of mobile advertising on consumer behavior; opening a new field of study, that will focus on how to enhance the ""Agent R"" construct. We theorize that previously studied factors that affect mobile consumer's behavior are antecedents of the ""Agent R"" and that without relevancy all those factors are immaterial. This change of paradigm on the investigation of mobile advertising will have direct practical consequences too. The Holy Grail of marketers will be to find ways to win the relevance game, enhancing immediate customer value and improving return on advertising expenditures. © 2019 Association for Computing Machinery.","","Consumer behavior; Mobile telecommunication systems; User interfaces; Advertising expenditures; Contextual factors; Customer values; Mobile advertising; Mobile marketing; Relevance theories; Technology acceptance; Technology implementation; Mobile commerce","Conference paper","Final","","Scopus","2-s2.0-85068838538"
"Govardhanan K.","Govardhanan, Karthik (60502895400)","60502895400","AI-powered Chatbot for Retail E-commerce using Machine Learning & Natural Language Processing","2025","9th SLAAI - International Conference on Artificial Intelligence, SLAAI-ICAI 2025","","","","","","0","10.1109/SLAAI-ICAI68534.2025.11318540","https://www.scopus.com/pages/publications/105032723071?origin=resultslist","This article presents a modular AI-driven retail ecommerce chatbot designed to elevate user engagement through advanced natural language understanding (NLU), dynamic dialogue management, and personalized product recommendations. The framework integrates hybrid natural language generation with a context-aware collaborative filtering recommendation engine, supported by fine-tuned transformer models for intent recognition and entity extraction. This combination enables the chatbot to deliver highly relevant, individualized suggestions while maintaining conversational fluidity. In contrast to traditional rule-based or classic machine learning baselines, the proposed system demonstrates measurable improvements in both accuracy and user experience. The adoption of distributed caching mechanisms ensures low-latency responses, allowing the chatbot to scale effectively in high-traffic retail environments. Empirical evaluations show significant gains in query classification accuracy, entity F 1 score, recommendation relevance, and dialogue completion, with users reporting overall higher satisfaction in experiments conducted on the MultiWOZ 2.1 retail subset. Beyond technical performance, the system showcases how intelligent dialogue agents can drive business value by improving product discovery, increasing conversion rates, and fostering stronger customer engagement. Future research should focus on dynamic knowledge integration, improved handling of context-switching, and continual learning to enhance adaptability in evolving retail scenarios. Additionally, challenges such as managing out-of-vocabulary entities, abrupt context shifts, and domain transfer remain critical areas to address for broader deployment.  © 2025 IEEE.","AI-powered chatbot; BERT model; Dialogue Management; Entity extraction; Intent recognition; Natural Language Understanding (NLU); Retail e-commerce","Chatbots; Electronic commerce; Filtration; Intelligent agents; Knowledge management; Learning algorithms; Learning systems; Machine learning; Natural language processing systems; Sales; Speech communication; Speech processing; Speech recognition; User experience; User interfaces; AI-powered chatbot; BERT model; Chatbots; Dialogue management; E- commerces; Entity extractions; Intent recognition; Natural language understanding; Retail e-commerce; Extraction","Conference paper","Final","","Scopus","2-s2.0-105032723071"
"Vu K.-P.L.; Garcia F.P.; Nelson D.; Sulaitis J.; Creekmur B.; Chambers V.; Proctor R.W.","Vu, Kim-Phuong L. (7004512504); Garcia, Fredrick P. (55439102700); Nelson, Deborah (35102963800); Sulaitis, John (23398376700); Creekmur, Beth (16318859400); Chambers, Vanessa (23395953600); Proctor, Robert W. (7101687932)","7004512504; 55439102700; 35102963800; 23398376700; 16318859400; 23395953600; 7101687932","Examining user privacy practices while shopping online: What are users looking for?","2007","Lecture Notes in Computer Science (including subseries Lecture Notes in Artificial Intelligence and Lecture Notes in Bioinformatics)","4558 LNCS","PART 2","","792","801","8","10.1007/978-3-540-73354-6_87","https://www.scopus.com/pages/publications/38149070155?origin=resultslist","This study evaluated users' behaviors when performing inexpensive or expensive e-commerce purchases on familiar and unfamiliar Web sites. Users were more comfortable with making inexpensive than expensive purchases. They also felt more secure and that their privacy was better protected when shopping with a familiar Web site than an unfamiliar one, especially for expensive purchases. For inexpensive purchases, if the price was ""right"", participants were willing to purchase the product on unfamiliar Web sites. For expensive purchases, though, the reputation of the organization hosting the Web site was the most important factor. In both cases, privacy was a minor determinant for deciding whether to make a purchase from a Web site. Only 20% of the users regularly accessed the sites' privacy policies during their interactions with the sites. Moreover, less than half of the participants even looked at privacy-policy links during their interactions with the Web sites. © Springer-Verlag Berlin Heidelberg 2007.","E-commerce; Eye-tracking; Privacy policies; Usability","Data privacy; Online systems; User interfaces; Websites; Eye-tracking; Privacy policies; User privacy; Electronic commerce","Conference paper","Final","All Open Access; Bronze Open Access","Scopus","2-s2.0-38149070155"
"Kwon I.-H.; Kim C.O.; Kim K.P.; Kwak C.","Kwon, Ick-Hyun (23097429600); Kim, Chang Ouk (7409879549); Kim, Kyung Pil (23097873700); Kwak, Choonjong (14054346400)","23097429600; 7409879549; 23097873700; 14054346400","Recommendation of e-commerce sites by matching category-based buyer query and product e-catalogs","2008","Computers in Industry","59","4","","380","394","19","10.1016/j.compind.2007.10.002","https://www.scopus.com/pages/publications/39749112018?origin=resultslist","In this paper, an e-commerce site recommendation system that integrates multiple e-commerce sites is proposed. This system provides the users with a unified portal through which the users can search individual suppliers' product categories efficiently. The core part of the system is an intelligent product meta-search engine that has the following functions: (1) it provides category-based query, with which a buyer can describe his or her product search intention using superclass/subclass relationship, (2) by using WordNet, the buyer's query is semantically extended in order to increase product search accuracy, and (3) the meta-search engine decides a recommended priority of the suppliers by matching the buyer's query with the suppliers' product categories and computing a semantic relevancy measure. Experiments show that the performance of the meta-search is better than those of general keyword-based search and category-based search. © 2007 Elsevier B.V. All rights reserved.","Category-based query; Category-matching algorithm; Meta-search engine; Product category search; Semantic relevancy measure","Functions; Product development; Query languages; Search engines; Semantics; User interfaces; Category-based query; Category-matching algorithms; Meta-search engines; Product category search; Semantic relevancy measures; Electronic commerce","Article","Final","","Scopus","2-s2.0-39749112018"
"Dammu P.P.S.","Dammu, Preetam Prabhu Srikar (57413064400)","57413064400","Towards Ethical and Personalized Web Navigation Agents: A Framework for User-Aligned Task Execution","2025","WSDM 2025 - Proceedings of the 18th ACM International Conference on Web Search and Data Mining","","","","1074","1076","0","10.1145/3701551.3707420","https://www.scopus.com/pages/publications/105001673349?origin=resultslist","Generative AI has advanced the capabilities of autonomous agents, enabling autonomous execution of complex web navigation tasks that can reshape digital interactions across various domains. Yet, to reach their full potential, these agents must be ethically aligned and personalized to individual user needs-a challenge complicated by privacy concerns and the risk of reinforcing biases. This work introduces a novel framework that enables responsible, user-guided personalization of web navigation agents, ensuring alignment with ethical standards and user preferences. By developing agents capable of perceiving, reasoning, and adapting in alignment with user preferences, this work proposes an approach that transcends generic task execution. Employing a structured representation of user-specific tasks, the agent utilizes interactive and reasoning actions to personalize workflows, adapting responsively to individual contexts. Evaluation through task success metrics and user satisfaction scores further assesses the ethical alignment and utility of personalized interactions. This research lays the groundwork for responsible agents that offer personalized assistance while adhering to ethical and privacy standards, with implications for information retrieval, e-commerce, and other knowledge-intensive applications. © 2025 Copyright held by the owner/author(s).","Intelligent Agents; Personalization; Web Navigation Agents","Alignment; Digital interactions; Navigation tasks; Personalizations; Privacy concerns; Task executions; User need; User's preferences; User-guided; Web navigation; Web navigation agents; Differential privacy","Conference paper","Final","All Open Access; Gold Open Access","Scopus","2-s2.0-105001673349"
"Marcus A.","Marcus, Aaron (35484932900)","35484932900","Cross-cultural user-interface design for work, home, play, and on the way","2001","ACM SIGDOC Annual International Conference on Computer Documentation, Proceedings","","","","221","222","10","10.1145/501558.501560","https://www.scopus.com/pages/publications/0035757951?origin=resultslist","User interface design requires good visual design of metaphors, mental models, navigation, appearance, and interaction to represent data, functions, tasks, roles, organizations, and people. Techniques of simplicity, clarity, and consistency can improve the communication effectiveness of user interfaces for the Web, mobile devices and information appliances, and performance (productivity) tools. In particular, the use of appropriate typography, layout, color, animation, and symbolism can assist developers to achieve more efficient, effective communication to more diverse user communities.","Culture; Design; Dialogue boxes; Diversity; e-commerce; Information visualization; m-commerce; Metaphors; Multimedia; Performance tools; Productivity tools; Rhetoric; Semantics; Semiotics; User interfaces; Web","Data communication systems; Electronic commerce; Electronic communities; Multimedia systems; Semantics; World Wide Web; Dialogue boxes; Information visualization; Productivity tool; User interfaces","Conference paper","Final","","Scopus","2-s2.0-0035757951"
"Bisdikian C.; Boamah I.; Castro P.; Misra A.; Rubas J.; Villoutreix N.; Yeh D.; Rasin V.; Huang H.; Simonds C.","Bisdikian, Chatschik (7005608531); Boamah, Isaac (57224347632); Castro, Paul (7102781769); Misra, Archan (7402453752); Rubas, Jim (56630424200); Villoutreix, Nicolas (6505638048); Yeh, Danny (7005330810); Rasin, Vladimir (6507232521); Huang, Henry (55684822700); Simonds, Craig (6602787423)","7005608531; 57224347632; 7102781769; 7402453752; 56630424200; 6505638048; 7005330810; 6507232521; 55684822700; 6602787423","Intelligent pervasive middleware for context-based and localized telematics services","2002","Proceedings of the ACM International Workshop on Mobile Commerce","","","","15","24","27","","https://www.scopus.com/pages/publications/0036995018?origin=resultslist","Telematics is arguably the next-wave in mobile computing: with most cars already equipped with multiple embedded computing platforms, we shall witness the development of a variety of mobile services and applications with significant commercial potential. Telematics will only become a commercial reality when the underlying architecture is able to address significant concerns related to the security and privacy of telematics data, and is able to provide context information from and to a large number of mobile data sources in a scalable and device-independent manner. A telematics platform should utilize existing Internet components and technologies but cannot rely exclusively on these, especially since mobile commerce applications in the telematics environment impose specific requirements on the relationships between various services and data providers. In this paper we describe how we are developing an open standards telematics platform based on the ts-PWLAN wireless service environment and the Telematics Resource Manager middleware. Our design employs existing web service interfaces coupled with novel technology for connecting to these through a wireless gateway. Our middleware acts as a common substrate for building and deploying a wide range of telematics applications. We describe how several of these applications are currently being built on our infrastructure.","Pervasive computing; Telematics","Data reduction; Economics; Embedded systems; Gateways (computer networks); Management; Mobile computing; Standardization; User interfaces; Wireless telecommunication systems; World Wide Web; Pervasive computing; Middleware","Conference paper","Final","","Scopus","2-s2.0-0036995018"
"Hao M.; Dayal U.; Hsu M.","Hao, Ming (7101940676); Dayal, Umeshwar (56092629000); Hsu, Meichun (7202370982)","7101940676; 56092629000; 7202370982","Visual data mining for business intelligence applications","2000","Lecture Notes in Computer Science (including subseries Lecture Notes in Artificial Intelligence and Lecture Notes in Bioinformatics)","1846","","","3","14","4","10.1007/3-540-45151-x_1","https://www.scopus.com/pages/publications/84948956143?origin=resultslist","Business intelligence applications require the analysis and mining of large volumes of transaction data to support business managers in making informed decisions. A key dimension of data mining for human decision making is information visualization: the presentation of information in such a way that humans can perceive interesting patterns. Often, such visual data mining is a powerful prelude to using other, algorithmic, data mining techniques. Additionally, visualization is often important to presenting the results of data mining tasks, such as clustering or association rules. There are several challenges to providing useful visualization for business intelligence applications. First, these applications typically involve the navigation of large volumes of data. Quite often, users can get lost, confused, and overwhelmed with displays that contain too much information. Second, the data is usually of high dimensionality, and visualizing it often involves a series of inter-related displays. Third, different visual metaphors may be useful for different types of data and for different applications. This paper discusses VisMine, a content-driven visual mining infrastructure that we are developing at HP Laboratories. VisMine uses several innovative techniques: (1) hidden visual structure and relationships for uncluttering displays; (2) simultaneous, synchronized visual presentations for high-dimensional data; and (3) an open architecture that allows the plugging in of existing graphic toolkits for expanding its use in a wide variety of visual applications. We have applied this infrastructure to visual data mining for various business intelligence applications in telecommunication, e-commerce, and Web information access. © Springer-Verlag Berlin Heidelberg 2000.","","Clustering algorithms; Data visualization; Decision making; Information management; Information systems; Visualization; Business intelligence applications; High dimensional data; High dimensionality; Human decision making; Information visualization; Innovative techniques; Visual applications; Visual presentation; Data mining","Conference paper","Final","","Scopus","2-s2.0-84948956143"
"Yenisey M.M.; Ozok A.A.; Salvendy G.","Yenisey, M.M. (6506861211); Ozok, A.A. (6603612916); Salvendy, G. (56763746600)","6506861211; 6603612916; 56763746600","Perceived security determinants in e-commerce among Turkish university students","2005","Behaviour and Information Technology","24","4","","259","274","143","10.1080/0144929042000320992","https://www.scopus.com/pages/publications/27944510130?origin=resultslist","Perceived security is defined as the level of security that users feel while they are shopping on e-commerce sites. The aims of this study were to determine items that positively influence this feeling of security by users during shopping, and to develop guidelines for perceived security in e-commerce. An experiment allowed users with different security assurances to shop on simulated e-commerce sites. The participants were divided into three groups, shopping for cheap, mid-range, and expensive products, respectively. Following the shopping environment, the virtual shopping security questionnaire (VSSQ), consisting of fourteen perceived security items, was presented to the users. The VSSQ was presented to the participants to validate these perceived security items. The VSSQ had a Cronbach's alpha internal reliability value of 0.70. With the exception of two items, there were no significant differences in item ratings between the groups of different shopping item values. A factor analysis procedure determined two main factors concerning perceived security in e-commerce. The perceived operational factor includes: the site's blocking of unauthorized access; emphasis on login name and password authentication; funding and budget spent on security; monitoring of user compliance with security procedures; integration of state-of-the-art systems; distribution of security items within the site; website's encryption strategy; and consolidation with network security vendors. The perceived policy-related factor includes: the website's emphasis on network security; top management commitment; effort to make users aware of security procedures; the website's keeping up-to-date with product standards; the website's emphasis on security in file transfers; and issues concerning the web browser. © 2005 Taylor & Francis Group Ltd.","","Budget control; Computer networks; Cryptography; Data privacy; Electronic commerce; User interfaces; Websites; Encryption strategy; Network security; Security assurance; Security items; Security of data","Article","Final","","Scopus","2-s2.0-27944510130"
"Fink J.; Kobsa A.","Fink, Josef (7403300650); Kobsa, Alfred (6701707333)","7403300650; 6701707333","Review and analysis of commercial user modeling servers for personalization on the World Wide Web","2000","User Modelling and User-Adapted Interaction","10","2-3","","209","249","172","10.1023/A:1026597308943","https://www.scopus.com/pages/publications/0034484385?origin=resultslist","The aim of this article is to present and discuss selected commercial user modeling systems against the background of deployment requirements in real-world environments. Following the recent trend towards personalization on the World Wide Web, these systems are mainly aimed at supporting e-commerce including customer relationship management. In order to guide and structure our review, we define a requirements catalogue that comprises the main dimensions of functionality, data acquisition, representation, extensibility and flexibility, integration of external user-related information, compliance with standards, concern for privacy, and system architecture. Apart from the novelty of such a comparison both inside and outside the classical user modeling literature, a presentation of the core features of these commercial systems may provide a source of information and inspiration for the design, implementation, and deployment of future user modeling systems in research and commercial environments.","","Data acquisition; Electronic commerce; Information retrieval; Marketing; Online systems; User interfaces; World Wide Web; Customer relationship management; User modeling servers; Human computer interaction","Article","Final","","Scopus","2-s2.0-0034484385"
"Chang N.L.; Said A.","Chang, Nelson L. (7202467991); Said, Amir (7102432791)","7202467991; 7102432791","Automatically designed 3D environments for intuitive exploration","2004","2004 IEEE International Conference on Multimedia and Expo (ICME)","3","","","2171","2174","1","","https://www.scopus.com/pages/publications/11244283328?origin=resultslist","While popular as a visual interface, current interactive 3-D environments are often times painstakingly created by hand. This paper proposes interactive 3-D environments that are automatically designed on-the-fly based on various design rules, thereby separating layout and content. The resulting environments are compelling, customizable, and intuitive for information exploration. The interface also serves as an integrated framework for different types of rich media. The complete system for designing, constructing, and rendering the environments in real time is discussed and shown to have implications in a variety of applications including e-commerce.","","Application specific integrated circuits; Database systems; Electronic commerce; Lightning; User interfaces; Virtual reality; Visualization; Websites; Entertainment industry; Information exploration; Intuitive exploration; Virtual environments; Automation","Conference paper","Final","","Scopus","2-s2.0-11244283328"
"Reynolds F.","Reynolds, Franklin (16242291600)","16242291600","A call for innovation","2008","IEEE Pervasive Computing","7","1","","5","7","2","10.1109/MPRV.2008.2","https://www.scopus.com/pages/publications/38349158361?origin=resultslist","Mobile phone industry has been showing a continuous trend of rapid technological innovation to meet continuously changing requirements of consumers and carriers. The need to design user interfaces to better support easy-to-user services and to avoid unpleasant surprises is providing inspiration for research, new technologies, and new products. Future phones will have several gigabytes of storage and rich suites of personal and business applications. Users will be allowed to store on their phones almost any information they currently keep on their laptops. These phones will also feature new mobile applications involving physical security, location awareness, and e-commerce. Advancements in smart phones and similar mobile computing platforms are representing the latest generation of computing, with a revolution in the human-computer interface, leading to innovative user-interface designs and applications that play to the strengths of smart phones as mobile, handheld, personal devices.","","Administrative data processing; Data storage equipment; Electronic commerce; Laptop computers; Product design; User interfaces; Computing platforms; User interface designs; Mobile phones","Article","Final","","Scopus","2-s2.0-38349158361"
"Bergsneider C.; Piraino D.; Fuerst M.","Bergsneider, C. (6603108328); Piraino, D. (7003560285); Fuerst, M. (7003939587)","6603108328; 7003560285; 7003939587","A web implementation: The good and the not-so-good","2001","Journal of Digital Imaging","14","2 SUPPL. 1","","158","159","0","10.1007/bf03190324","https://www.scopus.com/pages/publications/0035354098?origin=resultslist","E-commerce, e-mail, e-greeting, e-this, and e-thateverywhere you turn there is a new ""e"" word for an internet or Web application. We, at the Cleveland Clinic Foundation, have been ""e-nlightened"" and will discuss in this report the implementation of a web-based radiology information system (RIS) in our radiology division or ""e-radiology"" division. The application, IDXRad Version 10.0 from IDX Corp, Burlington, VT, is in use at the Cleveland Clinic Foundation and has both intranet (for use in Radiology) and internet (referring physician viewing) modules. We will concentrate on the features of using a web browser for the application's front-end, including easy prototyping for screen review, easier mock-ups of demonstrations by vendors and developers, and easier training as more people become web-addicted. Project communication can be facilitated with an internal project web page, and use of the web browser can accommodate quicker turnaround of software upgrades as the software code is centrally located. Compared with other technologies, including client/server, there is a smaller roll out cost when using a standard web browser. However, the new technology requires a change and changes are never implemented without challenges. A seasoned technologist using a legacy system can enter data quicker using function keys than using a graphical user interface and pointing and clicking through a series of pop-up windows. Also, effective use of a web browser depends on intuitive design for it to be easily implemented and accepted by the user. Some software packages will not work on both of the popular web browsers and then are tailored to specific release levels. As computer-based patient records become a standard, patient confidentiality must be enforced. The technical design and application security features that support the web-based software package will be discussed. Also web technologies have their own implementation issues.","","Computer Communication Networks; Humans; Radiology Information Systems; Systems Integration; Client server computer systems; Electronic mail; Graphical user interfaces; Intranets; Medical computing; Radiology; Security of data; Web browsers; Hospital information systems; Picture archiving and communication systems; Radiology information systems; article; computer network; hospital information system; human; system analysis; World Wide Web","Conference paper","Final","All Open Access; Bronze Open Access","Scopus","2-s2.0-0035354098"
"Demiriz A.","Demiriz, Ayhan (55958746900)","55958746900","Enhancing product recommender systems on sparse binary data","2004","Data Mining and Knowledge Discovery","9","2","","147","170","38","10.1023/B:DAMI.0000031629.31935.ac","https://www.scopus.com/pages/publications/3543066945?origin=resultslist","Commercial recommender systems use various data mining techniques to make appropriate recommendations to users during online, real-time sessions. Published algorithms focus more on the discrete user ratings instead of binary results, which hampers their predictive capabilities when usage data is sparse. The system proposed in this paper, e-VZpro, is an association mining-based recommender tool designed to overcome these problems through a two-phase approach. In the first phase, batches of customer historical data are analyzed through association mining in order to determine the association rules for the second phase. During the second phase, a scoring algorithm is used to rank the recommendations online for the customer. The second phase differs from the traditional approach and an empirical comparison between the methods used in e-VZpro and other collaborative filtering methods including dependency networks, item-based, and association mining is provided in this paper. This comparison evaluates the algorithms used in each of the above methods using two internal customer datasets and a benchmark dataset. The results of this comparison clearly show that e-VZpro performs well compared to dependency networks and association mining. In general, item-based algorithms with cosine similarity measures have the best performance.","Association mining; Collaborative filtering; Customer relationship management; Dependency networks; e-commerce; Recommender systems","Algorithms; Benchmarking; Computer supported cooperative work; Electronic commerce; Information analysis; Online conferencing; Probabilistic logics; Real time systems; Set theory; User interfaces; Web browsers; Association mining; Collaborative filtering; Customer relationship management; Dependency networks; Recommender systems; Data mining","Article","Final","","Scopus","2-s2.0-3543066945"
"Luo X.; Zhang J.","Luo, Xueming (7402870702); Zhang, Jie (16680147300)","7402870702; 16680147300","How do consumer buzz and traffic in social media marketing predict the value of the firm?","2013","Journal of Management Information Systems","30","2","","213","238","193","10.2753/MIS0742-1222300208","https://www.scopus.com/pages/publications/84898434538?origin=resultslist","Consumer buzz in the form of user-generated reviews, recommendations, and blogs signals that consumer attitude and advocacy can influence firm value. Web traffic also affects brand awareness and customer acquisition, and is a predictor of the performance of a firm's stock in the market. The information systems and accounting literature have treated buzz and traffic separately in studying their relationships with firm performance. We consider the interactions between buzz and traffic as well as competitive effects that have been overlooked heretofore. To study the relationship between user-initiated Web activities and firm performance, we collected a unique data set with metrics for consumer buzz, Web traffic, and firm value. We employed a vector autoregression with exogenous variables model that captures the evolution and interdependence between the time series of dependent variables. This model enables us to examine a series of questions that have been raised but not fully explored to date, such as dynamic effects, interaction effects, and market competition effects. Our results support the dynamic relationships of buzz and traffic with firm value as well as the related mediation effects of buzz and traffic. They also reveal significant market competition effects, including effects of both a firm's own and its rivals' buzz and traffic. The findings also provide insights for e-commerce managers regarding Web site design, customer relation management, and how to best respond to competitors' strategic moves. © 2013 M.E. Sharpe, Inc.","Consumer buzz; Firm value; Online reviews; Social media; Stock market performance; Vector autoregression; Web traffic","Competition; Public relations; Regression analysis; World Wide Web; Consumer buzz; Firm value; Online reviews; Social media; Stock market performance; Vector autoregressions; Web traffic; Commerce","Conference paper","Final","","Scopus","2-s2.0-84898434538"
"Li H.; Sarathy R.","Li, Han (35269099100); Sarathy, Rathindra (6602199540)","35269099100; 6602199540","Exploring the Impact of Emotions on Internet Users' Perceived Privacy","2006","Association for Information Systems - 12th Americas Conference On Information Systems, AMCIS 2006","2","","","897","902","5","","https://www.scopus.com/pages/publications/84870035146?origin=resultslist","The study of information privacy in e-commerce is still in its infancy. Current studies have mainly focused on consumers' general concern for privacy. They have largely ignored situational factors (such as emotions, website design, etc) and the potential influence of situational factors in shaping Internet users' perception about the level of privacy (or privacy belief) ensured by online vendors. This study draws on cognitive congruency theory to explore the impact of emotions on Internet users' privacy beliefs. It finds that, for an unfamiliar website, a holistic shopping experience triggers various emotions. These emotions (likings and frustration) then act as the primary determinants of privacy belief. Privacy concern is a less important factor in shaping privacy beliefs. Trust belief and privacy belief then serve as primary antecedents of intention to give out personal information. Therefore, in the future, privacy researchers should devote more efforts to studying privacy belief and the impact of situational factors.","Cognitive appraisal; E-commerce; Emotion; Privacy belief; Privacy concern","Behavioral research; Electronic commerce; Information dissemination; Information systems; Internet; Websites; Cognitive appraisal; Emotion; Information privacy; Internet users; Online vendors; Personal information; Privacy concerns; Situational factors; Web site design; Data privacy","Conference paper","Final","","Scopus","2-s2.0-84870035146"
"Lee T.Q.; Park Y.; Park Y.-T.","Lee, Tong Queue (23097805300); Park, Young (56111161400); Park, Yong-Tae (55547105195)","23097805300; 56111161400; 55547105195","A similarity measure for collaborative filtering with implicit feedback","2007","Lecture Notes in Computer Science (including subseries Lecture Notes in Artificial Intelligence and Lecture Notes in Bioinformatics)","4682 LNAI","","","385","397","23","10.1007/978-3-540-74205-0_43","https://www.scopus.com/pages/publications/38049012939?origin=resultslist","Collaborative Filtering(CF) is a widely accepted method of creating reeommender systems. CF is based on the similarities among users or items. Measures of similarity including the Pearson Correlation Coefficient and the Cosine Similarity work quite well for explicit ratings, but do not capture real similarity from the ratings derived from implicit feedback. This paper identifies some problems that existing similarity measures have with implicit ratings by analyzing the characteristics of implicit feedback, and proposes a new similarity measure called Inner Product that is more appropriate for implicit ratings. We conducted experiments on user-based collaborative filtering using the proposed similarity measure for two e-commerce environments. Empirical results show that our similarity measure better captures similarities for implicit ratings and leads to more accurate recommendations. Our inner product-based similarity measure could be useful for CF-based recommender systems using implicit ratings in which negative ratings are difficult to be incorporated. © Springer-Verlag Berlin Heidelberg 2007.","Collaborative filtering; E-commerce; Implicit feedback; Recommendation accuracy; Recommender system; Similarity measure","Electronic commerce; Feedback; Problem solving; User interfaces; Collaborative filtering; Implicit feedback; Recommendation accuracy; Recommender systems; Similarity measures; Computer supported cooperative work","Conference paper","Final","","Scopus","2-s2.0-38049012939"
"Parboteeah D.V.; Valacich J.S.; Wells J.D.","Parboteeah, D. Veena (8904202400); Valacich, Joseph S. (6603695997); Wells, John D. (36781621100)","8904202400; 6603695997; 36781621100","The influence of website characteristics on a consumer's urge to buy impulsively","2009","Information Systems Research","20","1","","60","78","744","10.1287/isre.1070.0157","https://www.scopus.com/pages/publications/67649529414?origin=resultslist","With the proliferation of e-commerce, there is growing evidence that online impulse buying is occurring, yet relatively few researchers have studied this phenomenon. This paper reports on two studies that examine how variations in a website influence online impulse buying. The results reveal some relevant insights about this phenomenon. Specifically, although many participants had the urge to buy impulsively, regardless of website quality, this behavior's likelihood and magnitude was directly influenced by varying the quality of taskrelevant and mood-relevant cues. Task-relevant cues include characteristics, such as navigability, that help in the attainment of the online consumer's shopping goal. Conversely, mood-relevant cues refer to the characteristics, such as visual appeal, that affect the degree to which a user enjoys browsing a website but that do not directly support a particular shopping goal. The implications of the results for both future research and the design of human-computer interfaces are discussed. © 2009 INFORMS.","Electronic commerce; Environmental psychology; Human-computer interface; Impulse buying; Scenario; Website characteristics","Commerce; Electronic commerce; Human computer interaction; Interfaces (computer); User interfaces; Environmental psychology; Human computer interfaces; Impulse buying; Online consumers; Scenario; Task relevant; Visual appeals; Website quality; Websites","Article","Final","","Scopus","2-s2.0-67649529414"
"Kock N.","Kock, Ned (7102936635)","7102936635","E-collaboration and E-commerce in virtual worlds: The potential of Second Life and World of Warcraft","2008","International Journal of e-Collaboration","4","3","","1","13","102","10.4018/jec.2008070101","https://www.scopus.com/pages/publications/47649124454?origin=resultslist","Virtual worlds can be defined as technology-created virtual environments that incorporate representations of real world elements such as human beings, landscapes and other objects. Recent years have seen the growing use of virtual worlds such as Second Life and World of Warcraft for entertainment and business purposes, and a rising interest from researchers in the impact that virtual worlds can have on patterns of e-collaboration behavior and collaborative task outcomes. This article looks into whether actual work can be accomplished in virtual worlds, whether virtual worlds can provide the basis for trade (B2C and C2C e-commerce), and whether they can serve as a platform for credible studies of e-collaboration behavior and related outcomes. The conclusion reached is that virtual worlds hold great potential in each of these three areas, even though there are certainly pitfalls ahead. Copyright © 2008, IGI Global.","E-collaboration; E-commerce; Second Life; User interface design; Virtual reality; Virtual worlds; World of Warcraft","","Article","Final","","Scopus","2-s2.0-47649124454"
"Singh M.; Cafarella M.J.; Jagadish H.V.","Singh, Manish (58868851400); Cafarella, Michael J. (8425432800); Jagadish, H.V. (35242128300)","58868851400; 8425432800; 35242128300","DBExplorer: Exploratory search in databases","2016","Advances in Database Technology - EDBT","2016-March","","","89","100","21","10.5441/002/edbt.2016.11","https://www.scopus.com/pages/publications/85013670622?origin=resultslist","A traditional relational database can evaluate complex queries but requires users to precisely express their information need. But users often do not know what information is available in a database, and hence cannot correctly express their information need. Traditional databases do not provide convenient means for users to gain familiarity with the data. In this paper, we study the problem of exploratory search, which a user may wish to perform to get an understanding of the data set. We note that users often have some decisions already made, so what they need is not an overall database summary, but rather a summary ""in context"" of the relevant portion of the database. Towards this end, we devise a novel data summarization technique called the Conditional Attribute Dependency (CAD) View, which shows the conditional dependencies between attribute values conditioned on applied selections. The CAD View can help users to gain familiarity with structured datasets in an attribute-wise manner. To evaluate the CAD View, we perform a user study comprising three complex exploratory tasks on a real dataset. Our studies show that users are able to do all the tasks about 4-5 times faster and with better accuracy using the CAD View compared to the data summary shown in faceted navigation, which is currently the most popular search interface for e-commerce and has support for exploratory search. © 2016, Copyright is with the authors.","","Attribute values; Complex queries; Data summaries; Data summarization techniques; Database summary; Exploratory search; Relational Database; Search interfaces; Query languages","Conference paper","Final","","Scopus","2-s2.0-85013670622"
"Nelson D.; Turney L.","Nelson, David (56683676600); Turney, Linda (50862222800)","56683676600; 50862222800","What's in a word? Rethinking facet headings in a discovery service","2015","Information Technology and Libraries","34","2","","76","91","11","10.6017/ital.v34i2.5629","https://www.scopus.com/pages/publications/84931077511?origin=resultslist","The emergence of discovery systems has been well received by libraries who have long been concerned with offering a smorgasbord of databases that require either individual searching of databases or the problematic use of federated searching. The ability to search across a wide array of subscribed and open-access information resources via a centralized index has opened up access for users to a library's wealth of information resources. This capability has been particularly praised for its ""Google-like"" search interface, thereby conforming to user expectations for information searching. Yet all discovery services also include facets as a search capability and thus provide faceted navigation that is a search feature for which Google is not particularly well suited. Discovery services thus provide a hybrid search interface. An examination of e-commerce sites clearly shows that faceted navigation is an integral part of their discovery systems. Many library OPACs also now are being developed with faceted navigation capabilities. However, the discovery services faceted structures suffer from a number of problems that inhibit their usefulness and their potential. This article examines several of these issues and offers suggestions for improving the discovery search interface. It also argues that vendors and libraries need to work together to more closely analyze the user experience of the discovery system. © 2015, American Library Association. All rights reserved.","","","Article","Final","All Open Access; Gold Open Access; Green Open Access","Scopus","2-s2.0-84931077511"
"Park M.; Fishwick P.","Park, Minho (55479190800); Fishwick, Paul (56252883400)","55479190800; 56252883400","Enabling Model Customization and Integration","2003","Proceedings of SPIE - The International Society for Optical Engineering","5091","","","404","413","0","10.1117/12.488505","https://www.scopus.com/pages/publications/0242467099?origin=resultslist","Until fairly recently, the idea of dynamic model content and presentation were treated synonymously. For example, if one was to take a data flow network, which captures the dynamics of a target system in terms of the flow of data through nodal operators, then one would often standardize on rectangles and arrows for the model display. The increasing web emphasis on XML, however, suggests that the network model can have its content specified in an XML language, and then the model can be represented in a number of ways depending on the chosen style. We have developed a formal method, based on styles, that permits a model to be specified in XML and presented in 1D (text), 2D, and 3D. This method allows for customization and personalization to exert their benefits beyond e-commerce, to the area of model structures used in computer simulation. This customization leads naturally to solving the bigger problem of model integration - the act of taking models of a scene and integrating them with that scene so that there is only one unified modeling interface. This work focuses mostly on customization, but we address the integration issue in the future work section.","3D Visualization; Aesthetic programming; Customization; Modeling; Personalization; Rube Methodology; Simulation; XML-Based Simulation","Computer simulation; Computer software; Data flow analysis; Electronic commerce; Virtual reality; XML; Customization; User interfaces","Conference paper","Final","","Scopus","2-s2.0-0242467099"
"Rahdari B.; Brusilovsky P.","Rahdari, Behnam (57195587099); Brusilovsky, Peter (6701517032)","57195587099; 6701517032","CARE: An Infrastructure for Evaluation of Carousel-Based Recommender Interfaces","2024","ACM International Conference Proceeding Series","","","","41","44","2","10.1145/3640544.3645223","https://www.scopus.com/pages/publications/85204682085?origin=resultslist","Carousel-based interfaces are integral in enhancing user experience in online recommender systems like streaming services or e-commerce platforms, yet their usability evaluation often lacks standardization. Existing work on evaluating recommender systems, from toolkits to infrastructure, mainly assesses recommendation algorithms rather than user experience. This focus leads to a limited understanding of recommender systems' effectiveness, as it overlooks the role of user interface design, especially carousel-based interfaces, in user experience. In response, this paper introduces a web-based infrastructure for the usability assessment of carousel-based interfaces. Our infrastructure is adaptable for various domains and setups, and its modular design allows for potential expansion. © 2024 Owner/Author.","","Online systems; Usability engineering; Commerce platforms; E- commerces; Online recommender systems; Recommendation algorithms; Streaming service; System effectiveness; Usability evaluation; User interface designs; Users' experiences; Web-based infrastructure; User interfaces","Conference paper","Final","All Open Access; Gold Open Access","Scopus","2-s2.0-85204682085"
"Zhao Z.; Mazen A.; Bazzi Y.; Wang B.; Li S.","Zhao, Ziyuan (59708149400); Mazen, Amna (57222081751); Bazzi, Youssef (57101946000); Wang, Bingyi (59708854400); Li, Sushuang (59708381800)","59708149400; 57222081751; 57101946000; 59708854400; 59708381800","Intelligent Warehouse Robot for Classifying, Sorting, and Transporting Goods’ Boxes","2024","IECON Proceedings (Industrial Electronics Conference)","","","","","","1","10.1109/IECON55916.2024.10905340","https://www.scopus.com/pages/publications/105000835291?origin=resultslist","With the rapid development of global retail e-commerce, the critical role of warehouses in logistics systems has become increasingly prominent. Current state-of-the-art solutions typically address only one or two warehouse tasks, including object recognition, sorting, and transportation. This paper presents the development of an integrated autonomous warehouse robot system capable of performing the three functions. The system mimics human capabilities by integrating various components, including advanced computer vision technologies using YOLOv5, a mobile robot, and a robotic arm. The YOLOv5 algorithm is employed for object detection and size estimation, enabling the system to classify goods-containing boxes into small, medium, and large categories. These classified goods are then delivered to predetermined locations by the mobile robot. Finally, the robot arm is employed to pick and place boxes in their storage location based on size. Experimental results demonstrate the system’s robustness and reliability, highlighting its significant potential to enhance warehouse management through robotic automation. © 2024 IEEE.","Mobile robot Navigation; ROS; Warehouse robot; Widowx arm robot; YOLOv5","Air navigation; Industrial robots; Intelligent robots; Robotic arms; 'current; E- commerces; Intelligent warehouse; Logistics system; Mobile Robot Navigation; ROS; State of the art; Warehouse robot; Widowx arm robot; YOLOv5; Mobile robots","Conference paper","Final","","Scopus","2-s2.0-105000835291"
"Bellamy R.; Swart C.; Kellogg W.A.; Richards J.; Brezin J.","Bellamy, R. (7006073277); Swart, C. (55892084900); Kellogg, W.A. (57200009282); Richards, J. (56421198500); Brezin, J. (8705961500)","7006073277; 55892084900; 57200009282; 56421198500; 8705961500","Designing an e-grocery application for a Palm computer: Usability and interface issues","2001","IEEE Personal Communications","8","4","","60","64","26","10.1109/98.944005","https://www.scopus.com/pages/publications/0035428355?origin=resultslist","The coming ubiquity of handheld devices and e-commerce will offer many new design and application opportunities for human-computer interaction, many of them in ""everyday"" domains. This article reports on the iterative design of a handheld application for one such domain, grocery shopping. Our goal was to produce a solution for home ordering of groceries using a PDA. The article focuses on the evolution of the application design through a process that alternated design activities with formative evaluations in the field. At the end of the design and development process, 200 shoppers in the United Kingdom were using the resulting application.","","Electronic commerce; Human computer interaction; Iterative methods; Personal digital assistants; User interfaces; Palm computers; Computer applications","Article","Final","","Scopus","2-s2.0-0035428355"
"Duan H.; Zhai C.; Cheng J.; Gattani A.","Duan, Huizhong (25824956200); Zhai, Chengxiang (35232046000); Cheng, Jinxing (55953607900); Gattani, Abhishek (8583676000)","25824956200; 35232046000; 55953607900; 8583676000","A probabilistic mixture model for mining and analyzing product search log","2013","International Conference on Information and Knowledge Management, Proceedings","","","","2179","2188","27","10.1145/2505515.2505578","https://www.scopus.com/pages/publications/84889599023?origin=resultslist","The booming of e-commerce in recent years has led to the generation of large amounts of product search log data. Product search log is a unique new data with much valuable information and knowledge about user preferences over product attributes that is often hard to obtain from other sources. While regular search logs (e.g., Web search logs) contain click-throughs for unstructured text documents (e.g., web pages), product search logs contain clickth-roughs for structured entities defined by a set of attributes and their values. For instance, a laptop can be defined by its size, color, cpu, ram, etc. Such structures in product entities offer us opportunities to mine and discover detailed useful knowledge about user preferences at the attribute level, but they also raise significant challenges for mining due to the lack of attribute-level observations. In this paper, we propose a novel probabilistic mixture model for attribute-level analysis of product search logs. The model is based on a generative process where queries are generated by a mixture of unigram language models defined by each attribute-value pair of a clicked entity. The model can be efficiently estimated using the Expectation- Maximization (EM) algorithm. The estimated parameters, including the attribute-value language models and attribute-value preference models, can be directly used to improve product search accuracy, or aggregated to reveal knowledge for understanding user intent and supporting business intelligence. Evaluation of the proposed model on a commercial product search log shows that the model is effective for mining and analyzing product search logs to discover various kinds of useful knowledge. Copyright 2013 ACM.","Probabilistic mixture model; Product search; Search log mining","Algorithms; Computational linguistics; Knowledge management; Management science; User interfaces; Websites; Attribute-value pairs; Commercial products; Estimated parameter; Expectation - maximizations; Probabilistic mixture models; Product search; Search log minings; Unstructured texts; Mixtures","Conference paper","Final","","Scopus","2-s2.0-84889599023"
"Guo Y.M.; Poole M.S.","Guo, Yi Maggie (14832712500); Poole, Marshall Scott (7102423839)","14832712500; 7102423839","Antecedents of flow in online shopping: A test of alternative models","2009","Information Systems Journal","19","4","","369","390","244","10.1111/j.1365-2575.2007.00292.x","https://www.scopus.com/pages/publications/67650306423?origin=resultslist","Flow is an optimal state of experience that has been studied in various situations, including online environments. In such environments, it has been found to be positively related to exploratory behaviour, revisit and purchase intention, and positive attitude towards web sites. Based on flow theory, this study tests the complete structure of the flow model as it was originally formulated in an online shopping context. The role of the preconditions of flow is elaborated and the effect of web site complexity, an important interface design variable, on flow is examined. Results show that web site complexity affects flow through the mediating effects of the three preconditions of flow. Theoretical and practical implications of this finding are discussed. © 2008 Blackwell Publishing Ltd.","E-commerce; Flow; Web site complexity; Web site design","","Conference paper","Final","","Scopus","2-s2.0-67650306423"
"Gupta A.; Agarwal P.","Gupta, Arun (59173629400); Agarwal, Pratiksha (59173926200)","59173629400; 59173926200","Enhancing CRM in E-Commerce Through Time-Weighted RFM Analysis and K-Means++ Clustering","2025","Lecture Notes in Networks and Systems","1299","","","511","523","0","10.1007/978-981-96-3358-6_37","https://www.scopus.com/pages/publications/105003860904?origin=resultslist","Data analytics is essential in the e-commerce sector since it improves customer relationship management (CRM) techniques and offers businesses valuable insights to customize client interactions. However, conventional RFM analysis often fails to capture rapidly changing customer behaviors, which lack the agility needed in today’s fast-paced market. This discrepancy underscores the necessity for a more dynamic approach that can accurately reflect and adapt to the evolving patterns of consumer activity, ensuring that CRM strategies remain effective and relevant over time. Our study addressed the identified gap by proposing a sophisticated time-weighted RFM model, enhanced with K-means++ clustering, for real-time customer behavior analysis. Improving customer segmentation in e-commerce captures a robust and more dynamic profile for consumer behaviors. Allowing businesses to implement real-time preemptive commerce strategies and back-office navigation routes using an advanced understanding of customer engagement patterns in digital commerce ultimately creates a new standard for CRM performance today. Increased segmentation accuracy reveals the effectiveness of our model, where silhouette scores improve up to 0.45, meaning that more compact and separate clusters are generated now. Further, campaign response rates improved by 15% due to better customer engagement with the model. These same customer retention metrics indicate a corresponding rise in engagement, demonstrating the model’s real-world impact on business growth and client loyalty. The results show that our method improves CRM strategies in the e-commerce field. © The Author(s), under exclusive license to Springer Nature Singapore Pte Ltd. 2025.","","Consumer behavior; Customer satisfaction; K-means clustering; Mobile commerce; Public relations; Sales; Client interaction; Customer behavior; Customer relationship management; Data analytics; E- commerces; K-means++ clustering; Management strategies; Management techniques; Real- time; RFM analysis; Marketplaces","Conference paper","Final","","Scopus","2-s2.0-105003860904"
"Heckman Carey E.; Wobbrock Jacob O.","Heckman, Carey E. (7005749516); Wobbrock, Jacob O. (6603152369)","7005749516; 6603152369","Put your best face forward: Anthropomorphic agents, E-commerce consumers, and the law","2000","Proceedings of the International Conference on Autonomous Agents","","","","435","442","28","","https://www.scopus.com/pages/publications/0033700743?origin=resultslist","Highly believable anthropomorphic agents endanger electronic consumers. Because of concerning tendencies in human-agent interaction arising from agents' anthropomorphic qualities, consumers may unwittingly treat agents as competent, trustworthy, living counterparts. This paper concludes that developers must focus agent design on consumer welfare, not technical virtuosity, if legal and ethical perils are to be avoided.","","Electronic commerce; Human computer interaction; Laws and legislation; Man machine systems; User interfaces; Anthropomorphic agents; Artificial intelligence","Conference paper","Final","","Scopus","2-s2.0-0033700743"
"Oldenburger K.; Lehto X.; Feinberg R.; Lehto M.; Salvendy G.","Oldenburger, Kristen (16043343600); Lehto, Xinran (6507157583); Feinberg, Richard (7005848421); Lehto, Mark (7102385510); Salvendy, Gavriel (56763746600)","16043343600; 6507157583; 7005848421; 7102385510; 56763746600","Critical purchasing incidents in e-business","2008","Behaviour and Information Technology","27","1","","63","77","17","10.1080/01449290601138385","https://www.scopus.com/pages/publications/38949094925?origin=resultslist","This research utilized the critical incident technique (CIT) to identify factors influencing customer satisfaction and retention of customers participating in e-commerce transactions. Customers were asked in telephone interviews to discuss both particularly satisfying and dissatisfying (or critical) incidents they had experienced when using web sites to conduct transactions. Each customer also provided demographic information, rated their satisfaction with the experience and ecommerce provider, and was asked how often they purchased products from the provider prior to and after the incident. Analysis revealed 662 citations by customers of items contributing to either positive or negative experiences. Exploratory text-mining analysis revealed that the majority of positive items pertained to the transaction (38%), product (25%), or website (23%), and to customer support (35%) or the transaction for negative items (30%). Approximately 86% of customers citing positive items said they were very likely to use the e-commerce site again, compared to 22% of customers citing negative items. Customer support and user experience both seemed to play an important mediating role on the criticality of negative incidents. Over 70% of first time users and customers who said customer support ignored or refused their requests for assistance said they were unlikely to return to the site, compared to 20% when customer support was said to be responsive. Correlation analysis confirmed that negative incidents tended to be more critical than positive ones, and more so for first time customers.","Critical incident technique; Customer satisfaction; E-satisfaction; E-transaction","Customer satisfaction; Data mining; Information retrieval; Text processing; User interfaces; Websites; Critical incident techniques; E-satisfaction; E-transaction; Telephone interviews; Electronic commerce","Article","Final","","Scopus","2-s2.0-38949094925"
"Ulmer D.B.; Tao L.","Ulmer, David B. (13806051100); Tao, Lixin (7201566805)","13806051100; 7201566805","Architectural solutions to agent-enabling e-commerce portals with pull/push abilities","2006","WSEAS Transactions on Computers","5","5","","1026","1033","1","","https://www.scopus.com/pages/publications/33744518307?origin=resultslist","The enormous diversity and choices of goods and services across the Internet, as well as the dynamic nature of e-commerce, could overwhelm clients, deter them, and make their transaction decisions less effective. Transaction agents are attracting ever increasing attention in the industry and research community as a tool to aid in the automation of a client's e-business experience and reduce the transaction decision-making complexity. This research adopts Web servic es and middleware technologies to provide bi-directional communication channels between network-blind generic transaction agents and existing e-commerce portals with no modification to their existing functions. A novel scheme is proposed to support delayed transactions, which are critical in e-business marketplaces like e-auction or scenarios where delaying a transaction may increase the value proposition to the human user. An action-word-based translation system is used to bridge the semantic gap between the agents and the e-business portals. This research also contributes two reusable software components as its generic client-side agent support system and its portal callback tier.","E-commerce portals; Middleware; Pull/push technologies; Transaction automation; Transaction software agent; Web service","Client server computer systems; Communication channels (information theory); Computer software; Data communication systems; Decision making; Interconnection networks; Internet; Portals; User interfaces; Bi-directional communication channel; Decision-making complexity; Electronic commerce","Article","Final","","Scopus","2-s2.0-33744518307"
"Lin Y.; Ahn J.-W.; Brusilovsky P.; He D.; Real W.","Lin, Yiling (25825200500); Ahn, Jae-Wook (55448083700); Brusilovsky, Peter (6701517032); He, Daqing (15044318000); Real, William (55045303500)","25825200500; 55448083700; 6701517032; 15044318000; 55045303500","ImageSieve: Exploratory search of museum archives with named entity-based faceted browsing","2010","Proceedings of the ASIST Annual Meeting","47","","","","","16","10.1002/meet.14504701217","https://www.scopus.com/pages/publications/84861446903?origin=resultslist","Over the last few years, faceted search emerged as an attractive alternative to the traditional ""text box"" search and has become one of the standard ways of interaction on many e-commerce sites. However, these applications of faceted search are limited to domains where the objects of interests have already been classified along several independent dimensions, such as price, year, or brand. While automatic approaches to generate faceted search interfaces were proposed, it is not yet clear to what extent the automatically-produced interfaces will be useful to real users, and whether their quality can match or surpass their manually-produced predecessors. The goal of this paper is to introduce an exploratory search interface called ImageSieve, which shares many features with traditional faceted browsing, but can function without the use of traditional faceted metadata. ImageSieve uses automatically extracted and classified named entities, which play important roles in many domains (such as news collections, image archives, etc.). We describe one specific application of ImageSieve for image search. Here, named entities extracted from the descriptions of the retrieved images are used to organize a faceted browsing interface, which then helps users to make sense of and further explore the retrieved images. The results of a user study of ImageSieve demonstrate that a faceted search system based on named entities can help users explore large collections and find relevant information more effectively.","Empirical study; Faceted search; Named entity; User interface","","Conference paper","Final","All Open Access; Bronze Open Access","Scopus","2-s2.0-84861446903"
"Kalczynski P.; Senecal S.; Fredette M.","Kalczynski, Pawel (6507637262); Senecal, Sylvain (57200814456); Fredette, Marc (16031104000)","6507637262; 57200814456; 16031104000","Dynamic prediction of retail website visitors' intentions","2008","Proceedings of the International Conference on Electronic Business (ICEB)","","","","205","210","0","","https://www.scopus.com/pages/publications/84873481612?origin=resultslist","This paper presents a model for identifying general intentions of consumers visiting a retail website. When visiting a transactional website, consumers have various intentions such as browsing (i.e., no purchase intention), purchasing a product in the near future, or purchasing a particular product during their current visit. By predicting these intentions early in the visit, online merchants could personalize their offer to better fulfill the needs of consumers. We propose a simple model which enables classifying visitors according to their intentions after only four traversals (clicks). The model is based solely on navigation patterns which can be automatically extracted from clickstream. The results are presented and extensions of the model are proposed.","Clickstream analysis; Consumer behavior; E-commerce","Consumer behavior; Electronic commerce; Websites; Clickstreams; Dynamic prediction; Navigation patterns; Online merchants; Purchase intention; Sales","Conference paper","Final","","Scopus","2-s2.0-84873481612"
"Karuppuchamy S.","Karuppuchamy, Sureshkumar (60576921600)","60576921600","AI-Augmented Software Engineering for Rapid Feature Delivery and Operations Automation","2026","2026 IEEE 16th Annual Computing and Communication Workshop and Conference, CCWC 2026","","","","607","614","0","10.1109/CCWC67433.2026.11393761","https://www.scopus.com/pages/publications/105035618288?origin=resultslist","Modern software organizations need to deliver new features rapidly without sacrificing reliability. We present a metrics-driven, governance-first blueprint for integrating generative AI assistants across the enterprise software development lifecycle (SDLC). This approach embeds large language model (lLM)-based assistants into every phase-coding, testing, code review, CI/CD, and operations-with multi-layered governance guardrails to ensure safe and effective use. We deployed this blueprint at a global e-commerce company ('RetailCo') and achieved a 20 × increase in deployment frequency without any loss of reliability. Our primary contributions are: (1) a reusable governance template for safe AI adoption (combining usage policies, content filtering, security scanning, and human oversight), (2) a holistic integration pattern for AI across the SDLC (demonstrated at enterprise scale with phased rollout guidance), and (3) a quantitative evaluation framework grounded in DORA metrics to measure impact on velocity and quality. Results from production show development cycles accelerated (lead times ≈ 40% shorter) and throughput increased (≈ 15% more work items completed), while defect rates and incident resolution times improved. These findings offer a practical roadmap for safely boosting developer productivity and operational efficiency with AI, demonstrating that with appropriate controls, generative AI tools can dramatically speed up delivery without compromising software quality. © 2026 IEEE.","AIOps; Bug Triage; Developer Productivity; DevOps; Generative AI; Software Engineering","Air navigation; Blueprints; Computer aided software engineering; Computer programming; Computer software reusability; Computer software selection and evaluation; Enterprise software; Life cycle; Software design; Software quality; Software reliability; AIOp; Bug triage; Developer productivity; Enterprise software development; Generative AI; Language model; Model-based OPC; Phase coding; Software development life-cycle; Software organization; Automation","Conference paper","Final","","Scopus","2-s2.0-105035618288"
"Haldar M.; Zhang H.; Bellare K.; Chen S.; Banerjee S.; Wang X.; Abdool M.; Gao H.; Tapadia P.; He L.; Katariya S.","Haldar, Malay (57210640313); Zhang, Hongwei (59238858700); Bellare, Kedar (60363344500); Chen, Sherry (59238863800); Banerjee, Soumyadip (59238898100); Wang, Xiaotang (55658042000); Abdool, Mustafa (56840815500); Gao, Huiji (36456928300); Tapadia, Pavan (59238858800); He, Liwei (57939058600); Katariya, Sanjeev (57211580800)","57210640313; 59238858700; 60363344500; 59238863800; 59238898100; 55658042000; 56840815500; 36456928300; 59238858800; 57939058600; 57211580800","Learning to Rank for Maps at Airbnb","2024","Proceedings of the ACM SIGKDD International Conference on Knowledge Discovery and Data Mining","","","","5061","5069","2","10.1145/3637528.3671648","https://www.scopus.com/pages/publications/85203703984?origin=resultslist","As a two-sided marketplace, Airbnb brings together hosts who own listings for rent with prospective guests from around the globe. Results from a guest's search for listings are displayed primarily through two interfaces: (1) as a list of rectangular cards that contain on them the listing image, price, rating, and other details, referred to as list-results (2) as oval pins on a map showing the listing price, called map-results. Both these interfaces, since their inception, have used the same ranking algorithm that orders listings by their booking probabilities and selects the top listings for display. But some of the basic assumptions underlying ranking, built for a world where search results are presented as lists, simply break down for maps. This paper describes how we rebuilt ranking for maps by revising the mathematical foundations of how users interact with search results. Our iterative and experiment-driven approach led us through a path full of twists and turns, ending in a unified theory for the two interfaces. Our journey shows how assumptions taken for granted when designing machine learning algorithms may not apply equally across all user interfaces, and how they can be adapted. The net impact was one of the largest improvements in user experience for Airbnb which we discuss as a series of experimental validations.  © 2024 Copyright held by the owner/author(s). Publication rights licensed to ACM.","e-commerce; map search; search ranking","Learning to rank; Marketplaces; Break down; E- commerces; Machine learning algorithms; Map search; Mathematical foundations; Net impact; Prospectives; Ranking algorithm; Search ranking; Unified theory; Learning algorithms","Conference paper","Final","","Scopus","2-s2.0-85203703984"
"Yang Y.; Liu H.; Cai Y.","Yang, Yinghui (16069947200); Liu, Hongyan (35102691300); Cai, Yuanjue (55735064100)","16069947200; 35102691300; 55735064100","Discovery of online shopping patterns across websites","2013","INFORMS Journal on Computing","25","1","","161","176","13","10.1287/ijoc.1110.0484","https://www.scopus.com/pages/publications/84877996870?origin=resultslist","In the online world, customers can easily navigate to different online stores to make purchases. The products purchased on one site are often associated with product purchases on other sites (e.g., a hotel reservation on one site and a car rental on another site). Whereas market basket analysis is often used to discover associations among products for brick-and-mortar stores, it is rarely applied in the online setting where consumers navigate among different online stores to buy products. We define online shopping patterns and develop two novel methods to perform market basket analysis across websites. While this research is motivated by online shopping applications, our contribution is mainly methodological. The two methods we develop in this paper can not only be used to identify various online shopping patterns across sites and products but can also be applied to settings where patterns exist across different dimensions. Experiments on both synthetic data and real online shopping data demonstrate the effectiveness of our methods. © 2013 INFORMS.","Analysis of algorithms; Data mining; E-commerce","Data mining; Navigation; Sales; Websites; Analysis of algorithms; Car rental; Market basket analysis; Novel methods; On-line setting; Online shopping; Online store; Synthetic data; Electronic commerce","Article","Final","","Scopus","2-s2.0-84877996870"
"Gorgoglione M.; Palmisano C.; Tuzhilin A.","Gorgoglione, M. (6602583632); Palmisano, C. (15045231800); Tuzhilin, A. (7003279680)","6602583632; 15045231800; 7003279680","Personalization in context: Does context matter when building personalized customer models?","2006","Proceedings - IEEE International Conference on Data Mining, ICDM","","","4053050","222","231","28","10.1109/ICDM.2006.125","https://www.scopus.com/pages/publications/34748919488?origin=resultslist","The idea that context is important when predicting customer behavior has been maintained by scholars in marketing and data mining. However, no systematic study measuring how much the contextual information really matters in building customer models in personalization applications have been done before. In this paper, we address this problem. To this aim, we collected data containing rich contextual information by developing a special-purpose browser to help users to navigate a well-known e-commerce retail portal and purchase products on its site. The experimental results show that context does matter for the case of modeling behavior of individual customers. The granularity of contextual information also matters, and the effect of contextual information gets diluted during the process of aggregating customers' data. © 2006 IEEE.","","Algorithms; Customer satisfaction; Electronic commerce; Information management; Problem solving; User interfaces; Granularity; Personalization applications; Personalized customer models; Data mining","Conference paper","Final","","Scopus","2-s2.0-34748919488"
"Gideon J.; Egelman S.; Cranor L.; Acquisti A.","Gideon, Julia (16642511300); Egelman, Serge (15520659900); Cranor, Lorrie (6602378856); Acquisti, Alessandro (16642142700)","16642511300; 15520659900; 6602378856; 16642142700","Power strips, prophylactics, and privacy, Oh my!","2006","ACM International Conference Proceeding Series","149","","","133","144","26","10.1145/1143120.1143137","https://www.scopus.com/pages/publications/34250721634?origin=resultslist","While Internet users claim to be concerned about online privacy, their behavior rarely reflects those concerns. In this paper we investigate whether the availability of comparison information about the privacy practices of online merchants affects users' behavior. We conducted our study using Privacy Finder, a ""privacy-enhanced search engine"" that displays search results annotated with the privacy policy information of each site. The privacy information is garnered from computer-readable privacy policies found at the respective sites. We asked users to purchase one non-privacy-sensitive item and then one privacy-sensitive item using Privacy Finder, and observed whether the privacy information provided by our search engine impacted users' purchasing decisions (participants' costs were reimbursed, in order to separate the effect of privacy policies from that of price). A control group was asked to make the same purchases using a search engine that produced the same results as Privacy Finder, but did not display privacy information. We found that while Privacy Finder had some influence on non-privacy-sensitive purchase decisions, it had a more significant impact on privacy-sensitive purchases. The results suggest that when privacy policy comparison information is readily available, individuals may be willing to seek out more privacy friendly web sites and perhaps even pay a premium for privacy depending on the nature of the items to be purchased.","E-commerce; P3P; Privacy policies; Search engines; User studies","Decision making; Information analysis; Internet; Online systems; Search engines; User interfaces; Websites; Power strips; Privacy policies; Prophylactics; User studies; Security of data","Conference paper","Final","All Open Access; Green Open Access","Scopus","2-s2.0-34250721634"
"Ling X.; Yan D.; Alsallakh B.; Pandey A.; Bakshi M.; Bhattacharya P.","Ling, Xiao (57219784429); Yan, David (57212085053); Alsallakh, Bilal (55204850300); Pandey, Ashutosh (58277590100); Bakshi, Manan (59429293800); Bhattacharya, Pamela (57656082200)","57219784429; 57212085053; 55204850300; 58277590100; 59429293800; 57656082200","Learned Temporal Aggregations for Fraud Classification on E-Commerce Platforms","2023","ACM Web Conference 2023 - Companion of the World Wide Web Conference, WWW 2023","","","","1365","1372","2","10.1145/3543873.3587632","https://www.scopus.com/pages/publications/85159611738?origin=resultslist","Fraud and other types of adversarial behavior are serious problems on customer-to-customer (C2C) e-commerce platforms, where harmful behaviors by bad actors erode user trust and safety. Many modern e-commerce integrity systems utilize machine learning (ML) to detect fraud and bad actors. We discuss the practical problems faced by integrity systems which utilize data associated with user interactions with the platform. Specifically, we focus on the challenge of representing the user interaction events, and aggregating their features. We compare the performance of two paradigms to handle the feature temporality when training the ML models: hand-engineered temporal aggregation and a learned aggregation using a sequence encoder. We show that a model which learns a time-aggregation using a sequence encoder outperforms models trained on handcrafted aggregations on the fraud classification task with a real-world dataset.  © 2023 ACM.","e-commerce; fraud; integrity; machine learning; recurrent neural networks","Classification (of information); Crime; Electronic commerce; Learning systems; Signal encoding; User interfaces; Commerce platforms; E- commerces; Fraud; Integrity; Integrity systems; Machine-learning; Performance; Practical problems; Temporal aggregation; User interaction; Recurrent neural networks","Conference paper","Final","","Scopus","2-s2.0-85159611738"
"Sopitkamol M.","Sopitkamol, Monchai (14631346800)","14631346800","Ranking configuration parameters in multi-tiered e-commerce sites","2004","Performance Evaluation Review","32","3","","24","33","4","10.1145/1052305.1052310","https://www.scopus.com/pages/publications/37849047087?origin=resultslist","E-commerce systems are composed of many components with several configurable parameters that, if properly configured, can optimize system performance. Before upgrading existing systems to overcome performance bottlenecks, several areas of a site's architecture and its parameters may be adjusted to improve performance. This paper provides a method to rank key configurable e-commerce system parameters that significantly impact overall system performance, and the performance of the most significant Web function types. We consider both on-line and off-line parameters at each of the e-commerce system layers: Web server, application server, and database server. In order to accomplish our task, we designed a practical, ad-hoc approach that involves conducting experiments on a testbed system setup as a small e-commerce site. The configurable parameters are ranked based on their degrees of performance improvement to the system and to the most critical Web functions. The performance metrics of interest include server's response time, system throughput, and probability of rejecting a customer's request. The experiments were conducted on an e-commerce site compliant to the TPC-W benchmark.","","Experiments; Application Servers; Configurable parameter; Configuration parameters; E-commerce systems; Improve performance; Performance bottlenecks; Performance metrics; System throughput; Electronic commerce","Article","Final","","Scopus","2-s2.0-37849047087"
"Leskovec J.; Adamic L.A.; Huberman B.A.","Leskovec, Jure (12241436100); Adamic, Lada A. (6506967497); Huberman, Bernardo A. (7006353402)","12241436100; 6506967497; 7006353402","The dynamics of viral marketing","2007","ACM Transactions on the Web","1","1","5","","","1511","10.1145/1232722.1232727","https://www.scopus.com/pages/publications/34248550159?origin=resultslist","We present an analysis of a person-to-person recommendation network, consisting of 4 million people who made 16 million recommendations on half a million products. We observe the propagation of recommendations and the cascade sizes, which we explain by a simple stochastic model. We analyze how user behavior varies within user communities defined by a recommendation network. Product purchases follow a long tail where a significant share of purchases belongs to rarely sold items. We establish how the recommendation network grows over time and how effective it is from the viewpoint of the sender and receiver of the recommendations. While on average recommendations are not very effective at inducing purchases and do not spread very far, we present a model that successfully identifies communities, product, and pricing categories for which viral marketing seems to be very effective. © 2007 ACM.","e-commerce; Long tail; Network analysis; Recommender systems; Viral marketing; Word-of-mouth","Artificial intelligence; Marketing; Stochastic models; Telecommunication networks; User interfaces; Wave propagation; Recommender systems; User communities; Viral marketing; Electronic commerce","Article","Final","All Open Access; Green Open Access","Scopus","2-s2.0-34248550159"
"Chariton C.; Choi M.-H.","Chariton, Craig (6507443311); Choi, Min-Hyung (7402093806)","6507443311; 7402093806","User interface guidelines for enhancing usability of airline travel agency e-commerce Web sites","2002","Conference on Human Factors in Computing Systems - Proceedings","","","","676","677","9","10.1145/506443.506541","https://www.scopus.com/pages/publications/0037711839?origin=resultslist","Specific user interface guidelines are described to increase the usability of airline travel e-cornmerce Web sites. Although previous guidelines address the usability issues from the perspective of the sale of tangible products that can be described and depicted, less attention has been given to the usability issues for the sale of services. Service industries have different requirements for communicating with customers, specifically regarding their product offerings. This is prominent in the air travel industry, where Web site usability is known to be poor. We examine how the current guidelines are inadequate for Web sites providing air travel information. We propose specific guidelines for those sites that will enhance their usability.","Airline; e-commerce; Guidelines; Human-computer interaction; Travel agency; Usability; User interface","Electronic commerce; Human computer interaction; Usability engineering; User interfaces; Air transportation; Civil aviation; Electronic commerce; Human computer interaction; Human engineering; Industry; Usability engineering; Websites; Global distribution systems (GDS); Air travels; Guidelines; Product offerings; Service industries; Tangible product; Travel agency; Usability; Websites; User interfaces","Conference paper","Final","","Scopus","2-s2.0-0037711839"
"Callahan E.; Koenemann J.","Callahan, Ewa (7007127486); Koenemann, Jürgen (6507676457)","7007127486; 6507676457","A comparative usability evaluation of user interfaces for online product catalog","2000","EC 2000 - Proceedings of the 2nd ACM Conference on Electronic Commerce","","","","197","206","27","10.1145/352871.352893","https://www.scopus.com/pages/publications/1342276334?origin=resultslist","We conducted a comparative study of the usability of hierarchically structured and zoomable Electronic Product Catalogs (EPC). After evaluating 16 hierarchical EPC available online today we constructed a test search interface and used it for comparison with InfoZoom, a novel interface utilizing a compression technique, direct manipulation, and zooming. 26 users, who were new to the InfoZoom Interface, but familiar with the Web environment, were studied in their use of one of these catalog types. Performance on both types of interfaces was assessed in terms of search speed, accuracy, efficiency, and user satisfaction. Both interfaces had positive evaluations, but behavioral data and performance data suggest that users valued their interaction with InfoZoom more. © 2000 ACM. All rights reserved.","e-commerce; electronic catalogs; human-computer; interaction; usability evaluation; user interfaces","Electronic commerce; Human computer interaction; Comparatives studies; E- commerces; Electronic catalogs; Electronics products; Evaluation of users; Human-computer; Interaction; Online product catalog; Product catalogs; Usability evaluation; User interfaces","Conference paper","Final","All Open Access; Gold Open Access","Scopus","2-s2.0-1342276334"
"Bhaumik R.; Burke R.; Mobasher B.","Bhaumik, Runa (14830964500); Burke, Robin (7402140252); Mobasher, Bamshad (7006824941)","14830964500; 7402140252; 7006824941","Effectiveness of crawling attacks against web-based recommender systems","2007","AAAI Workshop - Technical Report","WS-07-08","","","17","26","4","","https://www.scopus.com/pages/publications/51849123627?origin=resultslist","The modeling of Web user navigational patterns is a critical component of many Web applications such as those involving Web personalization, recommender systems, and Web analytics. Because such open adaptive systems depend on users' input, malicious third parties may seek to distort the system's behavior by generating false clickstreams. Recent research in collaborative recommender systems has shown that personalization systems that use explicit user feedback in the form of ratings are vulnerable to such attacks. In this paper, we extend this work to the area of adaptive systems that use implicit measures of user behavior such as the navigational patterns employed in Web personalization. We find that, although such usage-based Web recommender systems use different recommendation algorithms, they are nevertheless subject to similar manipulation through appropriate attacks. In this paper, we introduce several examples of ""crawling attacks"" and demonstrate their effectiveness against some common Web personalization algorithms. Copyright © 2007, Association for the Advancement of Artificial Intelligence (www.aaai.org). All rights reserved.","","Behavioral research; Electronic commerce; Information retrieval systems; Intelligent systems; Navigation; World Wide Web; Clickstreams; Collaborative recommender systems; Critical components; E-commerce; Implicit measures; Intelligent techniques; Navigational patterns; Personalization systems; Recommendation algorithms; Recommender systems; Technical reports; Third parties; User behaviors; User feedbacks; WEB applications; Web personalization; Web users; Adaptive systems","Conference paper","Final","","Scopus","2-s2.0-51849123627"
"Bederson B.B.","Bederson, B.B. (7004004753)","7004004753","Fisheye menus","2000","UIST (User Interface Software and Technology): Proceedings of the ACM Symposium","","","","217","226","142","10.1145/354401.354782","https://www.scopus.com/pages/publications/0034444828?origin=resultslist","We introduce ""fisheye menus"" which apply traditional fisheye graphical visualization techniques to linear menus. This provides for an efficient mechanism to select items from long menus, which are becoming more common as menus are used to select data items in, for example, e-commerce applications. Fisheye menus dynamically change the size of menu items to provide a focus area around the mouse pointer. This makes it possible to present the entire menu on a single screen without requiring buttons, scrollbars, or hierarchies. A pilot study with 10 users compared user preference of fisheye menus with traditional pull-down menus that use scrolling arrows, scrollbars, and hierarchies. Users preferred the fisheye menus for browsing tasks, and hierarchical menus for goal-directed task.","Fisheye view; Information visualization; Menu selection; Widgets","Computer software; Graphical user interfaces; Light pens; Mice (computer peripherals); Visualization; World Wide Web; Fisheye menus; Widgets; Interactive computer graphics","Conference paper","Final","","Scopus","2-s2.0-0034444828"
"Nilashi M.; Fathian M.; Gholamian M.R.; Ibrahim O.B.; Talebi A.; Ithnin N.","Nilashi, Mehrbakhsh (53164463000); Fathian, Mohammad (12765946400); Gholamian, Mohammad Reza (8353851200); Ibrahim, Othman Bin (36166710700); Talebi, Amir (57198190942); Ithnin, Norafida (24724665700)","53164463000; 12765946400; 8353851200; 36166710700; 57198190942; 24724665700","A comparative study of adaptive neuro fuzzy inferences system (ANFIS) and fuzzy inference system (FIS) approach for trust in B2C electronic commerce websites","2011","Journal of Convergence Information Technology","6","9","","25","43","11","10.4156/jcit.vol6.issue9.4","https://www.scopus.com/pages/publications/80053941720?origin=resultslist","This paper presents A comparative Study of Adaptive Neuro Fuzzy Inferences System (ANFIS) and Fuzzy Inference System (FIS) Approach for Trust in B2C Electronic Commerce Websites. The proposed model in this study applies Adaptive Neuro-Fuzzy model to converging business processes to get the desired results. The system is adaptive since it uses neural network learning ability for its adaptation. The results of this study show that the security, web site design and familiarity, directly influence user's trust in e-businesses since these factors lie the closest to the user and are deciding factors for the users and influence their decisions regarding transactions in e-commerce. These results can be of importance for vendors since they show how the customers perceive trust and which factors can directly influence their trust in a vendor and their experience with e-commerce and that the factors can play a deciding role on whether or not a customer will make a purchase. The study also provides a device for sellers to improve their commercial websites. The data was collected via interviews, surveys and B2C websites. Two questionnaires were used in this study. The first questionnaire was developed for e-commerce experts, and the second one was designed for the customers of commercial websites. Also, Expert Choice is used to determine the priority of factors in the first questionnaire, and MATLAB and Excel are used for developing the Fuzzy rules. Finally, the Fuzzy logical kit was used to analyze the generated factors in the model. New method was compared with previous Expert E-Commerce Trust System that was developed by Fuzzy Logic system.","ANFIS; B2C; Electronic commerce; Fuzzy logic; Trust","Customer satisfaction; Electronic commerce; Fuzzy logic; Fuzzy systems; Neural networks; Sales; Surveys; User interfaces; Adaptive neuro-fuzzy inference; ANFIS; B2C; B2C electronic commerce; Business Process; Commercial websites; Comparative studies; Fuzzy inference systems; Fuzzy logic system; Fuzzy logical; Neural network learning; Neuro-Fuzzy model; Trust; Trust systems; Web site design; Fuzzy inference","Article","Final","","Scopus","2-s2.0-80053941720"
"Wang E.; Caldwell B.S.; Salvendy G.","Wang, Enlie (55463795200); Caldwell, Barrett S. (55681770500); Salvendy, Gavriel (56763746600)","55463795200; 55681770500; 56763746600","Usability comparison: Similarity and differences between e-commerce and world wide web","2003","Journal of the Chinese Institute of Industrial Engineers","20","3","","258","268","4","10.1080/10170660309509234","https://www.scopus.com/pages/publications/85025376636?origin=resultslist","This paper begins with a brief literature review of current usability studies in WWW and E-commerce. Based on the literature and task analysis results, we compared WWW usability and E-commerce usability in terms of measurable criteria. Eight common usability criteria were identified for both applications: differentiability, learnability, navigation assistance, compatibility, task flexibility, sensory and perceptual capability, feedback, and satisfaction. Besides these eight common criteria, E-commerce usability has another two unique aspects: security and supportability. © 2003 Taylor & Francis Group, LLC.","E-commerce; Usability; World wide web","Industrial engineering; Sensory perception; World Wide Web; Perception capability; Task analysis; Usability; Electronic commerce","Article","Final","","Scopus","2-s2.0-85025376636"
"Alam H.; Rahman A.F.R.; Tjahjadi T.; Cheng H.; Llido P.; Kumar A.; Hartono R.; Tarnikova Y.; Wilcox C.","Alam, Hassan (7004441468); Rahman, Ahmad Fuad Rezaur (7402940578); Tjahjadi, Timotius (56180340900); Cheng, Hua (56180526300); Llido, Paul (56180754800); Kumar, Aman (56888921600); Hartono, Rachmat (6603186806); Tarnikova, Yulia (6506359075); Wilcox, Che (56180349900)","7004441468; 7402940578; 56180340900; 56180526300; 56180754800; 56888921600; 6603186806; 6506359075; 56180349900","Development of spoken language user interfaces: A tool kit approach","2002","Lecture Notes in Computer Science (including subseries Lecture Notes in Artificial Intelligence and Lecture Notes in Bioinformatics)","2396","","","339","347","2","10.1007/3-540-70659-3_35","https://www.scopus.com/pages/publications/33244459579?origin=resultslist","This paper introduces a toolkit that allows programmers with no linguistic knowledge to rapidly develop a Spoken Language User Interface (SLUI) for various applications. The applications may vary from web-based e-commerce to the control of domestic appliances. Using the SLUI Toolkit, a programmer is able to create a system that incorporates Natural Language Processing (NLP), complex syntactic parsing, and semantic understanding. The system has been tested using ten human evaluators in a specific domain of a web based e-commerce application. The evaluators have overwhelmingly endorsed the ease of use and applicability of the tool kit in rapid development of speech and natural language processing interfaces for this domain. © Springer-Verlag Berlin Heidelberg 2002.","","Domestic appliances; Electronic commerce; Pattern recognition; Semantics; Syntactics; User interfaces; Websites; E-Commerce applications; Ease-of-use; Linguistic knowledge; NAtural language processing; Semantic understanding; Spoken languages; Syntactic parsing; Web based; Natural language processing systems","Conference paper","Final","","Scopus","2-s2.0-33244459579"
"Mauldin E.G.; Nicolaou A.I.; Kovar S.E.","Mauldin, Elaine G. (6701839915); Nicolaou, Andreas I. (7004564706); Kovar, Stacy E. (6508180096)","6701839915; 7004564706; 6508180096","The influence of scope and timing of reliability assurance in B2B e-commerce","2006","International Journal of Accounting Information Systems","7","2","","115","129","16","10.1016/j.accinf.2005.09.002","https://www.scopus.com/pages/publications/33745842246?origin=resultslist","This study investigates potential demand for third-party assurance reports in business-to-business electronic commerce (B2B e-commerce). We experimentally analyze 95 purchasing professionals' decisions to recommend using a B2B exchange. The experiment is a 2 × 2 between-participants design varying the scope and timing of an assurance report with an additional control condition of no assurance. The results suggest that purchasing professionals are more likely to recommend use of the exchange when general assurance over the reliability of the exchange's system is present than when specific assurance over the reliability of transaction information is present. Purchasing professionals are also more likely to recommend using the exchange when the assurance report is continuous than when it is static, issued at a point in time. However, the results also suggest that participants are less likely to recommend using the exchange when specific information assurance or static assurance is present than when assurance is not present at all. Further, other factors besides assurance, especially trust in the trading partner and propensity to trust, have a stronger influence on the decision to use a B2B exchange than the presence of either continuous or systems assurance. Potential implications for practice include redesigning existing assurance services to provide continuous assurance, de-emphasizing formalized reports and considering assurance services over other factors, such as web site design. © 2006 Elsevier Inc. All rights reserved.","Assurance services; Continuous audit; E-commerce","","Article","Final","","Scopus","2-s2.0-33745842246"
"Sathyakumar D.C.","Sathyakumar, Damodaran Chingleput (59261594600)","59261594600","Dependable header platform at eBay: A case study","2024","Proceedings - 2024 3rd International Joint Conference on Information and Communication Engineering, JCICE 2024","","","","229","238","1","10.1109/JCICE61382.2024.00054","https://www.scopus.com/pages/publications/85207089208?origin=resultslist","Background study: User Experience (UX) widgets, such as the Header, on a website or a mobile app or a mobile site, play a crucial role in digital software applications and specifically for e-commerce websites like eBay, where, they host some of the most critical data, crucial customer navigational processes and essential functionalities like - Sign In, Shopping Cart, Search, Notifications, Site Navigation, Language switch, Currency settings, Shipping Location, Shopping Lists, User Profile, and Settings.Problem statement: When such a mission critical widget fails to render when a user access a page or a view of the said website, the results are disastrous. From not being able to login or log out, to not being able to view the shopping cart, access notifications, switch language, currency settings, shipping location or searching, the revenue impact and brand dilution is significant. How can the dependability of such horizontal widgets be assured?Proposed model / technique: This paper explores the various design cornerstones, optimization techniques and approaches that were utilized in building header platforms at eBay, that are dependable without impacting the render and interaction speed of the views, thereby unlocking delightful customer experiences. The techniques are drawn from hands-on experiences in building similar production platforms at eBay Inc.,Results: The paper evaluates the various techniques discussed in this paper, in building and realizing a horizontal header platform. These are discussed in the context of dependability, reliability, resiliency, availability, thereby, highlighting the effectiveness of the said methodologies in realizing a hyper-performant and dependable platform. Additionally, as a conclusion, it discusses the learnings, trade-offs, opportunities for future work, when implementing the same, providing insights for developers in the field. © 2024 IEEE.","Availability; Dependability; Header; Horizontal applications; Platform; Platform Engineering; Reliability; Resiliency; Scalability; UI; UX; Web; Widget","Film preparation; Reliability; Research laboratories; Sales; User experience; Dependability; Header; Horizontal application; In-buildings; Platform; Platform engineering; Resiliency; UI; Web; Widget; Mobile commerce","Conference paper","Final","","Scopus","2-s2.0-85207089208"
"Benbunan-Fich R.; Fich E.M.","Benbunan-Fich, Raquel (57203868711); Fich, Eliezer M. (6507400886)","57203868711; 6507400886","Measuring the value of refining a web presence","2005","Journal of Electronic Commerce in Organizations","3","1","","35","52","11","10.4018/jeco.2005010103","https://www.scopus.com/pages/publications/18944376418?origin=resultslist","The redesign of a Web presence can be classified as both an IT investment and an e-commerce initiative. Although the empirical literature provides evidence that financial markets are sensitive to e-commerce announcements, it is still unknown what types of announcements affect the value of firms. We use the event study methodology on a sample of Web site redesigns from 1995 to 1999 to investigate the types of commercial organizations that announce changes to their Web presence, and to study whether such redesign initiatives affect the value of publicly traded firms. Our findings indicate that, on average, refining a Web presence does not produce significant firm valuation adjustments. However, cross-sectional analyses reveal that Web site redesign increases the value of service companies. Copyright © 2005, Idea Group Inc.","Electronic commerce; Value creation; Web site design","Industrial economics; Information services; Information technology; Internet; Marketing; Websites; Univariate analyses; Value creation; Web presence; Web site design; Electronic commerce","Article","Final","","Scopus","2-s2.0-18944376418"
"Ellinger A.E.; Lynch D.F.; Andzulis J.K.; Smith R.J.","Ellinger, Alexander E. (7006724172); Lynch, Daniel F. (7401568123); Andzulis, James K. (57209776010); Smith, Ronn J. (7410287824)","7006724172; 7401568123; 57209776010; 7410287824","B-TO-B E-COMMERCE: A CONTENT ANALYTICAL ASSESSMENT OF MOTOR CARRIER WEBSITES","2003","Journal of Business Logistics","24","1","","199","220","66","10.1002/j.2158-1592.2003.tb00037.x","https://www.scopus.com/pages/publications/85077079956?origin=resultslist","An Internet presence is a critical early component in the process of building towards a fully operational and unified e-commerce strategy. E-commerce has significantly impacted logistics/supply chain strategies and the development and implementation of a website have become key issues for many firms within the transportation industry. This study provides an overview of website content within the motor carrier industry. Content analysis was used to assess the site design, informational content, and the interactive content of 152 motor carrier websites, and to compare the features offered on the Top 100 motor carrier firm websites with those offered on the sites of smaller carrier firms. 2003 Council of Supply Chain Management Professionals","","","Article","Final","","Scopus","2-s2.0-85077079956"
"Huang C.-Y.","Huang, Ching-Yu (56431508200)","56431508200","Learning database through developing database web applications","2019","International Journal of Information and Education Technology","9","4","","241","249","2","10.18178/ijiet.2019.9.4.1207","https://www.scopus.com/pages/publications/85073669074?origin=resultslist","Databases play a very important role in the modern software system, especially in the big data age. It is the centralized repository for all kinds of data. Therefore, all students majoring in technology and computer science related fields should take database courses. However, learning about databases could be challenging without hands-on exercises. It is very important for students to be familiar with database commands and the associated clauses so they can write better database queries. Since the data resides in the database, it is hard for students to imagine the results, especially if there are a lot of records. Visualizing the intermediate results will help students to learn how to write better queries and troubleshoot. It is not practical to just use the command line to interact with the database server. Students must learn the industry standard 3-tier method to retrieve, insert, update and delete thousands of data from databases, and how to write web programs to do so. Designing an E-commerce platform should be the core of fundamental database curriculum - including a friendly graphic user interface for customers to sign up for accounts, search items, place orders and view histories. The instructors should not focus on teaching the database topics, but also show students how to manage the database server and user accounts in the classes. This paper proposes an integrated curriculum for learning about databases through developing database web applications. © 2019, International Journal of Information and Education Technology. All rights reserved.","Apache; Database web applications; MySQL; PHP; XAMPP","","Article","Final","All Open Access; Gold Open Access","Scopus","2-s2.0-85073669074"
"Singh N.; Spillan J.E.; Little J.P.","Singh, Nitish (55348328100); Spillan, John E. (6507723538); Little, Joseph P. (35230129900)","55348328100; 6507723538; 35230129900","Web Site Localization Practices: Some Insights into the Localization Industry","2009","International Journal of E-Adoption (IJEA)","1","2","","36","54","0","10.4018/jea.2009091803","https://www.scopus.com/pages/publications/85001716404?origin=resultslist","The e-commerce industry has experienced spectacular growth, change and development. This situation has initiated an enormous business revolution that has affected the process of globalization tremendously. The goal of this study was to analyze the Web sites of localization companies that provide localization and translation services to other companies and see if they themselves are practicing what they are preaching. The results suggest that localization companies are indeed not practicing what they are preaching. Analysis shows that localization company Web sites are less localized than the Web sites of their clients, the multinational companies. The findings provide some implications to domestic and international marketers who currently operate in or are planning to enter into the global markets in the near future. © 2009, IGI Global. All rights reserved.","B2B E-Commerce; Corporate Web Site; Customer Interface; E-Business; Global E-Commerce; International E-Commerce; Internet Marketing; Web Site Content; Web Site Design; Web Site Development","","Article","Final","","Scopus","2-s2.0-85001716404"
"Zhang Q.; Riska A.; Riedel E.","Zhang, Qi (54931372200); Riska, Alma (35609248400); Riedel, Erik (7005570618)","54931372200; 35609248400; 7005570618","Workload propagation - Overload in bursty servers","2005","QEST 2005 - Proceedings Second International Conference on the Quantitative Evaluation of SysTems","2005","","1595794","179","188","5","10.1109/QEST.2005.43","https://www.scopus.com/pages/publications/33847276269?origin=resultslist","Internet servers are developing into complex but central components in the information infrastructure and are accessed by an ever-increasing and diversified user population. As such, they are susceptible to unpredicted and transient overloads, making highly available, yet cost-effective service a critical challenge. System responsiveness during overload periods is at least as important as system behavior under average, steady state load. Using measurements from a 3-tier e-commerce server, we show how normal and overload conditions propagate through the system hierarchy, i.e., from the front-end server to the back-end database, focusing on CPU, memory, and I/O performance. We find that overload conditions at lower system levels occur not only when the number of users in the system increases, but also during rapid changes in the nature of the work requested by the current users. These observation advocate the development of system mechanisms at the lower levels that can detect overload and self-adapt their configuration parameters in order to ensure high service availability and graceful performance degradation. We illustrate the effectiveness of a scheduling mechanism at the disk and provide a proof of concept that such self-adaptive scheduling mechanisms at the lower levels are a step toward faster system recovery under conditions of transient overload, and can thus complement admission control at the front end. © 2005 IEEE.","Multi-tiered systems; Overload conditions; TPC-W; Workload characterization","Computational complexity; Database systems; Microprocessor chips; Parameter estimation; Storage allocation (computer); User interfaces; Multi-tiered systems; Overload conditions; TPC-W; Workload characterization; Servers","Conference paper","Final","","Scopus","2-s2.0-33847276269"
"Shi Y.; Fei Y.; Zhang S.; Wang H.; Xiao X.","Shi, Yimin (59530881200); Fei, Yang (59530699600); Zhang, Shiqi (57222483112); Wang, Haixun (9733957100); Xiao, Xiaokui (14831850700)","59530881200; 59530699600; 57222483112; 9733957100; 14831850700","You Are What You Bought: Generating Customer Personas for E-commerce Applications","2025","SIGIR 2025 - Proceedings of the 48th International ACM SIGIR Conference on Research and Development in Information Retrieval","","","","1810","1819","0","10.1145/3726302.3730118","https://www.scopus.com/pages/publications/105011822284?origin=resultslist","In e-commerce, user representations are essential for various applications. Existing methods often use deep learning techniques to convert customer behaviors into implicit embeddings. However, these embeddings are difficult to understand and integrate with external knowledge, limiting the effectiveness of applications such as customer segmentation, search navigation, and product recommendations. To address this, our paper introduces the concept of the customer persona. Condensed from a customer’s numerous purchasing histories, a customer persona provides a multi-faceted and human-readable characterization of specific purchase behaviors and preferences, such as Busy Parents or Bargain Hunters. This work then focuses on representing each customer by multiple personas from a predefined set, achieving readable and informative explicit user representations. To this end, we propose an effective and efficient solution GPLR. To ensure effectiveness, GPLR leverages pre-trained LLMs and few-shot learning to infer personas for customers. To reduce overhead, GPLR applies LLM-based labeling to only a fraction of users and utilizes a random walk technique to predict personas for the remaining customers. To further enhance efficiency, we propose an approximate solution called RevAff for this random walk-based computation. RevAff provides an absolute error guarantee while improving the time complexity of the exact solution by a factor of at least O (∈|E|N/|E|+N log N), where N represents the number of customers and products, and E represents the interactions between them. We evaluate the performance of our persona-based representation in terms of accuracy and robustness for recommendation and customer segmentation tasks using three real-world e-commerce datasets. Most notably, we find that integrating customer persona representations improves the state-of-the-art graph convolution-based recommendation model by up to 12% in terms of NDCG@K and F1-Score@K. © 2025 Copyright held by the owner/author(s).","Large Language Model; Persona; Random Walk; Recommendation","Behavioral research; Deep learning; Electronic commerce; Embeddings; Human computer interaction; Information systems; Purchasing; Sales; Customers segmentations; E- commerces; E-Commerce applications; Embeddings; Language model; Large language model; Learning techniques; Persona; Random Walk; Recommendation; Random processes","Conference paper","Final","All Open Access; Gold Open Access; Green Open Access","Scopus","2-s2.0-105011822284"
"Zhang X.; Prybutok V.R.; Ryan S.; Pavur R.","Zhang, Xiaoni (55067544700); Prybutok, Victor R. (7004907736); Ryan, Sherry (7202072972); Pavur, Robert (6603854354)","55067544700; 7004907736; 7202072972; 6603854354","A model of the relationship among consumer trust, web design and user attributes","2009","Journal of Organizational and End User Computing","21","2","","44","66","25","10.4018/joeuc.2009040103","https://www.scopus.com/pages/publications/71949111159?origin=resultslist","One important aspect of consumer relationships is trust. Conducting business on the Web is relatively new compared to traditional business and many of the factors related to consumer trust related to the Web remained unexplored. To increase our understanding about trust building on the Internet, this article studies trust with a focus on its relationship to Web design characteristics, specifically perceived quality of presentation, perceived ease of navigation, and several user attributes: prior internet experience, Web users' self efficacy, and gender differences. A research model is proposed that builds upon prior research on trust. A survey is developed based on the constructs and relationships in the model. The data analysis and results confirm five out of eight of the hypotheses associated with the model. Theoretical and practical implications are provided. [Article copies are available for purchase from InfoSci-on-Demand.com] Copyright © 2009, IGI Global.","E-commerce; Gender differences; Navigation; Presentation; Trust; Web self-efficacy","","Article","Final","","Scopus","2-s2.0-71949111159"
"Sinclaire J.K.; Wilkes R.B.; Simon J.C.","Sinclaire, Jollean K. (6506296188); Wilkes, Ronald B. (7005431483); Simon, Judith C. (7403956012)","6506296188; 7005431483; 7403956012","Internet transactions: Perceptions of personal risk","2006","International Journal of Networking and Virtual Organisations","3","4","","425","437","2","10.1504/IJNVO.2006.011870","https://www.scopus.com/pages/publications/33847139683?origin=resultslist","User perception of the risk associated with giving information to online companies is examined, as well as user concerns with personal privacy and beliefs that using the internet can result in personal privacy problems. A research model was proposed by integrating constructs from previous research, and a survey was conducted to examine one construct: user perception of the internet or the degree to which individuals discriminate between online versus traditional companies. Overwhelmingly, respondents reported feeling more at risk and less safe when giving information to firms that conduct business only online than when giving information to firms that conduct business only in the traditional face-to-face manner in an office or store. Additionally, 65% of those surveyed believe that using the internet can result in personal privacy problems. This paper suggests that positive merchant/web attributes are necessary but insufficient to provide the assurance of transaction safety that web users require. Copyright © 2006 Inderscience Enterprises Ltd.","E-commerce; Information privacy; Online trust","Data privacy; Electronic commerce; Information use; Internet; Risk assessment; Surveys; User interfaces; Information privacy; Internet transactions; Online trust; Personal privacy; Online systems","Article","Final","","Scopus","2-s2.0-33847139683"
"Chen K.; Chen I.; Paul H.","Chen, Kuanchin (7410239352); Chen, Injazz (7402043422); Paul, Howard (35580289300)","7410239352; 7402043422; 35580289300","Explaining online behavioral differences: An internet dependency perspective","2001","Journal of Computer Information Systems","41","3","","59","63","27","10.1080/08874417.2001.11647009","https://www.scopus.com/pages/publications/0035634630?origin=resultslist","Internet research has called for an examination of usage patterns of online users, as Internet users are not a homogeneous group. To better understand Internet users, this study focuses on the behavioral differences of Internet users from the standpoint of Internet dependency. Internet users were classified into dependent and non-dependent users to study their preferences in using several Internet features. Dependent users largely consisted of men, who were likely to use interactive features such as online games and chat rooms. This study shows that dependent users were not newcomers to the Internet. They were also more comfortable in searching for information online than non-dependent users. No significant difference was found between these two groups of users in using less interactive features such as email. Findings demonstrated that both groups of users were different in the way they used the Internet. Managerial implications and suggestions for web site design are provided.","E-commerce; Internet dependency; Internet functionality; Online behaviors","Classifieds; Homogeneous group; Interactive features; Internet dependency; Internet functionality; Internet research; Internet users; Online behaviours; Online users; Usage patterns","Article","Final","","Scopus","2-s2.0-0035634630"
"Gefen D.; Karahanna E.; Straub D.W.","Gefen, David (6601945888); Karahanna, Elena (6603276648); Straub, Detmar W. (7005859153)","6601945888; 6603276648; 7005859153","Inexperience and experience with online stores: The importance of TAM and trust","2003","IEEE Transactions on Engineering Management","50","3","","307","321","764","10.1109/TEM.2003.817277","https://www.scopus.com/pages/publications/0242365487?origin=resultslist","An e-vendor's website inseparably embodies an interaction with the vendor and an interaction with the IT website interface. Accordingly, research has shown two sets of unrelated usage antecedents by customers: 1) customer trust in the e-vendor and 2) customer assessments of the IT itself, specifically the perceived usefulness and perceived ease-of-use of the website as depicted in the technology acceptance model (TAM). Research suggests, however, that the degree and impact of trust, perceived usefulness, and perceived ease of use change with experience. Using existing, validated scales, this study describes a free-simulation experiment that compares the degree and relative importance of customer trust in an e-vendor vis-à-vis TAM constructs of the website, between potential (i.e., new) customers and repeat (i.e., experienced) ones. The study found that repeat customers trusted the e-vendor more, perceived the website to be more useful and easier to use, and were more inclined to purchase from it. The data also show that while repeat customer's purchase intentions were influenced by both their trust in the e-vendor and their perception that the website was useful, potential customers were not influenced by perceived usefulness, but only by their trust in the e-vendor. Implications of this apparent trust-barrier and guidelines for practice are discussed.","Disposition to trust; E-commerce; Familiarity; Perceived ease of use (PEOU); Perceived usefulness (PU); Technology acceptance model (TAM); Trust","Electronic commerce; Information technology; Mathematical models; Online searching; User interfaces; Websites; Disposition to trust; Perceived ease of use; Perceived usefulness; Technology acceptance model; Customer satisfaction","Article","Final","","Scopus","2-s2.0-0242365487"
"Woo J.; Jang M.","Woo, Jongwook (35357620300); Jang, Minseok (8834195200)","35357620300; 8834195200","The comparison of WML, cHTML, and XHTML-MP in m-Commerce","2008","Journal of Software","3","7","","22","29","2","10.4304/jsw.3.7.22-29","https://www.scopus.com/pages/publications/78651577589?origin=resultslist","In order to use mobile devices for business application, mobile applications and standard have grown fast - so called m-Commerce that normally uses WAP protocol to access remote web site wirelessly. WAP protocol has moved from WAP 1.0 to WAP 2.0 in order to lessen the developer's load by simplifying and forcing language independency. WML has been used to provide web-like user interface to mobile device on WAP 1.0. And, cHTML has been used exclusively in NTT DoCoMo service. However, WAP 2.0 chooses XHTML-MP by considering existing WAP languages. The paper introduces and compares WML, cHTML and XHTML-MP in syntax and on experimental results. Besides, m-Commerce architecture on n-tier architecture is illustrated. The financial transaction system on online game is implemented in those languages as a mobile application to be compared. © 2008 Academy Publisher.","cHTML; M-Commerce; WAP 2.0; WML; XHTML-MP","Cellular telephone systems; Client server computer systems; Commerce; Mobile computing; Mobile devices; Mobile telecommunication systems; User interfaces; Web crawler; Business applications; cHTML; Financial transactions; M-commerce; Mobile applications; N-tier architecture; WAP 2.0; XHTML-MP; Mobile commerce","Article","Final","","Scopus","2-s2.0-78651577589"
"Dommel H.-P.; Garcia-Luna-Aceves J.J.","Dommel, H.-P. (7004330825); Garcia-Luna-Aceves, J.J. (7005135193)","7004330825; 7005135193","A coordination architecture for Internet groupwork","2000","Conference Proceedings of the EUROMICRO","2","","874416","183","190","0","10.1109/EURMIC.2000.874416","https://www.scopus.com/pages/publications/84889238615?origin=resultslist","This paper discusses a group coordination architecture to support Internet-wide distributed collaboration in the context of legacy Internet protocols. Group coordination in distributed systems and multimedia systems has many faces manifested in a variety of user interfaces and network protocols. To date, no standardized methodology for engineering group coordination protocols exists. We perceive coordination as the third complementary component in the trinity of group-communication services, next to membership and dissemination. With the current surge in e-commerce and Web-leveraged information exchange among users, the need for systems offering better telepresence and interaction capabilities becomes tangible. Services to support distributed group interaction at (near) real-time, with user-specified quality-of-service, and at Internet scope are of particular interest in this mosaic of telepresence and remote collaboration. We propose a general group coordination architecture for heterogeneous networks, as a framework to leverage the rapid development of group-oriented distributed collaborative applications in the Internet, for example for distance education, distributed scientific simulation or visualization, and similar applications. © 2000 IEEE.","","Architecture; Distance education; Heterogeneous networks; Internet protocols; Multimedia systems; Network protocols; Quality of service; User interfaces; Visual communication; Collaborative application; Coordination architecture; Distributed collaboration; Distributed groups; Distributed systems; Information exchanges; Remote collaboration; Scientific simulations; Internet","Conference paper","Final","","Scopus","2-s2.0-84889238615"
"Hong W.; Thong J.Y.L.; Tam K.Y.","Hong, Weiyin (7401528074); Thong, James Y.L. (7006658274); Tam, Kar Yan (55667247700)","7401528074; 7006658274; 55667247700","Designing product listing pages on e-commerce websites: An examination of presentation mode and information format","2004","International Journal of Human Computer Studies","61","4","","481","503","90","10.1016/j.ijhcs.2004.01.006","https://www.scopus.com/pages/publications/4344572349?origin=resultslist","Web interface design is of enduring interest to researchers as online shopping on the Internet continues to grow. Prior research has shown that the design of product listing pages, where information on multiple products are displayed together to allow further exploration of any of them, has a great influence on the traffic and sales volume on a website. In this paper, we focus on two design features, presentation mode and information format, and examine their impact on users' interaction with websites. An experiment was conducted to compare text-only versus image-text presentation modes, based on the dual coding theory (DCT), and list versus array information formats, based on the proximity compatibility principle (PCP). In general, the findings support the application of the DCT and the PCP to the e-commerce domain. Specifically, the image-text presentation mode and the list information format were found to outperform the text-only presentation mode and the array information format respectively in terms of shorter information search time, better recall of brand names and product images, and more positive attitudes towards the screen design and using the website. Given the same information content, the spatial arrangement of products and the hierarchical placement of images can make a difference to users' online shopping performance and attitudes. © 2004 Elsevier Ltd. All rights reserved.","","Electronic commerce; Encoding (symbols); Human computer interaction; Image processing; Information management; Online systems; Product design; User interfaces; Dual coding theory (DCT); Proximity compatibility principles (PCP); Web interfaces; Websites","Article","Final","All Open Access; Green Open Access","Scopus","2-s2.0-4344572349"
"Edmund M.; Zhao S.","Edmund, Marisa (7801536776); Zhao, Shaoping (7403577728)","7801536776; 7403577728","Edmund Industrial Optics: Keeping ahead of the bleeding edge","2003","Proceedings - Annual Meeting of the Decision Sciences Institute","","","","85","90","0","","https://www.scopus.com/pages/publications/0442278531?origin=resultslist","This case concerns Edmund Industrial Optic's attempt to create a new system to meet its growing business needs. First issues are to analyze the entire scope of what the new system should entail from sales to marketing to inventory to e-commerce and to discuss how the business itself has conceptually changed since the implementation of the existing IT infrastructure. Secondary issues examine how the organization must reengineer itself to successfully implement a new information system.","Information Systems; Organization Reengineering","Computer architecture; Computer software; Electronic commerce; Electronic mail; Industrial economics; Information technology; Inventory control; Marketing; Optical systems; Personnel; Problem solving; Reengineering; Sales; Software prototyping; Strategic planning; User interfaces; Information systems; Organization reengineering; Industrial optics","Conference paper","Final","","Scopus","2-s2.0-0442278531"
"Lee S.M.; Katerattanakul P.; Hong S.","Lee, Sang M. (26662844800); Katerattanakul, Pairin (6603285786); Hong, Soongoo (7405765815)","26662844800; 6603285786; 7405765815","Framework for user perception of effective E-tail web sites","2005","Journal of Electronic Commerce in Organizations","3","1","","13","34","18","10.4018/jeco.2005010102","https://www.scopus.com/pages/publications/18944400009?origin=resultslist","This study presents the development of an empirically validated framework for users' perception of effective Web sites for retail e-commerce (E-tail). In particular, we attempted to answer the main research questions: What are the major designs determining E-tail Web site effectiveness? How do these designs support Web users' objectives in using the Web? Based on the concept of ""fitness for use"" and the reasons that consumers use the Web, we proposed that ""effective designs for E-tail Web sites should support Web customers for their (a) information search, (b) pleasure and (c) business transactions."" Then, data were collected from a survey on 427 potential Web customers. An exploratory analysis was conducted to refine the proposed framework and to provide structure of the constructs in the framework to be validated by a following confirmatory analysis. Results suggest that the major designs determining E-tail Web site effectiveness include 16 factors, with 64 Web designs supporting the three major reasons for customers to use the Web. Copyright © 2005, Idea Group Inc.","B2C e-commerce; E-commerce evaluation; E-commerce measurement; Effective web site design; Electronic commerce; Retail electronic commerce; Web site design; Web site development","Information services; Information technology; Internet; Marketing; Software engineering; Web browsers; Websites; B2C electronic commerce; Electronic commerce evaluation; Electronic commerce measurement; Retail electronic commerce; Web site design; Web site development; Electronic commerce","Article","Final","","Scopus","2-s2.0-18944400009"
"Zhang Q.; Cao M.","Zhang, Qingyu (35932752700); Cao, Mei (59107923300)","35932752700; 59107923300","Human-machine web interface design for electronic commerce: A review of design perspectives, objectives, dimensions, and techniques","2003","International Journal of Services Technology and Management","4","4-6","","442","463","0","10.1504/ijstm.2003.003625","https://www.scopus.com/pages/publications/0344926269?origin=resultslist","Web technology is revolutionising the information transfer and delivery modes of physical products. In the field of consumer-oriented business, most online merchant-consumer interactions require direct manipulation of interface. Thus the design of human-machine web interface is a critical factor to determining whether e-commerce can succeed in supporting and facilitating the electronic transaction in an electronic market and hierarchy. This paper reviews and pools together research on e-commerce website design in terms of design perspectives, objectives, dimensions, and techniques to help manage web technologies to enhance service in this burgeoning high-tech industry. The paper situates and integrates different design perspectives within the broader context of user acceptance, indicating some of the relative strengths and limitations of each theory. The review and comparisons of the design perspectives, objectives, dimensions, and techniques offer a basis for user interface design guidelines and future research directions.","Electronic business; Electronic commerce; Human-computer interface; Internet technology; Usability; User acceptance; Websites","Electronics industry; Interfaces (computer); Man machine systems; Technological forecasting; World Wide Web; Electronic business; Internet technology; User acceptance; Electronic commerce","Article","Final","","Scopus","2-s2.0-0344926269"
"Basso A.; Goldberg D.; Greenspan S.; Weimer D.","Basso, Andrea (7101615362); Goldberg, David (57193262159); Greenspan, Steven (57190097544); Weimer, David (57197360525)","7101615362; 57193262159; 57190097544; 57197360525","First impressions: Emotional and cognitive factors underlying judgments of trust E-commerce","2001","Proceedings of the ACM Conference on Electronic Commerce","","","","137","143","82","","https://www.scopus.com/pages/publications/0038724450?origin=resultslist","Different communication media create different shopping experiences, e.g., the phone vs. the web. In this study, we examined the early formation of trust and the likelihood that a shopper will return to a website for subsequent purchases. Consumers were asked to select a blender as a gift for someone they knew using one of four types of user interfaces: (1) a standard web interface with no audio or real time interpersonal communication, (2) a web interface with text and audio descriptions of the products, (3) a web interface augmented with Instant Messaging and the ability of a sales agent to push web pages to the customer's web browser, and (4) a TV-based application that allowed a salesperson to talk to the customer while pushing catalog items to the customer's TV. Results indicate that real-time interactivity, but not voice, increased judgments of friendliness and of the trustworthiness of the salesperson. In this paper we discuss these and other results, and their implications for e-commerce.","Attunement; Audiovisual communication common ground; E-commerce; Instant messaging; Retail; Trust","Cognitive systems; Decision support systems; Interactive computer systems; Real time systems; User interfaces; Web browsers; Websites; Instant messaging; Real time interactivity; Web interface; Electronic commerce","Conference paper","Final","","Scopus","2-s2.0-0038724450"
"Liu S.-P.; Tucker D.; Koh C.E.; Kappelman L.","Liu, Shin-Ping (7409463883); Tucker, Dennis (7202804686); Koh, Chang E. (7201749886); Kappelman, Leon (6701798094)","7409463883; 7202804686; 7201749886; 6701798094","Standard user interface in e-commerce sites","2003","Industrial Management and Data Systems","103","8-9","","600","610","38","10.1108/02635570310497648","https://www.scopus.com/pages/publications/0345549548?origin=resultslist","E-commerce offers speed, convenience, and often cost-effectiveness for today's busy shoppers, but many e-commerce sites are still too hard to use. The problem with e-commerce sites is that the controls and organization are different for each site. This research investigates how an individual's perceptions of key beliefs surrounding the use of the e-commerce site with the standard user interface would influence the individual's decision to accept these e-commerce sites for online shopping purposes. This study applies the Technology Acceptance Model (TAM) identifying components of usefulness and ease of use that predict user attitude toward the usage of the standard user interface. The research uses a Web-based survey and employs TAM with path analysis to identify features of the standard user interface that might contribute to its usefulness and ease of use. It thus provides insights into the usefulness and ease of e-commerce sites for developers, practitioners as well as researchers.","Customer requirements; Electronic commerce; User interfaces","Customer satisfaction; Electronic commerce; Human computer interaction; Information technology; Mathematical models; Online systems; Standards; Technology; Customer requirements; Technology acceptance model; User interfaces","Article","Final","","Scopus","2-s2.0-0345549548"
"Francis J.; Drolia U.; Mankodiya K.; Martins R.; Gandhi R.; Narasimhan P.","Francis, Jon (57220636284); Drolia, Utsav (40661235600); Mankodiya, Kunal (35111270300); Martins, Rolando (22735109400); Gandhi, Rajeev (55418202200); Narasimhan, Priya (57191195699)","57220636284; 40661235600; 35111270300; 22735109400; 55418202200; 57191195699","MetaBot: Automated and dynamically schedulable robotic behaviors in retail environments","2013","ROSE 2013 - 2013 IEEE International Symposium on Robotic and Sensors Environments, Proceedings","","","6698434","148","153","3","10.1109/ROSE.2013.6698434","https://www.scopus.com/pages/publications/84893306121?origin=resultslist","The ever-increasing popularity of online stores is reshaping traditional commerce models. In particular, brick-and-mortar stores are presently facing the challenge of reinventing themselves and their business models to offer attractive yet low-cost alternatives to e-commerce. Other industries have already introduced new concepts to fight inefficiency (i.e., 'Just-in-Time' inventory management in Automotive), retail stores face a more challenging environment which these models cannot accommodate. Stores remain heavily vested in battling the overhead costs of personnel management when, instead, a robotic automation scheme with retail-oriented behaviors could reduce the detection latency of out-of-stock and compliance error phenomena throughout the store. These behaviors must be automated, multi-purpose, and schedulable; they must also ensure that the robot coordinates store nuances to adapt its functionality appropriately. In this paper, we present our architecture that defines retail robot behaviors as a collection of reusable activities, which, when permuted various ways, allows for various high-level and application-specific tasks to be accomplished effectively. We evaluate this system on our robotic platform by scrutinizing the integrity of navigation and machine vision tasks, which we perform concurrently in an experimental store setup. Results show the feasibility and efficiency of our proposed architecture. © 2013 IEEE.","","Automation; Computer vision; Electronic commerce; Inventory control; Retail stores; Robots; Sales; Sensors; Detection latency; Inventory management; Personnel management; Proposed architectures; Robotic automation; Robotic behavior; Robotic platforms; Traditional commerce; Robotics","Conference paper","Final","","Scopus","2-s2.0-84893306121"
"Dodeja L.; Tambwekar P.; Hedlund-Botti E.; Gombolay M.","Dodeja, Lakshita (57204914678); Tambwekar, Pradyumna (57205377028); Hedlund-Botti, Erin (57834328600); Gombolay, Matthew (55806238000)","57204914678; 57205377028; 57834328600; 55806238000","Towards the design of user-centric strategy recommendation systems for collaborative Human–AI tasks","2024","International Journal of Human Computer Studies","184","","103216","","","29","10.1016/j.ijhcs.2023.103216","https://www.scopus.com/pages/publications/85182882581?origin=resultslist","Artificial Intelligence is being employed by humans to collaboratively solve complicated tasks for search and rescue, manufacturing, etc. Efficient teamwork can be achieved by understanding user preferences and recommending different strategies for solving the particular task to humans. Prior work has focused on personalization of recommendation systems for relatively well-understood tasks in the context of e-commerce or social networks. In this paper, we seek to understand the important factors to consider while designing user-centric strategy recommendation systems for decision-making. We conducted a human-subjects experiment (n=60) for measuring the preferences of users with different personality types towards different strategy recommendation systems. We conducted our experiment across four types of strategy recommendation modalities that have been established in prior work: (1) Single strategy recommendation, (2) Multiple similar recommendations, (3) Multiple diverse recommendations, (4) All possible strategies recommendations. While these strategy recommendation schemes have been explored independently in prior work, our study is novel in that we employ all of them simultaneously and in the context of strategy recommendations, to provide us an in-depth overview of the perception of different strategy recommendation systems. We found that certain personality traits, such as conscientiousness, notably impact the preference towards a particular type of system (p < 0.01). Finally, we report an interesting relationship between usability, alignment, and perceived intelligence wherein greater perceived alignment of recommendations with one's own preferences leads to higher perceived intelligence (p < 0.01) and higher usability (p < 0.01). © 2024 Elsevier Ltd","Design and evaluation of innovative interactive systems; Intelligent user interfaces; Interactive decision support systems","Artificial intelligence; Decision making; Decision support systems; User interfaces; Design and evaluation of innovative interactive system; Design and evaluations; E- commerces; Intelligent User Interfaces; Interactive decision support system; Interactive system; Personalizations; Search and rescue; User's preferences; User-centric; Recommender systems","Article","Final","All Open Access; Green Open Access","Scopus","2-s2.0-85182882581"
"Dammu P.P.S.; Alonso O.; Poblete B.","Dammu, Preetam Prabhu Srikar (57413064400); Alonso, Omar (23011639800); Poblete, Barbara (16550715100)","57413064400; 23011639800; 16550715100","A Shopping Agent for Addressing Subjective Product Needs","2025","WSDM 2025 - Proceedings of the 18th ACM International Conference on Web Search and Data Mining","","","","1032","1035","2","10.1145/3701551.3704124","https://www.scopus.com/pages/publications/105001672389?origin=resultslist","In e-commerce, customers often struggle to find relevant items when their needs involve subjective properties characterized by personal or collective perception, tastes, and opinions, which are typically not captured in catalog data. This challenge is particularly pronounced in event-based scenarios like gifting, where selecting the right product involves complex subjective reasoning. Customer reviews can be a valuable source of subjective information to bridge this gap. Consequently, customers often spend significant amount of time navigating multiple products and reading numerous reviews to find suitable gifts that meet their needs. In order to reduce the effort involved, we propose an agentic approach driven by large language models to streamline this process by autonomously executing various user actions. These include computational tasks like vagueness detection and subjective product needs extraction, conversational interactions to gather missing user information, and web browsing actions that search for product details, reviews, and review images. Additionally, the agent employs generative actions to synthesize gifting ideas and explanations, helping users discover suitable products more efficiently. The proposed approach not only reduces the cognitive burden on users but also facilitates the exploration of a wider range of products. Our solution highlights the potential of autonomous agents to handle subjective queries in e-commerce, enhancing personalization, product exploration, and selection in a user-centric manner. © 2025 Copyright held by the owner/author(s).","Agents; LLMs; Personalization; Web Navigation Agents","Modeling languages; Web browsers; Catalog data; Customer review; E- commerces; Event-based; LLM; Personalizations; Property; Shopping agent; Subjective information; Web navigation agents; Sales","Conference paper","Final","All Open Access; Gold Open Access","Scopus","2-s2.0-105001672389"
"Wu M.; Miller R.C.; Little G.","Wu, Min (55729405900); Miller, Robert C. (57216196948); Little, Greg (16643068200)","55729405900; 57216196948; 16643068200","Web wallet: Preventing phishing attacks by revealing user intentions","2006","ACM International Conference Proceeding Series","149","","","102","113","91","10.1145/1143120.1143133","https://www.scopus.com/pages/publications/34250786200?origin=resultslist","We introduce a new anti-phishing solution, the Web Wallet. The Web Wallet is a browser sidebar which users can use to submit their sensitive information online. It detects phishing attacks by determining where users intend to submit their information and suggests an alternative safe path to their intended site if the current site does not match it. It integrates security questions into the user's workflow so that its protection cannot be ignored by the user. We conducted a user study on the Web Wallet prototype and found that the Web Wallet is a promising approach. In the study, it significantly decreased the spoof rate of typical phishing attacks from 63% to 7%, and it effectively prevented all phishing attacks as long as it was used. A majority of the subjects successfully learned to depend on the Web Wallet to submit their login information. However, the study also found that spoofing the Web Wallet interface itself was an effective attack. Moreover, it was not easy to completely stop all subjects from typing sensitive information directly into web forms.","E-commerce; User interface design; User study; World wide web and hypermedia","Electronic commerce; Information analysis; Online systems; User interfaces; Web browsers; Web services; Login information; User interface design; User study; World wide web and hypermedia; Security of data","Conference paper","Final","","Scopus","2-s2.0-34250786200"
"Lin K.-J.; Yu T.; Shih C.-Y.","Lin, Kwei-Jay (7403967547); Yu, Tao (8564790500); Shih, Chia-Yen (58826773500)","7403967547; 8564790500; 58826773500","The design of a personal and intelligent pervasive-commerce system architecture","2005","Proceedings - 2005 Second IEEE International Workshop on Mobile Commerce and Services, WMCS'05","2005","","1581589","163","172","15","10.1109/WMCS.2005.25","https://www.scopus.com/pages/publications/33847095009?origin=resultslist","This paper studies the paradigm of pervasive commerce (p-commerce) and presents the design of a p-commerce system architecture which consists of e-commerce servers and store sensors. The architecture includes a personal device, PAM (Pervasive Activity Manager), that allows a user to interact with the smart e-commerce environment. PAM can be used to automatically collect sensor information, manage user preference and context, connect to servers and peers on the Web, conduct service checking and integration, and execute user transactions. Extended from traditional m-commerce devices, PAM is user-centric in the sense that it tries to help a user look for preferred products and find the best result for the user. It proactively conducts many context-aware operations in the background without user's explicit requests. We study the p-commerce system issues and define the capabilities to make such a device feasible. We also show shopping scenarios and present a simple PAM prototype using the PDA device available today. © 2005 IEEE.","","Computer aided design; Computer architecture; Context sensitive grammars; Intelligent agents; Sensors; User interfaces; Pervasive Activity Manager (PAM); Pervasive commerce (p-commerce); Sensor information; Service checking; Electronic commerce","Conference paper","Final","","Scopus","2-s2.0-33847095009"
"Canthadai A.M.","Canthadai, Aravind M. (36929995200)","36929995200","Shopping search and the semantic web","2011","2011 IEEE Consumer Communications and Networking Conference, CCNC'2011","","","5766578","699","700","0","10.1109/CCNC.2011.5766578","https://www.scopus.com/pages/publications/79957915966?origin=resultslist","Faceted search is becoming very common in commerce search. We introduce a new type of facet: a predefined schema for a product which can be used for the drilldown process. The actual search process which ensues from using such a facet is what is commonly known as a keytree search. Keytree search is a search on a library of XML documents which need to be ranked so they satisfy both the keyword and the tree structure constraints. This is a position paper which proposes combining existing vector space models (for keyword match) with tree isomorphism codes (for structural match). © 2011 IEEE.","ecommerce; information retrieval; semantic web","Information retrieval; Plant extracts; Semantic Web; Semantics; Trees (mathematics); User interfaces; Vector spaces; Drill-down; E-Commerce; Faceted search; Position papers; Search process; Tree structures; Vector space models; World Wide Web","Conference paper","Final","","Scopus","2-s2.0-79957915966"
"Udo Godwin J.; Marquis Gerald P.","Udo, Godwin J. (7004107603); Marquis, Gerald P. (7007153056)","7004107603; 7007153056","Effective commercial web site design: An empirical study","2000","IEEE International Engineering Management Conference","","","","313","318","6","","https://www.scopus.com/pages/publications/0033696095?origin=resultslist","This paper reports a survey study involving 117 e-commerce customers. The purpose of the study was to sample the opinions of commercial web users in order to determine the critical design features of an effective web site. The results indicate that an effective web site design must have short down load time, must be easy to navigate, use graphics that do not take too long to load, use animations that are not distracting, and must be highly interactive. In addition, an effective commercial web site design must be careful with the use of frames, choice of grammar and color combination and shows high degree of cohesion and consistency throughout the pages. The results also indicate that design features make a significant different on volume of traffic, repeated visits and intention of a visitor to stay and explore the site.","","Animation; Electronic commerce; Graphic methods; Down load time; Web site design; World Wide Web","Conference paper","Final","","Scopus","2-s2.0-0033696095"
