"Authors","Author full names","Author(s) ID","Title","Year","Source title","Volume","Issue","Art. No.","Page start","Page end","Cited by","DOI","Link","Abstract","Author Keywords","Index Keywords","Document Type","Publication Stage","Open Access","Source","EID"
"Caporusso N.; Campan A.; Bhandari A.; Kroeger S.; Gautam S.","Caporusso, Nicholas (21734204500); Campan, Alina (13408689900); Bhandari, Ayush (59915223000); Kroeger, Stephen (60203691200); Gautam, Sarita (60203215000)","21734204500; 13408689900; 59915223000; 60203691200; 60203215000","BrandNERD: An Extensive Brand Dataset and Analysis Pipeline for Named Entity Resolution","2025","International Joint Conference on Knowledge Discovery, Knowledge Engineering and Knowledge Management, IC3K - Proceedings","1","","","481","488","0","10.5220/0013830600004000","https://www.scopus.com/pages/publications/105022473907?origin=resultslist","Named entity resolution (NER) comprises several steps to address multifaceted challenges, including canonicalization, aggregation, and validation. Nonetheless, NER research is hindered by the scarcity of realistic, labeled corpora that capture the spelling noise and brand proliferation found in data from multiple sources, from e-commerce to social media. In this paper, we introduce the Brand Name Entity Resolution Dataset (BrandNERD), an extensive dataset of real-world brand names extracted from an existing high-traffic retail marketplace. BrandNERD consists of multiple datasets along the entity resolution pipeline: raw surface forms, unique canonical entities, similarity clusters, validated brands, and a lookup table reconciling multiple canonical forms with a list of validated preferred brand labels. In addition to the BrandNERD dataset, our contribution includes an analysis of adequacy of various text similarity measures to the brand NER task at hand, the processing algorithms used in each step of the resolution process, and user interfaces and data visualization tools for manual reviews, resulting in a modular, fully reproducible, and extensible pipeline that reflects the complete NER workflow. BrandNERD, which is released as a public repository, contains the dataset and processing pipeline for over 390,000 raw brand names. The repository is continuously updated with new data and improved NER algorithms, making it a living resource for research in marketing and machine learning, and for enabling more complex downstream tasks such as entity disambiguation and brand sentiment analysis. Copyright © 2025 by SCITEPRESS – Science and Technology Publications, Lda.","Brand Canonicalization; Named Entity Resolution; String Pattern Matching; Text Mining","Clustering algorithms; Data visualization; Electronic commerce; Information systems; Information use; Knowledge management; Learning algorithms; Learning systems; Machine learning; Marketing; Pattern matching; Pipeline processing systems; Pipelines; Sentiment analysis; Text mining; User interfaces; Brand canonicalization; Brand names; Canonicalization; E- commerces; Entity resolutions; Multiple source; Named entities; Named entity resolution; String pattern matching; Text-mining; Table lookup","Conference paper","Final","All Open Access; Gold Open Access","Scopus","2-s2.0-105022473907"
"Correia D.M.; Teixeira L.; Marques J.L.","Correia, Diogo Mendes (57226055790); Teixeira, Leonor (22434117100); Marques, João Lourenço (55600379800)","57226055790; 22434117100; 55600379800","The hourglass model: From consumer’s behavior to delivery","2021","Proceedings of the International Conference on Industrial Engineering and Operations Management","","","","1357","1386","2","","https://www.scopus.com/pages/publications/85114238225?origin=resultslist","Through an empirical study of 74 Portuguese e-commerce brands, from the fashion, cosmetics, supplements, jewelry, beverages, utilities, orthopedics, book, sports, technology, decoration, pet, printing, and flowers’ sectors, it was noticed that consumers still do not have the possibility to personalize their products neither to request immediate deliveries or choose an exact delivery time. Nowadays, the Industry is striving to allow consumers to buy the product they want, as they wish, and be delivered in the time and place they choose. The purchase personalization and the supply chain’s arrangement to attend to the demand are expected to be increasingly based on predictive analytics. Prediction shall guide the definition of the supply chain. Moreover, the collaboration between stakeholders through an open marketplace is required to fulfill clients’ needs and desires. Given the observed facts and empirical evidence, this paper highlights the importance of integrating manufacturing and delivery, supported by an Hourglass shared economy prediction-oriented supply chain model. © IEOM Society International.","And Smart Cities; Hourglass Model; Industry 4.0; Smart Manufacturing; Supply Chain","","Conference paper","Final","","Scopus","2-s2.0-85114238225"
"Willy; Wella","Willy (59718998300); Wella (57195938951)","59718998300; 57195938951","Examining Antecedents and Outcomes of Electronic Word-of-Mouth Adoption: An Empirical Study of Tokopedia Users","2024","Journal of Logistics, Informatics and Service Science","11","5","","411","429","0","10.33168/JLISS.2024.0524","https://www.scopus.com/pages/publications/105001618772?origin=resultslist","This study analyzed factors influencing eWOM information adoption of 211 Tokopedia users. Based on ELM and social influence theories, an eWOM research model was developed and tested using PLS-SEM. Key findings were that expertise, trustworthiness, objectivity, argument quality and information usefulness positively affected eWOM information adoption. Practical and theoretical implications include providing recommendations for Tokopedia to enhance review credibility and establish guidelines for e-commerce websites to facilitate informed purchase decisions. As one of the first studies to holistically examine eWOM antecedents and consequences in Indonesia’s rapidly growing e-commerce sector from the lens of Generation Y users, it contributes to advancement of theory and practice in this domain. © 2024, Success Culture Press. All rights reserved.","electronic word of mouth; marketplace; partial least square","","Article","Final","All Open Access; Gold Open Access","Scopus","2-s2.0-105001618772"
"Pokrovskaya A.","Pokrovskaya, Anna (58643182800)","58643182800","Infringement of Photographic Works on Marketplaces: A Study of the Chinese Experience","2025","Journal of Intellectual Property Rights","30","3","","285","294","0","10.56042/jipr.v30i3.8484","https://www.scopus.com/pages/publications/105007732799?origin=resultslist","This article aims to provide an extensive analysis of the Chinese experience regarding the infringement of photographic works on marketplaces, offering valuable insights into the causes, scale, and implications of this pervasive issue. It explores the challenges faced by photographers in protecting their intellectual property rights, the effectiveness (or lack thereof) of marketplace policies and enforcement mechanisms, and the role of technological advancements, such as content filtering algorithms, in tackling infringement issues. Moreover, this study investigates the economic consequences of photographic copyright infringement on photographers, marketplace platforms, and the image licensing ecosystem as a whole. By analyzing the financial impact, including potential revenue losses, reduced market competitiveness, and implications for artistic innovation, this research sheds light on the urgency of addressing the issue and implementing effective preventive measures. Overall, this article provides a comprehensive understanding of the infringement of photographic works on marketplaces, with a specific focus on the Chinese experience. It contributes to the existing literature on copyright protection and online marketplace governance, aiming to raise awareness, inform policy decisions, and guide future research in combating this pressing issue within the photography industry. © 2025, National Institute of Science Communication and Policy Research. All rights reserved.","Copyright Infringement; Digital Age; E-commerce; Marketplaces; Photographic Works","","Article","Final","All Open Access; Gold Open Access","Scopus","2-s2.0-105007732799"
"Al-Barhamtoshy H.M.; Deabes R.M.; Baalamash F.A.","Al-Barhamtoshy, Hassanin M. (56192856700); Deabes, Rania M. (58240340600); Baalamash, Fardus A. (59790785500)","56192856700; 58240340600; 59790785500","Interactive AI for Advancing and Generating Women's Traditional Fashion in Saudi Arabia","2025","2025 2nd International Conference on Advanced Innovations in Smart Cities, ICAISC 2025","","","","","","2","10.1109/ICAISC64594.2025.10959690","https://www.scopus.com/pages/publications/105004552432?origin=resultslist","This research sought to safeguard the cultural legacy of women's traditional attire in the Kingdom of Saudi Arabia by developing a comprehensive digital platform for the collection and categorization of these costumes. The emphasis was placed on the Western region of Saudi Arabia, where a dataset of traditional garments was collected, compiled, and generated. Moreover, a specialized website was created to streamline the marketing and purchasing processes for these traditional outfits. The methodology integrated both descriptive-analytical and experimental approaches based on generative AI. Tools utilized in this research included an expert opinion survey aimed at understanding the requirements for implementing an artificial intelligence-based classification system for women's traditional clothing, as well as measuring user perceptions regarding the website's effectiveness in marketing Saudi Arabia's traditional wear. Additionally, questionnaires were distributed to gather input from specialists concerning the classification system and its related website, focusing on advancing production and marketing strategies. Users' feedback on both the AI-driven classification system and the website was also collected. Key findings indicated that it is viable to preserve cultural heritage represented by traditional garments from Saudi Arabia's western region through their collection and organization within an AI-based framework. Furthermore, this study highlighted opportunities for promoting and selling traditional fashion via a website equipped with an AI classification system. The AI-driven classification system demonstrated remarkable accuracy, approaching 97%, with an error rate of around 3.15%. The conclusion includes recommendations for sharing this system with fashion houses interested in producing traditional women's clothing in Saudi Arabia, along with providing access to databases that could assist in designing and manufacturing such apparel.  © 2025 IEEE.","artificial intelligence; e-commerce websites; machine learning; traditional clothing","Expert systems; Garment industry; Hosiery manufacture; Marketplaces; Sales; Strategic planning; Transfer learning; Analytical approach; Classification system; Digital platforms; E-commerce websites; Experimental approaches; Kingdom of Saudi Arabia; Machine-learning; Saudi Arabia; Traditional clothing; Western region; Clothes","Conference paper","Final","","Scopus","2-s2.0-105004552432"
"Rajput A.; Jaiwani M.; Singh S.; Gandhi A.; Gopalkrishnan S.","Rajput, Aditi (58397462000); Jaiwani, Megha (57957846500); Singh, Saumya (58115858900); Gandhi, Aradhana (56205598600); Gopalkrishnan, Santosh (56728443400)","58397462000; 57957846500; 58115858900; 56205598600; 56728443400","Influencer Marketing Redefined: The Era of AI-Powered Personalization","2024","Proceedings - 2024 International of Seminar on Application for Technology of Information and Communication: Smart And Emerging Technology for a  Better Life, iSemantic 2024","","","","482","488","5","10.1109/iSemantic63362.2024.10762409","https://www.scopus.com/pages/publications/85213346582?origin=resultslist","Integrating Artificial Intelligence (AI) with social media algorithms is pivotal in optimizing content visibility and engagement across platforms. By leveraging AI's analytical power, marketers can predict which content will perform best, aligning campaigns with audience preferences and boosting success rates. This study investigates the impact of AI-driven personalized content on customer engagement and purchase intentions in the marketing industry. We examined how AI-driven personalization maximizes customer engagement and influences purchasing behavior through surveys administered to 322 followers who consume social media content and have purchased products through that content or social media influencers. The research highlights the positive interactions between influencers and followers, demonstrating the significant impact of tailored content on brand awareness and consumer decision-making. These insights are valuable for influencers, marketers, and customers. Influencers can refine their content strategies to engage their audience better, resulting in stronger follower relationships and increased influence. Marketers gain a deeper understanding of how AI personalization can enhance campaign effectiveness, leading to higher customer engagement and sales. Customers benefit from more relevant and appealing content, improving their overall experience and satisfaction. The findings of the study could be utilized by marketers to improve influencer campaigns, elevate customer engagement, and bolster brand awareness, driving sales in the digital marketing environment. © 2024 IEEE.","AI Personalization; Brand Awareness; E-Commerce; Influencer marketing; Marketing Experience; Purchase Intent","Commerce; Customer satisfaction; Marketplaces; Purchasing; Artificial intelligence personalization; Brand awareness; Influencer marketing; Marketing experience; Personalizations; Personalized content; Power marketers; Purchase intention; Purchase intents; Social media; Sales","Conference paper","Final","","Scopus","2-s2.0-85213346582"
"Batubara C.; Rokan M.K.; Manaf M.F.B.A.; Sukiati; Harahap I.","Batubara, Chuzaimah (58035915200); Rokan, Mustafa Kamal (60514622700); Manaf, Muhammad Firdaus Bin Abdul (59344118700); Sukiati (57200657398); Harahap, Isnaini (58035593400)","58035915200; 60514622700; 59344118700; 57200657398; 58035593400","Realizing Justice and Maṣlaḥah in E-Commerce: Fiqh Muamalah Insights and Challenges in Malaysia and Indonesia","2024","Juris: Jurnal Ilmiah Syariah","23","2","","253","267","10","10.31958/juris.v23i2.12356","https://www.scopus.com/pages/publications/85205006614?origin=resultslist","This study explores how fiqh muamalah principles can realise justice and maṣlaḥah in e-commerce practices, focusing on the understanding and behavior of consumers and producers in Malaysia and Indonesia. The research investigates how these Islamic legal principles are integrated and practised within the digital marketplace. The primary data sources include e-commerce users from Malaysia and Indonesia, specifically consumers and producers. Data were collected through in-depth interviews with various e-commerce users, including consumers and producers. The results reveal that producers generally have a higher awareness of justice and ma maṣlaḥah in e-commerce, though their application of these principles varies. Consumers' experiences are inconsistent, often influenced by their educational background and exposure to Islamic commerce teachings. Key challenges include the lack of standardized guidelines and divergent interpretations of fiqh muamalah principles. The study underscores the need for more structured education and regulatory frameworks to ensure these principles' effective and consistent integration into e-commerce practices. Recommendations include developing comprehensive training programs and establishing clear guidelines to bridge the gap between understanding and practice, thereby aligning e-commerce practices in Malaysia and Indonesia with fiqh muamalah principles. © 2024, Universitas Islam Negeri Mahmud Yunus Batusangkar. All rights reserved.","Consumer Behaviour; E-Commerce; Islamic Principles; Justice; Maṣlaḥah; Producer Behaviour","","Article","Final","All Open Access; Gold Open Access","Scopus","2-s2.0-85205006614"
"Saini K.; Singh A.","Saini, Kapil (58767381000); Singh, Ajmer (57192272026)","58767381000; 57192272026","Data-Driven Strategies for Improving Customer Engagement and Retention in E-commerce","2024","Proceedings - 2024 1st International Conference on Technological Innovations and Advance Computing, TIACOMP 2024","","","","499","506","0","10.1109/TIACOMP64125.2024.00089","https://www.scopus.com/pages/publications/85212053165?origin=resultslist","The dynamic realm of e-commerce places a premium on customer interaction and retention. The present research delves into data-driven tactics aimed at augmenting client experiences and cultivating sustainable virtual connections. It explores how client data and website analytics are used to discover preferences and behaviours, resulting in customer-centric insights. A concise approach to data analysis makes it easier to understand complex customer interactions using a range of analytics methods, with a focus on moral behaviour. A suggested small-scale experiment evaluates how customised email recommendations affect user engagement, highlighting the value of personalisation. Techniques including segmentation, personalisation systems, chatbots, automated service, and loyalty programmes are highlighted by empirical research, which validates their role in fostering consumer loyalty and demonstrates their revolutionary potential in practical settings. Results indicate that customized emails outperform traditional methods, showcasing scalability and informing strategy. Analysis provides valuable insights for e-commerce practitioners, and although the paper points out its own limitations, it sets the stage for further research into these complex, data-centric consumer engagement pathways. The study aims to guide businesses in forging lasting digital partnerships and navigating market changes. © 2024 IEEE.","e-commerce; hybrid recommender system; recommendation system; soft computing; user satisfaction","Customer satisfaction; Recommender systems; Sales; Analytic method; Customer retention; Customer-centric; Customers interactions; Data driven; E- commerces; Hybrid recommender systems; Soft-Computing; Users' satisfactions; Virtual connections; Marketplaces","Conference paper","Final","","Scopus","2-s2.0-85212053165"
"Qi J.; Zhang Z.; Jeon S.; Zhou Y.","Qi, Jiayin (13408299900); Zhang, Zhenping (56515779000); Jeon, Seongmin (55355072100); Zhou, Yanquan (12761881300)","13408299900; 56515779000; 55355072100; 12761881300","Mining customer requirements from online reviews: A product improvement perspective","2016","Information and Management","53","8","","951","963","335","10.1016/j.im.2016.06.002","https://www.scopus.com/pages/publications/84997191054?origin=resultslist","Big data commerce has become an e-commerce trend. Learning how to extract valuable and real time insights from big data to drive smarter and more profitable business decisions is a main task of big data commerce. Using online reviews as an example, manufacturers have come to value how to select helpful online reviews and what can be learned from online reviews for new product development. In this research, we first proposed an automatic filtering model to predict the helpfulness of online reviews from the perspective of the product designer. The KANO method, which is based on the classical conjoint analysis model, is then innovatively applied to analyze online reviews to develop appropriate product improvement strategies. Moreover, an empirical case study using the new method is conducted with the data we acquired from JD.com, one of the largest electronic marketplaces in China. The case study indicates the effectiveness and robustness of the proposed approach. Our research suggests that the combination of big data and classical management models can bring success for big data commerce. © 2016 Elsevier B.V.","Big data commerce; Conjoint analysis; KANO; Online review; Product design","Big data; Electronic commerce; Product design; Product development; Statistical methods; Conjoint analysis; Conjoint analysis models; Customer requirements; Electronic marketplaces; Empirical case studies; KANO; New product development; Online reviews; Digital storage","Article","Final","","Scopus","2-s2.0-84997191054"
"Ibrahim A.A.; Jiddah S.A.; Buhari M.","Ibrahim, Ahmed Abdullahi (58278038600); Jiddah, Salihu Adam (59320413100); Buhari, Muhammed (60357120400)","58278038600; 59320413100; 60357120400","Logistics management and e-commerce performance: A PLS-SEM analysis of Jumia operations, Abuja-Nigeria","2025","International Journal of Management and Sustainability","14","4","","1302","1318","0","10.18488/11.v14i4.4650","https://www.scopus.com/pages/publications/105028886208?origin=resultslist","E-commerce performance is increasingly crucial in Nigeria’s rapidly expanding digital marketplace, yet logistics challenges persist, threatening the sustainability and competitiveness of leading firms like Jumia. Despite market growth, a gap exists in understanding how specific logistics management practices, particularly order processing and information flow, impact e-commerce performance in Abuja. This study aims to assess the effects of order processing and information flow on Jumia’s operational outcomes in Abuja, FCT. Employing a survey research design, data were collected from all 187 Jumia employees in Abuja using structured questionnaires. A partial least squares structural equation modeling (PLS-SEM) was used. Among the key findings, it is notable that the efficient processing of orders has a strong positive influence on Jumia's performance, increasing customer satisfaction and repeat purchases. Conversely, information flow within this study had a highly negative effect on performance, attributed to information overload and inefficiencies. It is not about the quantity or speed of information flow but its quality and management, contrasting traditional expectations. This observation indicates that Jumia’s logistics operations urgently need enhancement in information filtering and processing to maximize performance. Based on these insights, the study proposes that Jumia Nigeria should adopt new order management systems, streamline warehouse activities, and provide specialized staff training. Additionally, it is important to establish effective information filtering systems and communication channels to report incidents. These steps are likely to improve operational effectiveness, customer satisfaction, and the company's competitive position in Nigeria’s e-commerce industry. © 2025 Conscientia Beam. All Rights Reserved.","Abuja-Nigeria; Information flow; Jumia; Logistics management; Order processing","","Article","Final","All Open Access; Gold Open Access","Scopus","2-s2.0-105028886208"
"Xu L.; Sun Y.; Hsu Y.-T.; Chiu Y.-L.","Xu, Li (60107930200); Sun, Yide (57778328000); Hsu, Yuan-Teng (56518883500); Chiu, Ya-Ling (57207233944)","60107930200; 57778328000; 56518883500; 57207233944","The effects of personalized recommendations on perceived switching costs: The mediation roles of customer satisfaction and habits","2025","Electronic Markets","35","1","80","","","0","10.1007/s12525-025-00829-0","https://www.scopus.com/pages/publications/105016619929?origin=resultslist","As e-commerce evolves, personalized recommendations have become essential for enhancing user experience and website stickiness, yet their impact on customer behavior remains unclear. This study examines how personalized recommendations affect perceived switching costs, focusing on the mediating roles of customer satisfaction and habits, and the moderating effects of consumption levels. Using structural equation modeling on Survey data from 512 Taobao users, findings reveal that personalized recommendations significantly enhance customer satisfaction and habit formation, which fully mediate their impact on perceived switching costs. Additionally, the influence of these mediators varies by consumption level: habits have a stronger effect on perceived switching costs in high-spending groups, while customer satisfaction is more pivotal for low-spending groups. These insights highlight the need for e-commerce platforms to tailor marketing strategies to different customer segments. The study also emphasizes balancing technological innovation, user experience, and consumer rights in the digital marketplace. © The Author(s), under exclusive licence to Institute of Applied Informatics at University of Leipzig 2025.","Customer satisfaction; Habits; Perceived switching costs; Personalized recommendations; Spending level","","Article","Final","","Scopus","2-s2.0-105016619929"
"Matthew D.; Hellianto G.R.; Putra N.S.; Sundjaja A.M.","Matthew, Darrell (57549523700); Hellianto, Garry R. (57202929630); Putra, Niko S. (57549906800); Sundjaja, Arta Moro (55858212100)","57549523700; 57202929630; 57549906800; 55858212100","The Effect of Monthly Promotion, Gamification, User Interface Usability Attractiveness on the Marketplace Repurchase Intention","2021","Proceedings - 3rd International Conference on Informatics, Multimedia, Cyber, and Information System, ICIMCIS 2021","","","","193","199","7","10.1109/ICIMCIS53775.2021.9699114","https://www.scopus.com/pages/publications/85127055343?origin=resultslist","This study aims to examine the determinant factors of e-commerce repurchase intention. The research design is a quantitative model. The sample size is 206 respondents, using purposive sampling. The respondents are Shopee e-commerce users in Indonesia. The data processing technique used is a linear regression model and processed using Statistical Package for the Social Sciences (SPSS) software for Windows version 25. The results of this study indicate that sales promotion and user interface influence consumer repurchase intention. The user interface is the variable with the most significant influence. Thus, to increase buyer visits and transactions on e-commerce, the user interface can be an essential input for developing e-commerce.  © 2021 IEEE.","Gamification; Monthly Promotion; Repurchase Intention in e-commerce; User Interface Attractiveness; User Interface Usability","Data handling; Electronic commerce; Linear regression; Sales; Social sciences computing; Determinant factors; E- commerces; Gamification; Interface usability; Monthly promotion; Repurchase intention; Repurchase intention in e-commerce; Research designs; User interface attractiveness; User interface usability; User interfaces","Conference paper","Final","","Scopus","2-s2.0-85127055343"
"Wenzel J.; Elbert R.; Weidinger F.; Emde S.","Wenzel, Julia (58236733000); Elbert, Ralf (6602579082); Weidinger, Felix (57194323182); Emde, Simon (35810166700)","58236733000; 6602579082; 57194323182; 35810166700","The power of Robotic Mobile Fulfilment Systems — A sensitivity analysis","2025","International Journal of Production Economics","286","","109641","","","4","10.1016/j.ijpe.2025.109641","https://www.scopus.com/pages/publications/105004206470?origin=resultslist","The use of mobile robots, particularly the Robotic Mobile Fulfilment System (RMFS), has increased in retail logistics. Especially in e-commerce, which is characterized by high demand fluctuations and diverse product ranges, RMFSs offer advantages. The existing literature suggests that the overall optimization of an RMFS is often challenging due to the system's complexity and the unknown relationships involved. Therefore, this study extends the previous literature on RMFSs by analysing how the complex interactions between parameters affect the system's performance. A Design of Experiment framework is used to determine the implicit effects on seven performance indicators. In combination with a sensitivity analysis consisting of various statistical analyses as part of predictive analytics, we confirm previous expectations and statistically demonstrate several heretofore unknown parameter interactions. These consist of two-way interactions of three parameters: The dispersion of stock keeping units (SKUs), average order size, and incoming orders per time interval. Our main contribution lies in identifying key efficiency factors for RMFS's layouts, particularly highlighting the importance of station arrangement and the significant impact of SKU dispersion on system performance and resource utilization. Furthermore, our comparison of different layouts shows that those with fewer stations can optimize order picker utilization and achieve higher efficiency with fewer resources. Our findings confirm that SKU dispersion is the most influential factor affecting RMFS's performance. We conclude that RMFS can be effectively applied to various scenarios by following our recommendations on SKU dispersion and layout design. © 2025 The Authors","Order picking; RMFS; Sensitivity analysis; Simulation","Marketplaces; Sensitivity analysis; Demands fluctuation; E- commerces; High demand; Order-picking; Power; Robotic mobile fulfillment system; Sensitivity analyzes; Simulation; Stock keeping unit; Systems performance; Mobile robots","Article","Final","All Open Access; Hybrid Gold Open Access","Scopus","2-s2.0-105004206470"
"Qi T.; Zhuang J.; Su X.; Zhang X.; Zhang K.; Li D.; Hao J.","Qi, Tianyun (59740612300); Zhuang, Jinjiong (60152516200); Su, Xin (59413742500); Zhang, Xiang (57199210418); Zhang, Kai (60152793600); Li, Donghai (37862662300); Hao, Jiewei (57199847143)","59740612300; 60152516200; 59413742500; 57199210418; 60152793600; 37862662300; 57199847143","Ethnobryology in e-commerce: traditional uses and emerging applications of bryophytes in China’s online market","2025","Journal of Ethnobiology and Ethnomedicine","21","1","69","","","0","10.1186/s13002-025-00822-z","https://www.scopus.com/pages/publications/105019519367?origin=resultslist","Background: China is rich in bryophyte diversity, many of which have wide-ranging applications, such as ornamental and medicinal uses. With the rise of online trading platforms, the e-commerce trade of bryophytes has become increasingly prevalent. This study aimed to document the diversity and uses of bryophytes sold on Chinese e-commerce platforms. Methods: We conducted a 1-year investigation (October 2022–October 2023) on the Taobao platform, China's most popular online marketplace. Data on the bryophyte trade were collected using Octopus (v8.6.4) (A web data collection software) scraping combined with manual browsing. We analyzed the trade patterns and purchased bryophytes from 153 suppliers. The collected bryophyte samples were identified, and their species diversity, life forms, traditional uses, and emerging applications were documented. Results: From 1081 fresh bryophyte samples collected, we identified 201 species (including 2 subspecies) belonging to 98 genera and 55 families. Calohypnum plumiforme, Thuidium cymbifolium, and Hypnum leptothallum were the three most frequently traded species. Mat, weft, and tuft were the predominant life forms, which are also the primary types used for ornamental scenes and bedding material. Among these bryophytes, 196 species are marketed for ornamental purposes. Specifically, 182 species have been promoted for applications, including courtyard landscaping, bonsai decorations, micro-landscaping decorations, and rainforest terrariums/paludariums. Fourteen aquatic bryophyte species, marketed as mosses (Mo Si), were used for aquarium landscaping. In addition to traditional applications such as courtyard landscaping and bonsai, micro-landscape modeling and rainforest terrariums/paludariums have emerged as new, widely adopted scenes, with micro-landscapes being the most common. Twelve species were marketed exclusively as horticultural/reptile bedding material. Nine species were identified as facilitators of Chinese gallnut (Wu Bei Zi) production, and thirty-eight species have direct medicinal uses. However, bryophytes marketed explicitly for medicinal use or gallnut promotion are uncommon in the online trade; only Rhodobryum giganteum was found to be sold for medicinal purposes. Crucially, 185 species (92.04%) were found to be sourced wholly or partially from the wild. Among these, Leucobryum juniperoideum and Sphagnum multifibrosum, listed as National Grade II Protected Plants on the List of National Key Protected Wild Plants in China, were identified. Conclusions: This study provides the first exploration of bryophyte diversity and the interplay between traditional and emerging applications within the context of online trade platforms in China, which offers valuable supplementary data for ethnobryological research globally. Furthermore, the findings highlight significant challenges and underscore the need for recommendations concerning the conservation of bryophyte diversity, particularly for species with extensive traditional uses and novel applications that are thriving in emerging trade environments. © The Author(s) 2025.","Biodiversity conservation; Bryophyte applications; Bryophytes; Ethnobryology; Online marketplace","Biodiversity; Bryophyta; China; Commerce; Ethnobotany; Humans; Internet; Medicine, Chinese Traditional; Plants, Medicinal; article; China; conservation biology; electronic commerce; human; landscaping; market; moss; nonhuman; octopus; rain forest; reptile; species diversity; Sphagnum; subspecies; wild plant; biodiversity; China; Chinese medicine; classification; commercial phenomena; ethnobotany; Internet; medicinal plant","Article","Final","All Open Access; Gold Open Access; Green Open Access","Scopus","2-s2.0-105019519367"
"Cuilan J.T.; Chavez J.V.; Soliva K.J.G.; Jaafar S.H.; Savellon K.I.S.; Tantalie E.M.; Albani S.E.","Cuilan, Jhordan T. (58762225700); Chavez, Jason V. (57219472193); Soliva, Kristel Joy G. (59347077600); Jaafar, Shania H. (59255549700); Savellon, Kaiser Isham S. (59320000600); Tantalie, Edwin M. (59347758500); Albani, Salman E. (58899806300)","58762225700; 57219472193; 59347077600; 59255549700; 59320000600; 59347758500; 58899806300","Verbal and non-verbal communication patterns of persuasive selling among live online sellers","2024","Environment and Social Psychology","9","8","2519","","","8","10.59429/esp.v9i8.2519","https://www.scopus.com/pages/publications/85205267595?origin=resultslist","This article studies the verbal and non-verbal communication patterns of persuasive selling among live online sellers in Zamboanga City. The success of businesses can depend on the communication strategies use by entrepreneurs in the online platforms particularly the online live sellers. Live online sellers use both verbal and non-verbal communication to effectively persuade their audience. Verbal communication involves language, tone, and speech patterns, while non-verbal communication includes body language, facial expressions, gestures, and eye contact. Using purposive sampling method, this study found important findings through the lens of 20 online entrepreneurs doing online live selling. The thematic analysis shows that these online sellers use storytelling, emotional appeals, and testimonials to engage their audience and build trust. Active listening skills help tailor their pitches to customer needs. Non-verbal communication, such as confident postures, eye contact, and hand gestures, is crucial for establishing credibility and connecting with their audience. Mastering these techniques can help persuade potential customers and increase sales in the competitive e-commerce market. Understanding these communication patterns is essential for aspiring entrepreneurs in the digital marketplace. Recommendation for future research and tips to existing and aspiring online sellers are discussed. © 2024 by author(s).","audiences; communication; entrepreneurs; language; live sellers; persuasive selling; understanding","","Article","Final","All Open Access; Gold Open Access","Scopus","2-s2.0-85205267595"
"Najib F.M.","Najib, Fatma M. (57188809179)","57188809179","A new detailed rating strategy for enhancing online products recommendation using machine learning and sentiment analysis","2026","Social Network Analysis and Mining","16","1","43","","","0","10.1007/s13278-026-01583-7","https://www.scopus.com/pages/publications/105031790968?origin=resultslist","With the increased use of e-commerce platforms such as Amazon Marketplace, reliable and efficient recommendation of online products is required. High rated and excellent reviewed products by previous customers are considered highly recommended products for new customers. Products’ rating using overall numerical rates is the easiest and most commonly used strategy by most of e-commerce platforms. However, is not considered an accurate and representative rating method. Also, many online shopping platforms provide products’ text reviews of the previous customers, but it is difficult for new customers to read and analyze text reviews to take a decision of buying or not buying products based on their specific preferences and priorities. Sentiment analysis can be automatically applied on these text reviews, but it also generates an overall satisfaction of products which is not accurate for customers with different preferences and priorities. So, this paper proposed a new detailed products’ rating based on different satisfaction factors such as quality, price, speed, and usability for significantly and accurately helping customers to buy products based on their specific preferences and priorities. Also, sentiment analysis can be applied according to the proposed detailed rating. Real Amazon product reviews datasets were used. Proposed detailed rating is assigned to datasets based on analyzing text reviews. Different baseline models were used for ensuring model generalization and robustness of the proposed detailed rating strategy. The experimental results ensure the high performance of recommendation based on the proposed detailed rating methodology. The proposed recommendation methodology achieved accuracy up to 97.74% for some satisfaction factors, and average accuracy of 93.26%. Also, the Mean Square Error, the Root Mean Square Error, and the Mean Absolute Error measures’ values are closer to zero, which ensure the high prediction accuracy of the proposed recommendation system. © The Author(s) 2026.","Online shopping; Products reviews; Recommendation system; Sentiment analysis","Customer satisfaction; Electronic commerce; Errors; Learning systems; Machine learning; Mean square error; Sales; Baseline models; Commerce platforms; E- commerces; Machine-learning; Online product recommendations; Online products; Online shopping; Product ratings; Product reviews; Sentiment analysis; Recommender systems; Sentiment analysis","Article","Final","All Open Access; Hybrid Gold Open Access","Scopus","2-s2.0-105031790968"
"Díaz-Meneses G.; Amador-Marrero M.; Spinelli Guedes C.","Díaz-Meneses, Gonzalo (35723747600); Amador-Marrero, Maica (58648118200); Spinelli Guedes, Claudia (58733904900)","35723747600; 58648118200; 58733904900","The Criteria of Inbound Marketing to Segment and Explain the Domain Authority of the Cellars’ E-Commerce in the Canary Islands","2023","Systems","11","11","527","","","1","10.3390/systems11110527","https://www.scopus.com/pages/publications/85178316543?origin=resultslist","This study uses an inbound measuring instrument to segment the cellar’s e-commerce in the Canary Islands. One of the central claims of this paper is that inbound marketing comprises several dimensions such as content resources, SEO, social media, digital maturity, and e-commerce growth, such that it implies superior levels of personalisation, flexibility, service, security, and privacy, product and shop transparency, advanced technology, and data mining. After raising three research questions, this study performed fieldwork based on web analytics procedures, extracting metrics from 59 cellars’ websites thanks to employing a broad range of software. The sampling procedure was non-probabilistic and judgmental, took place in the spring of 2023, and gathered relevant metrics to build an inbound scale. The data prove that the inbound measuring instrument can rank and segment the Canary Islands’ marketplace. Although this study has put forward a tentative explanation and application of the inbound marketing notion and tools, findings suggest a need for a more significant effort to explore how generalizable the created measuring instrument is. © 2023 by the authors.","cellars; digital capability; inbound marketing; segmentation","","Article","Final","All Open Access; Gold Open Access; Green Open Access","Scopus","2-s2.0-85178316543"
"Wasilewski A.","Wasilewski, Adam (36195288000)","36195288000","Harnessing generative AI for personalized E-commerce product descriptions: A framework and practical insights","2025","Computer Standards and Interfaces","94","","104012","","","12","10.1016/j.csi.2025.104012","https://www.scopus.com/pages/publications/105002843158?origin=resultslist","The role of electronic commerce (e-commerce) in the global economy has been steadily increasing, highlighting the benefits of business digitization for flexibility and resilience in response to environmental changes. Among emerging trends, the integration of artificial intelligence (AI) and machine learning is particularly notable, especially the application of large language models to personalize user interactions throughout the customer journey. A promising future direction is the use of generative AI to create customized e-commerce product descriptions for personalized, multivariant user interfaces. To validate this approach, a framework and metrics are proposed to assess the impact of segment-specific information on generated text. This led to the positioning of AI-generated content within a multivariant user interface architecture and the adaptation of a cosine similarity measure to evaluate text differentiation. The findings confirmed that the specific characteristics of e-commerce customer clusters enable generative AI to produce significantly distinct product descriptions. While differences were not statistically significant in 26.7% of cases, full differentiation was achieved for descriptions of sufficient length. © 2025 Elsevier B.V.","E-commerce; Generative AI; Personalization; Text similarity measures","Generative adversarial networks; Digitisation; Emerging trends; Environmental change; Generative artificial intelligence; Global economies; Personalizations; Product descriptions; Similarity measure; Text similarity; Text similarity measure; Marketplaces","Article","Final","","Scopus","2-s2.0-105002843158"
"Zhang X.; Li F.","Zhang, Xiaojie (57212535180); Li, Fangfang (59563564500)","57212535180; 59563564500","Intelligent E-Commerce Marketing System based on Mobile Multi Agent","2024","2nd IEEE International Conference on Integrated Intelligence and Communication Systems, ICIICS 2024","","","","","","0","10.1109/ICIICS63763.2024.10859369","https://www.scopus.com/pages/publications/85218207963?origin=resultslist","Currently, research on intelligent mobile agents in the field of e-commerce is mostly still in the theoretical and mathematical argumentation stage, while actual research and system development are still in the initial stage, and there are also problems such as low information acquisition efficiency. This article proposes a design approach for an Agent based e-commerce intelligent agent by addressing the shortcomings of existing research on the application of intelligent mobile agents in e-commerce. It aims to provide users and merchants with more convenient services, reduce the burden of network bandwidth, improve information retrieval speed. In the comparison of customer returns before and after the adoption of a mobile Multi Agent intelligent e-commerce marketing system, the data collection time is one month, and the maximum return before the adoption can reach 49 orders. After adoption, the maximum return quantity is 10 orders, and sometimes the return quantity is 0. This article helps to improve the level of e-commerce transaction management. © 2024 IEEE.","intelligent e-commerce; marketing system; mobile multi agent; network bandwidth; product search","Market Research; Mobile agents; Mobile commerce; Multi agent systems; E- commerces; Information acquisitions; Intelligent e-commerce; Intelligent mobile agent; Marketing system; Mobile multi-agents; Network bandwidth; Product search; Research development; System development; Marketplaces","Conference paper","Final","","Scopus","2-s2.0-85218207963"
"Pokrovskaya A.V.","Pokrovskaya, Anna Vladimirovna (58643182800)","58643182800","The application of AI technologies: Enforcement of trademark rights on e-commerce marketplaces","2025","Journal of World Intellectual Property","28","2","","665","683","0","10.1111/jwip.12352","https://www.scopus.com/pages/publications/85218686331?origin=resultslist","The rapid growth of e-commerce marketplaces has posed significant challenges to the enforcement of trademark rights. With the emergence of artificial intelligence (AI) technologies, new opportunities and strategies have emerged for effective trademark enforcement on these platforms. This article examines the transformative role of AI technologies in the protection of trademark rights on e-commerce platforms. It discusses how AI can enhance monitoring, detection, and enforcement of trademark infringements by leveraging advanced methodologies such as machine learning, natural language processing, and computer vision. It discusses how AI can enhance monitoring, detection, and enforcement of trademark infringements by leveraging advanced methodologies such as machine learning, natural language processing, and computer vision. The article identifies the various capabilities of AI technologies in effectively combating counterfeiting, highlights the substantial benefits these tools provide to brand owners, and addresses the ethical and legal considerations accompanying their implementation. Furthermore, it provides insights into limitations faced by stakeholders when integrating AI into trademark enforcement strategies. Ultimately, this article aims to furnish comprehensive recommendations for improving the efficiency of AI-driven enforcement mechanisms, ensuring a reliable and trustworthy environment for consumers and brand owners alike. © 2025 John Wiley & Sons Ltd.","AI technologies; e-commerce marketplaces; enforcement; infringement; trademark rights","","Article","Final","","Scopus","2-s2.0-85218686331"
"Mohale E.T.; Roberson J.R.; Smith A.J.","Mohale, Edmond Theto (60416887000); Roberson, Joseph Robert (57200942561); Smith, Antonie Johan (57212193173)","60416887000; 57200942561; 57212193173","Perceptions of Trust and Purchase Decisions in Tourism E-Commerce Platforms","2025","African Journal of Hospitality, Tourism and Leisure","14","2","","309","316","0","10.46222/ajhtl.19770720.611","https://www.scopus.com/pages/publications/105031076692?origin=resultslist","Global e-commerce continues to expand, presenting opportunities and challenges for the tourism industry, where consumer trust is pivotal. This study investigates the trust factors influencing tourists’ engagement with tourism e-commerce platforms in South Africa, addressing a notable research gap. A cross-sectional survey of 164 respondents at the National Zoological Gardens in Pretoria gathered data on perceived security, ease of use, perceived risk, assurance, platform reputation, and user-generated feedback. The results highlight that secure payment methods, transparent pricing, and brand perception strongly determine online trust, while user reviews, platform usability, and responsive customer service also significantly influence consumer confidence. Product quality and overall platform reputation also emerged as critical factors shaping purchasing decisions. These findings confirm that trust directly drives consumer behaviour, offering practical insights for e-commerce platforms aiming to enhance user adoption. Tourism e-commerce providers can cultivate heightened consumer trust and bolster sustainable growth in the digital travel marketplace by implementing robust security measures, transparent transactions, and intuitive user interfaces. This research contributes to the limited literature on tourism e-commerce within South Africa, underscoring the imperative of fostering consumer confidence for broader industry adoption and expansion. © 2025 AJHTL /Author(s) | Open Access – Online @ www.ajhtl.com https://creativecommons.org/licenses/by-nc-nd/4.0/","perceived ease of use; security concerns; Tourism ecommerce; trust factors; user perceptions","","Article","Final","All Open Access; Gold Open Access","Scopus","2-s2.0-105031076692"
"Bharattej R.V.S.S.; Alabdeli H.; Dubey T.V.; Beula D.; Sundaram S.M.","Bharattej, Rana Veer Samara Sihman (59563401500); Alabdeli, Haider (58989718100); Dubey, Tanuja V. (57204721438); Beula, D. (59563401600); Sundaram, S. Meenakshi (8262374400)","59563401500; 58989718100; 57204721438; 59563401600; 8262374400","Sustainable Product Choices Recommendation System using Contextual Bidirectional Encoder Representations from Transformers and Multi-Layer Perceptron","2024","2nd IEEE International Conference on Integrated Intelligence and Communication Systems, ICIICS 2024","","","","","","0","10.1109/ICIICS63763.2024.10859420","https://www.scopus.com/pages/publications/85218180497?origin=resultslist","Recent days, e-commerce platforms have booming tremendously as the people showing interest to buy the products from online based on the customer reviews and ratings. So, providing the best product recommendations to customer will increase global market and GDP growth of a country. The existing methods for recommendation of products had resulted in suggesting unnecessary products to customers. Therefore, in this research Contextual Bidirectional Encoder Representations from Transformers- Multi-Layer Perceptron (CoBERT-MLP) method is proposed for recommending sustainable product choices using a knowledge-based recommender system. The proposed method employed on Flipkart product dataset that provides details of different products. The data obtained from this dataset is pre-processed by utilising the Natural Language Toolkit (NLTK). These preprocessed data features are extracted by the employed CoBERT method that eliminates the irrelevant attributes from the data. These obtained relevant attributes are classified for categorizing the product choices of a customer. Finally, these classified choices are given to knowledge-based recommender system for providing most sustainable product choices to customers. The proposed CoBERT-MLP method achieved better results in terms of accuracy (99.14%), recall (99.38%), precision (98.56%), and F1-score (99.71%) when related with prevailing method Convolutional Neural Networks (CNN). © 2024 IEEE.","contextual bidirectional encoder representations from transformers; e-commerce; multi-layer perceptron; natural language toolkit; product; recommendation","Commerce; Convolutional neural networks; Marketplaces; Multilayer neural networks; Sales; Welding codes; Contextual bidirectional encoder representation from transformer; E- commerces; Knowledge-based recommender systems; Multilayers perceptrons; Natural language toolkit; Natural languages; Product; Product choice; Recommendation; Sustainable products; Distribution transformers","Conference paper","Final","","Scopus","2-s2.0-85218180497"
"Pal A.; Singh U.P.; Kumar A.","Pal, Abhimanyu (58481915800); Singh, Upendra Pratap (57203063804); Kumar, Ashish (58073139200)","58481915800; 57203063804; 58073139200","INVESTIGATING THE DETERMINANTS OF ONLINE SHOPPING REPURCHASE INTENTION IN GENERATION Z CUSTOMERS IN INDIA: AN EXPLORATORY STUDY","2024","Interdisciplinary Journal of Information, Knowledge, and Management","19","","33","1","10","1","10.28945/5389","https://www.scopus.com/pages/publications/85209248978?origin=resultslist","Aim/Purpose This study investigates the factors that affect the repurchase intentions of Generation Z consumers in India’s online shopping industry, focusing on combining the Expectation-Confirmation Model (ECM) and Extended Technology Acceptance Model (E-TAM). The aim is to understand the intricate behaviors that shape technology adoption and sustained usage, which are essential for retaining customers in e-commerce. Background Social media and other online platforms have significantly influenced daily life and become essential communication tools owing to technological advancements. Online shopping is no exception, offering a range of product choices, information, and convenience compared with traditional commerce. Indian retailers recognize this trend as an opportunity to promote their brands through e-shopping platforms, leading to increased competition. Generation Z comprises 32% of the world’s population and is a significant emerging customer base in India. Numerous studies have been conducted to study customers’ repurchase intention in the online shopping domain, but few studies have explicitly focused on Generation Z as a customer base. This study aims to comprehensively understand the topic and investigate the variables that impact consumers’ online repurchase intention by examining their post-adoption behavioral processes. Methodology The study employed a quantitative research design with structural equation modeling using AMOS to analyze responses from 410 participants. This method thoroughly examined hypotheses regarding factors affecting repurchase intention (security, ease of use, privacy, and internet self-efficacy) and the mediating role of e-satisfaction. Contribution This study makes a unique contribution to the field of e-commerce by focusing on Generation Z in India, a rapidly growing demographic in the e-commerce industry. The results on the mediating role of e-satisfaction have significant implications for e-retailers seeking to enhance customer retention strategies and gain a competitive edge in the market. Findings The research findings underscore the significant influence of security, ease of use, and internet self-efficacy on repurchase intentions, with e-satisfaction playing a pivotal role as a mediating factor. Notably, while privacy concerns did not directly impact repurchase intentions, they displayed considerable influence when mediated by e-satisfaction, highlighting the intricate interplay between these variables in the context of online shopping, which is the unique finding of this study. Recommendations This study has several significant implications for practitioners. Effectively ad-for Practitioners dressing computer-related individual differences, such as computer self-efficacy, is crucial for boosting online customers’ repurchase intention. For instance, if an e-retailer intends to target Generation Z customers, they should collaborate with IT professionals and develop various computer literacy programs on online streaming platforms, such as YouTube. These programs will enhance target customers’ confidence in online shopping portals and increase their online repeat purchases. Additionally, practitioners should strive to improve the online shopping experience by making the portal user-friendly. Generation Z is accustomed to a fast Internet experience, so they prefer that the process of completing online transactions is swift with fewer clicks. The search for products, payments, and redress should not be tedious. Furthermore, the primary objective of the e-retailer should be to satisfy customers, as satisfied customers repeat their purchases and increase overall profitability. Recommendations The current study was conducted in the Delhi-NCR region of India, and its for Researchers findings could serve as a basis for future research. For instance, the scale devised in this study could be utilized to examine the impact of cash-on-delivery as a payment method on purchase intention across the country. Alternatively, a comparative analysis could be conducted to compare cash-on-delivery effects in various countries. Impact on Society The study’s findings enable stakeholders in the online shopping industry to comprehend the post-adoption behavior of Generation Z users and augment existing literature by establishing a correlation between determinants that impact repurchase intention and e-satisfaction, which serves as a mediator. Future Research This study examines the factors that impact the propensity of Generation Z shoppers to engage in repeat online purchases. This study focuses on India, where the Generation Y (millennial) customer base is also substantial within the online shopping market. Future research could compare the shopping habits of Generation Z and Generation Y customers, as the latter may place greater importance on privacy and security. Additional studies could broaden the scope of this research and explore the comparative viewpoints of both generations. Also, it would be advantageous to conduct in-depth interviews and longitudinal studies to acquire a more in-depth comprehension of the evolving digitalization of shopping. © 2024 Informing Science Institute. All rights reserved.","e-commerce; e-satisfaction; ease of use; Generation Z; internet self-efficacy; privacy concerns; repurchase intention; security","Commerce; Competition; Customer satisfaction; Differential privacy; Marketplaces; Customerbase; E- commerces; E-satisfaction; Ease-of-use; Generation Z; Internet self-efficacy; Online shopping; Privacy concerns; Repurchase intention; Security; Sales","Article","Final","All Open Access; Gold Open Access","Scopus","2-s2.0-85209248978"
"Zhang Y.","Zhang, Yanyan (60416335000)","60416335000","E-commerce Livestream Precision Marketing System Based on Data Mining Technology","2025","Proceedings of the 2025 IEEE International Conference on Computation, Big-Data and Engineering, ICCBE 2025","","","","440","444","0","10.1109/ICCBE65177.2025.11256070","https://www.scopus.com/pages/publications/105031136966?origin=resultslist","As the popularity of e-commerce platforms continues to rise, so does the embedding of precision marketing systems to elevate user experience and drive business outcomes. Based on data mining technology, an e-commerce livestream precision marketing system was developed in this study. The system leverages state-of-the-art data mining of user profiles, customer segments, and historical value index to enhance marketing outcomes. By collecting, cleaning, and storing data, the system develops user profiles to tailor user experience to individual preferences and behaviors. Using K-means clustering and backpropagation neural network and other machine learning algorithms, the system clusters customers to predict their future purchasing behavior. The enabled targeted marketing strategy helps businesses better understand consumer preferences and develop relevant marketing initiatives. The architecture of the system involves the collection and storage of larger datasets complementary to sophisticated algorithms that are critical in analyzing data and users in real-time. This system provides the e-commerce companies with maximization in their profit margin by reaching out to the customers with personalized recommendations. © 2025 IEEE.","data mining; e-commerce; livestreaming; precision marketing; user profiling","Backpropagation; Behavioral research; Data mining; Digital storage; K-means clustering; Learning systems; Marketplaces; Neural networks; Sales; User experience; User profile; Business outcomes; Commerce platforms; Data mining technology; E- commerces; Embeddings; Livestreaming; Precision marketings; User's profiles; User's profiling; Users' experiences; Electronic commerce","Conference paper","Final","","Scopus","2-s2.0-105031136966"
"Nishamali M.K.C.P.; Pathirage G.S.; Herath S.; Herath P.; Wickramarathne J.","Nishamali, M.K.C.P. (59561124800); Pathirage, Gihan Saminda (59586664300); Herath, Samitha (57193429103); Herath, Penusha (59696140400); Wickramarathne, Jagath (35147255200)","59561124800; 59586664300; 57193429103; 59696140400; 35147255200","A Systematic Study of Machine Learning Applications in E-Commerce UX Personalization","2024","4th IEEE International Conference on Mobile Networks and Wireless Communications, ICMNWC 2024","","","","","","0","10.1109/ICMNWC63764.2024.10872138","https://www.scopus.com/pages/publications/105000168401?origin=resultslist","This study provides a systematic analysis of the role of machine learning in personalizing e-commerce user experiences (UX). Through a review of selected recent literature, the study explores various machine learning techniques applied to e-commerce, including supervised learning, unsupervised learning, deep learning, and ensemble methods. The research discusses these approaches' effectiveness in enhancing UX through personalized recommendations, search results, dynamic pricing models, and virtual try -on experiences. The analysis examines four main areas: recommendation systems for improved product discovery and user engagement, dynamic pricing optimization for maximizing revenue and customer satisfaction, virtual try-on technologies for enhancing fashion retail experiences, and personalized search. The study investigates how these technologies contribute to creating engaging and efficient shopping experiences while examining implementation challenges such as data privacy and algorithmic bias. Additionally, the research discusses emerging trends, technological advancements, and future research directions to further advance personalization in e-commerce. Overall, this research contributes to the understanding of machine learning in e-commerce personalization for both researchers and practitioners. © 2024 IEEE.","e-commerce ux personalization; machine learning in e-commerce; personalized recommendations; personalized search; virtual try -on technologies","Contrastive Learning; Customer satisfaction; Federated learning; Marketplaces; Self-supervised learning; E- commerces; E-commerce ux personalization; Machine learning in e-commerce; Machine-learning; Personalizations; Personalized recommendation; Personalized search; Virtual try -on technology; Virtual try-on; Adversarial machine learning","Conference paper","Final","","Scopus","2-s2.0-105000168401"
"Bulkrock O.; Qusef A.; BaniMustafa A.","Bulkrock, Olla (58080122000); Qusef, Abdallah (36675659700); BaniMustafa, Ahmed (57205010395)","58080122000; 36675659700; 57205010395","Sentiment Analysis of Customer Feedback and Reviews in E-Commerce Systems","2025","2025 International Conference on New Trends in Computing Sciences, ICTCS 2025","","","","379","385","2","10.1109/ICTCS65341.2025.10989450","https://www.scopus.com/pages/publications/105007292663?origin=resultslist","Natural Language Processing (NLP) is an effective tool for analyzing consumer satisfaction with products and services typically sold by e-businesses. This study explores the use of sentiment analysis to understand customer feedback and ratings using a dataset acquired by Amazon. That dataset covers online purchases over a period of eight years. The study aims to examine the factors that impact sentiment polarity throughout different periods and understand changes in consumer feelings and reviews towards online products and services. The applied method comprehensively studies sentiment, extracting features using the Term Frequency-Inverse Document Frequency (TF-IDF) and other text analysis and data processing procedures. Visualization is also applied to illustrate the trends, patterns, and changes in customer satisfaction over time and per product and line of products. The findings underscore the importance of sentimental research in discerning customer sentiments on online e-commerce platforms and offer practical recommendations for enhancing online and improving customer satisfaction. ©2025 IEEE.","Amazon Reviews; Customer Feedback; E-commerce; Natural Language Processing; Sentiment Analysis","Data reduction; Data visualization; Electronic data interchange; Marketplaces; Mobile commerce; Sales; Sorting; User experience; Amazon review; Customer feedback; Customer review; Customers' satisfaction; E-commerce systems; Language processing; Natural language processing; Natural languages; Product and services; Sentiment analysis; Emotion Recognition","Conference paper","Final","","Scopus","2-s2.0-105007292663"
"Zhao W.","Zhao, Wenchao (59144650300)","59144650300","Research on the application of deep neural networks in personalized product recommendations on e-commerce platforms","2025","Proceedings of 2024 5th International Conference on Computer Science and Management Technology, ICCSMT 2024","","","","184","188","0","10.1145/3708036.3708068","https://www.scopus.com/pages/publications/85218013936?origin=resultslist","Due to the influence of factors such as user consumption habits and manufacturer service quality, e-commerce platforms cannot push personalized product information to any consumer.This project studies the push of product information on e-commerce platforms based on deep neural networks.It mines the data of users' online shopping behaviors such as browsing, collecting, and adding to cart on e-commerce platforms, and pre-processes the mined user behavior data by cleaning, integrating, and normalizing them.It builds a deep bidirectional Transformer model to learn users' historical behavior data and predict the most probable products that meet users' behavior needs, thereby realizing the automatic push of product information on e-commerce platforms.The experimental results show that the F1 value of the push result of product information on e-commerce platforms under the method designed by this algorithm is 0.97, which confirms the effectiveness and superiority of this method. © 2024 Copyright held by the owner/author(s). Publication rights licensed to ACM.","Deep neural network; E-commerce platform; Personalization; Product information push","Chatbots; Deep neural networks; Commerce platforms; E- commerces; E-commerce platform; Information push; Neural-networks; Personalizations; Personalized products; Product information; Product information push; User behaviors; Marketplaces","Conference paper","Final","","Scopus","2-s2.0-85218013936"
"Pangukir B.T.; Shihab M.R.; Parikenan B.; Kautsar F.; Christian K.","Pangukir, Bravyto Takwa (57577327200); Shihab, Muhammad Rifki (56363073800); Parikenan, Bambang (57219121603); Kautsar, Faiz (57577551700); Christian, Kevin (57219118978)","57577327200; 56363073800; 57219121603; 57577551700; 57219118978","Analysis of Extended Enterprise Implementation in E-Commerce Business Model Case Study PT. XYZ","2020","Proceedings - 2020 6th International Conference on Science and Technology, ICST 2020","","","","","","0","10.1109/ICST50505.2020.9732892","https://www.scopus.com/pages/publications/85128337854?origin=resultslist","XYZ is one of the online marketplace businesses in Indonesia that applied extended enterprise to support its business processes. This study aimed to find out how the application of extended enterprise carried out by XYZ and its partners. The capabilities, benefits, and challenges faced by XYZ in implementing this extended enterprise were analyzed. This research also formulate recommendations for the improvement of XYZ's extended enterprise. The qualitative methodology used in this study. Data collected based on observations, interviews, and literature studies which mapped to list out challenges based on factors of the extended enterprise and ABC model to show recommendations. The results of this study indicate several challenges faced, such as information mismatch, lack of service standards by partners, and differences in work culture between partners and XYZ. Recommendations that given include the provision of tools and support systems, establishing SLAs with partners, and the application of knowledge sharing between the organization's business units. © 2020 IEEE.","ABC model; business model; collaboration; e-commerce; extended enterprise","Knowledge management; ABC model; Business models; Business Process; Case-studies; Collaboration; E- commerces; E-commerce business; Extended enterprise; Indonesia; Online marketplaces; Electronic commerce","Conference paper","Final","","Scopus","2-s2.0-85128337854"
"Kleemann T.; Loepp B.; Ziegler J.","Kleemann, Timm (56904325100); Loepp, Benedikt (56156841500); Ziegler, Jürgen (12797843900)","56904325100; 56156841500; 12797843900","Knowledge Graph-Based Integration of Conversational Advisors and Faceted Filtering","2025","Interacting with Computers","37","3","","158","188","2","10.1093/iwc/iwae044","https://www.scopus.com/pages/publications/105004260337?origin=resultslist","Modern e-commerce websites often provide users with a variety of components, such as faceted filters and conversational recommender systems, that act as product advisors to help them find relevant products. However, these components are often treated separately and presented as independent components, leading to increased cognitive load and disruption in the search process. Also, the reasoning behind the resulting product recommendations is often not transparent. To address these limitations, we propose a novel approach that relies on a knowledge graph structure to seamlessly integrate faceted filtering and conversational advisors based on graphical user interfaces (GUI). Concretely, the knowledge graph is used to suggest filter values and products based on the user’s answers in the advisor, and, conversely, to determine follow-up questions based on the user’s selected filter values. The user interface also visualizes and explains the underlying relationships between answers given to the advisor and relevant product features in the filter component in order to increase the transparency of the search process. We conducted two user studies with a total of 448 participants to compare a system that integrates the different components according to our approach with a baseline system in which the mechanisms operate separately. Sequence analysis of the logged interaction data provided insights into participants’ behavior as they interacted with both systems. The results indicate that displaying recommended products and related explanations directly in the filter component increases acceptance and trust in the system. Also, the combination of a conversational advisor with values displayed in a filter interface, along with explanations of the underlying relationships, significantly contributes to the knowledge and understanding of those product features that are important in terms of the current search goal. © 2024 The Author(s). Published by Oxford University Press on behalf of The British Computer Society. All rights reserved.","explanations; graph-based interaction; recommender systems; search interfaces; transparency; trust","Flow visualization; Marketplaces; Online searching; Recommender systems; E-commerce websites; Explanation; Filter components; Graph-based; Graph-based interaction; Knowledge graphs; Product feature; Search interfaces; Search process; Trust; Graphical user interfaces","Article","Final","","Scopus","2-s2.0-105004260337"
"Wei X.; Maoqing L.","Wei, Xu (53265349700); Maoqing, Li (9267366300)","53265349700; 9267366300","The research on building a global customer centered data warehouse system","2011","ICCSE 2011 - 6th International Conference on Computer Science and Education, Final Program and Proceedings","","","6028797","971","973","1","10.1109/ICCSE.2011.6028797","https://www.scopus.com/pages/publications/80054037627?origin=resultslist","Benefits abound for a company that builds and maintains a CRM based data warehouse system correctly. This article will introduce the technical architecture of an e-commerce company's CRM/Data warehouses project which is able to increase revenue based on delivering the data reporting service to subscriber. These reports will cover a wide variety of individual sales metrics, marketplace comparables, popular searches, and hot categories. The experience in this article allows us to identify successful design practices and develop recommendations for organizations that are interested in deploying a similar system. © 2011 IEEE.","CRM; data reporting; data warehouse","Commerce; Computer science; Education computing; CRM; Data reporting; Data warehouse systems; Design practice; Technical architecture; Data warehouses","Conference paper","Final","","Scopus","2-s2.0-80054037627"
"Lo C.-H.; Lin L.-F.","Lo, Chin-Hsuan (59394620400); Lin, Lien-Fa (35763297500)","59394620400; 35763297500","Personalized E-Shopping Recommendations for Sustainable Consumption","2024","Proceedings - 2024 16th IIAI International Congress on Advanced Applied Informatics, IIAI-AAI 2024","","","","585","588","3","10.1109/IIAI-AAI63651.2024.00111","https://www.scopus.com/pages/publications/85208140648?origin=resultslist","To address the prevalent issue of impulsive buying behavior in the e-commerce environment, this study introduces a personalized online shopping recommendation system aimed at the short-term improvement of shopping impulses and the long-term reduction of unnecessary expenditures and waste, thereby facilitating sustainable consumption. The system builds a personalized model based on consumers' past purchase records, their preferences, and buying habits as demonstrated in interactions with chatbots. Furthermore, by integrating personality trait theories, the system conducts in-depth analyses of consumers to offer more precise product or service recommendations, thereby aiding them in making informed shopping decisions. Through continuous updates from interactions with the chatbot, the system promptly reflects the latest consumer preferences, thereby providing retailers with strategies to enhance customer experience and loyalty.  © 2024 IEEE.","Impulsive Buying; Personality Trait Analysis; Recommendation System; Sustainable Consumption","% reductions; Buying behavior; Chatbots; E- commerces; Impulsive buying; Online shopping; Personality trait analyze; Personality traits; Personalized model; Sustainable consumption; Marketplaces","Conference paper","Final","","Scopus","2-s2.0-85208140648"
"Borja P.R.C.; Acang J.P.A.; Contillo G.L.; Burac M.A.P.","Borja, Patrick Ray C. (59536896100); Acang, James Patrick A. (59238712600); Contillo, Gerry L. (57216810644); Burac, Michael Angelo P. (57202464509)","59536896100; 59238712600; 57216810644; 57202464509","Improving the Point-of-Sale Operations of the Mariano Marcos State University Through the Integration of Portable Self-Service Kiosk","2024","Proceeding of 2024 9th International Conference on Information Technology and Digital Applications, ICITDA 2024","","","","","","0","10.1109/ICITDA64560.2024.10809427","https://www.scopus.com/pages/publications/85216574413?origin=resultslist","This paper presents the development and implementation of a portable self-service kiosk system at Mariano Marcos State University, designed to enhance the point-of-sale experience in campus canteens. Long wait times during checkout have been identified as a significant issue affecting customer satisfaction and operational efficiency. The proposed system leverages barcode scanning and QR code technology to streamline the ordering and payment process, thereby reducing congestion and wait times. Employing a mixed-methods research design, the study involved qualitative interviews with cashiers and consumers to identify challenges and requirements, followed by quantitative analysis of user acceptance testing results. The agile development methodology was utilized to design, test, and deploy the system, ensuring alignment with user needs throughout the development process. The system incorporates features such as product filtering, canteen selection, notification systems, and consumption pattern-based recommendations. Preliminary results indicate strong user acceptance and satisfaction across four key categories: functionality, usability, efficiency, and portability. The overall grand mean of 4.89 out of 5 in user acceptance testing underscores the system's effectiveness in addressing the identified issues. This innovation not only improves the campus dining experience but also provides valuable data for ongoing service improvements, representing a significant step towards modernizing campus food services at Mariano Marcos State University.  © 2024 IEEE.","Marketing; Point-of-Sale System; Portable Self-service Kiosk; University Canteen","Acceptance tests; Customer satisfaction; Lean production; Mobile commerce; Sales; Customers' satisfaction; Operational efficiencies; Point of sale; Point-of-sale systems; Portable self-service kiosk; Sales operation; Self-service kiosks; University canteen; User acceptance testing; Wait time; Efficiency","Conference paper","Final","","Scopus","2-s2.0-85216574413"
"Singh A.; Bothra V.; Sen A.; Chakraborty D.","Singh, Amrit (60094851300); Bothra, Vansh (60094482000); Sen, Anirban (57194042879); Chakraborty, Dipanjan (7102946987)","60094851300; 60094482000; 57194042879; 7102946987","Navigating the Digital Marketplace: Understanding the E-Commerce Adoption Journey of Emergent Users in India","2025","Proceedings of the ACM on Human-Computer Interaction","9","5","MHCI022","","","2","10.1145/3743728","https://www.scopus.com/pages/publications/105015449909?origin=resultslist","Despite rapid mobile and Internet penetration in India, e-commerce adoption remains slow among emergent users. In this paper, we conduct a mixed-method study involving a two-phase user study and an analysis of app reviews posted on app stores. The findings reveal that emergent users often replicate offline shopping behaviours in digital contexts, struggle with product search and filtering, and prefer cash-on-delivery due to distrust in online payments. Many users misinterpret rating systems and lack confidence in post-purchase processes, further deterring adoption. Our research underscores the need for intuitive design, clearer communication of platform features, and trust-building mechanisms to enhance user engagement with e-commerce. We propose design recommendations to make e-commerce platforms more accessible, addressing the specific needs of this user group. © 2025 Copyright held by the owner/author(s)","E-commerce; emergent users; mobile applications; usability study; user experience","Human computer interaction; Human engineering; Information systems; Information use; Mobile applications; Mobile computing; Online systems; Purchasing; User experience; User interfaces; Digital marketplace; E- commerces; E-commerce adoption; Emergent user; Mixed method; Mobile applications; Two phase; Usability studies; User study; Users' experiences; Mobile commerce","Article","Final","All Open Access; Hybrid Gold Open Access","Scopus","2-s2.0-105015449909"
"Ratnapriya P.; Amrita K.; Pal P.; Seth I.; Pandey M.C.","Ratnapriya, Pratayaksha (59704076700); Amrita, Km (59703090800); Pal, Pooja (59703282200); Seth, Ishika (59703484600); Pandey, Manik Chandra (58930076400)","59704076700; 59703090800; 59703282200; 59703484600; 58930076400","Electronic - Commerce - Opportunites and Challenges in India","2024","Proceedings - IEEE 2024 1st International Conference on Advances in Computing, Communication and Networking, ICAC2N 2024","","","","830","833","0","10.1109/ICAC2N63387.2024.10895935","https://www.scopus.com/pages/publications/105000643639?origin=resultslist","The rapid growth of e-commerce has revolutionized business operations. Succeeding in the digital age requires efficient, scalable e-commerce platforms. This abstract summarizes an-e-commerce website-developed with the-MERN-stack: MongoDB, Express.js,-React,-and Node.js. This powerful, widely adopted technology stack supports full-stack web applications. It features a product catalog, user authentication, shopping cart functionality, order processing, and payment integration. The MERN stack's versatility allows developers to create dynamic, responsive user interfaces with React on the client side, while Node.js provides scalability and flexibility on the server side. © 2024 IEEE.","E-commerce; Inventory Management; Node.js; Product Listing; Shipping & Delivery; Shopping Cart; Stripe; Web Development","Commerce; Inventory control; Product development; Scalability; Web Design; E- commerces; Inventory management; Js; Node.; Product listing; Rapid growth; Shipping & delivery; Shopping carts; Stripe; Web development; Marketplaces","Conference paper","Final","","Scopus","2-s2.0-105000643639"
"Adhikari S.; Agrawal S.; Sembium V.","Adhikari, Sayanta (59280384900); Agrawal, Sanjay (58827313200); Sembium, Vivek (57195953314)","59280384900; 58827313200; 57195953314","FR-LoRA: Fisher Regularized LoRA for Multilingual Continual Learning","2025","CIKM 2025 - Proceedings of the 34th ACM International Conference on Information and Knowledge Management","","","","5559","5566","1","10.1145/3746252.3761531","https://www.scopus.com/pages/publications/105023182079?origin=resultslist","Relevance in e-commerce product search is critical to ensuring that results accurately reflect customer intent. While large language models (LLMs) have recently advanced natural language processing capabilities, their high inference latency and significant infrastructure demands make them less suitable for real-time e-commerce applications. Consequently, transformer-based encoder models are widely adopted for relevance classification tasks. These models typically evaluate the relevance of a product to a given query by encoding the query and product title as input features. As e-commerce stores expand into new marketplaces, the need for language- and region-specific relevance models grows, often resulting in the sequential development and maintenance of separate models per marketplace. To address this challenge, we introduce a multilingual continual learning (CL) framework that mitigates catastrophic forgetting. Our proposed method, FR-LoRA (Fisher Regularized LoRA), integrates Elastic Weight Consolidation (EWC) with marketplace-specific LoRA modules, where each LoRA is regularized using the Fisher information matrix. FR-LoRA retains the same inference-time footprint as the base model, ensuring zero additional latency while enabling frequent, scalable updates. Empirically, our approach achieves a ∼3% ROC-AUC improvement over single-marketplace baselines and outperforms several recent CL baselines on both proprietary and public datasets.  © 2025 Copyright held by the owner/author(s).","continual learning; fisher information; LoRA; product search; relevance classification","Classification (of information); Electronic commerce; Learning algorithms; Natural language processing systems; Continual learning; E- commerces; Fisher information; Language model; Language processing; LoRA; Natural languages; Processing capability; Product search; Relevance classification; Fisher information matrix","Conference paper","Final","","Scopus","2-s2.0-105023182079"
"Agitha N.; Husodo A.Y.; Afwani R.; Al Anshary F.M.","Agitha, Nadiyasari (57208837030); Husodo, Ario Yudo (53263950600); Afwani, Royana (55315232700); Al Anshary, Faishal Mufied (58104802100)","57208837030; 53263950600; 55315232700; 58104802100","The Design of E-Commerce System to Increase Sales Productivity of Home Industry in Indonesia","2023","International Journal on Informatics Visualization","7","1","","70","76","4","10.30630/joiv.7.1.1589","https://www.scopus.com/pages/publications/85148216869?origin=resultslist","The household industry is the foundation of the existing home industry in Indonesia. It is categorized as a type of Small and Medium Enterprises (MSMEs) that significantly influence the Gross Domestic Product (GDP) ratio by up to approximately 10%. Since the pandemic of Covid-19, the home industry has increasingly stretched, especially in culinary and home craft products. The internet is one of the efforts to increase household industry sales. The household industry needs e-commerce to be a container for marketing its products. In this paper, we design an e-commerce system to support the sales productivity of the household industry in Indonesia. This study's e-commerce system or application is developed through some crucial stages. The stages are analysis through a questionnaire that represents needs in the field, selection of business models, namely B2B models with Virtual Storefront, marketplace concentrators, and lastly, Information Broker. Our infrastructure is determined for e-commerce development, and then strategy analysis is done using portfolio analysis, SWOT analysis, and competitor analysis. Based on the proposed strategy, we made a prototype as a designed e-commerce system that can increase sales for household businesses in cities in Indonesia. Important features in our proposed e-commerce system can accommodate many sellers or the household industry to establish relationships with many buyers based on geographical location, product search features based on closest positions or by city, and product categorization by familiar categories with household products. © 2023, Politeknik Negeri Padang. All rights reserved.","business model; E-Commerce system; household industry; prototype system","","Article","Final","All Open Access; Gold Open Access; Green Open Access","Scopus","2-s2.0-85148216869"
"Davis D.; Gao H.; Legrand T.; Haldar M.; Deng A.; Zhao H.; He L.; Katariya S.","Davis, Dillon (58433167900); Gao, Huiji (36456928300); Legrand, Thomas (57210640107); Haldar, Malay (57210640313); Deng, Alex (55354632100); Zhao, Han (59325721900); He, Liwei (57939058600); Katariya, Sanjeev (57211580800)","58433167900; 36456928300; 57210640107; 57210640313; 55354632100; 59325721900; 57939058600; 57211580800","Transforming Location Retrieval at Airbnb: A Journey from Heuristics to Reinforcement Learning","2024","International Conference on Information and Knowledge Management, Proceedings","","","","4454","4461","1","10.1145/3627673.3680089","https://www.scopus.com/pages/publications/85210023114?origin=resultslist","The Airbnb search system grapples with many unique challenges as it continues to evolve. We oversee a marketplace that is nuanced by geography, diversity of homes, and guests with a variety of preferences. Crafting an efficient search system that can accommodate diverse guest needs, while showcasing relevant homes lies at the heart of Airbnb's success. Airbnb search has many challenges that parallel other recommendation and search systems but it has a unique information retrieval problem, upstream of ranking, called location retrieval. It requires defining a topological map area that is relevant to the searched query for homes listing retrieval. The purpose of this paper is to demonstrate the methodology, challenges, and impact of building a machine learning based location retrieval product from the ground up. Despite the lack of suitable, prevalent machine learning based approaches, we tackle cold start, generalization, differentiation and algorithmic bias. We detail the efficacy of heuristics, statistics, machine learning, and reinforcement learning approaches to solve these challenges, particularly for systems that are often unexplored by current literature.  © 2024 ACM.","audience expansion; deep learning; e-commerce; information retrieval; location based search systems; machine learning; reinforcement learning","Adversarial machine learning; Content based retrieval; Contrastive Learning; Deep learning; Federated learning; Marketplaces; Reinforcement learning; Audience expansion; Deep learning; E- commerces; Information retrieval problems; Location based search system; Location-based searches; Machine-learning; Reinforcement learnings; Search system; Topological map; Deep reinforcement learning","Conference paper","Final","","Scopus","2-s2.0-85210023114"
"Rumata V.M.; Sastrosubroto A.S.","Rumata, Vience Mutiara (57202855225); Sastrosubroto, Ashwin Sasongko (57164855100)","57202855225; 57164855100","The Indonesian e-commerce governance challenges in addressing the penetration of global user generated commerce platforms","2017","Proceedings - 2017 International Conference on Computer, Control, Informatics and its Applications: Emerging Trends In Computational Science and Engineering, IC3INA 2017","2018-January","","","7","11","2","10.1109/IC3INA.2017.8251731","https://www.scopus.com/pages/publications/85049571130?origin=resultslist","Electronic commerce (e-commerce) has potential to become one of Indonesian economy drivers in the future. Nevertheless, the increasing penetration of global social networking sites as marketplace platform would likely to threat the emerging local digital economy industry. This article reviews existing Indonesian e-commerce regulations amid this expansion. The discussion of the paper consists of three sections: 1) the Indonesian internet governance; 2) The existing e-commerce regulations and its challenges; 3) The possible policy recommendations to address the issues. This paper recommends the government should accommodate the interest of local ecommerce so that could be able to compete, at least, at the same level of playing field with the global ones. In addition, the government has to be able to take consistent legal action including blocking the global commerce provider if proven to violate the local regulations. © 2017 IEEE.","E-commerce; Global vs Local Sites; Governance; Indonesia","Laws and legislation; Commerce platforms; Governance; Indonesia; Internet governance; Local regulations; Local sites; Policy recommendations; Social networking sites; Electronic commerce","Conference paper","Final","","Scopus","2-s2.0-85049571130"
"Sai Prasanth B.; Sathish Kumar M.","Sai Prasanth, B. (59778437800); Sathish Kumar, M. (57112394100)","59778437800; 57112394100","OSE: Optimizing User Segmentation in E-Commerce Using APRIORI Algorithm for Personalized Product Recommendations","2025","Proceedings of International Conference on Visual Analytics and Data Visualization, ICVADV 2025","","","","1376","1383","1","10.1109/ICVADV63329.2025.10961010","https://www.scopus.com/pages/publications/105004405743?origin=resultslist","E-commerce platforms has led to an overwhelming increase in product choices, making it more challenging for users to find relevant products. To tackle this issue, a robust ECommerce Product Recommendation System is crucial. This system utilizes machine learning techniques, specifically user segmentation and the Apriori algorithm, to personalize recommendations based on user behavior, preferences, and historical data. The research aims to enhance the personalization of the shopping experience, improving user satisfaction, increasing sales, and fostering customer retention. The project focuses on developing a personalized recommendation system that combines Collaborative Filtering (both user-based and itembased) and the Apriori algorithm for association rule mining to recommend products based on frequent itemsets. The system will be trained on an anonymized e-commerce dataset containing user interactions such as purchase history, ratings, and product metadata. Key performance metrics like Precision, Recall, and F1Score will be used to evaluate the recommendation system's accuracy and effectiveness. The system will be designed to provide real-time recommendations tailored to user preferences, enabling e-commerce platforms to increase customer engagement and drive sales. Additionally, it will incorporate strategies to address coldstart problems (new users and products) and will adapt to evolving user preferences over time, ensuring that the recommendations remain dynamic and highly personalized.  © 2025 IEEE.","Apriori Algorithm; Association Rule Mining; E-Commerce Personalization; Product Recommendation System; User Segmentation","Learning algorithms; Mobile commerce; Sales; User experience; Apriori algorithms; Commerce platforms; E- commerces; E-commerce personalization; Personalizations; Personalized products; Product recommendation system; Rule mining; User segmentation; User's preferences; Marketplaces","Conference paper","Final","","Scopus","2-s2.0-105004405743"
"Vannisa D.; Fansuri A.; Ambon I.M.","Vannisa, Diska (57216866346); Fansuri, Aldo (57216861730); Ambon, Irdan Muchlis (57216851736)","57216866346; 57216861730; 57216851736","The effect of flash sale program on shopping enjoyment and impulse buying on flash sale on C2C E-commerce","2020","International Journal of Scientific and Technology Research","9","4","","2534","2539","7","","https://www.scopus.com/pages/publications/85085031594?origin=resultslist","Research on flash sales generally discusses system failures and their effects on consumer purchases, but there is no research that discusses the characteristics of flash sales and their consequences for online shopping enjoyment and impulse buying. This research paper is intended to find out the influence of the characteristics of flash sale, namely perceived perishability and perceived scarcity on attitude towards flash sale and its effect on online shopping enjoyment and impulse buying. The study was conducted on flash sale users in C2C online commerce marketplaces in Indonesia. Data was taken from 376 respondents through a google form link that was spread using whatsapp. Data analysis is done through structural equation modelling using the SmartPLS 3 program. Some useful insights have been found by the results. There are significant positive relationships between perceived perishability and perceived scarcity on attitude towards flash sale and also significant positive relationships between attitude towards flash sale on online shopping enjoyment and impulse buying. This research has implications for e-commerce management to maintain the characteristics of flash sale. The recommendation for further research is to add other factors that are characteristic of flash sales and see whether differences in duration and availability of goods can affect consumer purchase intentions. © 2020, IJSTR.","Attitudes toward flash sale; C2C E-commerce; Flash sale; Impulse buying; Perceived perishability; Perceived scarcity; Shopping enjoyment","","Article","Final","","Scopus","2-s2.0-85085031594"
"Weinstein A.T.; Anti K.; Ochoa E.","Weinstein, Art T. (26434975200); Anti, Kristen (57286376800); Ochoa, Esteban (57285445600)","26434975200; 57286376800; 57285445600","World’s biggest retailer launches Walmart Plus and customers have their say","2022","Journal of Business Strategy","43","6","","381","390","6","10.1108/JBS-07-2021-0133","https://www.scopus.com/pages/publications/85116505920?origin=resultslist","Purpose: The Covid crisis led to a huge worldwide shift in consumer behavior. In response, Walmart’s revised business strategy promoted their online delivery service known as Walmart Plus. This study aims to critique the potential of this new venture via a customer value analysis. Design/methodology/approach: Using the customer value funnel, Walmart’s market environment, organizational factors, customer perceptions and business performance are examined. An exploratory survey collected data from South Florida residents on awareness and interest in Walmart Plus. Findings: The changing marketplace forced Walmart to quickly adapt to online buyers and emphasize the value of their retail and grocery products. Walmart Plus is an alternative to Amazon Prime and can assist the company gain market share in regional grocery markets. Research limitations/implications: This work is largely conceptual and presents a case study featuring a limited sample in one metropolitan statistical area. While the findings are insightful, it may not be representative of the US market. Practical implications: Corporate executives and entrepreneurs must respond to changing market conditions and rethink their business models to deliver superior customer value. This requires introducing innovative services and digital initiatives to compete successfully. The paper concludes with recommendations for management and questions for consideration. Originality/value: Walmart is the dominant American retailer and a global leader. While there has been considerable research on this retail giant, there has been limited analysis of their digital initiatives such as Walmart Plus. © 2021, Emerald Publishing Limited.","Customer value; E-commerce; Grocery industry; Marketing strategy; Online shopping; Retail management; Walmart","","Article","Final","","Scopus","2-s2.0-85116505920"
"Seisenbekova A.Y.; Beisenovaa M.U.","Seisenbekova, Arman Y. (60354976200); Beisenovaa, Madina U. (56008866500)","60354976200; 56008866500","Digital Transformation of Courier Logistics in Kazakhstan: Drivers and Barriers; [Цифровая трансформация курьерской логистики в Казахстане: драйверы и барьеры]","2025","Economy: strategy and practice","20","4","","114","127","0","10.51176/1997-9967-2025-4-114-127","https://www.scopus.com/pages/publications/105028791884?origin=resultslist","In the context of accelerated digitalization of the economy, the growth of e-commerce and increasing requirements for sustainable development, courier logistics is becoming one of the key elements of the modernization of urban transport and logistics systems. The purpose of this article is to study the drivers and barriers of the digital transformation of courier logistics in Kazakhstan, as well as to develop conceptual directions for its sustainable development in the context of a smart city. The research methodology consists of an analysis of strategic and regulatory documents, a review of international scientific publications, and correlation and factor analyses. The empirical basis of the study is official statistical data from the Bureau of National Statistics and the World Bank, as well as primary sociological and expert materials. The results of the study showed that in 2023-2024, the volume of e-commerce in Kazakhstan increased from 1.60 to 2.44 trillion tenge, and the share of online marketplaces was about 85%. Correlation analysis revealed a strong positive relationship between the development of courier services and GDP per capita (r=0.946; p < 0.01), as well as with foreign trade turnover (r=0.897; p < 0.01). Based on the results, a matrix for digital transformation of courier logistics in Kazakhstan is proposed, and a set of strategic recommendations to improve the efficiency and sustainability of the last mile of delivery is formulated. The findings can be used to develop government policy, smart city urban programs, and digital development strategies for logistics companies. © 2025, Institute of Economics Committee of Science MSHE RK. All rights reserved.","Courier Logisti cs; Digital Economy; Digitalizati on; E-commerce; Logisti cs Strategy; Smart City; Smart Logisti cs; Urban Development","","Article","Final","All Open Access; Gold Open Access","Scopus","2-s2.0-105028791884"
"Amirkhizi P.J.; Gilani M.; Pedrammehr S.; Pakzad S.; Rahimzadeh G.; Moradi H.; Nahavandi S.; Asadi H.","Amirkhizi, Parisa Jourabchi (57215872132); Gilani, Mohaddeseh (59940278100); Pedrammehr, Siamak (48861836200); Pakzad, Sajjad (56784463300); Rahimzadeh, Ghazal (57445489400); Moradi, Hirash (59940447400); Nahavandi, Saeid (55992860000); Asadi, Houshyar (54999487100)","57215872132; 59940278100; 48861836200; 56784463300; 57445489400; 59940447400; 55992860000; 54999487100","The Role of Human-Centered Design in Enhancing Trust and Satisfaction in E-Commerce within Industry 5.0","2025","SysCon 2025 - 19th Annual IEEE International Systems Conference, Proceedings","","","","","","0","10.1109/SysCon64521.2025.11014837","https://www.scopus.com/pages/publications/105007774290?origin=resultslist","Industry 5.0, with its human-centric vision, emphasizes seamless interaction between humans and machines, paving the way for enhanced user experiences in various sectors, including e-commerce. This study investigates the impact of human-centered design (HCD) on fostering trust and satisfaction in e-commerce platforms, addressing a notable gap in the literature. The research identifies seven critical aspects of HCD: intuitive interfaces, user involvement, transparency, personalization, security, accessibility, and aesthetics. A mixed-method approach was employed, starting with content analysis to identify relevant factors and select two e-commerce platforms, one with high HCD quality and one with low HCD quality. A total of 100 participants performed shopping tasks on these platforms, followed by surveys measuring perceived trust, satisfaction, and purchase intentions. Statistical analysis revealed that the high-HCD platform significantly outperformed the low-HCD platform in terms of clarity, perceived security, transaction transparency, ease of use, overall satisfaction, and repurchase likelihood. The findings highlight the transformative potential of integrating HCD principles with advanced technologies in e-commerce to align with Industry 5.0's human-centric goals. By enhancing user trust and satisfaction, HCD contributes to improved user loyalty, better business outcomes, and sustainable growth in digital commerce. This study provides valuable insights for designing e-commerce platforms that resonate with the ethical, social, and technological principles of Industry 5.0.  © 2025 IEEE.","E-commerce; Human-centric design; Industry 5.0; Satisfaction; Trust","Ethical technology; Human engineering; Job satisfaction; Mobile commerce; Commerce platforms; Design platform; Design Quality; E- commerces; Human-centred designs; Human-centric; Human-centric designs; Industry 5.0; Satisfaction; Trust; Marketplaces","Conference paper","Final","All Open Access; Green Open Access","Scopus","2-s2.0-105007774290"
"Costa J.; Castro R.","Costa, Joana (57212821686); Castro, Rafael (57330035900)","57212821686; 57330035900","Smes must go online—e-commerce as an escape hatch for resilience and survivability","2021","Journal of Theoretical and Applied Electronic Commerce Research","16","7","","3043","3062","108","10.3390/jtaer16070166","https://www.scopus.com/pages/publications/85118846033?origin=resultslist","The recent emergence of e-commerce has brought a shifting paradigm into global markets. This revolutionary framework relying upon technological progress has conveyed a new era of commerce. More than ever, businesses are using digital marketplaces to stay relevant and competitive. Suddenly, buying online has become part of their daily routines. Accessibility, flexibility, and convenience make the internet the ideal platform for modern age consumers. Small and medium enterprises predominate in almost every industry generating employment, income, and sustainability. Nonetheless, e-commerce adoption among these organizations is yet to be widely undertaken. This article has a twofold objective: first, it gathers data regarding the emergence of e-commerce adoption by SMEs through a systematic literature review encompassing 32 indexed articles (published between 2003 and 2021). Secondly, it provides a quantitative and qualitative analysis identifying strategic options and guidelines for a smooth digital transition among these players. Lastly, some recommendations to policy makers were clipped to work as facilitators, given SMEs specificities. The future is digital and the struggle for e-commerce adoption and exploitation among these organizations is at the top of the agenda. It is central in maintaining the vibrancy of the business ecosystem, and is therefore a turnkey for economic recovery. © 2021 by the authors. Licensee MDPI, Basel, Switzerland.","Digitalization; E-business; E-commerce; Resilience; SMEs; Survivability","","Article","Final","All Open Access; Gold Open Access; Green Open Access","Scopus","2-s2.0-85118846033"
"Szocs C.; Williamson S.; Mills A.","Szocs, Courtney (55849207000); Williamson, Sara (57192924567); Mills, Adam (55110284100)","55849207000; 57192924567; 55110284100","Contained: why it’s better to display some products without a package","2022","Journal of the Academy of Marketing Science","50","1","","131","146","14","10.1007/s11747-021-00800-3","https://www.scopus.com/pages/publications/85113657698?origin=resultslist","Across varying marketplace contexts (e.g., grocery stores, restaurants, e-commerce) managers display products with and without packaging, seemingly arbitrarily. Does displaying a product packaged as opposed to unpackaged influence consumers’ product responses? Six controlled experiments and an Instagram study address this question. We focus primarily on food products but show our results extend to non-food products that are natural (i.e., originate from plants, animals, or humans). We propose that, in addition to its physical function, packaging acts as a symbolic barrier that separates the product from nature, decreasing perceived product naturalness and leading to less favorable product responses. Consistent with our theorizing, the negative effects of packaging attenuate when product information or retail signage highlights the product’s connection to nature and are contingent on the importance of product naturalness. Our findings have implications for strategic use of packaging in physical and digital merchandising and sustainability initiatives aimed at reducing packaging. © 2021, Academy of Marketing Science.","Naturalness; Origin; Packaging; Packaging waste; Product display; Symbolic barriers","","Article","Final","All Open Access; Bronze Open Access; Green Open Access","Scopus","2-s2.0-85113657698"
"Hadinata J.; Cornelia C.; Wiyono A.; Luhukay D.","Hadinata, Justin (59777883200); Cornelia, Chessa (59778014200); Wiyono, Alfina (59777883300); Luhukay, Devyano (56241156300)","59777883200; 59778014200; 59777883300; 56241156300","Augmenting the Shopping Experience: How Quality Factors Drives Continuance Intention in Real-Time Virtual Try-On (VTO)","2024","Proceedings - 6th International Conference on Informatics, Multimedia, Cyber and Information System, ICIMCIS 2024","","","","843","849","0","10.1109/ICIMCIS63449.2024.10956275","https://www.scopus.com/pages/publications/105004407807?origin=resultslist","This research investigates the factors influencing e-commerce users' continuance intention, specifically in the JABODETABEK region, to purchase eyewear using Virtual Try-On (VTO) technology. Survey data from 266 respondents were gathered and analyzed using Structural Equation Modeling or SEM. Participants were chosen using purposive sampling to ensure that they are active online shoppers with prior VTO experience. Based on the DeLone and McLean Information System Success Model and the Expectation Confirmation Model, the analysis evaluates variables including Information Quality, Service Quality, System Quality, Expectation Confirmation, Perceived Usefulness, Satisfaction, and Continuance Intention. Findings show that all hypotheses were validated, which indicates significant positive correlations between the various variables. This study notes that Expectation Confirmation is strongly impacted by System Quality, Service Quality, and Information Quality, which positively influence Perceived Usefulness and Satisfaction. Additionally, both Perceived Usefulness and Satisfaction significantly affect Continuance Intention, suggesting that users' perception of VTO's usefulness and their level of satisfaction are crucial for their continued use of the technology. The limitations of this study are that the sample was restricted to the JABODETABEK region and consisted primarily of college students (89%) which could potentially affect the relevance of its findings. A more varied demographic and geographic sample is recommended for future research to provide a comprehensive understanding of VTO technology's impact beyond continuance intention. Moreover., this study also proposes an ideal VTO user interface for eyeglasses to provide valuable implications for e-commerce platforms looking to leverage VTO to improve customer retention. By integrating the DeLone McLean Model and the Expectation Confirmation Model, this research highlights the importance of information system quality factors in enhancing user satisfaction and continuance intention. These findings offer valuable implications for e-commerce platforms leveraging VTO technology to increase customer engagement and retention.  © 2024 IEEE.","Augmented Reality (AR); Continuance Intentions; DeLone and McLean Model; E-Commerce; Expectation Confirmation Model (ECM); Quality Factors; User Satisfaction; Virtual Try-On (VTO)","Mobile commerce; Recommender systems; Sales; User experience; Augmented reality; Continuance intentions; Delone and mclean model; E- commerces; Expectation confirmation model; Expectation-confirmation models; Quality factors; Users' satisfactions; Virtual try-on; Marketplaces","Conference paper","Final","","Scopus","2-s2.0-105004407807"
"Sun Y.; Freeman J.; Shoenberger H.; Shen F.","Sun, Yuan (55737732200); Freeman, Jason (57263333300); Shoenberger, Heather (56415114000); Shen, Fuyuan (7201583026)","55737732200; 57263333300; 56415114000; 7201583026","To Tell or Not to Tell: Investigating the Persuasive Appeal of Information Transparency for AR-Powered E-Commerce Sites","2025","International Journal of Human-Computer Interaction","41","24","","15323","15337","2","10.1080/10447318.2025.2495847","https://www.scopus.com/pages/publications/105004445034?origin=resultslist","In e-commerce, Augmented Reality (AR) employs computer vision and artificial intelligence (AI) techniques to enhance the shopping experience through personalized recommendations based on users’ physical data. However, concerns regarding privacy and perceived intrusiveness can undermine the persuasive appeal of personalized AR for e-commerce experiences. Can overtly communicating information transparency mitigate such concerns? Two between-subjects online experiments were conducted, revealing that consumers were drawn to the AR-powered e-commerce site due to its heightened perceived immersion and usefulness but also considered it more intrusive than the non-AR site. However, when both websites were AR-powered, the one with high information transparency significantly enhanced perceived privacy protection, reducing perceived intrusiveness. Perceived transparency positively mediated the effects, particularly among individuals with lower pre-existing trust in algorithms. These findings have implications for theory pertaining to the use of AR in strategic communications and the design of information transparency for AR-powered e-commerce. © 2025 Taylor & Francis Group, LLC.","algorithm; Augmented reality; intrusiveness; personalization; transparency; trust","Mobile commerce; Artificial intelligence techniques; E- commerces; E-commerce sites; Information transparency; Intrusiveness; On-line experiments; Personalizations; Personalized recommendation; Physical data; Trust; Marketplaces","Article","Final","","Scopus","2-s2.0-105004445034"
"Zhang H.","Zhang, Hua (59721797700)","59721797700","E-commerce Personalized Recommendation System Combined with Graph Convolutional Network and Big Data Optimization","2024","2024 6th International Conference on Frontier Technologies of Information and Computer, ICFTIC 2024","","","","1397","1400","0","10.1109/ICFTIC64248.2024.10912959","https://www.scopus.com/pages/publications/105001669223?origin=resultslist","An e-commerce personalized recommendation system is proposed, which combines Graph Convolution Network (GCN) and Large Data Optimization. The system constructs the graph structure of electronic commerce product and user, and makes use of graph convolution network to explore the potential relation of product and customer, and offer more precise personalized recommendations. Then, by using large data technique, the paper can clear and deal with the user's behavior data, reduce the disturbance of the noise data, and improve the data quality. To verify the validity of this approach, the paper simulates several e-commerce scenarios. The simulation results show that the recommendation system based on graph convolutional network has a significant improvement in the matching degree of user personalized needs, and the accuracy of system recommendations and user satisfaction are improved compared with traditional methods. The accuracy of system recommendations has increased by 15%, the user click rate has increased by 20%, and the response time of the system has been optimized, which can quickly provide personalized services in a real-time big data environment.  © 2024 IEEE.","data optimization; Graph convolutional network; personalized recommendation system; power grid system","Graphitization; Marketplaces; Convolutional networks; Data optimization; E- commerces; Graph convolutional network; Graph structures; Large data; Network data; Personalized recommendation; Personalized recommendation systems; Power grid system; Data accuracy","Conference paper","Final","","Scopus","2-s2.0-105001669223"
"Cahya S.D.; Baizal Z.K.A.","Cahya, Sintia Dwi (59730616700); Baizal, Z.K.A. (55597309600)","59730616700; 55597309600","Personalized Recommender System for E-Commerce Grocery Using Time-Based Collaborative Filtering","2025","ICADEIS 2025 - 2025 International Conference on Advancement in Data Science, E-learning and Information System: Integrating Data Science and Information System, Proceeding","","","","","","1","10.1109/ICADEIS65852.2025.10933467","https://www.scopus.com/pages/publications/105002276381?origin=resultslist","The grocery e-commerce industry continues to grow rapidly in line with increasing consumer demand. Users today expect a shopping experience that is relevant and tailored to their shopping habits. The main challenge in this industry is understanding the dynamic consumption patterns of users, which are influenced by temporal factors such as behavioral variations based on weekdays, weekends, or specific times of the day. Traditional recommender systems based on Collaborative Filtering methods, such as Singular Value Decomposition++ (SVD++), often fail to capture this temporal complexity, resulting in less relevant recommendations. To address this issue, we propose the TimeSVD++ method, which integrates time information into the model to assign greater weight to significant interaction patterns. This system is designed to provide more accurate, contextual, and personalized recommendations based on users' shopping habits. In the evaluation, we noticed that TimeSVD++ significantly outperforms the standard SVD++ model through five metrics, such as precision = 0.8239, recall = 0.7155, NDCG = 0.7060, MRR = 0.7498, and MAP = 0.8296. The evaluation results demonstrate that TimeSVD++ consistently outperforms the standard SVD++ model, showing significant improvements across metrics such as precision, recall, NDCG, MRR, and MAP.  © 2025 IEEE.","e-commerce grocery recommender system; time-based collaborative filtering; TimeSVD++","Marketplaces; Consumer demands; Decomposition model; E- commerces; E-commerce grocery recommender system; Personalized recommender systems; Singular values; Time based; Time-based collaborative filtering; TimeSVD++; Value decomposition; Collaborative filtering","Conference paper","Final","","Scopus","2-s2.0-105002276381"
"Oluwabiyi O.K.; Ajibade S.-S.M.; Ajibade T.I.; Basheer Jasser M.; Alebiosu D.O.","Oluwabiyi, Opeoluwa Kofoworola (59757246100); Ajibade, Samuel-Soma M. (57209028006); Ajibade, Temiloluwa Iyanuoluwa (57493696900); Basheer Jasser, Muhammed (57200762275); Alebiosu, David Olayemi (57204062821)","59757246100; 57209028006; 57493696900; 57200762275; 57204062821","Machine Learning in Financial Decision-Making: Predicting User Purchases Through Web Engagement Metrics","2025","2nd International Conference on Research Methodologies in Knowledge Management, Artificial Intelligence and Telecommunication Engineering, RMKMATE 2025","","","","","","1","10.1109/RMKMATE64874.2025.11042846","https://www.scopus.com/pages/publications/105010387107?origin=resultslist","Web Analysis has proven itself to be a valuable tool in aiding online businesses to thrive in this modern era. It allows businesses to understand consumer behaviour, optimize user experiences, and enhance website performance. This paper explores the development of a predictive machine learning model that integrates web KPIs and UI/UX design elements to forecast user purchasing behaviour on e-commerce platforms. Web analytics is a critical tool for understanding consumer interaction and optimizing website performance. It faces limitations in addressing complex datasets and dynamic user patterns. This research seeks to enhance predictive accuracy by combining metrics such as bounce rate, conversion rate, session duration, and scroll depth with design elements like light and dark theme. The proposed model is trained on historical user interaction data that will be evaluated across various machine learning techniques to determine the most effective approach. The findings aim to bridge the gap between web KPIs and user experience in predictive modelling to offer actionable insights for improving website engagement and driving business outcomes in the competitive digital marketplace.  © 2025 IEEE.","Machine learning; UI/UX Design; User Purchases; Web Analysis; Web KPIs; Web Metrics","Consumer behavior; Decision making; E-learning; Electronic commerce; Learning algorithms; Machine learning; Purchasing; Sales; User experience; User interfaces; Web Design; Design elements; Financial decisions; Machine-learning; UI/UX design; User purchase; Users' experiences; Web analysis; Web KPI; Web metrics; Website performance; Learning systems","Conference paper","Final","","Scopus","2-s2.0-105010387107"
"Al-Khālidī F.K.Ḥ.","Al-Khālidī, Fatima Kassāb Ḥmoud (58203372700)","58203372700","From Taghrīr to Trust: A Comparative Study of Misrepresentation Challenges in Online Sales Contracts Within Islamic Law and the Jordanian Legal Framework","2024","Springer Proceedings in Business and Economics","","","","297","322","0","10.1007/978-981-97-5400-7_17","https://www.scopus.com/pages/publications/85206075028?origin=resultslist","The rapid expansion of the digital economy, now valued at an impressive 32.2 trillion US dollars, has elevated online sales contracts to a critical position in global commerce. However, the challenges of misrepresentation (taghrīr) in these contracts, where parties engage in deceit to influence contract formation, have not been examined thoroughly. This gap limits our understanding of how Islamic law and Jordanian legal frameworks can effectively address these issues. This library-based study aims to fill this gap by investigating the strategies used to counter misrepresentation in online sales. Utilizing a mixed-method approach that combines descriptive, analytical, and comparative techniques, this study focuses on Islamic law, the complexities of Jordanian Civil Law, and the 2017 Jordanian Consumer Protection Act. The findings reveal a strong adherence to Ḥanafī principles within Jordanian Civil Law, particularly in conflating deceit (taghrīr) with excessive lesion (ghubn), a practice that overlooks the diversity in Islamic jurisprudence that allows distinguishing between these concepts. The study also highlights the effectiveness of the 2017 Jordanian Consumer Protection Law in addressing deceptive practices but points out a lack of provisions for consumer withdrawal rights, suggesting a need for legislative reform. The insights provided offer valuable guidance for policymakers and scholars in understanding how Islamic teachings and Jordanian law tackle misrepresentation in online contracts, thereby contributing to the pursuit of transparency in digital marketplaces. This study concludes with legislative recommendations and areas for future research. © The Author(s), under exclusive license to Springer Nature Singapore Pte Ltd. 2024.","Civil code; Consumer protection; Digital marketplace; E-commerce; Gharar; Islamic law; Jordanian legal framework; Khiyar; Misrepresentation; Online sales contracts; Tadlis; Taghrir","","Conference paper","Final","","Scopus","2-s2.0-85206075028"
"Wang J.; Zhang T.; Tayi G.K.","Wang, Jiongye (60357216500); Zhang, Tao (57223781005); Tayi, Giri Kumar (35579033800)","60357216500; 57223781005; 35579033800","New product recommendation in online platforms as marketplaces or resellers","2026","European Journal of Operational Research","333","3","","731","745","1","10.1016/j.ejor.2026.01.010","https://www.scopus.com/pages/publications/105028905071?origin=resultslist","New product recommendation (NPR), which enhances the visibility of new products and improves consumers’ shopping experience by offering personalized recommendations, has been widely adopted by e-commerce platforms such as Amazon and JD.com. However, NPR also leads to challenges, including the hasty introduction of new products and the intensified competition between new and existing products, making its impact on the platform an open question. We formulate a game-theoretic model to analyze the introduction of a new product (i.e., of higher- or lower-quality, and low-awareness) and competition between vertically differentiated manufacturers under NPR-adoption, with a particular focus on the platform's role as marketplace or reseller. We show that NPR changes the nature of competition between manufacturers by altering consumer segmentation, i.e., market cannibalization effect and market expansion effect, which dramatically affect the platform's profit. In particular, NPR generally broadens the scope of new product introductions for both channel structures, although the specific conditions for introduction differ. Specifically, marketplace platforms rely on precise relative quality thresholds for introduction, while reseller platforms ensure the introduction of all higher-quality products once NPR is adopted due to upstream competition. However, NPR increases the profitability of new products while bringing unexpected competition, which may backfire when new products’ quality is relatively low for marketplace platforms. Further, for the benefits of NPR adoption, we find that reseller platforms gain more when new-product quality is low or consumer awareness is high, whereas marketplace platforms benefit more from high-quality new products and low consumer awareness. While showing robustness through several extensions, these findings advocate that e-commerce platforms should implement NPR with caution. © 2026 Elsevier B.V.","Competitive strategy; New product recommendation; Retail platforms; Supply chain management; Vertical differentiation","Competition; Electronic commerce; Game theory; Marketplaces; Profitability; Chain management; Commerce platforms; Competitive strategy; E- commerces; High quality; New product recommendation; Product recommendation; Products quality; Retail platform; Vertical differentiation; Supply chain management","Article","Final","","Scopus","2-s2.0-105028905071"
"Hu J.; Gong J.; Shen H.; Eldardiry H.","Hu, Jiazhen (59899108600); Gong, Jiaying (57202422264); Shen, Hongda (56739641600); Eldardiry, Hoda (36456665100)","59899108600; 57202422264; 56739641600; 36456665100","Hypergraph-based Zero-shot Multi-modal Product Attribute Value Extraction","2025","WWW 2025 - Proceedings of the ACM Web Conference","","","","4853","4862","2","10.1145/3696410.3714714","https://www.scopus.com/pages/publications/105005146528?origin=resultslist","It is essential for e-commerce platforms to provide accurate, complete, and timely product attribute values, in order to improve the search and recommendation experience for both customers and sellers. In the real-world scenario, it is difficult for these platforms to identify attribute values for the newly introduced products given no similar product history records for training or retrieval. Besides, how to jointly learn the product representation given various product information in multiple modalities, such as textual modality (e.g., product titles and descriptions) and visual modality (e.g., product images), is also a challenging task. To address these limitations, we propose a novel method for extracting multi-label product attribute-value pairs from multiple modalities in the zero-shot scenario, where labeled data is absent during training. Specifically, our method constructs heterogeneous hypergraphs, where product information from different modalities is represented by different types of nodes, and the text and image nodes are embedded and learned through CLIP encoders to effectively capture and integrate multi-modal product information. Then, the complex interrelations among these nodes are modeled through the hyperedges. By learning informative node representations, our method can accurately predict links between unseen product nodes and attribute-value nodes, enabling zero-shot attribute value extraction. We conduct extensive experiments and ablation studies on several categories of the public MAVE dataset and the results demonstrate that our proposed method significantly outperforms several state-of-the-art generative model baselines in multi-label, multi-modal product attribute value extraction in the zero-shot setting. © 2025 Copyright held by the owner/author(s).","attribute value extraction; heterogeneous hypergraph; multi-modal learning; zero-shot learning","Modal analysis; Multi-task learning; Attribute value extraction; Attribute values; Heterogeneous hypergraph; Hyper graph; Multi-labels; Multi-modal; Multi-modal learning; Multiple modalities; Product attributes; Product information; Marketplaces","Conference paper","Final","All Open Access; Gold Open Access; Green Open Access","Scopus","2-s2.0-105005146528"
"Suresh V.; Selvaraj R.; Karthick D.; Karthikeyan D.; Kaviya R.","Suresh, V. (57309628900); Selvaraj, R. (57773283600); Karthick, D. (57220011134); Karthikeyan, D. (60523057200); Kaviya, R. (57207457855)","57309628900; 57773283600; 57220011134; 60523057200; 57207457855","Cropcart-Emphasizes Freshness and Farm Produce","2025","Proceedings of 10th International Conference on Communication and Electronics Systems, ICCES 2025","","","","2075","2079","0","10.1109/ICCES67310.2025.11337127","https://www.scopus.com/pages/publications/105033522677?origin=resultslist","Agriculture continues to be the backbone of many economies today, yet operating in this field still presents farmers with challenges of unpredictable weather, crop disease, lack of market access and exploitation of crops by intermediaries. In this paper, we present an intelligent digital platform 'CropCart'; a system which supports farmers and consumers through AI crop advisory, disease diagnosis, weather prediction and e-commerce. CropCart uses machine-learning based crop recommendations, image-processing based disease detection and voice-assistance for low-literacy users. A real-time logistics module offers a means for delivery from farm to consumer ensuring transparency and fair pricing. Experimental analysis demonstrates CropCart reduces transaction or operation time by 90% and increases farmer profit margins by 25% when compared to traditional systems. Through the integration of technology in agriculture, CropCart promotes productivity, promotes sustainable farming practices and builds connections with rural farmers and modern digital markets. © 2025 IEEE.","effective smart farming; farm-to-consumer delivery logistics; marketplace for digital agriculture; peer-to-peer buyer-seller; plant disease detection; real-time weather prediction; smart crop advice; sustainable farming methods; voice-assisted service","Agricultural economics; Agricultural machinery; Artificial intelligence; Crops; Distributed computer systems; Electronic commerce; Electronic trading; Image processing; Learning systems; Plant diseases; Smart agriculture; Delivery logistics; Digital agriculture; Disease detection; Effective smart farming; Farm-to-consumer delivery logistic; Marketplace for digital agriculture; Peer to peer; Peer-to-peer buyer-seller; Plant disease; Plant disease detection; Real- time; Real-time weather prediction; Smart crop advice; Sustainable Farming; Sustainable farming method; Voice-assisted service; Weather prediction; Weather forecasting","Conference paper","Final","","Scopus","2-s2.0-105033522677"
"Ji G.","Ji, Guangming (59340648500)","59340648500","Design of a computer-based personalized recommendation service system for e-commerce","2024","Proceedings - 2024 2nd International Conference on Mechatronics, IoT and Industrial Informatics, ICMIII 2024","","","","816","820","1","10.1109/ICMIII62623.2024.00159","https://www.scopus.com/pages/publications/85204765491?origin=resultslist","Given that e-commerce gives customers more alternatives, its structure gets more and more complicated, resulting in information overload. The solution to this problem is an e-commerce personalized recommendation system that makes use of machine learning technology. This study looks at e-commerce's usage of personalized recommendation technologies. It accomplishes this by carefully examining the algorithms and other technologies employed in the e-commerce recommendation system, and then, considering the systems present development stage, recommending the most recent design. The offline mining and online recommendation parts comprise the two divisions of the system. After that, it assesses and applies each section's characteristics and technologies, suggesting correctness and meeting urgent demands. This paper offers a helpful illustration of a model based on the factors influencing the retail industry's customized e-commerce information suggestions. It accomplishes this by outlining the relevant theories, characteristics, and widely used machine learning-based customized recommendation solutions. The results show that a customer's income level, online shopping experience, commodity pricing, product quality, suggestion relevancy, credit evaluation, and service quality will all have a substantial beneficial influence on their propensity to purchase. In the end, these elements will affect how the buyer behaves while making purchases. E-commerce platforms could leverage this influencing factor to provide a customized information recommendation service. © 2024 IEEE.","Computer; Information Overload; Machine Learning Technology; Offline Mining; Recommendation Solutions; Service System","Adversarial machine learning; Commerce; Purchasing; Sales; E- commerces; Information overloads; Machine learning technology; Offline; Offline mining; Personalized recommendation; Personalized recommendation systems; Recommendation solution; Recommendation technologies; Service systems; Marketplaces","Conference paper","Final","","Scopus","2-s2.0-85204765491"
"Abul Faizal N.; Shanthi H.J.","Abul Faizal, N. (59940422300); Shanthi, H.J. (56472848700)","59940422300; 56472848700","Intelligent Review Classification for Trustworthy E-Commerce: Improving Product Recommendations with Sentiment Analysis and Fraud Detection","2025","Proceedings of 8th International Conference on Trends in Electronics and Informatics, ICOEI 2025","","","","1138","1144","0","10.1109/ICOEI65986.2025.11013751","https://www.scopus.com/pages/publications/105007690846?origin=resultslist","Internet business has become a fast-growing industry, and though online buying has not always kept pace with this expansion in the past, its potential is finally being realized. Sentiment analysis has been a prominent topic of study within text mining. Opinion and sentiment extraction from natural language is a challenging task. Yet, sentiment analysis is a good solution, offering useful insights for decision-making in many fields. There are many techniques for sentiment detection, each impacting the quality of the results. This paper proposes to evaluate consumers' sentiments on e-shopping services through reviews, ratings, and emoticons. The main purpose is to identify fake reviews based on user and product IDs to aid in making a well-informed purchase decision and to find the best products. For this, we use a hybrid learning algorithm that analyzes diverse feedback about services. A word-level score calculation is done using a text mining algorithm, and the sentiments are then classified as negative, positive, or neutral. This method helps identify fraudulent reviews on the website. Finally, we aim to predict fraudulent reviews entered by users and ensure that only verified purchaser reviews are taken into account, while duplicates are also checked using user and booking IDs. Genuine reviews are given higher priority for product recommendations. © 2025 IEEE.","E-Commerce; Fraud Detection; Hybrid Learning Algorithm; Product Recommendations; Sentiment Analysis; Text Mining","Electronic money; Marketplaces; Analysis detection; Decisions makings; Fraud detection; Hybrid learning algorithm; Natural languages; Online buying; Product recommendation; Purchase decision; Sentiment analysis; Text-mining; Emotion Recognition","Conference paper","Final","","Scopus","2-s2.0-105007690846"
"Tomar A.; Shukla A.; Singh B.P.; Gupta V.K.; Mohana R.; Verma H.","Tomar, Ankit (57169974000); Shukla, Anurag (58695144800); Singh, Brijendra Pratap (59455625900); Gupta, Vishan Kumar (56973059300); Mohana, Rajini (35107550600); Verma, Himanshu (56785426800)","57169974000; 58695144800; 59455625900; 56973059300; 35107550600; 56785426800","Flutter Technology-based Hyper-Local E-commerce Marketing Application","2024","2024 5th International Conference for Emerging Technology, INCET 2024","","","","","","0","10.1109/INCET61516.2024.10593582","https://www.scopus.com/pages/publications/85200958706?origin=resultslist","As the name suggests, Hyper-local focuses on the close-by region/marketplace. Hyper-local delivery is a concept where the delivery service provider concentrates on local (nearby geographical area) customers. A hyper-local business model integrates the offline and online marketplace and optimizes the workflow, increases efficiency, meets customer demand, and improves local business. By developing this app, our goal is to reduce the impact of Covid-19 (Corona Virus) on small-scale businesses and local stores. We aim to provide the local customer with the products they need in a timely and safe manner at their convenience. This application provides local shop owners and business owners an opportunity to expand. We will use a hybrid hyper-local model to reach our goal as it provides both quality assurance and the possibility to scale. Our app will be cross-platform compatible because of the use of the Flutter framework. Flutter is a user-interface software development framework de- developed by googled for developing high-performance applicationsusing Dart as a base programming language. © 2024 IEEE.","application; e-commerce; flutter; hyperlocal; local business; website","Quality assurance; Sales; Software design; User interfaces; Viruses; Delivery service; E- commerces; Flutter; Geographical area; Hyperlocal; Local business; Local delivery; Marketing application; Service provider; Technology-based; Electronic commerce","Conference paper","Final","","Scopus","2-s2.0-85200958706"
"Daase C.; Volk M.; Staegemann D.; Turowski K.","Daase, Christian (57278459900); Volk, Matthias (57191155740); Staegemann, Daniel (57209341661); Turowski, Klaus (7004567723)","57278459900; 57191155740; 57209341661; 7004567723","On the Transition from Traditional Retail to Cloud-Supported E-Commerce: A Design Science Project","2024","Lecture Notes in Business Information Processing","519 LNBIP","","","176","200","0","10.1007/978-3-031-64755-0_9","https://www.scopus.com/pages/publications/85204934427?origin=resultslist","Modern retail is evolving from physical locations where customers are consulted and provided with goods to digitized multi-channel experiences with a variety of compelling features for a new, digitally educated generation of consumers. This study examines current developments and trends, as well as potential challenges retailers face as they leap into this new era. Based on established guidelines from the field of design science research, a systematic literature review is conducted to extract profound theoretical knowledge on the subject under investigation from the existing literature as well as to transfer this knowledge into the practical design of an exemplary prototype for a modern e-commerce platform. The results show that significant changes occur mainly in four areas: marketing and customer engagement, store management and representation, prediction and forecasting, and product assessment and shopping experience. Google Cloud is selected and justified as a suitable cloud provider for the project scope. The architecture for a use case in the area of personalization and prediction is then developed, implemented and evaluated. © The Author(s), under exclusive license to Springer Nature Switzerland AG 2024.","Cloud Computing; Design science research; Future e-Commerce characteristics; Modern retailing; Systematic literature review","Marketplaces; Cloud-computing; Design science; Design-science researches; E- commerces; Future e-commerce characteristic; Modern retailing; Multi channel; Physical locations; Science projects; Systematic literature review; Cloud platforms","Conference paper","Final","","Scopus","2-s2.0-85204934427"
"Franco N.R.; Polloso J.M.; Samosino P.J.; Quijano D.; Intal G.L.","Franco, Nicolei Ruth (59410506300); Polloso, Juliamary Margaret (59410506400); Samosino, Paul Jerome (59550208400); Quijano, Dhan (59549924300); Intal, Grace Lorraine (57202129713)","59410506300; 59410506400; 59550208400; 59549924300; 57202129713","Assessment of the Proposed Poultry E-comerce Platform Using SWOT Analysis","2024","8th International Conference on Business and Information Management, ICBIM 2024","","","","116","120","0","10.1109/ICBIM63313.2024.10823485","https://www.scopus.com/pages/publications/85217434347?origin=resultslist","This paper provides an evaluation of C&P, an online marketplace and breeding platform for chickens that aims to connect poultry producers with consumers. In order to meet the varied demands of users engaged in poultry farming, the platform integrates e-commerce capabilities for the purchase and sale of chickens with a powerful breeding management system. Key procedures for breeders/sellers and buyers are detailed in the research, with an emphasis on the platform's ability to classify hens for both poultry production and cockfighting. To collect user insights on demographics, emotions, strengths, weaknesses, opportunities, and concerns, the article uses a structured questionnaire that incorporates the Six Thinking Hats and Design Thinking approach. According to the poll results, users have a positive impression of the platform, which speaks to its effectiveness, prospective benefits, and user pleasure. The TOWS Matrix and SWOT analysis provide a framework for strategic review by outlining potential problem areas and offering solutions to both opportunities and threats [1]. A more convenient shopping experience, more thorough information transparency, and better selection are all goals of the proposed platform. The user interface is well-received by users, who also offer helpful suggestions for enhancements. A strategic roadmap for the platform's evolution is provided at the end of the study. The roadmap emphasizes the need of ongoing user feedback and iterative design changes to succeed in the ever-changing poultry market. © 2024 IEEE.","Chicken and breeding platform; Data Analysis; Improvements; User requirements and experience","Marketplaces; Chicken and breeding platform; E- commerces; Improvement; Management systems; Online marketplaces; Poultry production; Roadmap; SWOT analysis; User requirements; Users' experiences; Sales","Conference paper","Final","","Scopus","2-s2.0-85217434347"
"Görçün Ö.F.; Chatterjee P.; Aytekin A.; Korucuk S.; Pamucar D.","Görçün, Ömer Faruk (57194545622); Chatterjee, Prasenjit (59353654400); Aytekin, Ahmet (57221536835); Korucuk, Selçuk (58203687800); Pamucar, Dragan (54080216100)","57194545622; 59353654400; 57221536835; 58203687800; 54080216100","Strategic analysis of e-trade platforms in automotive spare part sector: A T-Spherical fuzzy perspective","2025","Journal of Industrial Information Integration","44","","100782","","","4","10.1016/j.jii.2025.100782","https://www.scopus.com/pages/publications/85217275758?origin=resultslist","E-trade platforms are software applications that enable businesses to conduct online sales and manage their digital storefronts. These platforms provide a range of tools and features to facilitate the creation, operation, and management of an online business. This study comprehensively evaluates e-trade platforms within the automotive spare parts industry, examining various critical aspects to identify the optimal platform. The evaluation includes an in-depth analysis of the current state of the platforms, exploration of potential strategies and approaches for improvement, and identification and analysis of challenges and barriers. To address these issues, the study employs problem-solving within the framework of expert evaluations based on criteria defined by an extensive literature review. T-Spherical fuzzy (T-SF) subjective weighting approach and T-SF-weighted aggregated sum product assessment (WASPAS) method are used for this purpose. The analysis reveals that “security” is the most crucial criterion, with Amazon emerging as the most prominent e-trade platform. The findings indicate that prioritizing security, discounts, and delivery time will enable e-commerce platforms to gain a competitive edge. The study evaluates international e-commerce platforms, identifying weaknesses in critical business areas key competitive advantage factors, and offering forward-thinking recommendations. This research has significant implications for the rapid and effective development of logistical partnerships with e-trade platforms across various industries. Additionally, it serves as a foundational basis and template for future research in the e-commerce sector, particularly within the automotive spare parts industry. © 2025 Elsevier Inc.","E-trade; E-trade platforms; Spare part supply; T-SF subjective weighting approach; T-SF-WASPAS","Electronic commerce; Market Research; E trades; E-trade platform; Product assessment; Spare parts supply; Subjective weighting; Sum product; T-spherical fuzzy subjective weighting approach; T-spherical fuzzy-T-SF-weighted aggregated sum product assessment; Weighting approaches; Marketplaces","Article","Final","","Scopus","2-s2.0-85217275758"
"Chen C.-W.; Chih M.; Nguyen D.T.T.","Chen, Chien-Wen (9336518600); Chih, Mingchang (26031293100); Nguyen, Duong Thuy Trang (59134291000)","9336518600; 26031293100; 59134291000","How e-commerce platform features impact post-adoption consumer behaviors: evidence from Vietnam's online cosmetic sector","2025","Asia Pacific Journal of Marketing and Logistics","","","","1","32","2","10.1108/APJML-04-2025-0625","https://www.scopus.com/pages/publications/105025451629?origin=resultslist","Purpose – This research extends the Information Systems (IS) Continuance Model by integrating the Expected Utility Theory to examine how experiential e-commerce platform features (website credibility, product visual appeal, and perceived playfulness) influence post-adoption behaviors of repurchase intention and electronic word-of-mouth (eWOM) in Vietnam's online cosmetics market. Design/methodology/approach – Data were collected from 648 online cosmetics consumers in Vietnam using a 7-point Likert scale survey. The research model was validated through structural equation modeling (SEM). Findings – The results demonstrate that while confirmation and perceived usefulness significantly influence satisfaction, perceived playfulness is the strongest predictor of repurchase intention. Furthermore, website credibility was identified as the primary driver of eWOM. These findings highlight the critical role of e-commerce platform features in shaping repurchase intention and eWOM in e-commerce environments. Practical implications – The study provides actionable insights for e-commerce retailers seeking to enhance consumer retention and eWOM. Specifically, the results emphasize the strategic importance of investing in experiential platform features to foster continued engagement and positive customer recommendations in competitive digital marketplaces. Originality/value – This research contributes theoretically by integrating the IS Continuance Model with Expected Utility Theory, enabling the examination of both rational utility (website credibility) and experiential values (visual appeal, playfulness). As one of the first empirical studies applying this framework to Vietnam's digital cosmetics sector, it advances theory while providing practical guidance for marketers in experience-driven e-commerce environments. © 2025 Emerald Publishing Limited","eWOM; Expected utility theory; IS continuance model; Repurchase intention; Website credibility","","Article","Article in press","","Scopus","2-s2.0-105025451629"
"Venkatesh Kumar M.; Arathy Suresh G.; Sumathi K.; Sthangamani; Mumamaheswari; Hema Bharathi C.","Venkatesh Kumar, M. (57189757695); Arathy Suresh, G. (59744137700); Sumathi, K. (59714752200); Sthangamani (59744137800); Mumamaheswari (58788040500); Hema Bharathi, C. (59362749700)","57189757695; 59744137700; 59714752200; 59744137800; 58788040500; 59362749700","The Influence of Artificial Intelligence Using Decision Making System in E-Commerce","2024","2024 International Conference on Integration of Emerging Technologies for the Digital World, ICIETDW 2024","","","","","","0","10.1109/ICIETDW61607.2024.10941592","https://www.scopus.com/pages/publications/105002918337?origin=resultslist","E-Commerce is one of the potential idea and network developments which influence the present business world. It spreads worldwide and reaches people rapidly due to its massive benefits and trading approach. Artificial Intelligence (AI) has become an integral part of the e-commerce industry, providing retailers with new and innovative ways to manage and grow their business. One of AI's key advantages is its capacity to offer tailored product recommendations based on user information including shopping patterns, search terms, and browsing habits. By using AI algorithms to analyze this data, retailers can offer customers relevant product recommendations that are more likely to result in a sale. Automating customer support is a further area where AI is useful. Chatbots that are driven by AI can offer all times, immediate service to customers, increasing their satisfaction and speeding up response times. Retailers may now streamline their customer care procedures and concentrate on other aspects of their businesses thanks to this. By forecasting demand, identifying popular products, and ensuring that the relevant products are in stock at the appropriate moment, AI can assist merchants in streamlining their inventory management procedures. Retailers can lower the risk of overstocking or understocking products, which can result in missed sales and lower profitability, by using AI to manage inventory. Furthermore, AI can be used for fraud detection by analyzing customer behavior, purchase history, and other data points. This helps retailers to prevent fraudulent transactions and reduce chargebacks, which can result in significant financial losses. Finally, by examining competition prices, demand, and other factors, AI can assist businesses in optimizing their pricing strategy. By setting the right price, retailers can maximize profits and increase sales. The Main objective of this work is, using advanced technologies to analyze the Ecommerce data and prediction of sales accurately. Different ML and DL algorithms using this work for E-Commerce analysis and Prediction.  © 2024 IEEE.","Algorithms; Artificial Intelligence; E-Commerce; KNN; Naive Bayes; Neural Network; XGBoost","Costs; Customer satisfaction; Decision making; Inventory control; Profitability; Sales; Decision-making systems; E- commerces; Integral part; KNN; Naive bayes; Network's Development; Neural-networks; Product recommendation; User information; Xgboost; Marketplaces","Conference paper","Final","","Scopus","2-s2.0-105002918337"
"Dong Z.; Kongjit C.","Dong, Zhaorui (59794297300); Kongjit, Chalermpon (57204834153)","59794297300; 57204834153","Analyzing Chinese Purchasing Behavior Using 4P & 4E to Develop Data-Driven Strategy for Thai Products in Cross-Border E-commerce","2025","10th International Conference on Digital Arts, Media and Technology, DAMT 2025 and 8th ECTI Northern Section Conference on Electrical, Electronics, Computer and Telecommunications Engineering, NCON 2025","","","","483","488","0","10.1109/ECTIDAMTNCON64748.2025.10962060","https://www.scopus.com/pages/publications/105004553556?origin=resultslist","Under the background of ""One Belt, One Road"", the signing of the Regional Comprehensive Economic Partnership (RCEP) has brought new opportunities for cross-border e-commerce between China and Thailand, as well as a series of challenges. It is well known that Thai products are gradually entering the Chinese market, so this study explores the behavior of Chinese consumers who purchase Mistine sunscreen through cross-border e-commerce platforms based on 4P and 4E market theories. This study crawls consumer review data from Tmall Global and analyzes it using keyword frequency analysis and LDA topic extraction. The findings reveal that product performance significantly influences purchase decisions, while price and perceived value are also crucial. Experience factors such as logistics speed and customer service affect overall satisfaction and repurchase rates. Meanwhile, social recommendations and word-of-mouth also play a crucial role in influencing purchase behavior. In conclusion, with a data-driven Customer Relationship Management (CRM) strategy where brands should focus on product quality, reasonable pricing, excellent service, and utilizing social influencers to increase consumer satisfaction and loyalty, Mistine can better capture the Chinese market and maintain a competitive advantage. © 2025 IEEE.","customer behavior; customer relationship management; technology management","Consumer behavior; Electronic money; Emotional intelligence; Information management; Mobile commerce; Public relations; Sales; User experience; Chinese markets; Commerce platforms; Cross-border; Customer behavior; Customer relationship management; Data driven; E- commerces; Purchasing behaviors; Technology managements; Thailand; Marketplaces","Conference paper","Final","","Scopus","2-s2.0-105004553556"
"Yoon Y.L.; Yoon Y.; Nam H.; Choi J.","Yoon, Yeo Lim (57221760250); Yoon, Yeohong (57205513693); Nam, Hyoryung (56486921300); Choi, Jeonghye (49862944700)","57221760250; 57205513693; 56486921300; 49862944700","Buyer-supplier matching in online B2B marketplace: An empirical study of small- and medium-sized enterprises (SMEs)","2021","Industrial Marketing Management","93","","","90","100","45","10.1016/j.indmarman.2020.12.010","https://www.scopus.com/pages/publications/85100124156?origin=resultslist","Mitigating perceived uncertainty and risk is critical for successful exchanges in an online B2B marketplace. However, scant empirical research has been devoted to the topic, and even less to small- and medium-sized enterprises (SMEs). We investigate the use of quality signals and recommendations to foster buyer-supplier matching in an online B2B marketplace of SMEs. Unique proprietary data from a leading B2B e-commerce platform suggest that such a matching is significantly related to signals of SME buyers' quality and credibility embedded in how projects are described. Moreover, appropriately designed recommendation system can increase the matching rate because it helps reduce buyers' information overload. This research highlights the importance of integrating online channel data with traditional offline channel data to accurately assess the drivers of buyer-supplier matching. Our findings provide valuable insights into how to design and manage an online B2B marketplace for SMEs to yield more successful matches. © 2020","B2B e-commerce; Buyer-supplier matching; Digital platform; Multinomial logistic regression; SMEs","","Article","Final","","Scopus","2-s2.0-85100124156"
"Netessine S.; Rudi N.","Netessine, Serguei (6506418938); Rudi, Nils (6602242124)","6506418938; 6602242124","Supply chain choice on the internet","2006","Management Science","52","6","","844","864","130","10.1287/mnsc.1060.0512","https://www.scopus.com/pages/publications/33645808741?origin=resultslist","Internet companies extensively use the practice of drop-shipping, where the wholesaler stocks and owns the inventory and ships products directly to customers at retailers' request. Under the drop-shipping arrangement, the supply chain benefits from risk pooling because the inventory for multiple retailers is stocked at the same location, the wholesaler's. Another more traditional channel alternative on the Internet is one in which retailers stock and own the inventory. These two supply chain structures, which predominate on the Internet, result in different inventory risk allocation, stocking decisions, and profits for channel members. Moreover, the two channel alternatives can be combined into a dual strategy whereby the retailer uses local inventory as a primary source and relies on drop-shipping as a backup. We model the dual strategy as a noncooperative game among the retailers and the wholesaler, analyze it, and obtain insights into the structural properties of the equilibrium solution to facilitate development of recommendations for practicing managers. Finally, we characterize situations in which each of three channels is preferable by specifying appropriate ranges of critical parameters, including demand variability, the number of retailers in the channel, wholesale prices, and transportation costs. © 2006 INFORMS.","Competition; Drop-shipping; E-commerce; Equilibrium; Fulfillment; Supply chain","Competition; Industrial management; Internet; Marketing; Risk management; Drop-shipping; Equilibrium; Fulfillment; Supply chain; Electronic commerce","Article","Final","","Scopus","2-s2.0-33645808741"
"Dewi A.B.P.; Ratnapuri C.I.","Dewi, Angela Berliana Puspita (60432602300); Ratnapuri, Chyntia Ika (57203394934)","60432602300; 57203394934","The Attitude Toward Using E-commerce for Beauty Products: The Role of Usefulness and Ease of Use","2025","Proceedings - 2025 11th International Conference on Education and Technology: Personalized AI for Digital Well-being: Bridging Technology and Humanity, ICET 2025","","","","181","185","0","10.1109/ICET67257.2025.11290816","https://www.scopus.com/pages/publications/105031697847?origin=resultslist","With an emphasis on Shopee in Indonesia, this study investigates how consumers' purchase intentions are affected by Augmented Reality (AR)-based Virtual Try-On technology. While Shopee leads the cosmetic e-commerce market, issues such as product mismatches remain a challenge. What makes this study unique is its context-specific examination of AR adoption within the beauty product segment of an emerging market, where the integration of immersive technologies in online retail is still developing. Utilizing a quantitative research approach, information was gathered via an online survey and 352 valid responses analyzed using SmartPLS. The results reveal significant positive relationships between purchase intention, attitude toward utilizing AR, as well as its perceived utility and usability. The results offer useful recommendations for e-commerce platforms to refine AR features that enhance interactivity, visualization accuracy, and decision-making support. Future applications of this research include extending AR use to other product categories, assessing its long-term effects on brand loyalty and repeat purchases, and exploring cross-cultural adoption patterns to optimize AR integration for diverse consumer segments.  © 2025 IEEE.","attitude toward using; augmented reality; perceived ease of use; perceived usefulness; purchase intention","Decision making; Electronic commerce; Marketplaces; Purchasing; Sales; Virtual reality; Attitude toward using; Beauty products; Consumer purchase; E- commerces; Ease-of-use; Indonesia; Perceived ease-of-use; Perceived usefulness; Purchase intention; Virtual try-on; Augmented reality","Conference paper","Final","","Scopus","2-s2.0-105031697847"
"Kristian W.; Ferdianto; Sukmaningsih R.A.D.W.; Ohyver M.","Kristian, Willy (57610085400); Ferdianto (57280736100); Sukmaningsih, R.A. Dyah Wahyu (59663115000); Ohyver, Margaretha (56018557400)","57610085400; 57280736100; 59663115000; 56018557400","Analysis of the Use of Natural Language Processing (NLP) on Customer Experience and Purchase Intention in Marketplaces in Indonesia","2025","IEEE Symposium on Computer Applications and Industrial Electronics, ISCAIE","","2025","","435","439","0","10.1109/ISCAIE64985.2025.11081129","https://www.scopus.com/pages/publications/105013083069?origin=resultslist","E-commerce has become a crucial aspect of modern consumer life, with rapid growth observed in the marketplace sector. In an effort to enhance customer experience and stimulate purchasing interest, this research focuses on the implementation of Natural Language Processing (NLP) for personalized product recommendations on marketplace platforms. The main objective of this research is to identify optimal ways to leverage natural language from customers in understanding individual preferences, thereby improving the relevance and accuracy of provided product recommendations. Through this approach, it is anticipated to strengthen customer purchasing interest, minimize user fatigue, and deliver a more satisfying shopping experience. The research methodology involves the collection of purchase transaction data, search histories, and customer reviews. Natural language processing techniques and sentiment analysis are employed to uncover hidden meanings in customer reviews, while machine learning algorithms are configured to understand individual shopping preference patterns. Anticipated outcomes include improved accuracy and relevance of product recommendations, resulting in a more personalized and satisfying shopping experience. Consequently, customers are expected to be more inclined towards repeat purchases and developing stronger bonds with the marketplace platform. This research not only unveils the potential for increased profits in the marketplace platform but also signifies a significant contribution in understanding the best ways to integrate Natural Language Processing for optimizing personalized product recommendations. The findings of this research are expected to serve as a foundation for the development of more effective and measurable personalization strategies in the e-commerce world. © 2025 IEEE.","artificial intelligence; customer experience; e-commerce; marketplace; natural language processing","Learning algorithms; Learning systems; Machine learning; Marketplaces; Purchasing; Sales; Sentiment analysis; User experience; Customer experience; Customer review; E- commerces; Indonesia; Language processing; Natural language processing; Natural languages; Personalized products; Product recommendation; Purchase intention; Electronic commerce","Conference paper","Final","","Scopus","2-s2.0-105013083069"
"Chen Y.; Zhou Y.","Chen, Yu (59941049500); Zhou, Yi (59941049400)","59941049500; 59941049400","Research on the Construction of a Multi-Behavior Recommendation Algorithm Model for E-Commerce Platforms Based on Deep Learning","2025","Proceedings of 2025 4th International Conference on Big Data, Information and Computer Network, BDICN 2025","","","","6","12","0","10.1145/3727353.3727355","https://www.scopus.com/pages/publications/105007900963?origin=resultslist","In multiple behavior scenarios, a combination of recurrent neural networks and convolutional neural networks is used to build recommendation models that integrate user behaviors and product characteristics in order to improve the performance of recommendation algorithms. This project takes 1,000,000 user behaviors and 100,000 products in the public dataset as the research object, adopts the temporal coding method to encode multiple behaviors such as clicking, purchasing, and bundling, and combines feature extraction such as text and images to achieve multi-dimensional information fusion. The experiment proved that the algorithm was significantly improved in terms of correct rate, recall rate, F1 score, etc., and the F1 value was 0.79; the average number of clicks and user satisfaction score of the top ten products in the ranking increased to 52% and 4.5 respectively, the study reveals that deep learning can better capture users’ behavioral associations, and enhance users’ personalization and accuracy rate. © 2025 Copyright held by the owner/author(s).","deep learning; e-commerce platform; multi-behavior recommendation","Convolutional neural networks; Information fusion; Recurrent neural networks; Algorithm model; Commerce platforms; Convolutional neural network; Deep learning; E- commerces; E-commerce platform; Multi-behavior recommendation; Neural-networks; Recommendation algorithms; User behaviors; Marketplaces","Conference paper","Final","All Open Access; Gold Open Access","Scopus","2-s2.0-105007900963"
"Li Y.; Li B.; Zheng W.; Chen X.","Li, Yanran (57202013264); Li, Bo (57188573976); Zheng, Wei (57195358794); Chen, Xue (57204957441)","57202013264; 57188573976; 57195358794; 57204957441","Reveal or hide? Impact of demonstration on pricing decisions considering showrooming behavior","2021","Omega (United Kingdom)","102","","102329","","","61","10.1016/j.omega.2020.102329","https://www.scopus.com/pages/publications/85090306612?origin=resultslist","Unlike online stores, offline stores can provide product demonstration services, such as product display, product fit, and other kinds of in-store solutions, to help consumers understand the suitability of products. Consumers are increasingly using offline stores to obtain in-store demonstration services and then switching to online stores to purchase the product. This behavior is called “showrooming.” This study considers the pricing problem in a dual-channel supply chain with an online retailer and a manufacturer that owns an offline direct sales store. The manufacturer's product has digital attributes that can be evaluated through both online and offline channels, as well as non-digital attributes that can be evaluated only through in-store product demonstration. We investigate the impacts of the demonstration informativeness on online and offline retail pricing decisions under showrooming behavior. Given the demonstration informativeness and other relevant factors, we then compare the outcomes of the manufacturer's strategies on whether to demonstrate and the retailer's strategies on whether to avoid showrooming. We find that showrooming behavior may be beneficial to the manufacturer that owns an offline store and harmful to the online retailer. When the demonstration informativeness level is medium, the manufacturer will be better off choosing the non-demonstration strategy, and the online retailer will select the non-showrooming strategy. We also show that, in comparison to exogenous wholesale prices, when the manufacturer sets the wholesale price endogenously, it helps the two firms choose the same strategy; moreover, the endogenous wholesale price leads to Pareto improvement in the supply chain. © 2020 Elsevier Ltd","Bayesian updating; E-commerce; Price competition; Product demonstration; Showrooming; Supply chain management","Competition; Costs; Demonstrations; Sales; Supply chain management; Bayesian updating; Display products; Informativeness; Offline; Online store; Price competition; Pricing decision; Product demonstrations; Showrooming; Whole sale prices; article; competition; human; Electronic commerce","Article","Final","","Scopus","2-s2.0-85090306612"
"Batrancea L.M.; Akgüller Ö.; Balcı M.A.; Nichita A.; Rus M.-I.","Batrancea, Larissa M. (35202902000); Akgüller, Ömer (55857410000); Balcı, Mehmet Ali (35486716300); Nichita, Anca (55385868500); Rus, Mircea-Iosif (55325732900)","35202902000; 55857410000; 35486716300; 55385868500; 55325732900","Decoding digital market power: a network-based framework for consumer behaviour and strategic advantage","2026","Journal of Marketing Analytics","","","","","","0","10.1057/s41270-026-00472-4","https://www.scopus.com/pages/publications/105033464336?origin=resultslist","Despite exponential growth in digital commerce, conventional customer analytics fail to capture relational dynamics and temporal patterns critical for optimizing targeting precision, cross-selling, and churn prevention. This paper advances consumer behaviour research by framing e-commerce activity as a relational system shaped by economic incentives and temporal decision-making, building on social embeddedness theory and (Recency–Frequency–Monetary) RFM modelling principles. We model transactions as a weighted bipartite network where customers and products form interconnected nodes, addressing gaps in traditional collaborative filtering and demographic segmentation that overlook relational structures. Using 38,995 consumers and 44,802 transactional links across four product categories, we introduce an original edge-weighting methodology fusing linear economic attributes (profit margins, discounts, shipping costs) with nonlinear behavioural components (purchase recency, order prioritisation). Applying graph neural networks (GCN, GAT, GraphSAGE), the framework achieves 94–95% classification accuracy enabling practical applications in personalized marketing automation, dynamic pricing, and recommendation systems with 12–15% gains in targeting precision. Significant variations in network centrality reveal differentiated strategic roles among product segments. By integrating network analytics with social science perspectives, this research illuminates how relational data exposes underlying power relations and behavioural logics in contemporary e-commerce ecosystems, bridging computational innovation with sociological understanding of digital marketplace dynamics. © The Author(s) 2026.","Competitive dynamics; Consumer behaviour; E-commerce; Framework","","Article","Article in press","All Open Access; Hybrid Gold Open Access","Scopus","2-s2.0-105033464336"
"Purcărea T.V.; Ionescu Ş.-A.; Purcărea I.M.; Purcărea I.; Ionescu A.G.","Purcărea, Theodor Valentin (33568272100); Ionescu, Ştefan-Alexandru (29467579400); Purcărea, Ioan Matei (57222127082); Purcărea, Irina (33768044200); Ionescu, Alexandra Georgiana (59710094900)","33568272100; 29467579400; 57222127082; 33768044200; 59710094900","The Tech-Enabled Shopper Impacting a Phygital Retail Complex System Stimulated by Adaptive Retailers’ Valorization of an Increasingly Complex E-Commerce","2025","Systems","13","3","152","","","1","10.3390/systems13030152","https://www.scopus.com/pages/publications/105001105376?origin=resultslist","The rise of the experience economy, driven by disruptive technologies delivering innovative experiences, has transformed the interactions between tech-enabled shoppers and the phygital retail complex system. An important knowledge gap is addressed in our study by evaluating shoppers’ perceptions of disruptive technologies and the adaptive challenges that retailers face in securing consistency within a highly complex e-commerce landscape shaped by transformative interactions. A quantitative analysis was carried out using structural equation modeling (SEM) and survey data from an international supermarket chain integrating physical and digital retail spaces. We propose a novel framework to explore how retailers can harness data-driven insights and disruptive technologies to optimize the phygital shopping experience and adapt to the shift from multichannel and omnichannel strategies to optichanneling, as well as respond to societal shifts, including the role of digital natives and the expanding influence of the metaverse. This framework integrates key principles such as emergence, feedback, and criticality. The research reveals key findings about transformative shopper experiences across phygital retail touchpoints that influence shoppers’ perceptions and behaviors. Based on these identified key insights, as shoppers increasingly expect seamless interactions, the framework includes practical recommendations for retailers relating to several key areas, including leveraging the metaverse for refined shopper engagement. © 2025 by the authors.","disruptive technologies; e-commerce; innovative experience; phygital retail complex system; retailers’ enhanced capabilities; tech-enabled shopper","Large scale systems; Marketplaces; Disruptive technology; E- commerces; Innovative experience; Knowledge gaps; Metaverses; Phygital retail complex system; Retailer’ enhanced capability; Structural equation models; Tech-enabled shopper; Valorisation; Sales","Article","Final","All Open Access; Gold Open Access; Green Open Access","Scopus","2-s2.0-105001105376"
"Banerjee S.; Pal A.; Kapetanaki A.B.","Banerjee, Snehasish (55636192300); Pal, Anjan (57193622879); Kapetanaki, Ariadne Beatrice (55980187300)","55636192300; 57193622879; 55980187300","Unpacking the Gendered Impact of Scarcity Cues and Customer Ratings on Online Hotel Bookings and Recommendations","2026","Proceedings of the 2026 20th International Conference on Ubiquitous Information Management and Communication, IMCOM 2026","","","","","","0","10.1109/IMCOM69009.2026.11360807","https://www.scopus.com/pages/publications/105033802436?origin=resultslist","To drive conversions, e-commerce and mcommerce platforms often employ various scarcity cues within their booking interfaces. These fall into two categories: limitedquantity (e.g., 'Last room available!') and limited-time (e.g., 'Offer ends in 3 hours!'). The utility of such cues extends to hotels, regardless of their overall customer ratings. Meanwhile, although gender serves as one of the primary factors for market segmentation, the differential reactions of men and women to various marketing cues within the online marketplace have not been thoroughly investigated. Hence, this paper investigates how gender influences consumers' booking and recommendation intentions in response to scarcity cues for hotels with varying customer ratings. An online experiment (N =385,181 men and 204 women) was conducted. It manipulated scarcity cue type (limited-quantity and limited-time) and customer ratings (high and low) as between-participants factors. Booking intention was generally higher among men. This was particularly true under conditions of limited-quantity scarcity and high customer ratings. Moreover, men exhibited a higher intention to recommend compared with women when facing limited-quantity scarcity. The findings deepen the scholarly understanding of the gendered impact of scarcity cues and customer ratings on online hotel bookings and recommendations.  © 2026 IEEE.","gender; hotel booking intention; impulse buying; impulsive purchase; intention to recommend; online rating; online scarcity; purchase intention; scarcity cue; scarcity message","Customer satisfaction; Electronic commerce; Information management; Information systems; Information use; Purchasing; Gender; Hotel booking; Hotel booking intention; Impulse buying; Impulsive purchase; Intention to recommend; Online ratings; Online scarcity; Purchase intention; Scarcity cue; Scarcity message; Sales","Conference paper","Final","","Scopus","2-s2.0-105033802436"
"Ulloa Vera D.S.; Orosco Sierra A.G.; Roque Pisconte V.D.C.","Ulloa Vera, David Sebastian (60466325100); Orosco Sierra, Adrián Gelacio (60465945100); Roque Pisconte, Vanessa del Carmen (59547290500)","60466325100; 60465945100; 59547290500","Analysis of UI/UX Design to Optimize User Experience in E-commerce Web Interfaces: A Systematic Review; [Análisis del diseño UI/UX para optimizar experiencia del usuario de interfaces web e-commerce: Revisión sistemática]","2025","Proceedings of the LACCEI international Multi-conference for Engineering, Education and Technology","","","","","","0","10.18687/LEIRD2025.1.1.737","https://www.scopus.com/pages/publications/105032469359?origin=resultslist","Although the implementation of UI/UX design in e-commerce platforms has progressively become a key strategic element, its application presents certain challenges. Therefore, the objective of this study was to analyze UI/UX design to optimize user experience in e-commerce web interfaces through a systematic literature review. The PRISMA methodology was used in the study selection process, and the PICO strategy was applied to structure the research questions. Based on specific inclusion and exclusion criteria, 22 open-access articles were selected from the Scopus, ScienceDirect, and Web of Science databases. The results showed that UI/UX design has a decisive impact on fundamental aspects such as navigation, accessibility, personalization, and visual design, which are crucial elements for usability and user satisfaction. However, significant obstacles were also identified, such as the lack of cultural adaptability and cognitive load in complex processes. To mitigate these issues, the studies employed evaluation methodologies such as user simulations, surveys, and biometric analysis (eye-tracking, EEG), which enabled precise diagnostics of real user interaction. These tools were applied across diverse contexts and sectors, including marketplaces, online banking, tourism, and specialized retail, under various functional and cultural conditions. The research concluded that while UI/UX design principles have the potential to significantly enhance user experience and commercial effectiveness in digital platforms, their implementation must consider sector-specific and user-specific adaptations. It is recommended that future research focus on validating real-time performance metrics and developing strategic user-centered guidelines to ensure both accessibility and personalization in e-commerce web interfaces. © LEIRD 2025.All rights reserved.","E-commerce; UI Design; User Experience; UX Design; Web Interface","","Conference paper","Final","All Open Access; Gold Open Access","Scopus","2-s2.0-105032469359"
"Hirsch S.; Zitnitski L.; Novgorodov S.; Guy I.; Shapira B.","Hirsch, Sharon (57218711159); Zitnitski, Lilach (59898146100); Novgorodov, Slava (38862451000); Guy, Ido (23103098100); Shapira, Bracha (7004315829)","57218711159; 59898146100; 38862451000; 23103098100; 7004315829","Graph Meets LLM for Review Personalization based on User Votes","2025","WWW 2025 - Proceedings of the ACM Web Conference","","","","2948","2958","0","10.1145/3696410.3714691","https://www.scopus.com/pages/publications/105005147849?origin=resultslist","Review personalization aims at presenting the most relevant reviews of a product according to the preferences of the individual user. Existing studies of review personalization use the reviews authored by the user as a proxy for their preferences, and henceforth as a means for learning and evaluating personalization quality. In this work, we suggest using review votes rather than authorship for personalization. We propose MAGLLM, an approach that leverages heterogeneous graphs for modeling the relationships among reviews, products, and users, with large language model (LLM) to enrich user representation on the graph. Our evaluation over a unique public dataset that includes user voting information indicates that the vote signal yields substantially higher personalization performance across a variety of recommendation methods and e-commerce domains. It also indicates that our graph-LLM approach outperforms comparative baselines and algorithmic alternatives. We conclude with concrete recommendations for e-commerce platforms seeking to enhance their review personalization experience. © 2025 Copyright held by the owner/author(s).","E-commerce; Large Language Models; Product Reviews; Recommender Systems","Mobile commerce; Recommender systems; E-commerce domains; Heterogeneous graph; Language model; Large language model; Performance; Personalizations; Product reviews; Public dataset; Recommendation methods; Signal yields; Marketplaces","Conference paper","Final","All Open Access; Gold Open Access","Scopus","2-s2.0-105005147849"
"Xu H.; Gu J.","Xu, Hongsheng (55493778800); Gu, Jing (59392050900)","55493778800; 59392050900","E-Commerce Personalized Recommendation System in Big Data Based on Three-Way Concept Lattices","2024","Proceedings - 2024 3rd International Conference on Artificial Intelligence and Autonomous Robot Systems, AIARS 2024","","","","500","506","0","10.1109/AIARS63200.2024.00098","https://www.scopus.com/pages/publications/85207944151?origin=resultslist","The e-commerce recommendation system can automatically judge the preferences of users according to the browsing situation, and recommend relevant products to customers based on this basis to reduce the time wasted by customers in looking for products. The e-commerce recommendation system is to use the e-commerce big data platform to provide consumers with product information and relevant suggestions, to recommend consumers to buy their favorite types of products, and to imitate the salesman to help consumers to complete the purchase behavior. The paper presents e-commerce personalized recommendation system in big data based on three-way concept lattices. Finally, the method experimentally proves that the proposed method achieves accurate personalized recommendation results and showing better prediction accuracy, which has strong scalability.  © 2024 IEEE.","Big data; Collaborative filtering; E-commerce; Recommendation system; Three-way concept lattices","Collaborative filtering; Data accuracy; Wiener filtering; Concept Lattices; Data platform; E- commerces; E-commerce recommendations; Personalized recommendation; Personalized recommendation systems; Prediction accuracy; Product information; Three-way concept lattice; Marketplaces","Conference paper","Final","","Scopus","2-s2.0-85207944151"
"Wu M.; Maslowska E.; Yao M.","Wu, Mengke (58966571900); Maslowska, Ewa (56830422700); Yao, Mike (35424948900)","58966571900; 56830422700; 35424948900","Is Popularity Everything? Understanding the Role of Interface Cues in Online Shopping Decision-Making","2025","International Journal of Human-Computer Interaction","41","24","","15778","15790","3","10.1080/10447318.2025.2502964","https://www.scopus.com/pages/publications/105005548230?origin=resultslist","E-commerce platforms increasingly leverage product recommendation features that use interface cues—such as promotions, ratings, and scarcity indicators—to drive consumers' choice behavior. While prior research has examined the individual effects of these cues, their combined effects and relative importance remain under-explored. This study employs Choice-Based Conjoint analysis across three sequential studies to examine how various combinations of common interface cues impact product preferences. Findings reveal that, in general, cues signaling product popularity and special offers exert the strongest influence, followed by scarcity indicators. Specifically, high ratings with numerous reviews, extra price coupons, and limited-time deals were especially persuasive for both search and experience products, while product authenticity played an additional critical role for experience products. Our study can inform e-commerce design strategies, such as prioritizing impactful cues in product listings, to facilitate user decision-making and improve the usability of the product display interface. © 2025 Taylor & Francis Group, LLC.","conjoint analysis; decision-making; e-commerce; Interface cue; interface usability; online shopping; user preference","Electronic money; Intellectual property core; Mobile commerce; Risk perception; Usability engineering; User centered design; Commerce platforms; Conjoint analysis; Decisions makings; E- commerces; Interface cue; Interface usability; Online shopping; Product recommendation; Scarcity indicators; User's preferences; Marketplaces","Article","Final","","Scopus","2-s2.0-105005548230"
"Silva A.R.; Mena R.; Coelho F.","Silva, Ana Rita (58612137200); Mena, Ricardo (57219362710); Coelho, Francisco (58612613500)","58612137200; 57219362710; 58612613500","Understand Fashion Consumer Profile Sustainable Textile in Portugal—Sustainable Makers Marketplace Case Study","2024","Smart Innovation, Systems and Technologies","344","","","217","230","2","10.1007/978-981-99-0333-7_17","https://www.scopus.com/pages/publications/85171867671?origin=resultslist","The current paradigm that involves the fashion industry leads us to several topics considered relevant. Thus, the central theme of this article is to understand the profile of sustainable textile fashion consumers in Portugal. This investigation used the Sustainable Makers marketplace as a case study, in order to understand what strategies this project can implement considering the needs and values of consumers. The literature reveals, among other aspects, that more informed consumers have more trust in brands, especially these reveal their principles in relation to social and environmental sustainability. Some of the topics addressed are the consumer's purchase intention and behavior, social responsibility values, the purchase process, namely through e- commerce and through which media obtain information about the socially responsible practices of brands. It addresses the relationship between consumer and brand and the impact that the COVID-19 pandemic may have had on consumer choices in textile fashion. The recommendations presented serve to make Sustainable Makers an innovative and useful project for the final consumer. © 2024, The Author(s), under exclusive license to Springer Nature Singapore Pte Ltd.","Consumer; E-commerce; Marketing; Social networks; Sustainability; Sustainable Makers; Technology","Consumer behavior; Purchasing; Social networking (online); Social sciences computing; Sustainable development; Tensile strength; Textile industry; Textiles; 'current; Case-studies; Consumer; Fashion industry; Portugal; Social network; Social sustainability; Sustainable maker; Sustainable textiles; Technology; Electronic commerce","Conference paper","Final","","Scopus","2-s2.0-85171867671"
"Chan G.; Shen T.Y.","Chan, Gregory (58751697600); Shen, Tan Yan (58752168200)","58751697600; 58752168200","Online-Dispute Resolution - Paving the way towards harmonising the Birksian archipelago1 of obligations?","2023","Journal of Intellectual Property, Information Technology and E-Commerce Law","14","3","","420","434","0","","https://www.scopus.com/pages/publications/85179032731?origin=resultslist","It is only natural that the rise of e-commerce is coupled with an increasing number of disputes; eBay alone has seen a record 60 mil-lion cases opened under its online dispute-resolu-tion ('ODR') scheme. While this can be regarded as the first step towards the creation of an online rule-oflaw, such ODR mechanisms are often shrouded in uncertainty. In that regard, this paper explores ODR mechanisms in both established, and in, what we describe as 'in-formal' marketplaces, such as commerce on Red-dit and Discord. This paper first asks whether these ODR mechanisms give rise to its own jurisprudence possibly inconsistent with ""offline""rules of law, and whether such a bifurcation of ""online""and ""offline""rules of law is normatively desired. Next, it then que-ries the limitations of various policies and regulations which attempt to strengthen ODR mechanisms. It contends that various policies are disconnected from their practical implementation and constraints which ODR platforms face. Ultimately, it concludes that a more nuanced ap-proach is required if such frameworks were to be har-monised across Courts through the proposed taxon-omy. Current international recommendations, while a good starting point, should be condensed to cer-tain principles which may be adopted across plat-forms, while preserving site-autonomy across differ-ent types of platforms.  © 2023 Gregory Chan and Tan Yan Shen.","Access to Justice; Access to Justice; Dispute Resolution; E-Commerce; Forum Marketplace; Legal Technology; ODR; Online Dispute Resolution","","Article","Final","","Scopus","2-s2.0-85179032731"
"Aung K.W.; Soubutts E.; Singh A.","Aung, Kalya Win (59385252600); Soubutts, Ewan (57226004263); Singh, Aneesha (57199212151)","59385252600; 57226004263; 57199212151","“What a stupid way to do business”: Towards an Understanding of Older Adults’ Perceptions of Deceptive Patterns and Ways to Develop Resistance","2024","Proceedings of the ACM on Human-Computer Interaction","8","CHI PLAY","348","","","5","10.1145/3677113","https://www.scopus.com/pages/publications/85207376608?origin=resultslist","There are growing efforts to reduce the harmful effects of deceptive patterns pervasively employed on e-commerce websites. However, efforts to produce new guidelines and introduce ethical design standards geared towards older adults have been limited. We investigate the potential of a serious game in fostering older adults’ resilience against manipulative designs in e-commerce through two studies. First, a survey with older adults (N = 61), explored their attitudes towards deceptive patterns and identified characteristics influencing them. We then created a serious game, “Shopopolis”, to bolster older adults’ resistance to manipulative designs online and evaluated its efficacy with older adults (N = 65). Our findings show that Shopopolis is a valuable tool for enhancing awareness, concern, and recognition skills related to e-commerce deceptive patterns. We discuss older adults’ unique perspectives on deceptive patterns and consider how insights can shape the design of targeted protective measures like Shopopolis for older adults in e-commerce contexts. © Copyright is held by the owner/author(s). Publication rights licensed to ACM.","dark patterns; deceptive patterns; e-commerce; inoculation theory; Older adults; online manipulation; serious and persuasive games; user experience; user interfaces","Marketplaces; User interfaces; Dark pattern; Deceptive pattern; E- commerces; E-commerce websites; Harmful effects; Inoculation theory; Older adults; Online manipulation; Serious and persuasive game; Users' experiences; Serious games","Article","Final","All Open Access; Bronze Open Access; Green Open Access","Scopus","2-s2.0-85207376608"
"Yanyan C.; Althabhawi N.M.","Yanyan, Cao (59358323100); Althabhawi, Nabeel Mahdi (55653352300)","59358323100; 55653352300","China’s Online Dispute Resolution Mechanism for Cross-Border E-Commerce: Challenges and Solutions","2024","Pakistan Journal of Life and Social Sciences","22","2","","5478","5488","1","10.57239/PJLSS-2024-22.2.00408","https://www.scopus.com/pages/publications/85205805930?origin=resultslist","With the rapid advancement of modern information and communication technology, particularly the pervasive use of the Internet, e-commerce has emerged as a significant and dynamic force in the global economy. The convenience and accessibility provided by online platforms have revolutionized the way businesses operate, offering consumers and companies new opportunities for trade and interaction. However, this rapid expansion of e-commerce has also led to a surge in online disputes. Traditional methods of dispute resolution, which are often time-consuming and costly, have proven inadequate in addressing the unique challenges presented by the fast-paced and borderless nature of online transactions. As a result, the online dispute resolution (ODR) mechanism has been developed as a specialized tool to resolve conflicts in the digital marketplace. The ODR mechanism offers several advantages, including speed, efficiency, and the ability to handle cases involving parties from different jurisdictions. However, despite its potential, the ODR mechanism is not without its challenges. Issues such as the lack of comprehensive legislation, jurisdictional complexities, inconsistencies in legal application, the absence of unified rules and platforms, and concerns over consumer trust and data security continue to hinder the effectiveness of ODR. This paper provides an in-depth review of the current state of the ODR mechanism in the context of cross-border e-commerce in China. It examines the aforementioned issues, highlights the challenges faced by stakeholders, and offers recommendations for improving the ODR system to better serve the needs of the global e-commerce community. © (2023), (Elite Scientific Publications). All Rights Reserved.","Alternative Dispute Resolution; Cross-Border E-Commerce; Jurisdiction; Online Dispute Resolution","","Article","Final","All Open Access; Bronze Open Access","Scopus","2-s2.0-85205805930"
"Dew R.","Dew, Ryan (57201731256)","57201731256","Adaptive Preference Measurement with Unstructured Data","2025","Management Science","71","5","","3996","4012","1","10.1287/mnsc.2023.03775","https://www.scopus.com/pages/publications/105004819837?origin=resultslist","Many products are most meaningfully described using unstructured data such as text or images. Unstructured data are also common in e-commerce, in which products are often described by photos and text but not with standardized sets of attributes. Whereas much is known about how to efficiently measure consumer preferences when products can be meaningfully described by structured attributes, there is scant research on doing the same for unstructured data. This paper introduces a real-time, adaptive survey design framework for measuring preferences over unstructured data, leveraging Bayesian optimization. By adaptively choosing items to display based on uncertainty around a nonparametric utility model, the proposed method maximizes information gain per question, enabling quick estimation of individual-level preferences. The approach operates on embeddings of the unstructured data, thereby eliminating the requirement for manual coding of product attributes. We apply the method to measuring preferences over clothing and highlight its potential for both the general task of marketing research and the specific task of designing customer onboarding surveys to mitigate the cold-start recommendation problem. We also develop methods for interpreting the nonparametric utility functions, which allow us to reconstruct consumer valuations of discrete attributes, even for attributes that were not considered or available a priori. © 2024 INFORMS.","Bayesian optimization; conjoint analysis; image data; onboarding surveys; preference measurement; recommendation systems","Clothes; Market Research; Marketplaces; Adaptive preferences; Bayesian optimization; Conjoint analysis; E- commerces; Image data; Nonparametrics; Onboarding; Onboarding survey; Preference measurement; Unstructured data; Recommender systems","Article","Final","","Scopus","2-s2.0-105004819837"
"Yen H.S.; Ajibade S.-S.M.; Jasser M.B.; Issa B.; Yong Y.L.; Bashir F.M.; Falude E.; Dodo Y.A.","Yen, Hew Sok (59717539200); Ajibade, Samuel-Soma M. (57209028006); Jasser, Muhammed Basheer (57200762275); Issa, Bayan (57958725100); Yong, Yoke Leng (56967668500); Bashir, Faizah Mohammed (56181545700); Falude, Emmanuel (59007895800); Dodo, Yakubu Aminu (55756901000)","59717539200; 57209028006; 57200762275; 57958725100; 56967668500; 56181545700; 59007895800; 55756901000","Evaluation of KNN-NMF Algorithm for Recommendation Systems in E-Commerce","2024","Proceedings of the IEEE Conference on Systems, Process and Control, ICSPC","","2024","","328","332","1","10.1109/ICSPC63060.2024.10862917","https://www.scopus.com/pages/publications/105001505657?origin=resultslist","Due to growth in e-commerce, recommender systems have gained importance in providing recommendations to the user to help him or her make a choice. These systems not only assist the users in searching through the extensive product list but also increase businesses' productivity by recommending products. The aim of this project is to suggest a hybrid recommender system which combines the aspects of collaborative and content-based filtering so as to enhance the efficiency of the recommendation system in e-commerce. In addition, it is to evaluate the performance of this model with the individual collaborative and content-based models. The study involved creating the CF and CBF models with the various algorithms like the Matrix Factorization, KNN, SVD, and the TF-IDF vectorization. The best models from CF and CBF were then combined with a Hybrid Filtering (HF) model by using weighted and switching combination to enhance the model's effectiveness. The performance of the CF, CBF and the HF models was compared, in order to check if the proposed hybrid approach is better than the existing models. The results of the experiment show that the hybrid switching model provided better results than the CF and CBF models on their own. The hybrid filtering model had also managed to reduce the RMSE to 1.065 and improved precision to 83.2%. This demonstrates the advantage of the proposed model over the traditional CF and CBF approaches. Our study validates that the hybrid filtering recommender system, especially the switching combination strategy, outperformed the traditional standalone models by integrating the benefits of both collaborative and content-based filtering. This provides a good starting point for future work and there are many directions in which the research can be expanded. © 2024 IEEE.","E-commerce; Hybrid Algorithm; KNN-NMF; Machine Learning; Recommendation System","Collaborative filtering; Collaborative learning; Marketplaces; Matrix factorization; Recommender systems; Business productivity; Collaborative-based filtering; Content based filtering; E-commerce recommender system; Filtering models; Hybrid algorithms; Hybrid filtering; KNN-NMF; Machine-learning; Performance; Wiener filtering","Conference paper","Final","","Scopus","2-s2.0-105001505657"
"Sunitha T.; Amancha S.; Durgadeepika V.V.S.; Vamsi N.A.S.; Alekhya P.; Bhagyasri P.; Sri T.L.; Hanush Y.V.S.N.","Sunitha, T. (57336260500); Amancha, Swathi (57192573295); Durgadeepika, V.V.S. (60046205600); Vamsi, N.Akhil Sai (60607034100); Alekhya, P. (57215913766); Bhagyasri, P. (58139775900); Sri, T.Likhitha (60045998700); Hanush, Y.V.S.N. (60045787600)","57336260500; 57192573295; 60046205600; 60607034100; 57215913766; 58139775900; 60045998700; 60045787600","A Recommendation System for Integrated Online Food Ordering System","2025","6th IEEE International Conference on Recent Advances in Information Technology, RAIT 2025","","","","","","0","10.1109/RAIT65068.2025.11088956","https://www.scopus.com/pages/publications/105013176055?origin=resultslist","This design aims to provide an online ordering platform for meals. Customers can use this technology to purchase food online whenever they want and from any location. The problems with food assiduity led to the development of this system. These problems include long wait times during peak hours, more takedowns than callers, speedy big food operation requests, limited production, and food operation quality control. Therefore, the purpose of this system is to improve the efficiency and uniformity of receiving client orders and delivering them to the kitchen staff. In addition, it offers customers a userfriendly web application and a cost-effective advertising platform for the new online meal ordering restaurant's product. A comprehensive platform called the 'WebGrounded Integrated Online Food Ordering System' was created to make ordering meals easier for both customers and food service operators. Using cutting-edge web technologies, this system provides a user-friendly interface that ensures a smooth and efficient order placement and delivery process. Features like order shadowing, secure payment methods, real-time menu updates, and client feedback mechanisms are all integrated into the platform.The 'Web- Grounded Integrated Online Food Ordering System' is a cutting-edge platform created to improve the efficiency and practicality of online meal ordering. Guests may easily browse menus, make orders, and follow real-time delivery tracking with this system interface. © 2025 IEEE.","Consumer Behaviour; Customer Satisfaction; Food ordering systems; Food Ordering Trends; Food Preferences; Online Food Ordering; Online Platforms; Order History Analysis; User Experience","Cutting; Efficiency; Engineering research; Information management; Online systems; Quality control; Sales; User experience; User interfaces; Customers' satisfaction; Food ordering system; Food ordering trend; Food preference; History analysis; Online food ordering; Online platforms; Order history analyze; Ordering system; Users' experiences; Consumer behavior; Cost effectiveness","Conference paper","Final","","Scopus","2-s2.0-105013176055"
"Ige O.","Ige, Olalonpe (57200240285)","57200240285","Electronic shopping: Young people as consumers","2004","International Journal of Consumer Studies","28","4","","412","427","15","10.1111/j.1470-6431.2004.00398.x","https://www.scopus.com/pages/publications/45749116774?origin=resultslist","Findings and discussions in this paper lead to recommendations in relation to young people as consumers in the electronic marketplace. The recommendations in this paper may be of value to students, academics, e-marketers and e-retailers. This paper seeks to take a cross-border perspective while discussing the issue of young consumers and electronic shopping. It attempts to discuss significant macro-environmental influences on young consumers in the electronic commerce market. It also highlights important opportunities and threats, relevant to the young consumers target market. The paper finally introduces generic strategies that may be used to successfully target the youth market and discusses resulting implications. Before delving into the electronic shopping market analysis and the strategic focus on young people, the paper will first introduce the meaning of electronic shopping and highlight the interdependent nature of electronic shopping and e-commerce. It will also explain what is meant by young consumers in the context of this study. © 2017 Wiley. All rights reserved.","Electronic shopping; Internet; Macro-environmental analysis; Young consumers","","Article","Final","","Scopus","2-s2.0-45749116774"
"Belém F.M.; Silva R.M.; de Andrade C.M.V.; Person G.; Mingote F.; Ballet R.; Alponti H.; de Oliveira H.P.; Almeida J.M.; Gonçalves M.A.","Belém, Fabiano M. (35316973900); Silva, Rodrigo M. (36440352800); de Andrade, Claudio M.V. (57210378255); Person, Gabriel (57216897499); Mingote, Felipe (57216892855); Ballet, Raphael (57216892739); Alponti, Helton (57216897603); de Oliveira, Henrique P. (57216893906); Almeida, Jussara M. (35586158500); Gonçalves, Marcos A. (7202320526)","35316973900; 36440352800; 57210378255; 57216897499; 57216892855; 57216892739; 57216897603; 57216893906; 35586158500; 7202320526","“Fixing the curse of the bad product descriptions” – Search-boosted tag recommendation for E-commerce products","2020","Information Processing and Management","57","5","102289","","","25","10.1016/j.ipm.2020.102289","https://www.scopus.com/pages/publications/85085169366?origin=resultslist","Various e-commerce platforms allow sellers to register, describe and organize their own products, using tags and other textual metadata. The quality of these textual descriptors is essential for the effectiveness of e-commerce information services such as search and product recommendation, and thus, for the ability of consumers to find desired products. In this paper, we focus on a particular, widely used textual descriptors of products, tags. We argue that sellers may not be the “best” providers of tag information for products either because of their inability to do so (they were not “trained” for that) or due to an explicit intent to fool the system in order to promote their products with inadequate or imprecise tags (tag spam). To deal with these issues, we may rely on automatic tag recommendation techniques to improve the quality of the tags suggested to describe a given product. In this context, the main novel contribution of our work is a set of new tag recommendation techniques that take advantage of product search result data (in particular the search queries and product clicks from these queries) to improve the quality of the recommended tags. Our main hypothesis is that the set of queries collectively issued by the consumers of the e-market place, along with corresponding clicks, reflect a more trustworthy view of the products; thus those queries and clicks can be exploited as a source of high quality (e.g., more diverse) tags to describe the products. We propose new solutions, including some based on deep learning, that translate this main hypothesis into new features and methods for recommending tags for products. Our manual and automatic evaluations, using real data from one of the largest e-commerce sites in Brazil, show that indeed tags created by sellers contain a lot of noise. On the other hand, our proposed search-boosted tag recommenders are highly effective in suggesting relevant tags, with gains of more than 16% in recommendation effectiveness against the state-of-the-art. Even more, our experiments show that the suggested tags provide a potentially better data source for e-commerce search than the original tags assigned by product sellers. © 2020 Elsevier Ltd","Deep learning; E-commerce; E-marketplace; Search; Tag recommendation","Deep learning; Information services; Automatic evaluation; E-commerce sites; Effectiveness of e-commerce; Product descriptions; Product recommendation; State of the art; Tag recommendations; Textual metadata; Electronic commerce","Article","Final","","Scopus","2-s2.0-85085169366"
"Yadav A.B.; Desai P.","Yadav, Akshay Baburao (58026037400); Desai, Prashant (59461133700)","58026037400; 59461133700","Protecting privacy in the digital marketplace: A comparative study of legal mechanisms for consumer rights in the metaverse","2024","Journal of Data Protection and Privacy","6","4","","355","374","3","10.69554/FHZJ9408","https://www.scopus.com/pages/publications/85211195993?origin=resultslist","The promotion of fair trade and consumer protection is the heart of every nation. The world, during the struggles of the COVID-19 pandemic, has witnessed huge growth in e-commerce markets and has scaled new heights by reducing e-physical barriers and maintaining social distancing. E-commerce entities have been trying to fill the gaps in their business by incorporating a new type of e-commerce market called business to avatar (B2A) through the metaverse. These technologies have been providing personalised recommendations and have been very profitable for every e-commerce platform and consumer. However, this win-win situation is marred by an increase in consumer privacy and data protection concerns. This paper explores the legal regulations protecting consumer privacy in India, analysing whether the existing legislation adequately addresses contemporary privacy challenges, especially when compared to the robust legal framework in the US and EU. Based on the research, the authors observe that: (i) adoption of the metaverse application in e-commerce has fundamentally benefited consumers; (ii) the developing e-commerce market has been adversely impacted by consumer privacy and data protection concerns; and (iii) to create a balance between developing e-commerce industries and to build consumer trust the regulators are required to improve the level of supervision along with imposing a huge penalty for data breaches. Finally, a way forward is suggested to achieve a constitutional mandate for the state to protect the fundamental right to privacy of every individual. © 2024, Henry Stewart Publications. All rights reserved.","consumer protection; consumer trust; digital marketing; metaverse; privacy and data protection","","Article","Final","","Scopus","2-s2.0-85211195993"
"Siriyotha S.; Lekcharoen S.","Siriyotha, Sirisart (59682806000); Lekcharoen, Somchai (10939180700)","59682806000; 10939180700","CORPORATE GOVERNANCE AND BUSINESS OUTCOMES IN DIGITAL MERCHANDISING BUSINESSES","2025","Journal of Governance and Regulation","14","4 Special Issue","","269","278","2","10.22495/jgrv14i4siart4","https://www.scopus.com/pages/publications/105024200851?origin=resultslist","While Thailand promotes digital entrepreneurship for economic competitiveness, many businesses still struggle to succeed in the e-commerce landscape. This study addresses this gap by developing a performance model for Thailand’s digital merchandising sector, highlighting how good governance practices like decision-making and accountability strengthen these relationships. Using a mixed-methods approach, qualitative insights from 20 experts through the Fuzzy e-Delphi technique, and quantitative data from 611 digital merchants. The research identified nine success factors: market alignment, information technology (IT) foundation, IT scope, IT proactivity, market strength, IT competence, digital advancement, innovation development, and business outcomes, with market strength, IT competence, digital advancement and innovation development emerging as influential drivers when supported by governance frameworks. These findings provide a framework for entrepreneurs and policymakers, demonstrating how strategic investments in digital advancement and market strength, sound governance principles can improve business outcomes. The study makes three key contributions: 1) digital merchandising success factors in emerging markets; 2) digital economy policies with recommendations; and 3) strategies for business owners navigating digital advancement while maintaining good governance standards. This research provides insights to strengthen Thailand’s position in the global digital marketplace while creating positive economic and social impacts nationwide by bridging the gap between policy objectives and practical implementation. © 2025 The Authors.","Business Outcomes; Digital Merchandising Businesses; Mixed Method","","Article","Final","All Open Access; Gold Open Access","Scopus","2-s2.0-105024200851"
"Hamidah D.N.A.; Zunaidi R.A.; Putra P.S.; Hidayati S.; Mardhiana H.; Chandra H.","Hamidah, Dwi Nur Azizah (59777921300); Zunaidi, Rizqa Amelia (57216630941); Putra, Perdana Suteja (59778587000); Hidayati, Sri (57210108801); Mardhiana, Hawwin (57911617200); Chandra, Huki (59648525300)","59777921300; 57216630941; 59778587000; 57210108801; 57911617200; 59648525300","User Interface Design of TUS Mart E-Commerce Website Using Design Thinking and Kansei Engineering","2024","Proceedings - 6th International Conference on Informatics, Multimedia, Cyber and Information System, ICIMCIS 2024","","","","182","187","0","10.1109/ICIMCIS63449.2024.10956865","https://www.scopus.com/pages/publications/105004413383?origin=resultslist","This study explores the development of TUS MART, an e-commerce website for agricultural products, by integrating Kansei Engineering and design thinking methodologies. As online shopping continues to grow, this research aims to create a functional and emotionally satisfying interface. Kansei Engineering focuses on addressing users' emotional needs, while design thinking involves stages such as empathizing, defining, ideating, prototyping, and testing. The interface's usability was evaluated using the System Usability Scale (SUS). This study demonstrates the successful application of Kansei Engineering and design thinking to enhance e-commerce user interfaces, providing insights for future research and practical applications in user experience and interface design. The results indicate that the 'Refreshing' concept effectively meets user expectations. The results of the TUS Mart website, which has developed a usability test using the System Usability Scaling, obtained a score of 85.59 and are in the good to excellent range.  © 2024 IEEE.","Design Thinking; E-commerce; System Usability Scale; User Interface; Website","Design for testability; Electronic money; Engineering research; Graphical user interfaces; Industrial research; Machine design; Mobile commerce; Product design; Usability engineering; User centered design; User profile; Design thinking; E-commerce websites; Engineering thinkings; Functionals; Kansei designs; Kansei Engineering; Online shopping; System usability; System usability scale; User interface designs; Marketplaces","Conference paper","Final","","Scopus","2-s2.0-105004413383"
"Ferani A.; Putri Wardhana C.S.; Gunawan R.V.; Karsen M.","Ferani, Arcelia (59527881800); Putri Wardhana, Calista Syifa (58679931700); Gunawan, Rendy Vincent (59528099300); Karsen, Marisa (56530684500)","59527881800; 58679931700; 59528099300; 56530684500","Analysis of Artificial Intelligence's Impact on the E-Commerce Platform to Increase Purchase Intention","2024","Proceedings of 2024 International Conference on Information Management and Technology, ICIMTech 2024","","","","489","494","0","10.1109/ICIMTech63123.2024.10780886","https://www.scopus.com/pages/publications/85215934551?origin=resultslist","As e-commerce has become an essential aspect of daily life in Indonesia, competition among e-commerce companies has increased. This increased competition emphasizes the importance of continuous innovation to remain competitive. Artificial intelligence could be a solution, but its impact is uncertain. The goal of this study is to use the SOR model to analyze the effectiveness of artificial intelligence in e-commerce in increasing purchase intentions. The research model contains six variables: AI Insight Experience, AI Interactive Experience, AI Product Recommendation, Perceived Utility Value, Perceived Hedonic Value, and Purchase Intention. The data from 400 respondents was analyzed using Sequential Equation Modeling (SEM) with Smart PLS 4.0. A questionnaire was used to collect the data online for two weeks in April 2024. The findings revealed that every one of the eight hypotheses had a significant effect. © 2024 IEEE.","artificial intelligence; e-commerce; e-marketplace; product recommendation; purchase intention; virtual assistant","Commerce platforms; Continuous innovation; Daily lives; E- commerces; E-marketplaces; Indonesia; Product recommendation; Purchase intention; Research models; Virtual assistants; Marketplaces","Conference paper","Final","","Scopus","2-s2.0-85215934551"
"Pasmawati Y.; Kunang Y.N.; Hatta M.; Riza Chakim M.H.; Padeli; Rizky A.; Rahardja F.","Pasmawati, Yanti (57221135244); Kunang, Yesi Novaria (57206723142); Hatta, Muhammad (57217042215); Riza Chakim, Mochamad Heru (58749579100); Padeli (57853023200); Rizky, Agung (57852747400); Rahardja, Fransisca (57428394500)","57221135244; 57206723142; 57217042215; 58749579100; 57853023200; 57852747400; 57428394500","Augmented Reality Features and User Experience in E-Commerce Using SmartPLS Modeling","2025","Proceeding - 2025 4th International Conference on Creative Communication and Innovative Technology: Empowering Transformative MATURE LEADERSHIP: Harnessing Technological Advancement for Global Sustainability, ICCIT 2025","","","","","","0","10.1109/ICCIT65724.2025.11166768","https://www.scopus.com/pages/publications/105018474758?origin=resultslist","Augmented Reality (AR) technologies are increasingly integrated into e-commerce platforms to bridge the gap between virtual and physical shopping experiences, offering immersive features such as virtual try-ons and interactive 3D product visualizations. This study aims to examine the influence of AR features on user experience (UX) dimensions in the context of online shopping environments. Focusing on key constructs including perceived interactivity, ease of use, immersion, and perceived usefulness, the research investigates their impact on user satisfaction, engagement, and behavioral intention. A quantitative approach was employed using Structural Equation Modeling (SEM) with SmartPLS to analyze data collected from a sample of e-commerce users. The findings reveal that all four AR features significantly contribute to enhancing UX dimensions, which in turn positively affect users' intentions to reuse e-commerce platforms. The study offers theoretical contributions by validating the relationships between AR-specific features and UX outcomes, and practical implications by providing actionable insights for developers and platform providers aiming to optimize AR-based user interfaces. Despite the use of simulated data posing a limitation, the research underscores the transformative potential of AR in shaping user behavior and loyalty in digital marketplaces. Future studies are encouraged to apply the proposed model in diverse demographic and cultural contexts to enhance the generalizability of the results. © 2025 IEEE.","Augmented Reality (AR); E-commerce; Structural Equation Modeling (SEM); User Experience (UX)","Behavioral research; Electronic commerce; Three dimensional computer graphics; User experience; User interfaces; Virtual reality; Augmented reality; Augmented reality technology; Commerce platforms; E- commerces; Physical shopping; Structural equation modeling; Structural equation models; User experience (UX); Users' experiences; Virtual shopping; Augmented reality","Conference paper","Final","","Scopus","2-s2.0-105018474758"
"Tulabandhula T.; Sinha D.; Karra S.R.; Patidar P.","Tulabandhula, Theja (25925562700); Sinha, Deeksha (57218478044); Karra, Saketh Reddy (57222991679); Patidar, Prasoon (57210124385)","25925562700; 57218478044; 57222991679; 57210124385","Multi-purchase Behavior: Modeling, Estimation, and Optimization","2023","Manufacturing and Service Operations Management","25","6","","2298","2313","8","10.1287/msom.2020.0238","https://www.scopus.com/pages/publications/85174886669?origin=resultslist","Problem definition: We study the problem of modeling purchase of multiple products and using it to display optimized recommendations for online retailers and e-commerce platforms. Rich modeling of users and fast computation of optimal products to display given these models can lead to significantly higher revenues and simultaneously enhance the user experience. Methodology/results: We present a parsimonious multi-purchase family of choice models called the BundleMVL-K family and develop a binary search based iterative strategy that efficiently computes optimized recommendations for this model. We establish the hardness of computing optimal recommendation sets and derive several structural properties of the optimal solution that aid in speeding up computation. This is one of the first attempts at operationalizing multi-purchase class of choice models. We show one of the first quantitative links between modeling multiple purchase behavior and revenue gains. The efficacy of our modeling and optimization techniques compared with competing solutions is shown using several real-world data sets on multiple metrics such as model fitness, expected revenue gains, and run-time reductions. For example, the expected revenue benefit of taking multiple purchases into account is observed to be ~ 5% in relative terms for the Ta Feng and UCI shopping data sets compared with the multinomial choice model for instances with ~1,500 products. Additionally, across six real-world data sets, the test log-likelihood fits of our models are on average 17% better in relative terms. Managerial implications: Our work contributes to the study of multi-purchase decisions, analyzing consumer demand, and the retailers optimization problem. The simplicity of our models and the iterative nature of our optimization technique allows practitioners meet stringent computational constraints while increasing their revenues in practical recommendation applications at scale, especially in e-commerce platforms and other marketplaces. © 2023 INFORMS.","multichoice purchase behavior; recommendations; scalable algorithms; structural properties","Computational efficiency; Electronic commerce; Iterative methods; Purchasing; Sales; Choice model; Commerce platforms; Data set; E- commerces; Multi choices; Multichoice purchase behavior; Optimization techniques; Recommendation; Revenue gains; Scalable algorithms; Structural properties","Article","Final","","Scopus","2-s2.0-85174886669"
"Lam H.Y.; Wong L.","Lam, Hoi Yan (57201769414); Wong, Lap (58871887800)","57201769414; 58871887800","Metaverse-enabled Responsive Data Analytics Model for Enhancing Customers’ Online Experience in Luxury Retail","2024","IEEE International Conference on Industrial Engineering and Engineering Management","","","","1402","1406","0","10.1109/IEEM62345.2024.10857056","https://www.scopus.com/pages/publications/85218042620?origin=resultslist","Luxury retail sales have declined because of restrictions and consumer concerns during the COVID-19 pandemic. To adapt to these challenges, luxury retailers have transformed their businesses from offline platforms to e-commerce platforms. However, purchasing luxury goods online presents significant challenges for customers because they cannot evaluate products through sensory touch and tangible experiences. To address this issue, luxury retailers are turning to the metaverse. Luxury retailers can create immersive and interactive online experiences by developing virtual shopping platforms in metaverse environments. This integration of online and brick-and-mortar channels provides personalized customer interactions, facilitating virtual product trials, inquiries, and recommendations. The aim of this study was to design a metaverse-enabled responsive data analytics model to collect and analyze large amounts of data to uncover valuable insights into customer behavior and purchasing patterns, aiding decision-making in customer relationship management. A case study was conducted to verify the feasibility of the proposed model. The results show that customer behavior is related to the consumption level, service satisfaction, and eye fixation time. © 2024 IEEE.","big data and analytics; decision support system; e-commerce; fuzzy association rule mining; metaverse","Customer satisfaction; Decision making; Marketplaces; Public relations; Analytic modeling; Big data and analytic; Data analytics; Decision supports; E- commerces; Fuzzy association rule; Fuzzy association rule mining; Metaverses; Rule mining; Support systems; Sales","Conference paper","Final","","Scopus","2-s2.0-85218042620"
"Li J.","Li, Jiahua (57226614751)","57226614751","Construction of E-Commerce User Profile Design Model Based on Deep Learning Algorithm","2024","4th IEEE International Conference on Mobile Networks and Wireless Communications, ICMNWC 2024","","","","","","0","10.1109/ICMNWC63764.2024.10872316","https://www.scopus.com/pages/publications/105000095083?origin=resultslist","In rural e-commerce platforms, user behaviors are complex and diverse, and it is difficult for the recommendation system to accurately predict demand, resulting in a low conversion rate of the platform. Based on deep learning, this paper uses deep learning models, that is, models, to analyze user browsing, purchasing, and feedback behaviors, and optimize recommendation algorithms. The research process mainly includes user portrait design and model construction, model description recommendation and optimization, system integration, and application. According to the experiment, the recommendation accuracy of the rural e-commerce user portrait recommendation system increased by 20% or more, and the purchase conversion rate increased by 44.23%. It can be seen that deep learning, especially the recommendation system, can significantly improve the user experience and sales performance of rural e-commerce platforms, especially in personalized recommendation and real-time feedback optimization. On the whole, deep learning can show good performance and high application value in the rural e-commerce recommended user portrait. © 2024 IEEE.","deep learning; design model; e-commerce; user profile design","Adversarial machine learning; Contrastive Learning; Sales; Commerce platforms; Conversion rates; Deep learning; Design models; E- commerces; Model-based OPC; Profile designs; User behaviors; User profile design; User's profiles; Marketplaces","Conference paper","Final","","Scopus","2-s2.0-105000095083"
"Naresh P.; Suri B.; Wadhwa B.","Naresh, Prashant (59738137400); Suri, Bharti (55515690800); Wadhwa, Bimlesh (24462581700)","59738137400; 55515690800; 24462581700","A Structured Framework for Detecting Dark Patterns in E-Commerce Systems","2026","2026 2nd International Conference on Computing, Sciences and Communications, ICCSC 2026","","","","","","0","10.1109/ICCSC67078.2026.11468389","https://www.scopus.com/pages/publications/105038057436?origin=resultslist","Dark patterns, also referred to as deceptive design practices, have become increasingly common in e-commerce platforms, influencing user decision-making through manipulative interface strategies. The growing presence of such practices has created the need for systematic methods to identify and evaluate them, both for research and for regulatory oversight. This paper presents two major contributions. First, it provides a comparative review of existing detection frameworks and tools, including large-scale web crawlers, dataset-driven benchmarks, multimodal analysis systems, and mobile-focused solutions. The comparison highlights their input modalities, methodological approaches and limitations, thereby exposing gaps that hinder comprehensive detection. Second, the paper proposes a generalized multi-modal framework for detecting dark patterns in ecommerce interfaces. The framework collects structural, visual and behavioral data across the shopping journey, preprocesses and segments interface elements, analyzes them through textual, visual and behavioral/state modules. A fusion layer integrates evidence across modalities and maps findings to recognized darkpattern categories while also assessing their severity and potential user impact. The outcome is a structured reporting system for deceptive patterns that provides explanatory evidence for researchers, auditors, and regulators. Together, the review of existing tools and the proposed framework establish a foundation for developing more transparent, accountable, and user-centric online marketplaces. © 2026 IEEE.","Automated Detection; Dark Patterns; Deceptive Design; Deep Learning; E-Commerce; Human-Computer Interaction; Machine Learning; User Interfaces","Behavioral research; Decision making; Deep learning; Electronic commerce; Human computer interaction; Information systems; Information use; Learning systems; User centered design; Automated detection; Commerce platforms; Computer interaction; Dark pattern; Deceptive design; Deep learning; Design practice; E- commerces; E-commerce systems; Machine-learning; User interfaces","Conference paper","Final","","Scopus","2-s2.0-105038057436"
"Shaikh A.A.; Awan S.M.; Zahid M.; Fahad M.","Shaikh, Akhlaq Ahmed (59548708500); Awan, Samia Masood (57210434826); Zahid, Mahnoor (59548834600); Fahad, Muhammad (55911820600)","59548708500; 57210434826; 59548834600; 55911820600","A Blockchain based E-Commerce Platform with Supply Chain Management and Authenticated Resale","2024","2024 4th International Conference on Innovations in Computer Science, ICONICS 2024","","","","","","0","10.1109/ICONICS64289.2024.10824497","https://www.scopus.com/pages/publications/85217276829?origin=resultslist","The E-commerce industry has seen significant growth over the past few years and many people prefer to purchase their goods online, but with this advancement and growth many fraudulent activities and scams have also gained a hike. Due to this the customers have shown significant concerns and worries while using any such platforms such as deception by vendors by selling fake products or their products getting counterfeit during the delivery process because the supply chain of their ordered product is often veiled in secrecy. This paper presents Commercio, a comprehensive solution that enables individuals with an understanding of how their products are transferred, managed, stored, and delivered to their doorsteps. Our application aims to tackle these challenges by creating an innovative e-commerce platform. This platform will serve as a dynamic marketplace and will connect sellers with customers who prioritize authenticity and dependability. Additionally, it will redefine supply chain management by offering unparalleled transparency and security. Moreover, incorporating blockchain-based payment systems will also improve transaction integrity hence delivering a trustworthy buying experience. © 2024 IEEE.","Agile methodology; Blockchain; Decentralized Autonomous Organization; E-commerce; Non-Fungible Tokens; Supply Chain Management; User interface design","Blockchain; Sales; Supply chain management; Agile Methodologies; Block-chain; Chain management; Commerce platforms; Decentralised; Decentralized autonomous organization; Delivery process; E- commerces; Non-fungible token; User interface designs; Marketplaces","Conference paper","Final","","Scopus","2-s2.0-85217276829"
"Hamonangan T.P.; Aruan D.T.H.","Hamonangan, Tigor Pantoro (57897107200); Aruan, Daniel Tumpal Hamonangan (57191278596)","57897107200; 57191278596","The Antecedents of Customer Intention to Use Mobile Health: An Application of Extended Technology Acceptance Model","2021","ICMEM 2021 - 2021 6th International Conference on Management in Emerging Markets: Nurturing New Business Landscapes to Embrace the Next to Normal, Proceeding","","","","","","2","10.1109/ICMEM53145.2021.9869410","https://www.scopus.com/pages/publications/85138402320?origin=resultslist","The recent development of information technology has changed how individuals access services via online public transportation, e-marketplace, e-commerce, as well as ehealthcare. As the COVID-19 pandemic forces the customers to minimize contact with the service providers, they begin to use e-healthcare for their daily needs, medical consultations, online medicine purchases, even COVID-19 test appointments can be arranged using this application. The purpose of this study is to examine the main drivers of customer intention to use mobile health. The study applies the Extended Technology Acceptance Model. The study also adds external variables that are affecting customer's intention to use were added to the model. The data was collected through online surveys, consisting of two hundred respondents of mobile health users. The data was analyzed using structural equation models, the result shows that customer's intention to use e-healthcare application is heavily influenced by perceived usefulness and perceived ease of use, as well as subjective norm, health consciousness, and communication effectiveness. Furthermore, this study also offers tangible recommendations of improvement for current mobile healthcare companies.  © 2021 IEEE.","Extended Technology Acceptance Model; Intention to use mobile health; The Antecedents of mobile health's customer.","Medicine; Sales; Surveys; Access service; Customer intentions; E- commerces; E-healthcare; E-marketplaces; Extended technology acceptance models; Intention to use; Intention to use mobile health; Public transportation; The antecedent of mobile health customer.; mHealth","Conference paper","Final","","Scopus","2-s2.0-85138402320"
"Shrivastava V.; Samanta P.; Dimri P.; Pant M.; Saxena S.; Ahmad V.","Shrivastava, Vivek (59344148800); Samanta, Prasenjeet (58676188400); Dimri, Pratibha (57703100600); Pant, Mayank (57203589892); Saxena, Sonal (57638203300); Ahmad, Vasim (58246309600)","59344148800; 58676188400; 57703100600; 57203589892; 57638203300; 58246309600","Data Science for E-Commerce Buyer Segmentation and Personalization of Ads","2024","2024 2nd World Conference on Communication and Computing, WCONF 2024","","","","","","2","10.1109/WCONF61366.2024.10692027","https://www.scopus.com/pages/publications/85207410430?origin=resultslist","These days, age of modern e-commerce, the utilization of data science techniques has emerged as an essential means of more effectively categorizing clients into groups and simplifying the process of targeted marketing. It provides an explanation of the significance of data science in the realm of e-commerce and how it plays a crucial part in identifying intricate patterns within extremely big databases. Complex algorithms and statistical methodologies can be utilized by companies that offer products or services online in order to categorize their clients into distinct groups. They are able to gain a great deal of knowledge about the likes and dislikes of their customers as a result of this. E-commerce companies acquire the knowledge necessary to efficiently segment their consumer base into groups, which provides them with a wealth of information regarding the manner in which customers behave and the things that they prefer. Not only does it contribute to the existing body of knowledge on e-commerce, but it also demonstrates how data science can be utilized to enhance marketing strategies and the segmentation of customers. © 2024 IEEE.","Customer Behavior; Customer Segmentation; Data Science; E-commerce; Machine Learning; Personalization; Targeted Marketing","Data Science; Body of knowledge; Complex algorithms; Customer behavior; Customers segmentations; E- commerces; Machine-learning; Personalizations; Statistical methodologies; Targeted marketing; Wealth of information; Marketplaces","Conference paper","Final","","Scopus","2-s2.0-85207410430"
"Li L.; Chen J.; Raghunathan S.","Li, Lusi (57206940590); Chen, Jianqing (15047704000); Raghunathan, Srinivasan (7006859044)","57206940590; 15047704000; 7006859044","Recommender system rethink: Implications for an electronic marketplace with competing manufacturers","2018","Information Systems Research","29","4","","1003","1023","73","10.1287/ISRE.2017.0765","https://www.scopus.com/pages/publications/85062152132?origin=resultslist","Recommender systems that inform consumers about their likely ideal products have become the cornerstone of e-commerce platforms that sell products from competing manufacturers. Using a model of an electronic marketplace in which two competing manufacturers sell their products through a common retail platform, we study the effect of recommender systems on the retail platform, manufacturers, consumer surplus, and social welfare. In our setting, consumers are differentiated with respect to their preference for the two products (locational differentiation) and awareness about the two products (informational differentiation). A recommender system selects the recommendation based on a recommendation score, which is a weighted sum of expected retailer profit and expected consumer value. We find that the recommender system may benefit or hurt the retailer and the manufacturers depending on the signs and magnitudes of the substitution effect and demand effect of the recommender system. The substitution effect of the recommender system either intensifies or softens the price competition between two manufacturers through two forces-its direct influence alters the informational differentiation of consumers (which affects the markup that manufacturers can charge), and its strategic influence motivates the manufacturers to use price as a lever to attract more recommendations in their favor. The demand effect of the recommender system increases overall consumer awareness, but, depending on the substitution effect, may increase or decrease the demand. The recommendation strategy, namely, the relative weight assigned to retailer profit vis-á-vis consumer value in computing the recommendation score, along with recommender system precision and the relative sizes of segments of consumers with different awareness levels, determines whether the retailer benefits from the recommender system and by how much. We find that the retailer's optimal recommendation strategy is mildly profit oriented in the sense that it assigns a larger, but not too large, weight to retailer profit compared to consumer value, and that under the optimal strategy, the price competition is less intense and the retailer profit is higher compared to when there is no recommender system. Furthermore, an increase in either the recommender system precision or the fraction of consumers that are aware of at least one product induces the retailer to adopt a more profit-oriented recommendation strategy. © 2018 INFORMS.","Analytical modeling; Economics of IS; Electronic commerce; Recommender system","Analytical models; Competition; Electronic commerce; Manufacture; Profitability; Sales; Consumer awareness; Consumer surplus; Economics of is; Electronic marketplaces; Optimal strategies; Price competition; Recommendation strategies; Substitution effect; Recommender systems","Article","Final","","Scopus","2-s2.0-85062152132"
"Vignesh K.; Srujana T.; Naga Sai Teja V.J.; Hari Vardhan Reddy C.; Padmanaban K.","Vignesh, Kotagiri (57741159500); Srujana, Tondepu (59287683200); Naga Sai Teja, Vunde Jeswanth (59288191600); Hari Vardhan Reddy, Chinthalacheruvu (59287169000); Padmanaban, K. (56085811900)","57741159500; 59287683200; 59288191600; 59287169000; 56085811900","Recommendation System Enhanced by Big Data Analytics","2024","Proceedings - 2024 4th International Conference on Pervasive Computing and Social Networking, ICPCSN 2024","","","","651","655","0","10.1109/ICPCSN62568.2024.00108","https://www.scopus.com/pages/publications/85201672680?origin=resultslist","This research study describes the integration of big data analytics to develop a novel and robust e-commerce recommendation system. Acknowledging the challenges associated with providing accurate and timely suggestions, advanced recommendation algorithms, and the utilization of big data analytics tools. This study employs a comprehensive methodology, beginning with the characterization of the e-commerce dataset. As a first step, this study explains the data pre-processing steps undertaken to ensure the quality and relevance of information. The proposed recommendation system design incorporates state-of-the-art algorithms. Implementation details describe the practical aspects of deploying the recommendation system in an e-commerce environment, including the challenges encountered and their resolutions. The results section presents key findings, supported by visual representations and performance metrics that gauge the effectiveness of the proposed system. Through a thoughtful discussion, this study contextualizes the results within the broader landscape of e-commerce recommendation systems and big data analytics. Drawing comparisons with existing literature, this study highlights the significance of various research contributions and identify opportunities for future research. In conclusion, this research not only provides insights into optimizing e-commerce recommendations but also contributes to the ongoing research on leveraging big data analytics in enhancing user engagement and satisfaction. © 2024 IEEE.","Decision trees; Diabetes Prediction; Healthcare analytics; Machine learning; Support Vector Machines","Marketplaces; Data analytic tools; Data analytics; Diabetes prediction; E- commerces; E-commerce recommendations; Healthcare analytic; Machine-learning; Recommendation algorithms; Research studies; Support vectors machine; Adversarial machine learning","Conference paper","Final","","Scopus","2-s2.0-85201672680"
"Chauhan A.; Harish K.K.; Kumar U.; Raunak","Chauhan, Aniket (60387891400); Harish, Kalpana K (60040202000); Kumar, Utkarsh (60387548600); Raunak (60387742200)","60387891400; 60040202000; 60387548600; 60387742200","Mobile App for Direct Market Access for Farmers","2025","2025 2nd International Conference on New Frontiers in Communication, Automation, Management and Security, ICCAMS 2025","","","","","","0","10.1109/ICCAMS65118.2025.11234058","https://www.scopus.com/pages/publications/105030051712?origin=resultslist","The proposed mobile application is designed to revolutionize the agricultural marketplace by providing farmers with a direct-to-consumer selling platform, eliminating the need for intermediaries. The app features a user-friendly interface, ensuring that farmers, regardless of their technical knowledge, can easily list their products, update inventory, and manage transactions. A real-time price negotiation system allows direct communication between farmers and buyers, fostering transparent and fair pricing. To ensure seamless financial transactions, the app integrates secure payment gateways, supporting multiple payment options such as UPI, digital wallets, and bank transfers.Furthermore, the integration of multilingual support broadens accessibility, ensuring that farmers from various linguistic and regional backgrounds can seamlessly navigate the platform. The application leverages AI-driven price recommendations, which analyze historical market data, demand fluctuations, and seasonal trends to assist farmers in determining optimal pricing strategies. To enhance supply chain efficiency, the app incorporates a logistics and transportation network, connecting farmers with local delivery services for cost-effective and timely distribution. Additionally, real-time weather forecasting and market analytics empower farmers with data-driven insights, aiding in strategic decision-making for planting, harvesting, and selling their produce at the most favorable times. A built-in rating and review system fosters transparency and credibility, allowing buyers to assess sellers based on quality, reliability, and past transactions. Moreover, digital payment integration ensures secure, hassle-free transactions, reducing the risks associated with cash dealings. By incorporating these advanced features, the mobile application enhances direct market access, optimizes profitability, and minimizes reliance on intermediaries, ultimately revolutionizing the agricultural marketplace.  © 2025 IEEE.","agricultural marketplace; AI-driven pricing; digital payment integration; direct-to-consumer selling; farmers; financial transactions; intermediaries; logistics; market data; Mobile application; multilingual support; price negotiation; profitability; real-time weather forecasting; secure payment gateways; supply chain efficiency; transparency; transportation; user-friendly interface","Agriculture; Computer networks; Cost effectiveness; Data integration; Decision making; Electronic money; Electronic trading; Integration; Mobile commerce; Mobile computing; Sales; Supply chains; Agricultural marketplace; AI-driven pricing; Digital payment integration; Direct-to-consumer selling; Farmer; Financial transactions; Intermediary; Market data; Mobile applications; Multilingual support; Payment gateways; Price negotiations; Real- time; Real-time weather forecasting; Secure payment gateway; Supply chain efficiency; User friendly interface; Logistics; Profitability; Transparency","Conference paper","Final","","Scopus","2-s2.0-105030051712"
"Zhang T.","Zhang, Tong (59520656000)","59520656000","A Research Proposal for Promoting Fairness in E-Commerce Recommendation Systems","2024","Proceedings of the 2024 11th IEEE International Conference on Behavioural and Social Computing, BESC 2024","","","","","","3","10.1109/BESC64747.2024.10780676","https://www.scopus.com/pages/publications/85215502231?origin=resultslist","Personalizing content is essential to optimizing consumer experiences in e-commerce recommendation systems. Yet, the inadvertently introduced biases in the process can lead to unfair treatment of less active or economically diverse user groups. To address this issue, this research aims to develop a method that utilizes non-sensitive criteria for user classification, enhancing fairness without relying on demographic profiling. The method comprises three stages: 1) formulating user grouping strategies based on activity levels, 2) establishing specific group-wise fairness metrics and constraints, and 3) implementing a fairness-aware ranking algorithm to balance recommendation accuracy with overall fairness. Integrating ethical algorithm design with practical interventions, the proposed method strives for improved fairness in digital commerce and more equitable access to recommendations across diverse user groups. Overall, the research is expected to establish a more fairness-aware framework for e-commerce recommendation systems, which facilitates transparency and justice in digital marketplaces and, ultimately, a more inclusive online environment.  © 2024 IEEE.","E-commerce; Fairness; Recommendation System; Trustworthiness","Market Research; Activity levels; E-commerce recommendations; Fairness; Grouping strategies; Level 2; Research proposals; Trustworthiness; User classification; User groupings; User groups; Marketplaces","Conference paper","Final","","Scopus","2-s2.0-85215502231"
"Das P.; Xia Y.; Levine A.; Di Fabbrizio G.; Datta A.","Das, Pradipto (55451772200); Xia, Yandi (57193609710); Levine, Aaron (57193613706); Di Fabbrizio, Giuseppe (8429031600); Datta, Ankur (57652012100)","55451772200; 57193609710; 57193613706; 8429031600; 57652012100","Web-scale language-independent cataloging of noisy product listings for E-Commerce","2017","15th Conference of the European Chapter of the Association for Computational Linguistics, EACL 2017 - Proceedings of Conference","1","","","969","979","5","10.18653/v1/e17-1091","https://www.scopus.com/pages/publications/85021689636?origin=resultslist","The cataloging of product listings through taxonomy categorization is a fundamental problem for any e-commerce marketplace, with applications ranging from personalized search recommendations to query understanding. However, manual and rule based approaches to categorization are not scalable. In this paper, we compare several classifiers for categorizing listings in both English and Japanese product catalogs. We show empirically that a combination of words from product titles, navigational breadcrumbs, and list prices, when available, improves results significantly. We outline a novel method using correspondence topic models and a lightweight manual process to reduce noise from mislabeled data in the training set. We contrast linear models, gradient boosted trees (GBTs) and convolutional neural networks (CNNs), and show that GBTs and CNNs yield the highest gains in error reduction. Finally, we show GBTs applied in a language-agnostic way on a largescale Japanese e-commerce dataset have improved taxonomy categorization performance over current state-of-the-art based on deep belief network models. © 2017 Association for Computational Linguistics.","","Computational linguistics; Convolutional neural networks; Structured Query Language; Taxonomies; BreadCrumbs; Convolutional neural network; E- commerces; Japanese products; Language independents; List prices; Novel methods; Personalized search; Product catalogs; Rule-based approach; Marketplaces","Conference paper","Final","All Open Access; Gold Open Access","Scopus","2-s2.0-85021689636"
"Dahal D.; Ueasangkomsate P.","Dahal, Dimple (59305240900); Ueasangkomsate, Pittawat (57194209402)","59305240900; 57194209402","Factors Influencing Nykaa User’s Satisfaction: A Case Study of Online Beauty Shopping Experience","2024","5th Technology Innovation Management and Engineering Science International Conference, TIMES-iCON 2024 - Proceedings","","","","","","1","10.1109/TIMES-ICON61890.2024.10630734","https://www.scopus.com/pages/publications/85202628885?origin=resultslist","—In an era where e-commerce has become integral to the retail landscape, the user-friendliness and overall design of digital platforms play a pivotal role in shaping user satisfaction. Nykaa, a prominent player in the beauty and cosmetic industry, has established a significant online presence. Nykaa is an Indian beauty retailer that sells cosmetics and wellness goods online and in physical stores. Nykaa, founded in 2012 by former investment banker Falguni Nayar, has grown to become one of India's biggest beauty destinations, offering a diverse selection of products such as makeup, skincare, hair care, fragrances, and wellness items. The research objective of this paper is to identify factors influencing Nykaa users' satisfaction. The goal is to identify particular areas to improve overall user satisfaction. A convenience sampling strategy was employed, collecting data from a sample of 385 individuals via Google Forms. Descriptive statistics were utilized in the research design, and data analysis was conducted using the SPSS program. The findings indicate users' satisfaction with Nykaa's services is neutral regarding various dimensions such as product offerings, website navigation and over user satisfaction. To analyze hypothesized relationships, inferential statistics, specifically regression analysis, were employed. The results of the research revealed that functionality and features, as well as navigation and information architecture, significantly influence user satisfaction. The conclusions drawn offer insightful information to inform Nykaa's digital strategy for enhancing their online platforms and ultimately improving Nykaa users' satisfaction. ©2024 IEEE.","digital marketing; e-commerce user experience; user satisfaction","Investments; Marketplaces; Sales; Skin care products; Web Design; Case-studies; Cosmetic industry; Digital marketing; Digital platforms; E- commerces; E-commerce user experience; Overall design; User friendliness; Users' experiences; Users' satisfactions; User experience","Conference paper","Final","","Scopus","2-s2.0-85202628885"
"Katyal P.; Sehgal R.","Katyal, Pooja (59445094000); Sehgal, Reetika (57196410962)","59445094000; 57196410962","Unraveling the impact of online consumer reviews on consumer buying behavior","2025","International Journal of System Assurance Engineering and Management","16","1","","330","345","6","10.1007/s13198-024-02618-y","https://www.scopus.com/pages/publications/85210487020?origin=resultslist","The concept of consumer reviews dates back to traditional word-of-mouth recommendations, which have always played a crucial role in consumer decision-making. However, with the advent of the internet and the rapid growth of e-commerce platforms, these reviews have moved online, becoming more accessible and influential than ever. Online Consumer Reviews (OCRs) have become a pivotal resource for consumers seeking information and advice on products and services. They offer valuable insights from experienced individuals, aiding potential buyers in making informed decisions. This transformation in consumer behavior didn’t occur overnight but is the result of a gradual evolution in digital communication, e-commerce, and consumer trust. The purpose of the present study is three-fold: to provide a comprehensive analysis of the rise and popularity of online consumer reviews, to assess the impact of OCRs on consumer buying behavior and to identify gaps and provide recommendations for future research to develop a more coherent understanding of OCRs and their impact. To conduct a comprehensive assessment of previous research work on Online Consumer Reviews (OCRs), this study adopts an extensive literature review approach. Based on the extensive literature review, a conceptual framework is developed. This framework aims to categorize and explain three broad factors of OCRs- Online review credibility, source credibility and platform credibility that influence consumer purchase decisions. The framework serves as a tool for researchers to understand the triggers that result in OCRs impacting consumer behavior. Thus, the novel contribution of this study lies in its comprehensive aggregation and presentation of the most pertinent information on OCRs, offering a clear depiction of the current state of literature. This foundation facilitates the identification of future research opportunities, aiming to propel the field forward. Thus, it can be concluded that online consumer reviews have been revolutionized and play a major role in the decision to purchase products. © The Author(s) under exclusive licence to The Society for Reliability Engineering, Quality and Operations Management (SREQOM), India and The Division of Operation and Maintenance, Lulea University of Technology, Sweden 2024.","Consumer behavior; E-commerce websites; Elaboration likelihood model; Online consumer reviews (OCRs)","Sales; Buying behavior; Consumer buying; Consumer decision making; Consumer reviews; E- commerces; E-commerce websites; Elaboration likelihood models; Literature reviews; Online consumer review; Online consumer reviews; Marketplaces","Article","Final","","Scopus","2-s2.0-85210487020"
"Kumar S.S.; Ajay S.; Kumar K.S.; Obaid S.; Sreevani V.","Kumar, Suvarna Sunil (58740077900); Ajay, Shilpa (57772582900); Kumar, Komuravelly Sudheer (59713109900); Obaid, Saif (59407477900); Sreevani, Voruganti (58035625800)","58740077900; 57772582900; 59713109900; 59407477900; 58035625800","Personalized E-commerce Recommendation System using Marine Predator Algorithm with Gated Recurrent Unit","2024","International Conference on Distributed Systems, Computer Networks and Cybersecurity, ICDSCNC 2024","","","","","","0","10.1109/ICDSCNC62492.2024.10939769","https://www.scopus.com/pages/publications/105002901457?origin=resultslist","Through the constant advancement of Internet expertise and the crucial development of the network environments, e-commerce has grown vastly. With respect to resolve the issue of data overload and loss in choosing of e-commerce online shopping area. A personalized Recommendation System (RS) utilizing data filtering advancement has become most efficient. Hence, this research proposes the Marine Predator Algorithm with Gated Recurrent Unit (MPA-GRU) approach for the personalized e-commerce RS. The standard datasets like Amazon Product review and Retail Rocket are used to estimate effectiveness of the MPA-GRU approach. The pre-processing steps like stemming, lemmatization and tokenization are used to enhance the quality of the data. The Term Frequency-Inverse Document Frequency (TF-IDF) technique is used to extract relevant features and then these data are provided to the recommendation process. The experimental result represents that the proposed MPA-GRU approach attains the better accuracy of 96.21% and 95.29% on both Amazon Product review and Retail Rocket datasets as compared to the GRU approach. © 2024 IEEE.","e-commerce; lemmatization; personalized recommendation; stemming; tokenization","Inverse problems; Marketplaces; Metadata; Data loss; Data overload; E- commerces; E-commerce recommendations; Lemmatization; Network environments; Personalized recommendation; Product reviews; Stemming; Tokenization; Recommender systems","Conference paper","Final","","Scopus","2-s2.0-105002901457"
"Kumar B.; Bala P.K.","Kumar, Bipul (58278653800); Bala, Pradip Kumar (26639138400)","58278653800; 26639138400","Wefattening the long tail items in E-commerce","2017","Journal of Theoretical and Applied Electronic Commerce Research","12","3","","27","49","5","10.4067/S0718-18762017000300004","https://www.scopus.com/pages/publications/85031029084?origin=resultslist","Channelizing product sales with the aid of Recommender Systems is ubiquitous in e-commerce firms. Recommender systems help consumers by reducing their search cost by directing them to interesting and useful products. It also helps e -commerce firms by pushing the range of products a user may purchase on their e-commerce platform. The emergence of marketplace model provides platform for large fragmented buyers and sellers, where shelf space is not a constraint. Owing to unlimited shelf space, it is in the interest of e-commerce platforms to push niche products to idiosyncratic users. However, the current recommender systems, in general, recommends popular and obvious products leading to a few Long-Tail items. In this paper, our focus is on matching the niche products to idiosyncratic users such that the needs of users are satiated. We propose an innovative and robust model of matrix factorization that engenders recommendations based on a user’s optimal liking of the long-tail items. We also propose an adaptive model that pursues to promote the long tail items in the recommendation list. Comprehensive empirical evaluations consistently show the gains of the proposed techniques for handling the long tail on real world data sets like Amazon dataset over different algorithms. © 2017 Universidad de Talca – Chile.","Collaborative filtering; Diversity; E-commerce; Long-tail; Matrix factorization; Novelty","","Article","Final","All Open Access; Gold Open Access; Green Open Access","Scopus","2-s2.0-85031029084"
"Vasilenko M.A.; Kuzina E.L.; Tagiltseva J.A.; Kuzina M.A.; Parkhomenko R.N.; Akhmedova T.J.","Vasilenko, Marina A. (57200188235); Kuzina, Elena L. (57192588131); Tagiltseva, Julia A. (57192577942); Kuzina, Marina A. (57200192700); Parkhomenko, Roman N. (57214996487); Akhmedova, Turaj Ja. (60607486700)","57200188235; 57192588131; 57192577942; 57200192700; 57214996487; 60607486700","Digital Transformation of Sales Processes: Development of IT Strategies and Leading Marketing in the Digital Economy","2025","Proceedings of the 2025 International Conference on Quality Management, Transport and Information Security, Information Technologies, QM and TIS and IT 2025","","","","152","157","0","10.1109/QMTISIT67022.2025.11468811","https://www.scopus.com/pages/publications/105037334627?origin=resultslist","This material is devoted to the development and implementation of IT strategies for the digital transformation of sales processes and proactive marketing in the digital economy. It discusses the application of a wide range of IT solutions and the cataloging of IT services for the full lifecycle of sales processes. In today's rapidly changing market environment, companies need to adapt to new technologies and evolving consumer preferences. The article discusses key aspects, including the analysis of current sales processes, including the evaluation of existing methods and the identification of problem areas that hinder effective product sales; the definition of SMART goals and the use of modern technologies, such as CRM systems, marketing automation systems, and analytical tools, to improve customer engagement and optimize processes; and the development of proactive approaches in anticipatory marketing, which allow for anticipating customer needs and adapting to market trends using big data. © 2025 IEEE.","advanced marketing; artificial intelligence; big data; blockchain; catalogization of it services; crm systems; digital economy; digital transformation; e-commerce; information technology; it strategy; marketplaces; omnichannel approach; personalization; process classification; real-time analytics; sales processes; search engines; social networks","Advanced Analytics; Automation; Big data; Classification (of information); Electronic commerce; Metadata; Sales; Search engines; Social sciences computing; Strategic planning; Advanced marketing; Block-chain; Catalogization of it service; CRM systems; Digital economy; Digital transformation; E- commerces; IT services; IT strategies; Omnichannel approach; Personalizations; Process classification; Real-time analytics; Sale process; Social network; Artificial intelligence","Conference paper","Final","","Scopus","2-s2.0-105037334627"
"Irena A.M.; Wahyudi A.N.; Wairooy I.K.; Makalew B.A.","Irena, Amelia Morencia (59778056600); Wahyudi, Aretha Natalova (59778731400); Wairooy, Irma Kartika (57202583440); Makalew, Brilly Andro (57201983718)","59778056600; 59778731400; 57202583440; 57201983718","Fairness and Bias in E-commerce Recommendation Systems: A Literature Review","2024","Proceedings - 6th International Conference on Informatics, Multimedia, Cyber and Information System, ICIMCIS 2024","","","","223","228","1","10.1109/ICIMCIS63449.2024.10956674","https://www.scopus.com/pages/publications/105004416404?origin=resultslist","The paper presents one of the most important themes in the fair treatment and biases of e-commerce recommendation algorithms. Algorithms recommending products to users have a dramatic impact on their shopping experience; that is, online shopping has rapidly grown in popularity. These systems, however, have a popularity bias, which skews user exposure to popular items, thus pulling down, in some manners, the diversity of recommendations. This article follows a systematic approach and uses the PICOC framework to organize the study while highlighting major categories of bias such as popularity bias, position bias, and exposure bias. The paper also analyzes the current approaches in the literature concerning bias mitigation. The attempt is to add to the existing literature around a greater understanding of bias identification approaches and mitigation in the recommendation system. The paper underlined the urgency with which real-world e-commerce platforms have to begin providing more equitable user recommendations. Some future work must, therefore, be conducted on developing strategies that impact fairness without hurting the effectiveness of recommendation systems, leading toward a digitally inclusive marketplace.  © 2024 IEEE.","bias; bias mitigation; fairness; literature review; popularity bias; recommendation systems","'current; Bias; Bias mitigation; E-commerce recommendations; Fairness; Identification approach; Literature reviews; Online shopping; Popularity bias; Recommendation algorithms; Marketplaces","Conference paper","Final","","Scopus","2-s2.0-105004416404"
"Zhang C.; Zheng W.; Zhang X.; Li T.","Zhang, Chubing (55267202500); Zheng, Wei (58648540900); Zhang, Xiaoxin (60041906200); Li, Tiange (57320195700)","55267202500; 58648540900; 60041906200; 57320195700","Effective e-commerce product recommendation: Matching effect between recommendation framing and consumers’ shopping goal specificity","2026","Information and Management","63","1","104263","","","1","10.1016/j.im.2025.104263","https://www.scopus.com/pages/publications/105018670398?origin=resultslist","Recommendation framing is an important means to uncover the “black box” of algorithmic recommendations and boost consumers’ willingness to adopt product recommendations. Grounded in cognitive fit theory, this study explores the impact of the match between recommendation framing and shopping goal specificity on consumers’ willingness to adopt product recommendations. Through three scenario-based experiments, we found that user-based framing (vs. item-based framing) stimulates stronger adoption intentions among consumers with low (vs. high) shopping goal specificity, with processing fluency mediating this effect. Moreover, consumer self-construal moderates this matching effect. These insights provide practical guidance for e-commerce platforms seeking to develop effective recommendation strategies. © 2025 Elsevier B.V.","Adoption intention; E-commerce platforms; Product recommendation; Recommendation framing; Shopping goal specificity","Marketplaces; Adoption intention; Commerce platforms; Consumer shopping; E- commerces; E-commerce platform; Goal specificity; Matching effects; Product recommendation; Recommendation framing; Shopping goal specificity; Electronic commerce","Article","Final","","Scopus","2-s2.0-105018670398"
"Alhouli A.; Morrish S.; Michael Hall C.","Alhouli, Areej (57891466300); Morrish, Sussie (15826731500); Michael Hall, C. (55017070000)","57891466300; 15826731500; 55017070000","Leveraging Social Media for Entrepreneurial Marketing in Fashion and Beauty: Practical Insights on Self-Presentation and Influencer Collaboration","2025","Rutgers Business Review","10","1","","10","31","0","","https://www.scopus.com/pages/publications/105009712667?origin=resultslist","This study explores the intersection of self-presentation and entrepreneurial marketing, focusing on social media and influencer collaborations. Drawing on qualitative insights from Kuwaiti consumers and the case of Boutiqaat, a Kuwaiti e-commerce platform. It highlights how aligning marketing strategies with consumer identities fosters engagement and growth. The research identifies key opportunities in cultural alignment, authentic partnerships, and data-driven personalization while addressing challenges such as market saturation and privacy concerns. Introducing the ALIGN Framework, this study provides actionable steps for entrepreneurs to leverage self-presentation in marketing strategies, offering a practical roadmap for building trust, sustaining growth, and thriving in competitive digital marketplaces. © 2025, Rutgers Business School. All rights reserved.","","","Article","Final","","Scopus","2-s2.0-105009712667"
"Khairudin N.; Sharef N.M.; Ismail W.; Azizan A.; Bakar N.A.; Masrom S.","Khairudin, Nurkhairizan (57218122156); Sharef, Nurfadhlina Mohd (35749213900); Ismail, Widad (16021900400); Azizan, Azilawati (41761140600); Bakar, Noridah Abu (58071584100); Masrom, Suraya (36176242600)","57218122156; 35749213900; 16021900400; 41761140600; 58071584100; 36176242600","Readability Indexes of E-commerce Reviews with Laplacian Score Algorithm","2022","2022 3rd International Conference on Artificial Intelligence and Data Sciences: Championing Innovations in Artificial Intelligence and Data Sciences for Sustainable Future, AiDAS 2022 - Proceedings","","","","328","332","1","10.1109/AiDAS56890.2022.9918705","https://www.scopus.com/pages/publications/85141799108?origin=resultslist","Online customer reviews are valuable user-generated content to help in purchasing decision process. There are many customer reviews available in today's online marketplaces, allowing customers to evaluate them for a better knowledge of the product or service they will be purchasing. In addition to the recommendation system, expert opinions, and product descriptions, online customer reviews play a significant supporting role. However, due to the abundance of reviews, it is unclear whether these reviews are of high quality and useful to other customers. New online customer reviews may be of high quality, but because they are not widely known, other customers may overlook them. As a result, it is necessary to assess the quality of customer reviews that able the reviews to help a customer in their decision-making process. Existing studies tend to ignore quality indicators such as length and readability that provide a way to evaluate the important characteristic by employing a simple statistical analysis method. Hence, we propose the implementation of the Laplacian Score Algorithm to measure the readability index importance in the selection of the top-5 readability measure, to be used with other quality features in measuring the review quality. To validate the proposed framework, we use six review datasets from Amazon. The result shows that the basic structural information of a review text such as word, character, sentence and syllable counts give more influence to the quality of the reviews. Whereas advanced structural information such as difficult words and polysyllable count has less significance to the determination of the quality of a review text when it involves only the readability index measurement.  © 2022 IEEE.","laplacian score algorithm; online reviews text; readability indexes; unsupervised learning","Decision making; E-learning; Electronic commerce; Quality control; Sales; Customer review; High quality; Laplacian score algorithm; Laplacians; Online customer reviews; Online review text; Online reviews; Readability index; Score algorithm; Structural information; Unsupervised learning","Conference paper","Final","","Scopus","2-s2.0-85141799108"
"Ahmad A.; Jabbar S.; Farhan M.","Ahmad, Awais (57224336715); Jabbar, Sohail (35179598300); Farhan, Muhammad (56823258900)","57224336715; 35179598300; 56823258900","Integrating Granular Pattern Discovery With Collaborative Ranking: A Novel Hybrid Framework for Enhanced Recommendation Systems","2025","IEEE Transactions on Computational Social Systems","","","","","","0","10.1109/TCSS.2025.3622373","https://www.scopus.com/pages/publications/105023566696?origin=resultslist","Online marketplaces offer vast product assortments, presenting consumers with the contradiction of choice, where abundant options delay the discovery of ideal items. While recommendation systems dynamically assist users, they struggle to address changing preferences and challenges such as data sparsity and the cold-start problem. This research proposes an innovative hybrid framework merging granular pattern discovery (GPD) with collaborative filtering (CF) to boost recommendation accuracy. The GPD stage applies techniques including decision trees, sequence mining, data transformations, clustering, and text analytics to heterogeneous user activity logs, extracting detailed behavioral patterns. These granular patterns enrich user profiles, enabling CF to more effectively match users by reducing data sparsity and enhancing prediction accuracy for new users or products with limited historical data. A graph-based algorithm matches consumers with associated preferences through similarity computations between profile vectors, seamlessly integrating neighborhood-based collaboration for personalized product rating predictions. Top-N recommendations are generated by ranking items based on predicted user–item affinity. Extensive testing demonstrates significant improvements over existing methods in key accuracy and ranking metrics, achieving a precision of 0.89 (compared with baseline methods of 0.68 and 0.62), a recall of 0.85, and an F1-score of 0.87. These improvements directly enhance user experience by increasing recommendation relevance and item discoverability, crucial for engagement and conversion in practical e-commerce scenarios. The proposed fusion approach significantly improves adaptability and accuracy, setting the stage for next-generation intelligent recommendation engines responsive to evolving user interests. © 2014 IEEE.","Cold start problem; collaborative filtering (CF); consumer targeting; E-commerce; machine learning; product recommendations; rating prediction; recommendation system (RS); similarity scoring; user behavior analysis; user profiling","Artificial intelligence; Clustering algorithms; Consumer behavior; Data mining; Decision trees; Forecasting; Graphic methods; Learning systems; Metadata; Recommender systems; Starting; User interfaces; Cold start problems; Collaborative filtering; Consumer targeting; Machine-learning; Product recommendation; Rating prediction; Recommendation system; Similarity scoring; User behavior analysis; User's profiling; Collaborative filtering; Electronic commerce","Article","Article in press","","Scopus","2-s2.0-105023566696"
"Chen Z.; Choi J.; Fetahu B.; Malmasi S.","Chen, Zhiyu (58686743700); Choi, Jason (57211408676); Fetahu, Besnik (55364706500); Malmasi, Shervin (56578472800)","58686743700; 57211408676; 55364706500; 56578472800","Identifying High Consideration E-Commerce Search Queries","2024","EMNLP 2024 - 2024 Conference on Empirical Methods in Natural Language Processing, Proceedings of the Industry Track","","","","563","572","0","10.18653/v1/2024.emnlp-industry.42","https://www.scopus.com/pages/publications/85216734565?origin=resultslist","In e-commerce, high consideration search missions typically require careful and elaborate decision making, and involve a substantial research investment from customers. We consider the task of automatically identifying such High Consideration (HC) queries. Detecting such missions or searches enables e-commerce sites to better serve user needs through targeted experiences such as curated QA widgets that help users reach purchase decisions. We explore the task by proposing an Engagement-based Query Ranking (EQR) approach, focusing on query ranking to indicate potential engagement levels with query-related shopping knowledge content during product search. Unlike previous studies on predicting trends, EQR prioritizes query-level features related to customer behavior, financial indicators, and catalog information rather than popularity signals. We introduce an accurate and scalable method for EQR and present experimental results demonstrating its effectiveness. Offline experiments show strong ranking performance. Human evaluation shows a precision of 96% for HC queries identified by our model. The model was commercially deployed, and shown to outperform human-selected queries in terms of downstream customer impact, as measured through engagement. © 2024 Association for Computational Linguistics.","","Decision making; Investments; Marketplaces; Purchasing; Structured Query Language; Decisions makings; E- commerces; E-commerce sites; Engagement levels; Purchase decision; Ranking approach; Research investment; Search missions; Search queries; User need; Sales","Conference paper","Final","All Open Access; Gold Open Access","Scopus","2-s2.0-85216734565"
"Amaya J.; Encarnación T.; Cantillo V.","Amaya, Johanna (57190658672); Encarnación, Trilce (57200815158); Cantillo, Victor (8273409900)","57190658672; 57200815158; 8273409900","Sustainable last mile delivery alternatives: Influencing factors and willingness to use","2025","Transportation Research Part D: Transport and Environment","139","","104574","","","10","10.1016/j.trd.2024.104574","https://www.scopus.com/pages/publications/85214116116?origin=resultslist","E-commerce deliveries have grown significantly in the last decade, generating increased environmental impacts. While e-commerce grows, there is a need to integrate sustainability into its operations, especially concerning last-mile deliveries. Our goal is to understand the factors influencing consumer decision-making when selecting delivery alternatives. We examine consumers’ preferences using stated preference data collected in the United States. Respondents evaluated delivery alternatives, including operational and behavioral attributes. Interestingly, disclosing the environmental impact of each option does not influence consumer decisions. However, disclosing the delivery vehicle type does matter. The analyses reveal that consumers’ willingness to use sustainable options depends on their receiving additional benefits, varying across socio-economic profiles. Furthermore, elasticities and substitution rates confirm that consumers are willing to pay for convenient deliveries and are reluctant to make behavioral changes. These insights should be used to incentivize the use of sustainable alternatives for last-mile deliveries. We close the paper with recommendations to key stakeholders in urban areas. © 2024 Elsevier Ltd","Consumer preferences; E-commerce deliveries; Sustainable delivery alternatives; Urban deliveries","United States; Marketplaces; Consumer decision making; Consumers' preferences; E- commerces; E-commerce delivery; Integrate sustainability; Last mile; Stated preferences; Sustainable delivery; Sustainable delivery alternative; Urban delivery; consumption behavior; decision making; electronic commerce; preference behavior; urban service; Sustainable development goals","Article","Final","All Open Access; Green Open Access","Scopus","2-s2.0-85214116116"
"Wang H.; Li Z.; Liu X.; Ding D.; Hu Z.; Zhang P.; Zhou C.; Bu J.","Wang, Haishuai (57014141700); Li, Zhao (57191700056); Liu, Xuanwu (57214682710); Ding, Donghui (57207781261); Hu, Zehong (57199834542); Zhang, Peng (56202619100); Zhou, Chuan (56703955100); Bu, Jiajun (55684269900)","57014141700; 57191700056; 57214682710; 57207781261; 57199834542; 56202619100; 56703955100; 55684269900","Fulfillment-Time-Aware Personalized Ranking for On-Demand Food Recommendation","2021","International Conference on Information and Knowledge Management, Proceedings","","","","4184","4192","8","10.1145/3459637.3481923","https://www.scopus.com/pages/publications/85119176539?origin=resultslist","On-demand food delivery (OFD) platforms have greatly impacted the food service industry, where OFD recommendation systems play a central role in enhancing user experience and raising revenues. OFD recommendation, compared with existing online e-commerce recommendation systems, needs to put more emphasis on fulfillment time related variables, because the order fulfillment cycle time (OFCT) which refers to the time elapsed between a user placing a food order and receiving the food significantly influences a user's choice from the recommended items. In this paper, we investigate the OFCT related information and propose a Fulfillment-Time-Aware Personalized Ranking (FTAPR) method for recommendation. FTAPR mainly consists of three components. First, Transformers are used to estimate OFCT based on a large amount of user order sequences. Then, the predicted OFCT and other OFCT related features are fused and encoded by a deep & cross network to learn fulfillment time related feature representation. At the last step, the time bias representation from the deep & cross network is integrated into the ranking system to deliver final search results. Extensive offline and online experiments on real-world datasets collected from one of China's largest OFD platforms Ele.me show the superiority of our model, e.g., an online A/B testing shows that FTAPR brings 1.3% and 2.5% gains in CTR and CVR compared with baselines. © 2021 ACM.","food ranking; fulfillment-time-aware recommendation; on-demand food delivery; order delivery time estimation","Online systems; Cross networks; Delivery time; Food delivery; Food ranking; Fulfillment-time-aware recommendation; On demands; On-demand food delivery; Order delivery time estimation; Order fulfilment cycle time; Time estimation; Recommender systems","Conference paper","Final","","Scopus","2-s2.0-85119176539"
"Rangelov V.; Trifonov R.; Pavlova G.","Rangelov, Venelin (59515178600); Trifonov, Roumen (34881030700); Pavlova, Galya (57194637773)","59515178600; 34881030700; 57194637773","Strategy for Selecting A Widely-Applicable Algorithm for Finding Semantic Relationships Between Products in The Field of E-Commerce","2024","2024 12th International Scientific Conference on Computer Science, COMSCI 2024 - Proceedings","","","","","","0","10.1109/COMSCI63166.2024.10778512","https://www.scopus.com/pages/publications/85215073111?origin=resultslist","Semantic relationship is the logical connection between the parameters, application, and significance of two or more objects. In this paper, we analyze and select appropriate algorithms for determining semantic relationships in e-commerce, where effective product recommendations are critical for boosting customer trust and increasing sales. The study evaluates several key algorithms, including associative matching, contextual matching, and graph-based methods, in terms of scalability, suitability for dynamic data, resource consumption, and other relevant characteristics. The findings suggest that content-based filtering, the Hungarian algorithm, and the Simplex method are the most promising candidates. Also included are potential improvements through hybrid approaches and iterative refinement. The results provide a structured methodology for selecting optimal algorithms in varying scenarios. © 2024 IEEE.","Algorithms for semantic relationship; e-commerce; recommendation algorithms","Graph algorithms; Marketplaces; Optimization algorithms; Algorithm for semantic relationship; Associative matching; Customer trust; E- commerces; Graph-based methods; Logical connections; Matchings; Product recommendation; Recommendation algorithms; Semantic relationships; Consensus algorithm","Conference paper","Final","","Scopus","2-s2.0-85215073111"
"Duan C.; Wang W.; Li M.; Hu C.; Jiang J.","Duan, Chenxi (59308310800); Wang, Wei (57143669900); Li, Minghao (57199160716); Hu, Chongshuang (58542929900); Jiang, Jiang (55667273800)","59308310800; 57143669900; 57199160716; 58542929900; 55667273800","Product Recommender Strategy for a Reselling E-commerce Platform","2024","International Conference on Big Data and Information Analytics, BigDIA","","2024","","350","357","0","10.1109/BigDIA63733.2024.10808450","https://www.scopus.com/pages/publications/85219200752?origin=resultslist","The reselling mode is widely adopted bye-commerce platforms like Amazon and JD.com. Moreover, platforms build product recommender systems to enhance their marketing capa-bilities. However, platforms and sellers face difficulties in deciding when to adopt recommender systems and how to adjust product prices in the presence of recommender systems. Using a game-theoretic model, this paper analyses the economic impacts of a recommender system on product prices and firm profits. We unveil the conditions under which the platform should introduce the recommender system and present the equilibrium pricing and recommendation strategies of the platform and its upstream sellers. A core finding is that the recommender system can benefit both the platform and the sellers if it is designed for encouraging the improving consumer net utility rather than simply pursuing the platform's profit maximization. © 2024 IEEE.","consumer preferences; e-commerce platform; game theory; recommender system; reselling mode","Commerce; Costs; Commerce platforms; Consumers' preferences; E- commerces; E-commerce platform; Economic impacts; Game-theoretic model; Paper analysis; Product price; Product recommender system; Reselling mode; Marketplaces","Conference paper","Final","","Scopus","2-s2.0-85219200752"
"Kataria R.; Pathak P.; Fatma A.; Bhatt V.; Kumar P.","Kataria, Ria (59490984100); Pathak, Pankaj (57205670746); Fatma, Anam (58139691200); Bhatt, Vimal (57209512115); Kumar, Prabhat (58828952100)","59490984100; 57205670746; 58139691200; 57209512115; 58828952100","The Role of Augmented Reality (AR) in Retail Marketing: Enhancing Customer Engagement and In-store Experiences","2024","Proceedings - 2024 International of Seminar on Application for Technology of Information and Communication: Smart And Emerging Technology for a  Better Life, iSemantic 2024","","","","223","228","5","10.1109/iSemantic63362.2024.10762095","https://www.scopus.com/pages/publications/85213388001?origin=resultslist","Outreach of Augmented Reality or AR gets to the very edge of the advances of technologies that aim to change shopping rooms. This AR technology bridges the digital and physical worlds, providing shoppers with the exciting interactivity of a multimedia experience. It also lets shoppers engage with a product or brand deeper, leads to an increase in the rich experience of the store, and ultimately results in an increase in sales. This research undertakes a detailed examination of AR's fundamental use for retail marketing, which lies in its unique ability to improve customer engagement and boost the quality of their in-store shopping experiences. The study will start with a complete outline in which AR technology will be given a thorough briefing covering its multiple applications that can transform the retail industry. Specific examples are given, including various cases in which the mentioned AR technologies are being used by innovative retailers to improve their customer experience. © 2024 IEEE.","Augmented Reality; Consumer Behavior; E-commerce; Online Shopping; Personalization","Sales; Shopping centers; Augmented reality technology; Customer experience; Digital world; Interactivity; Multiple applications; Online shopping; Personalizations; Physical world; Retail industry; Retail marketing; Marketplaces","Conference paper","Final","","Scopus","2-s2.0-85213388001"
"Ma D.; Dong J.; Lee C.-C.","Ma, Dan (57440720800); Dong, Jialing (59414572100); Lee, Chien-Chiang (8601620600)","57440720800; 59414572100; 8601620600","Influence of perceived risk on consumers’ intention and behavior in cross-border e-commerce transactions: A case study of the Tmall Global platform","2025","International Journal of Information Management","81","","102854","","","27","10.1016/j.ijinfomgt.2024.102854","https://www.scopus.com/pages/publications/85209355676?origin=resultslist","With the rapid development of economic integration and information technology, cross-border e-commerce has become the most important form of e-commerce. However, there are currently many uncertainties in cross-border online shopping, and the low physical proximity exacerbates the psychological distance, perceived risk, and lack of trust, all of which affect consumer decision-making to a considerable extent. This study adopts both quantitative and qualitative methods. A questionnaire survey was conducted among consumers using the Tmall Global platform in Chinese-speaking (433 individuals) and non-Chinese-speaking (379 individuals) regions, and structural equation modeling was used for data analysis. We also conducted a focus group discussion to interpret the quantitative results and provide recommendations for platform improvements. The results show that perceived risk has a negative effect on consumers’ intentions and behaviors to purchase and recommend the platform. Perceived risk can reduce the level of trust, whereas trust and intention can promote consumer behavior. © 2024 Elsevier Ltd","Consumer behavior; Consumer intention; Cross-border e-commerce; Perceived risk; Purchase; Recommendation","Case-studies; Consumer intention; Cross-border; Cross-border e-commerce; E- commerces; E-commerce transactions; Economic information; Perceived risk; Purchase; Recommendation; Marketplaces","Article","Final","","Scopus","2-s2.0-85209355676"
"Wei J.A.K.; Mansor M.M.; Derasit Z.; Bakar M.A.A.; Ul-Saufie A.Z.; Hamzah F.M.","Wei, Justin Ang Kang (59726476800); Mansor, Mahayaudin M. (57190938126); Derasit, Zuraidah (57195986277); Bakar, Mohd Aftar Abu (58513964700); Ul-Saufie, Ahmad Zia (55358162200); Hamzah, Firdaus Mohamad (56266163500)","59726476800; 57190938126; 57195986277; 58513964700; 55358162200; 56266163500","Quantifying the Benefits of Implementing Big Data Analytics on Consumers’ Online Purchase Intentions in e-Commerce","2024","2024 IEEE International Conference on Computing, ICOCO 2024","","","","18","23","0","10.1109/ICOCO62848.2024.10928190","https://www.scopus.com/pages/publications/105002007917?origin=resultslist","The digital revolution has reshaped the global economy, especially e-commerce. Innovative technologies such as big data analytics, artificial intelligence, and cloud computing drive this transformation, enabling companies to make informed business decisions and influence consumers’ online purchasing behaviour. This study explores empirical evidence for the benefits of using big data analytics (BDA) to influence consumers’ online purchasing decisions in e-commerce. Primary data was collected via an online survey targeting 300 customers with online shopping experience on platforms that have adopted the digital technologies of BDA. Statistical methods used in this study included questionnaire design, reliability test, descriptive analysis, and multiple regression modelling and diagnostics. The findings indicate that the benefits of implementing BDA in e-commerce for information search, recommendation systems, consumer services, dynamic pricing, security and fraud detection are strongly associated with consumers’ online purchasing intentions. The study underscores the importance of businesses leveraging BDA, as the benefits significantly and positively impact consumers’ purchasing intentions in e-commerce while addressing security and fraud detection concerns that undermine its advantage. Nevertheless, we encourage all companies to leverage BDA implementation in their digital marketplace, which ultimately contributes to achieving e-commerce goals, such as increased market reach, cost reduction, and revenue growth. ©2024 IEEE.","data analytics; e-commerce; multiple linear regression; online purchase intentions","Data analytics; Digital revolution; E- commerces; Fraud detection; Global economies; Multiple linear regressions; Online purchase intention; Online purchasing; Purchase intention; Security detection; Marketplaces","Conference paper","Final","","Scopus","2-s2.0-105002007917"
"Yuan Z.; Chen A.Y.; Wang Y.; Sun T.","Yuan, Zhe (57269247600); Chen, AJ Yuan (59618345300); Wang, Yitong (58855579900); Sun, Tianshu (57207451220)","57269247600; 59618345300; 58855579900; 57207451220","How Recommendation Affects Customer Search: A Field Experiment","2025","Information Systems Research","36","1","","84","106","10","10.1287/isre.2022.0294","https://www.scopus.com/pages/publications/105001998768?origin=resultslist","Product recommendation and search are two technology-mediated channels through which e-commerce platforms can help customers find products. However, the relationship between the two channels and the underlying mechanisms and implications for platform design are not well understood. We leverage a randomized field experiment with 555,800 customers on a large e-commerce platform to investigate how product recommendation affects customer search. We vary the relevance of the recommendation that users experience upon arriving at the home page of the platform and find that a decrease in recommendation relevance leads to a significant increase in consumers’ use of the search channel, indicating a (partial) substitution effect between the two at the aggregate level. We find substantial heterogeneity across product categories, propose a conceptual framework, and theorize how different states of customer demand—demand fulfillment and demand formation—may drive such heterogeneity. The results are aligned with our framework and provide evidence that both demand formation and fulfillment are at work in the channel interactions between recommendation and search. Specifically, when customers receive more product recommendations in a category, they search more in that category with generic query words, which indicates complementarity between recommendation and search. However, when customers receive fewer product recommendations in a category of interest, they compensate for this reduction by searching more in that category with long-tail query words, which indicates a substitution between recommendation and search. This experimental study is among the first to examine the causal relationship between the recommendation channel and search channel and offers implications for the design of e-commerce platforms. © 2024 INFORMS.","channel complementarity; channel substitution; data regulations; e-commerce; field experiment; personalization; recommendation; recommendation system; search","Recommender systems; Sales; Channel complementarity; Channel substitution; Commerce platforms; Data regulations; E- commerces; Field experiment; Personalizations; Product recommendation; Recommendation; Search; Marketplaces","Article","Final","","Scopus","2-s2.0-105001998768"
"Pranav H.; Harshini M.S.; Tarun R.; Radha D.","Pranav, H. (59248703100); Harshini, Muppavarapu Sri (59730325100); Tarun, Rachuri (59187369600); Radha, D. (57190340634)","59248703100; 59730325100; 59187369600; 57190340634","Benchmarking Indian E-Commerce Giants: Insights from Festive Sales Performance","2025","IEEE International Conference on ""Computational, Communication and Information Technology"", ICCCIT 2025","","","","936","941","0","10.1109/ICCCIT62592.2025.10928128","https://www.scopus.com/pages/publications/105002219423?origin=resultslist","This study presents a comparative analysis of the websites of three major e-commerce platforms in India: during the busy shopping sale of Diwali and Navratri. Using metrics derived from Lighthouse audits, the report evaluates the performance, accessibility, SEO, and adherence to best practices of each site. Key factors such as First Contentful Paint (FCP), Largest Contentful Paint (LCP), Speed Index, and overall user experience are examined. The analysis highlights the strengths and areas for improvement of each platform, with recommendations for enhancing load times, user accessibility, and search engine optimization. This comparison aims to provide actionable insights into optimizing the performance and usability of e-commerce websites.  © 2025 IEEE.","Cumulative Layout Shift (CLS); First Contentful Paint (FCP); Largest Contentful Paint (LCP); Lighthouse audit; Time to Interactive (TTI); web performance","Benchmarking; Marketplaces; User experience; Comparative analyzes; Cumulative layout shift; E- commerces; First contentful paint; Large contentful paint; Lighthouse audit; Sales performance; Time to interactive; Web performance; Sales","Conference paper","Final","","Scopus","2-s2.0-105002219423"
"Arulmozhi D.; Gowdhamkumar S.; Deepika M.; Priya J.S.; Nithyasri A.; Avinash P.","Arulmozhi, D. (60479031800); Gowdhamkumar, S. (57222584961); Deepika, M. (59878423200); Priya, J.S. (57365883600); Nithyasri, A. (57999014700); Avinash, P. (57834151100)","60479031800; 57222584961; 59878423200; 57365883600; 57999014700; 57834151100","Multivendor E-Commerce Market Place with Real Time Bidding System and AI Integration","2025","2025 2nd International Conference on Intelligent Technologies for Sustainable Electric and Communications Systems, iTech SECOM 2025","","","","","","0","10.1109/iTechSECOM64750.2025.11307412","https://www.scopus.com/pages/publications/105032507943?origin=resultslist","The evolution of intelligent systems in e-commerce has led to the creation of dynamic platforms that drive user engagement and deliver tailored shopping experiences. This paper presents the design and implementation of a multi-vendor e-commerce marketplace that integrates a real-time bidding (RTB) mechanism enhanced by artificial intelligence (AI). The system aims to provide a competitive yet user-centric environment, allowing vendors to manage product listings and inventories while enabling customers to participate in live bidding sessions for selected products. AI integration enables several advanced functionalities, including predictive analytics for inventory forecasting, fraud detection for transactional integrity, AI-driven customer support via chatbots, and personalized product recommendations. Experimental evaluation confirms the system's effectiveness, showing improved operational efficiency, optimized pricing dynamics, and elevated user interaction metrics. The architecture supports secure data transactions, role-based access control, and real-time updates through WebSocket communication. This study demonstrates the feasibility and impact of combining real-time bidding with AI technologies in a multi-vendor marketplace, laying a strong foundation for the development of intelligent, scalable, and adaptive e-commerce ecosystems.  © 2025 IEEE.","Artificial Intelligence; E-commerce Platform; Multivendor Market Place; Real-time Bidding (RTB)","Electronic commerce; Human computer interaction; Information systems; Predictive analytics; User interfaces; Bidding systems; Commerce platforms; E- commerces; E-commerce platform; Intelligence integration; Market place; Multi-vendor; Multivendor market place; Real- time; Real-time bidding; Artificial intelligence","Conference paper","Final","","Scopus","2-s2.0-105032507943"
"Laamouri A.; Sael N.","Laamouri, Anas (59306190400); Sael, Nawal (55441338200)","59306190400; 55441338200","A Comparative Study on Image Recommendation Using Siamese Neural Network Architecture","2025","2025 5th International Conference on Innovative Research in Applied Science, Engineering and Technology, IRASET 2025","","","","","","0","10.1109/IRASET64571.2025.11008010","https://www.scopus.com/pages/publications/105007771819?origin=resultslist","In recent years, many e-commerce platforms like Amazon, Myntra, Adidas, Jumia, Temu, and others have adopted advanced recommendation systems to suggest clothing based on customer preferences. The goal is to quickly satisfy consumers while maximizing company revenues. These technologies aim to enhance the shopping experience and increase customer loyalty. Personalized recommendations help optimize sales and attract more buyers. In this work, we propose an innovative image recommendation method based on Siamese networks. The aim of this approach is to analyze the similarity between different clothing items and group similar images in the same latent space. This enhances the matching of images with common characteristics while optimizing the response time of the recommendation system. We designed a recommendation model based on Siamese networks and CNN architecture, comparing it with the most commonly used transfer learning models in the field of image recommendation. The aim of this study is to compare the performance of CNN architecture with that of transfer learning techniques. The results show better precision with a score of 0.9669 accuracy for ResNet50V2, 0.9625 for CNN, and 0.9571 for VGG19, achieved on the FashionMNIST dataset. © 2025 IEEE.","AI; CNN; Siamese neural network; similarity; visual recommendation","Clothes; Fuzzy neural networks; Marketplaces; Sales; User experience; Commerce platforms; Comparatives studies; Customer preferences; E- commerces; Neural network architecture; Neural-networks; Siamese neural network; Similarity; Transfer learning; Visual recommendation; Transfer learning","Conference paper","Final","","Scopus","2-s2.0-105007771819"
"Candra Arifah I.D.","Candra Arifah, Ika Diyah (57395409700)","57395409700","Transforming Modern Marketing: Artificial Intelligence Implementation for SEO Marketing of Online Store in E-Commerce Marketplace","2024","2024 12th International Conference on Cyber and IT Service Management, CITSM 2024","","","","","","1","10.1109/CITSM64103.2024.10775331","https://www.scopus.com/pages/publications/85214928668?origin=resultslist","Artificial Intelligence (AI) in e-commerce apps allows businesses to personalize the shopping experience for their customers. AI can recommend relevant products, create personalized product descriptions, and generate realistic product images by analyzing customer data and shopping patterns. With the help of AI, e-commerce apps can provide targeted recommendations based on customers' preferences and browsing history. This research focuses on a case study of AI implementation in Natural Language Generation (NLG), Image Generation, Chatbots and Virtual Assistants, Recommendation Systems, and Price Optimization as part of SEO Marketing in e-commerce apps. With a case study research approach in one of the global e-commerce marketplace apps, it is hoped that this research can provide thorough research on AI in e-commerce apps and valuable insights into its potential applications and implications for achieving digital marketing goals for e-commerce apps. © 2024 IEEE.","apps; artificial intelligence; e-commerce; SEO marketing","Market Research; Browsing history; Customer data; Customer preferences; E- commerces; Online store; Personalized products; Product descriptions; Product images; Research focus; SEO marketing; Marketplaces","Conference paper","Final","","Scopus","2-s2.0-85214928668"
"Kumar A.; Nagpal P.","Kumar, Adesh (59357712800); Nagpal, Pankaj (55489849600)","59357712800; 55489849600","Deep learning based simulation for new product demand estimation","2024","Issues in Information Systems","25","4","","236","251","1","10.48009/4_iis_2024_119","https://www.scopus.com/pages/publications/85205828000?origin=resultslist","Increasingly, the manufacturers and third-party sellers sell their products online at large e-commerce platforms. A good forecast is necessary to avoid resource wastage in the form of over-production or underserved demand. Sensing the demand for a new product on e-commerce platforms in the presence of other competitive products requires techniques beyond traditional forecasting methods. Typical ecommerce platforms, being a two-sided marketplace, need to make a trade-off between showing very relevant and trusted products versus exploring new selections. As customers heavily rely upon organic search functionality for product discovery, the demand forecasting for products depends upon signals from search algorithms. In this paper, we propose an end-to-end Deep Learning (DL) based solution to estimate new product demand. Our design science research (DSR) approach involves the use of search ranking algorithm and its features to simulate the impressions of new products in the presence of existing products and vice versa. This approach helps to estimate demand using simulated search funnel metrics to bake in competitive characteristics of other products. © 2024 International Association for Computer Information Systems. All rights reserved.","cold start; deep learning; new products; product recommendation; simulation","","Article","Final","All Open Access; Gold Open Access","Scopus","2-s2.0-85205828000"
"Chaudhari A.; Hajare S.","Chaudhari, Aarti (59173349300); Hajare, Shital (58638920000)","59173349300; 58638920000","AI-Powered Personalization in E-Commerce","2024","2024 2nd DMIHER International Conference on Artificial Intelligence in Healthcare, Education and Industry, IDICAIEI 2024","","","","","","1","10.1109/IDICAIEI61867.2024.10842768","https://www.scopus.com/pages/publications/85217863058?origin=resultslist","The nature of e-commerce is constantly changing how the business is carried out and how things are bought. It has been made possible to do so because of technological advancements and the capacity of the internet that goes as far as allowing the customers to view, buy and get products from the ease of their homes. The idea of e-commerce has developed to cut through both the retail environment and the interface of customer expectations. This is the outcome of artificial intelligence being adopted by the e-commerce sector, namely in the area of customization. More specifically, when AI algorithms are applied, machine learning is becoming more and more significant in e-commerce customization. AI technologies keep developing further and further which enables to analyse the detailed information about the shopping habits, interests and preferences of every client so that every e-commerce unit may be able to cater to every need of a customer. This document focuses on the AI methods related to the e-commerce personalization processes: machine learning, deep learning, and natural language processing (NLP) methods. It focuses on the procedures of gathering and analysing data because these are crucial in understanding the buying patterns of consumers and what they prefer.  © 2024 IEEE.","Deep Learning; Machine Learning; Natural Language Processing (NLP); Personalization Algorithm; Predictive Analytics; Recommendation System","Deep learning; Marketplaces; Sales; Customisation; Deep learning; E- commerces; Language processing; Machine-learning; Natural language processing; Natural languages; Personalization algorithm; Personalizations; Technological advancement; Adversarial machine learning","Conference paper","Final","All Open Access; Gold Open Access","Scopus","2-s2.0-85217863058"
"Lin L.; Li H.; Liu X.; Pang S.; Yuan M.; Liu X.","Lin, Li (59370861500); Li, Helin (59398243900); Liu, Xun (59398334800); Pang, Shangzhen (59371211200); Yuan, Minglan (57208758580); Liu, Xibo (59371564100)","59370861500; 59398243900; 59398334800; 59371211200; 57208758580; 59371564100","Graph Agent Transformer Network With Contrast Learning for Cross-Domain Recommendation of E-Commerce","2024","Journal of Cases on Information Technology","26","1","","","","2","10.4018/JCIT.355241","https://www.scopus.com/pages/publications/85206685959?origin=resultslist","Cross-domain recommendation(CDR) system is a kind of recommendation system based on multiple data fields, its core idea is to integrate data from different fields, so as to provide users with more accurate and personalized recommendation services. This paper constructs a hybrid contrast learning graph agent transformer network for CDR of e-commerce. In this method, data in target domain and source domain are first constructed into a multi-part graph structure, and then data mining is carried out by double-branch graph agent transformer. The final embedding of each node in the graph is obtained by training the model through mixed supervised learning and comparative learning. This method not only increases the recommended performance of the model through comparative learning, but also improves the transformer structure through agent and reduces the calculation cost of the model. Simulation results on two real cross-domain recommendation datasets of e-commerce demonstrate the effectiveness of the proposed method. © 2024 IGI Global. All rights reserved.","Agent Transformer; Contrast Learning; Cross-Domain Recommendation System; E-Commerce; Multi-Part Graph","Adversarial machine learning; Graph embeddings; Marketplaces; Self-supervised learning; Agent transformer; Contrast learning; Cross-domain recommendation system; Cross-domain recommendations; Data fields; E- commerces; Multi-part graph; Multiple data; Part graph; Personalized recommendation; Contrastive Learning","Article","Final","All Open Access; Gold Open Access","Scopus","2-s2.0-85206685959"
"Deepika R.; Kandavel R.","Deepika, R. (59670256500); Kandavel, R. (58973179900)","59670256500; 58973179900","Mining Consumer Behavior Patterns in E-Commerce Using Apriori Algorithm and Sequential Pattern Analysis","2025","2025 International Conference on Automation and Computation, AUTOCOM 2025","","","","268","273","3","10.1109/AUTOCOM64127.2025.10956521","https://www.scopus.com/pages/publications/105003904121?origin=resultslist","The consumer behaviour in e-commerce is the main focus of this research and data has been collected using Apriori Algorithm association rule mining method followed by the use of sequence analysis. The work applies real large transactional databases to generate the frequent items and the next sequences of the consumers' buying habits. Looking at association and sequence mining in Python using MLxtend and Seq2Pat libraries named those consumer patterns that are relevant, for instance, smartphones often go hand in hand with the screen protectors and chargers are advised that they have support of 10%, and a confidence level of 85%. The subsequent further sequence analysis revealed that 4 percent customers who bought smartphone also bought chargers thereafter headphones reveal an appropriate sequence. The proposed two paradigms static (association rules) and dynamic (sequential patterns) were tested for validation and the results for Prec = 82% and Recall = 85% signifies that the proposed model will prove efficient and accurate and hence can be used for predicting patterns. Together, these findings will enable the e-commerce platform providers to enhance and/or optimise channel explicit Eric & Baumeister (2011) approach, delivery mechanism and/or recommendation system of their customers as well as tailor their stocks according to the flow of customer movement. This work highlighted the need for the combined approach of association and sequence mining analysis to enhance knowledge regarding the consumer behavior and offers a feasible source for ecommerce platforms to enhance customer experience. This approach can be enriched in future work and adjusted further to obtain better reactions on current changes in behavior of consumers by applying real-time data streaming. The above research framework is helpful for both business and consumers in digital marketplace as it provides right time to market products and services using data which is consistent with consumers' actual behavior. © 2025 IEEE.","Apriori Algorithm; Association Rules; Consumer Behavior; E-commerce; Sequential Pattern Analysis","Consumer behavior; Electronic money; Mobile commerce; Sales; User experience; Apriori algorithms; Association mining; Consumer behavior patterns; E- commerces; Pattern analysis; Sequence analysis; Sequence mining; Sequential pattern analyze; Sequential patterns; Smart phones; Marketplaces","Conference paper","Final","","Scopus","2-s2.0-105003904121"
"Gadhve S.; Rudrakar U.; Vairagade S.; Kale P.; Jawade A.","Gadhve, Shankar (60021891900); Rudrakar, Uday (60022065700); Vairagade, Samiksha (60022065800); Kale, Pranjal (60021350900); Jawade, Ajinkya (60021351000)","60021891900; 60022065700; 60022065800; 60021350900; 60021351000","An Intelligent Agriculture Marketplace for Farming and E-Commerce Integration","2025","2025 4th OPJU International Technology Conference on Smart Computing for Innovation and Advancement in Industry 5.0, OTCON 2025","","","","","","2","10.1109/OTCON65728.2025.11071090","https://www.scopus.com/pages/publications/105012088962?origin=resultslist","The Smart Agricultural Marketplace is a progressive solution for modern agriculture, linking farmers, consumers, and suppliers through a technology-driven ecosystem that tackles key industry challenges. This platform enhances operational efficiency and market accessibility by integrating IoT, AI-driven analytics, blockchain, and ecommerce. IoT sensors enable real-time environmental monitoring, with AI analyzing the data to provide actionable insights such as crop recommendations, yield forecasts, and early environmental risk alerts. These insights help farmers make informed decisions, optimize resources, and boost productivity. Blockchain ensures secure, transparent financial transactions and enables automated processes through smart contracts. The e-commerce marketplace connects farmers and consumers directly, allowing seamless listing, searching, and purchasing of agricultural products. Secure payment gateways and order confirmation features ensure a smooth user experience. This paper examines the platform's impact on the agricultural value chain, highlighting the benefits of digital transformation in farming, enhanced market access, and sustainable practices. By leveraging IoT, AI, blockchain transparency, and a consumer-friendly e-commerce framework, the Smart Agricultural Marketplace empowers stakeholders, promotes sustainable agriculture, and prepares the farming sector to meet global demands.  © 2025 IEEE.","(Smart Agriculturalists in Farming; AI-driven Analytics; Blockchain in Agriculture-commerce Integration; Digital Farming; Precision Agriculture; Predictive Analytics in Agriculture; Real-time Monitoring); Smart Contracts","Agricultural products; Automation; Ecosystems; Electronic commerce; Integration; Precision agriculture; Smart agriculture; Smart contract; User experience; (smart agriculturalist in farming; AI-driven analytic; Block-chain; Blockchain in agriculture-commerce integration; Digital farming; E- commerces; Precision Agriculture; Predictive analytic in agriculture; Real time monitoring; Real-time monitoring); Predictive analytics","Conference paper","Final","","Scopus","2-s2.0-105012088962"
"Strzelecki A.; Rizun M.","Strzelecki, Artur (57204350566); Rizun, Mariia (57188924728)","57204350566; 57188924728","Google Discover data-driven study of user activity on e-commerce platforms","2025","Aslib Journal of Information Management","","","","","","0","10.1108/AJIM-03-2024-0247","https://www.scopus.com/pages/publications/86000666543?origin=resultslist","Purpose: This research focuses on the analysis of the recommendation algorithms employed by Google Discover, utilizing data from two e-commerce platforms operating in Poland. Design/methodology/approach: The study uses the information obtained from Google Search Console in a time span of 17 months. The examination of Google Discover focuses on the number of displays, clicks and click-through ratio, from the viewpoints of content publishers and web users. Findings: The results suggest that user engagement positively influences a website’s efficiency in Google Discover, yet the algorithm also considers variables such as the popularity of similar content on other websites, user location and content update frequency. Thus, a website may be excluded from Discover despite a substantial click count. Originality/value: There is a lack of studies on how Google Discover is perceived by users based on real data. We offer a quantitative perspective, which has not yet been done. This study offers an overview of the history and evolution of Google Discovery, an overview of data we used to show the perception of the service, and two unique perspectives on recommender service, users and publishers. © 2025, Emerald Publishing Limited.","Click-through rate; Google Discover; Recommendation service; Recommendation system; Search engine; Website efficiency","Clickthrough rates (CTR); Commerce platforms; Data driven; E- commerces; Google discover; Google+; Recommendation service; Research focus; User activity; Website efficiency; Marketplaces","Article","Article in press","","Scopus","2-s2.0-86000666543"
"Broome P.A.","Broome, Pearson A. (57003228000)","57003228000","Conceptualizing the foundations of a regional e-commerce strategy: Open networks or closed regimes? The case of CARICOM","2016","Cogent Business and Management","3","1","1139441","","","8","10.1080/23311975.2016.1139441","https://www.scopus.com/pages/publications/85044817901?origin=resultslist","Although there has been much to boast about in advanced countries regarding e-commerce as a viable business strategy, many doubt its application to developing countries. Several papers examine individual case studies from advanced developing countries but few have presented a systemic focus on the ecosystem of an e-commerce sector, and even fewer on small island developing states (SIDS) such as the Caribbean, and those often lack a comprehensive awareness of the sector, and/or are dated. The central aim of this conceptual paper therefore is to address this lacuna by discussing the importance of understanding the broader political, social, cognitive, and economic issues and their implications and applications inherent in the development of an e-commerce sector. From this, the main objective will be to conceptualize an e-commerce strategy for their development. To realize this main aim, the article leverages a historical comparative perspective that critically examines causal analysis, experiences, and iterative processes gleaned over time from a structured analytical comparison of several national and regional case studies to conceptualize the factors and conditions under which e-commerce may contribute to, and can be adopted for development. As its main objective, the paper then presents a policy framework of recommendations guided by mutually reinforcing macro processes of change that converge at the intersection of business, policy, and information technology to inform development advocates, policy planners, and citizens within the region of what such a strategy should entail. © 2016 The Author(s). This open access article is distributed under a Creative Commons Attribution (CC-BY) 4.0 license.","Caribbean e-commerce; CARICOM e-commerce strategy; e-commerce strategy for national and regional development; ICTs in CARICOM/Caribbean; regional electronic marketplaces; small and medium enterprises (SMEs)","","Article","Final","All Open Access; Gold Open Access; Green Open Access","Scopus","2-s2.0-85044817901"
"Shi H.; Wei G.","Shi, Hanxiao (14054834900); Wei, Guiyi (7402848082)","14054834900; 7402848082","Design and research of a NSS based on multimedia technology","2007","2007 International Conference on Wireless Communications, Networking and Mobile Computing, WiCOM 2007","","","4340633","3470","3473","0","10.1109/WICOM.2007.858","https://www.scopus.com/pages/publications/38049019874?origin=resultslist","With the prevalence of the Internet, we have been able to cross the geographical barriers, enjoy the convenience brought by information exchanges, and develop the unprecedented applications, such as the most typical example, e-commerce. NSS facing EC will be a very important subsystem during the process of EC development. This paper introduces the current research situation about NSS, stresses on the whole system architecture and key technologies, sets forth solution scheme about some important problem, such as multiparty cooperation text technology and inter-stream synchronization. Our goal is to develop a NSS prototype and to test its feasibility in the E-Marketplaces. It also creates a user-friendly interface for Graphic User's Interface (GUI). The implementation prototype system demonstrates excellent performance and the system can be easily implemented in a large bargain database of the EC marketplace for wide accessibility. © 2007 IEEE.","E-contract; Inter-stream synchronization; Multiparty cooperation text technology; NSS","Computer architecture; Computer graphics; Electronic commerce; Electronic document exchange; Internet; E-contract; Inter-stream synchronization; Multiparty cooperation text technology; Multimedia services","Conference paper","Final","","Scopus","2-s2.0-38049019874"
"Li Z.; Li Y.; Zhou J.; Ye F.; Zhan Y.","Li, Zheng (60214776600); Li, Yina (24179171700); Zhou, Jiayu (59298310900); Ye, Fei (57205679066); Zhan, Yuanzhu (56486831900)","60214776600; 24179171700; 59298310900; 57205679066; 56486831900","How AI-Generated Summaries of Reviews are Reshaping E-Commerce With Competing Retailers?","2026","IEEE Transactions on Engineering Management","73","","","1116","1131","0","10.1109/TEM.2025.3637769","https://www.scopus.com/pages/publications/105023176209?origin=resultslist","With the rapid advancement of generative AI (Gen-AI), e-commerce platforms like Amazon and Newegg are adopting AI-generated summaries (AIGS) to synthesize online reviews. We analytically study the transformative impact of AIGS on e-commerce with competing retailers by examining its two key effects: the convenience effect, which reduces consumers’ reading costs to access review information, and the filtering effect, which aids consumers in making more informed purchase decisions. Retailers differ in their market reputation (MR), and not all consumers in the market trust AIGS. Our findings suggest that the convenience effect and the filtering effect influence competition in opposite ways. When consumer trust in AIGS is high, its adoption may intensify price competition. We further show that moderately high consumer trust in AIGS enables its adoption to create an all-win outcome for both the platform and competing retailers. Surprisingly, we find that while high trust in AIGS can reinforce high-MR retailers’ advantages (a Matthew effect), the adoption of AIGS under low trust may instead reshape market competition by narrowing these advantages. Interestingly, when AIGS is fully trusted and adoption costs are moderate, it improves social welfare but may lower consumer surplus due to elevated prices. © 1988-2012 IEEE.","AI-generated summaries (AIGS); e-commerce platform; generative AI (Gen-AI); online reviews; retailer competition","Artificial intelligence; Competition; Costs; Electronic commerce; Filtration; Marketplaces; Purchasing; Reviews; AI-generated summary; Commerce platforms; E- commerces; E-commerce platform; Filtering effects; Generative AI; Online reviews; Price competition; Purchase decision; Retailer competitions; Sales","Article","Final","All Open Access; Green Open Access","Scopus","2-s2.0-105023176209"
"Desczyk L.; Qaadan S.; Rist S.","Desczyk, Linus (59669586800); Qaadan, Sahar (57208015791); Rist, Stefan (59669854200)","59669586800; 57208015791; 59669854200","Enhancing Recommender Systems: A Practical Study on Loss Function Optimization in B2B Commerce","2024","2024 IEEE International Conference on Technology Management, Operations and Decisions, ICTMOD 2024","","","","","","0","10.1109/ICTMOD63116.2024.10878142","https://www.scopus.com/pages/publications/86000028170?origin=resultslist","In this study, we present our work on developing a stock recommendation system for sales of industrial parts to customers at a mayor technical center in Jordan. The system leverages 40,000 transactions collected over a two-year period which are analyzed by machine learning to generate recommendations for internal decisions of whom to offer which product according to similarities between customers, items and past transactions. We compare collaborative filtering using matrix factorization with a hybrid model that exploits embedded item and user features such as categories and temporal buying behavior. Several loss functions are compared for both models, and we show that depending on the specific need of the user, either model shows better recommendation results. The study shows the importance of model selection and parameter fine-Tuning when implementing a recommendation system in a B2B context, while also pointing out possible pitfalls in building such a system with real-world data.  © 2024 IEEE.","Business to Business Services; Hybrid Recommender Systems; LightFM; Matrix Factorization; Recommender Systems","Contrastive Learning; Learning systems; Marketplaces; Matrix algebra; Matrix factorization; User experience; Business service; Business to business service; Business-to-business; Function Optimization; Hybrid recommender systems; Industrial parts; Lightfm; Loss functions; Machine-learning; Matrix factorizations; Sales","Conference paper","Final","","Scopus","2-s2.0-86000028170"
"Syed Ali S.A.; Ilankoon I.M.S.K.; Zhang L.; Tan J.","Syed Ali, Shafeeq Ahmed (57220025767); Ilankoon, I.M.S.K. (55315310100); Zhang, Lian (8333579300); Tan, Jully (55851192400)","57220025767; 55315310100; 8333579300; 55851192400","Packaging plastic waste from e-commerce sector: The Indian scenario and a multi-faceted cleaner production solution towards waste minimisation","2024","Journal of Cleaner Production","447","","141444","","","25","10.1016/j.jclepro.2024.141444","https://www.scopus.com/pages/publications/85186661825?origin=resultslist","E-commerce has been disrupting the retail marketplace with its rapid growth in India over the past few years. Multiple socio-economic factors, including the Digital India initiative, the transition towards a cashless economy, and the rise in consumer electronics and internet users, were crucial in creating a shift in consumer perceptions favouring e-commerce. One of the hidden consequences of e-commerce acceptance is the rising packaging plastic problem. It has typically employed unwanted secondary and tertiary packaging, often considered necessary for transportation. E-commerce has also given rise to multiple shopping instances, which were previously non-existent and thus contributed to excessive packaging plastic waste. However, until recently, the e-commerce sector in India has managed to escape the shackles of the plastic waste management legislation and was considered a free rider. This study aims to investigate the key factors aiding the growth of the e-commerce sector, the packaging plastic problems amplified by the e-commerce sector, the legislative backdrop, and a case study on how various e-commerce platforms have adapted to the changing policy landscapes. A multi-faceted solution integrating optimisations at the pre-shipping, post-shipping and legislative framework levels is proposed. The recommendation from this study can trigger a transformative change in reducing the packaging plastic waste generation and creating a sustainable e-commerce industry in the country. © 2024 The Author(s)","Clean India mission or swachh bharat abhiyan; E-commerce packaging; Extended producer responsibility; Packaging plastic waste; Plastic waste management in India; Reverse supply chains","Electronic commerce; Laws and legislation; Packaging; Pollution control; Ships; Supply chains; Clean india mission or swachh bharat abhiyan; E- commerces; E-commerce packaging; Extended producer responsibility; Indian scenarios; Packaging plastic waste; Plastic waste management in india; Plastics waste; Reverse supply chains; Waste management","Article","Final","All Open Access; Green Open Access; Hybrid Gold Open Access","Scopus","2-s2.0-85186661825"
"Gry S.; Niederlaender M.; Werth D.","Gry, Soeren (58683443600); Niederlaender, Marie (58682053600); Werth, Dirk (7003300054)","58683443600; 58682053600; 7003300054","Enhancing Returns Management in Fashion E-Commerce: Industry Insights on AI-Based Prediction and Recommendation Systems","2024","ICSBT International Conference on Smart Business Technologies","","","","66","73","1","10.5220/0012759900003764","https://www.scopus.com/pages/publications/85202354646?origin=resultslist","The fashion industry is one of the most problematic sectors in terms of sustainability. The fashion e-commerce sector is experiencing a surge in sales, which is leading to a significant increase in returns. This, in turn, is placing a considerable burden on the environment. High transport volumes or even the destruction of garments through returns pose major environmental and also economic problems. This study is based on a survey and expert interviews with decision-makers from the fashion industry. It provides indications of how an AI-based prediction and recommendation system could be used to avoid returns and manage them in an ecologically and economically sensible way. On the one hand, use cases are discussed that can be applied in the webshop system before the customer places an order, and on the other hand, ways are shown how returns predictions can support planning in the reverse logistics network. Copyright © 2024 by SCITEPRESS - Science and Technology Publications, Lda.","Expert Interviews; Fashion E-Commerce; Machine Learning; Recommendation System; Returns Prediction; Returns Prevention; Survey Results; Sustainable Return Management; Sustainable Supply Chain","Electronic commerce; Garment industry; Marketplaces; Supply chains; Expert interview; Fashion E-commerce; Fashion industry; Machine-learning; Return prediction; Return prevention; Returns managements; Survey result; Sustainable return management; Sustainable supply chains; Decision making","Conference paper","Final","All Open Access; Gold Open Access","Scopus","2-s2.0-85202354646"
"Lu J.","Lu, Jiaxin (59509595600)","59509595600","Optimizing E-Commerce with Multi-Objective Recommendations Using Ensemble Learning","2024","2024 4th International Conference on Computer Systems, ICCS 2024","","","","167","171","9","10.1109/ICCS62594.2024.10795824","https://www.scopus.com/pages/publications/85215797538?origin=resultslist","In the dynamic landscape of online shopping, pre-dicting user behaviors such as clicks, cart additions, and orders is crucial for optimizing sales strategies. Traditional recommendation systems often focus on a single objective, limiting their effectiveness in a multifaceted e-commerce environment. This article proposes a multi-objective recommendation system that leverages previous events in user sessions to forecast these key metrics, addressing challenges such as imbalanced positive and negative samples, varying session lengths, and the need for effective sampling techniques. Our approach integrates LightGBM, XgBoost, and Recbole GRU4Rec through ensemble learning, combining the strengths of these models to enhance prediction performance. Extensive evaluations demonstrate that our model outperforms existing methods, offering significant improvements in accuracy and robustness. This work provides a comprehensive solution for online retailers to better predict user behaviors and optimize their sales strategies, ultimately enhancing customer satisfaction and business outcomes.  © 2024 IEEE.","E-commerce; Ensemble learning; Multi-objective recommendation system; Sample imbalance; User behavior prediction","Adversarial machine learning; Contrastive Learning; Customer satisfaction; Prediction models; Sales; Behavior prediction; Ensemble learning; Multi objective; Multi-objective recommendation system; Online shopping; Sales strategies; Sample imbalance; Single objective; User behavior prediction; User behaviors; Marketplaces","Conference paper","Final","","Scopus","2-s2.0-85215797538"
"Utami H.N.; Elfa M.O.J.; Wiyono S.N.; Sari D.N.; Perdana T.","Utami, Hesty Nurul (57188963573); Elfa, Muhammad Okiba Jauhari (60102081500); Wiyono, Sulistyodewi Nur (57191864654); Sari, Dwi Novanda (58625612900); Perdana, Tomy (25931105900)","57188963573; 60102081500; 57191864654; 58625612900; 25931105900","Sustaining Consumer Excitement: The Role of Online Customer Experience and Engagement in Shaping Behavioural Intentions in Food Social Commerce","2025","Sustainability (Switzerland)","17","17","8061","","","4","10.3390/su17178061","https://www.scopus.com/pages/publications/105016141394?origin=resultslist","This study examines the determinants of online customer engagement (OCE) and its role in influencing the repurchase intention of healthy food through social commerce (s-commerce) platforms. Using the Stimulus-Organism-Response (S-O-R) framework, 300 Indonesian urban shoppers were surveyed to explore the impact of customer internal and external buying stimuli through online content quality (OCQ) and customer experiences, encompassing hedonic and social value. PLS-SEM analysis highlights the significance of OCQ in enhancing customer trust and engagement while underscoring the importance of emotional gratification and perceived social benefits mediating customer engagement in building repurchase intentions. The analysis also reveals the insignificant direct effect between social value and repurchase intention, suggesting a more nuanced mechanism in consumer behavioural response. The findings provide theoretical insights into s-commerce research and practical implications for designing online food services to retain customers, emphasising the need for integrative strategies incorporating emotional, social, and informational elements. This research contributes to a deeper understanding of consumer behaviour in using social media for healthy food marketing. It offers sustainable and actionable recommendations for the digital era. © 2025 by the authors.","food e-commerce; online customer environment; repurchase intentions; social media; SOR model","consumption behavior; food market; numerical model; social media; sustainability","Article","Final","All Open Access; Gold Open Access","Scopus","2-s2.0-105016141394"
"Syed Musthafa A.; Yeshwant R.; Monish K.; Thanvik Suriya M.; Nandha Kumar S.","Syed Musthafa, A. (57216618551); Yeshwant, R. (60621692700); Monish, K. (60032323400); Thanvik Suriya, M. (60621895800); Nandha Kumar, S. (60621989400)","57216618551; 60621692700; 60032323400; 60621895800; 60621989400","AI Chat Application for Online Product Analysis: A BERT based Explainable Recommendation Chat Application","2026","Proceedings of 6th International Conference on Expert Clouds and Applications, ICOECA 2026","","","","1656","1662","0","10.1109/ICOECA68095.2026.11485505","https://www.scopus.com/pages/publications/105038112511?origin=resultslist","The objective of this paper is to present a chat application based on AI, which is meant to make the process of e-commerce more natural, engaging, and informative [8], [9], [10]. Using the system is as easy as talking to a human being as it allows the user to navigate products in form of conversations [5], [6]. MongoDB retains these context-based interactions and this makes the application remember user preferences during the conversation [6], [11]. Intent detection, identification of key product features, and real time capture of customer preferences are undertaken by the system in order to know what users want [1], [12]. The Logistic Regression can give immediate sentiment scoring and BERT-based evaluation estimates the importance of a particular feature to the users [2], [4]. These elements combined produce correct and significant product suggestions [1], [12]. On top of mere suggestions, the application, automatically, grabs key product information like price, brand and performance scores [2], [9]. The users will be able to view several items in parallel with the help of interactive tables and visual graphs to point out the main disparities [1], [11]. On balance, it is possible to note that this chat-based recommendation system will improve online shopping by integrating both conversational AI, as well as clarifiable, data-driven product analysis [3], [5]. The pivotal novelty of this manuscript is an amalgamation of explainable conversational structure in which TF IDF + Logistic Regression to manage swift intent and sentiment analysis, BERT based aspect sentiment analysis to understand fine grained feature and a multi-marketplace intelligence layer to compare cross platform price and features in a solitary chat interface [1], [2], [4], [12]. The proposed model is more closely tied than other proposed systems, which kept explanation and recommendation separate and integrating them into the marketplace as the final stage of the pipeline, which generates traceable scores, natural language justifications, and in dialogue visualizations, that enhances both transparency and quality of recommendation [1], [3], [5], [11]. © 2026 IEEE.","BERT; Conversational AI; E-commerce; Explainable AI; Marketplace Intelligence; Multi-Turn Dialogue; Price Comparison; Product Recommendation; Sentiment Analysis","Artificial intelligence; Cost effectiveness; Data mining; Electronic commerce; Human computer interaction; Information use; Logistic regression; Recommender systems; Visualization; BERT; Conversational AI; Explainable AI; Marketplace intelligence; Multi-turn; Multi-turn dialog; Price comparisons; Product analysis; Product recommendation; Sentiment analysis; Sentiment analysis","Conference paper","Final","","Scopus","2-s2.0-105038112511"
"Ying Y.; Chandra M.R.; Mulianti A.","Ying, Yi (56957724200); Chandra, Mei Rianto (58479540700); Mulianti, Agnes (59778317600)","56957724200; 58479540700; 59778317600","Strategies for Sustainability Business E-Commerce in Indonesia","2024","Proceedings - 6th International Conference on Informatics, Multimedia, Cyber and Information System, ICIMCIS 2024","","","","945","950","0","10.1109/ICIMCIS63449.2024.10957261","https://www.scopus.com/pages/publications/105004411651?origin=resultslist","Taobao is the largest e-commerce platform in China, targeting individual consumers and serving as the top choice for millions of users. This paper discusses the factors influencing customer shopping behavior on Taobao. This type of research is correlational using qualitative methods. The data collection method used is a questionnaire presented in the form of a Likert scale, distributed to 50 consumers aged 18-55 years. These respondents are customers who shop online on Taobao. The results calculated using the Likert Scale show a 'Strongly Agree' percentage score for factors such as seller response, free shipping, competitive price, delivery time, available product, customer review, discount, rating of seller. The 'Agree' category was noted for factor cashback. This indicates that strategies for sustainability business E-Commerce in Indonesia must be paid to the aforementioned factors. This research can serve as a recommendation for those looking to start an online business startup.  © 2024 IEEE.","business; consumers; E-commerce","Sales; Commerce platforms; Competitive prices; Consumer; Data collection method; E- commerces; Free shipping; Indonesia; Likert scale; Qualitative method; Shopping behaviour; Marketplaces","Conference paper","Final","","Scopus","2-s2.0-105004411651"
"Daivik Y.; Deepthi S.A.; Deepti K.; Rao E.S.","Daivik, Yasala (60378572700); Deepthi, S. Aruna (57213485257); Deepti, K. (57210761006); Rao, E. Sreenivasa (57202997164)","60378572700; 57213485257; 57210761006; 57202997164","Blockchain Based E-Commerce Website","2025","2025 3rd World Conference on Communication and Computing, WCONF 2025","","","","","","0","10.1109/WCONF64849.2025.11233657","https://www.scopus.com/pages/publications/105029759859?origin=resultslist","The goal of this paper is to create a hybrid e-commerce platform that combines the capabilities of a trading system and a marketplace. With blockchain technology guaranteeing the transparency, security, and immutability of every transaction, the platform enables users to safely purchase, sell, and trade goods. Through the use of smart contracts, the platform lowers the possibility of fraud and ensures that every sale is carried out properly, providing a reliable environment for both buyers and sellers.The website is built using a full-stack development approach, with React.js for the frontend, Node.js for the backend, and a MySQL database for managing user and transaction data. The platform offers a seamless user interface that allows easy product browsing, listing, and transaction processing. Integrated payment gateways provide users with various secure payment options, and the system supports real-time updates to ensure a smooth user experience.  © 2025 IEEE.","auction; Gateway; Ledger; Smart Contracts","Blockchain; Electronic money; Information systems; Marketplaces; Purchasing; Sales; Smart contract; User experience; User interfaces; Auction; Block-chain; Buyers and sellers; Commerce platforms; Development approach; E- commerces; E-commerce websites; Gateway; Ledger; Trading systems; Websites","Conference paper","Final","","Scopus","2-s2.0-105029759859"
"Wang Y.","Wang, Ying (59369791800)","59369791800","Recommendation Algorithms for Rural E-Commerce Business on Basis of Big Data and Machine Learning Technology","2024","2nd IEEE International Conference on Data Science and Network Security, ICDSNS 2024","","","","","","0","10.1109/ICDSNS62112.2024.10691257","https://www.scopus.com/pages/publications/85206565274?origin=resultslist","The purpose of this article is to explore the application of LSTM (Long Short-Term Memory) algorithm in rural e-commerce business recommendation algorithms. This article analyzes how LSTM algorithm technology overcomes the limitations of traditional recommendation systems in processing large-scale data, providing personalized recommendations, adapting to dynamic environments, and integrating socio-economic factors. This article analyzes the shortcomings of existing research in depth and proposes a new recommendation system framework based on LSTM algorithm to improve recommendation efficiency, enhance user satisfaction, and promote the healthy development of rural e-commerce. This article explored the application of recommendation algorithms in rural e-commerce business through three experiments based on LSTM algorithm technology. In the first benchmark performance evaluation experiment, the experimental results showed that the LSTM algorithm achieved an accuracy of 75%, which was higher than 65% of the traditional CF (Collaborative Filtering) algorithm. The comparison experiment of recommendation results showed that the diversity of LSTM algorithm was 0.72 and CF algorithm was 0.61. In the final user satisfaction survey experiment, it was found that the average satisfaction score of the products recommended by the LSTM algorithm was 4.2 points, higher than the 3.85 points of the CF algorithm. The above data results indicate that the LSTM algorithm has better performance in rural e-commerce business, which can provide important references for improving user experience and promoting business development.  © 2024 IEEE.","CF algorithm; long short-term memory; recommendation algorithm; rural e-commerce business","Collaborative filtering algorithms; E-commerce business; Large scale data; Machine learning technology; Memory algorithms; Personalized recommendation; Recommendation algorithms; Rural e-commerce business; Short term memory; Users' satisfactions; Marketplaces","Conference paper","Final","","Scopus","2-s2.0-85206565274"
"De Klerk S.; Kroon J.","De Klerk, Saskia (24821208200); Kroon, Jaipe (15843732200)","24821208200; 15843732200","Networking in South African businesses","2007","Management Decision","45","1","","89","103","8","10.1108/00251740710718980","https://www.scopus.com/pages/publications/33846935453?origin=resultslist","Purpose - The purpose and the goal of this paper were to investigate South African businesses and determine their utilisation of new technologies and business structures. The role and development of e-commerce and networks in South African businesses can determine their competitive role in a global market. Design/methodology/approach - The paper shows that South Africa's position in the networked economy was researched through an empirical survey and the use of a convenience sample that incorporated 707 online businesses listed in an online directory in South Africa. Manufacturing businesses, retail and wholesale businesses, as well as business rendering services online, were targeted. Findings - The paper finds that business networks have necessitated new business structures and 78.4 percent of the respondents are currently using these modern business structures to adapt to the demands of the networked economy. These include the matrix structure (42.9 percent), the networked business structure (25 percent) and the extended business structure (10.7 percent). E-commerce provides many advantages, the response received on the reasons for e-commerce utilisation includes enhanced profit (86 percent), entering strategic markets (64 percent) and building international association (61 percent). Originality/value - The value of this paper is that the focus should be on finding new opportunities and the most important recommendations include: South African business people should be informed about the importance of shared knowledge, intellectual capital and establishing strategic alliances that are facilitated through the use of networks. Proactive management and added value in business processes should be implemented and can enhance the competitive advantage amongst South African businesses.","Competitive advantage; Entrepreneurs; Networking; South Africa","","Article","Final","All Open Access; Green Open Access","Scopus","2-s2.0-33846935453"
"Sachdev J.; Rosario S.D.; Phatak A.; Wen H.; Kirti S.; Tripathy C.","Sachdev, Jayant (57202967977); Rosario, Sean D. (59565811600); Phatak, Abhijeet (57189728869); Wen, He (59679500800); Kirti, Swati (59565740400); Tripathy, Chittaranjan (59238452200)","57202967977; 59565811600; 57189728869; 59679500800; 59565740400; 59238452200","Automated Query-Product Relevance Labeling using Large Language Models for E-commerce Search","2025","NLPIR 2024 - 2024 8th International Conference on Natural Language Processing and Information Retrieval","","","","32","40","2","10.1145/3711542.3711582","https://www.scopus.com/pages/publications/105005023611?origin=resultslist","Accurate query-product relevance labeling is indispensable to generate ground truth dataset for search ranking in e-commerce. Traditional approaches for annotating query-product pairs rely on human-based labeling services, which is expensive, time-consuming and prone to errors. In this work, we explore the application of Large Language Models (LLMs) to automate query-product relevance labeling for large-scale e-commerce search. We use several publicly available and proprietary LLMs for this task, and conducted experiments on two open-source datasets and an in-house e-commerce search dataset. Using prompt engineering techniques such as Chain-of-Thought (CoT) prompting, In-context Learning (ICL), and Retrieval Augmented Generation (RAG) with Maximum Marginal Relevance (MMR), we show that LLM's performance has the potential to approach human-level accuracy on this task in a fraction of the time and cost required by human-labelers, thereby suggesting that our approach is more efficient than the conventional methods. We have generated query-product relevance labels using LLMs at scale, and are using them for evaluating improvements to our search algorithms. Our work demonstrates the potential of LLMs to improve query-product relevance thus enhancing e-commerce search user experience. More importantly, this scalable alternative to human-annotation has significant implications for information retrieval domains including search and recommendation systems, where relevance scoring is crucial for optimizing the ranking of products and content to improve customer engagement and other conversion metrics.  © 2024 Copyright held by the owner/author(s).","Data Annotation; Information Retrieval; Large Language Models; Maximum Marginal Relevance.; Prompt Engineering; Retrieval Augmented Generation; Search Relevance","Content based retrieval; Labeled data; Mobile commerce; Nameplates; Online searching; Open source software; Query languages; Query processing; Recommender systems; Search engines; Data annotation; E- commerces; Labelings; Language model; Large language model; Marginals; Maximum marginal relevance.; Prompt engineering; Retrieval augmented generation; Search relevance; Marketplaces","Conference paper","Final","All Open Access; Green Open Access","Scopus","2-s2.0-105005023611"
"Jaszus K.; Hendijani R.B.","Jaszus, Kathrin (58479375100); Hendijani, Roozbeh Babolian (55868681400)","58479375100; 55868681400","The Role of E-Commerce in Sustainable Development for Solo Travel: Insights from International Travelers in Bali","2025","2025 5th International Conference on Innovative Research in Applied Science, Engineering and Technology, IRASET 2025","","","","","","0","10.1109/IRASET64571.2025.11008024","https://www.scopus.com/pages/publications/105007830822?origin=resultslist","Solo travel has gained popularity in recent years. However, only a limited number of studies have been conducted to understand this rapidly growing sector. This research paper examines the impact of nature, safety, culture, social interactions, and superstructure on the satisfaction of travelers who travel alone to Bali. Additionally, it explores how digitalization significantly affects the tourism industry, highlighting the importance of e-commerce platforms in solo travelers' planning and booking processes through online travel agencies, AI-driven recommendation systems, and peer-reviewed content. With increased convenience, security, and personalized booking options, mobile payments and social media enhance the solo travel experience. Data from 276 participants was collected via a self-administered questionnaire administered at various tourist locations, employing judgment sampling. Responses were analyzed using Structural Equation Modeling (SEM). According to the findings, nature, culture, and social interactions significantly impact the satisfaction of individuals traveling alone to Bali. However, safety and superstructure (accommodation, food, and transportation) do not significantly affect the satisfaction of solo travelers. The results add to the existing literature on customer loyalty in tourism and provide insights that the Indonesian tourism industry can utilize. These insights can assist stakeholders in developing effective marketing strategies and promoting long-term engagement sustainability. © 2025 IEEE.","culture; e-commerce; nature; satisfaction; Solo travelers; superstructure","Economic and social effects; Electronic money; Leisure; Marketplaces; Travel time; User experience; Culture; E- commerces; Nature; Research papers; Safety culture; Satisfaction; Social interactions; Solo traveler; Superstructure; Tourism industry; Tourism","Conference paper","Final","","Scopus","2-s2.0-105007830822"
"Aouad A.; Feldman J.; Segev D.; Zhang D.J.","Aouad, Ali (57201251030); Feldman, Jacob (56585343400); Segev, Danny (8964532200); Zhang, Dennis J. (57194081165)","57201251030; 56585343400; 8964532200; 57194081165","The Click-Based MNL Model: A Framework for Modeling Click Data in Assortment Optimization","2025","Management Science","71","8","","6943","6960","3","10.1287/mnsc.2021.00281","https://www.scopus.com/pages/publications/105013268190?origin=resultslist","We introduce the click-based MNL choice model, a framework for capturing customer purchasing decisions in e-commerce settings. Specifically, we augment the classical Multinomial Logit choice model by assuming that customers only consider the items they have clicked on before they proceed to compare their random utilities. In this context, we study the resulting assortment optimization problem, where the objective is to select a subset of products, made available for purchase, to maximize the expected revenue. Our main algorithmic contribution comes in the form of a polynomial-time approximation scheme (PTAS) for this problem, showing that the optimal expected revenue can be efficiently approached within any degree of accuracy. To establish this result, we develop several technical ideas, including enumeration schemes and stochastic inequalities, which may be of broader interest. Using data from Alibaba’s online marketplace, we fit click-based MNL and latent class MNL models to historical sales and click data in a setting where the online platform recommends a personalized six-product display to each user. We propose an estimation methodology for the click-based MNL model that leverages clickstream data and machine learning classification algorithms. Our numerical results suggest that clickstream data are valuable for predicting choices and that the click-based MNL model can outperform standard logit-based models in certain settings. © 2024 INFORMS.","approximation algorithms; clickstream data; consideration sets; Multinomial Logit model","Electronic commerce; Optimization; Polynomial approximation; Purchasing; Sales; Stochastic systems; Assortment optimization; Choice model; Clickstream data; Consideration sets; E- commerces; Expected revenue; Logit choice modeling; Multinomial Logit; Multinomial logit model; Purchasing decisions; Approximation algorithms","Article","Final","","Scopus","2-s2.0-105013268190"
"Dash A.; Chakraborty A.; Ghosh S.; Mukherjee A.; Gummadi K.P.","Dash, Abhisek (57209603470); Chakraborty, Abhijnan (36069014800); Ghosh, Saptarshi (56004548600); Mukherjee, Animesh (57203731567); Gummadi, Krishna P. (6507779856)","57209603470; 36069014800; 56004548600; 57203731567; 6507779856","When the umpire is also a player: Bias in private label product recommendations on E-commerce marketplaces","2021","FAccT 2021 - Proceedings of the 2021 ACM Conference on Fairness, Accountability, and Transparency","","","3445944","873","884","39","10.1145/3442188.3445944","https://www.scopus.com/pages/publications/85100983430?origin=resultslist","Algorithmic recommendations mediate interactions between millions of customers and products (in turn, their producers and sellers) on large e-commerce marketplaces like Amazon. In recent years, the producers and sellers have raised concerns about the fairness of black-box recommendation algorithms deployed on these marketplaces. Many complaints are centered around marketplaces biasing the algorithms to preferentially favor their own 'private label' products over competitors. These concerns are exacerbated as marketplaces increasingly de-emphasize or replace 'organic' recommendations with ad-driven 'sponsored' recommendations, which include their own private labels. While these concerns have been covered in popular press and have spawned regulatory investigations, to our knowledge, there has not been any public audit of these marketplace algorithms. In this study, we bridge this gap by performing an end-to-end systematic audit of related item recommendations on Amazon. We propose a network-centric framework to quantify and compare the biases across organic and sponsored related item recommendations. Along a number of our proposed bias measures, we find that the sponsored recommendations are significantly more biased toward Amazon private label products compared to organic recommendations. While our findings are primarily interesting to producers and sellers on Amazon, our proposed bias measures are generally useful for measuring link formation bias in any social or content networks. © 2021 ACM.","Algorithmic auditing; E-commerce marketplace; Recommendation","Transparency; Black boxes; Content network; End to end; Network-centric; Private labels; Recommendation algorithms; Electronic commerce","Conference paper","Final","","Scopus","2-s2.0-85100983430"
"Peter Noronha J.T.; Mahmood Khan S.; Sebastian S.; Nabeel Mustafa S.M.","Peter Noronha, Joseph Terence (58174521800); Mahmood Khan, Shariq (56326368600); Sebastian, Stina (58242494100); Nabeel Mustafa, Syed Muhammad (57216845702)","58174521800; 56326368600; 58242494100; 57216845702","A study on the E-commerce Trends using Data Analysis","2022","3rd International Conference on Innovations in Computer Science and Software Engineering, ICONICS 2022","","","","","","1","10.1109/ICONICS56716.2022.10100466","https://www.scopus.com/pages/publications/85158816328?origin=resultslist","Over the years, numerous businesses transitioned to creating online access, which helped them towards gaining access to a global presence. With the rise of ecommerce businesses accessed through websites or social media platforms, many seemed to have failed to generate sufficient revenue for themselves. Machine learning, artificial intelligence, and data science have aided retailers in managing their supplies, creating a brand for themselves with the review system, and providing the customer with recommendations. Moreover, with the help of these recommendations, customers have made the right choices when purchasing a product. Thus, this is what all established retailers and their customers demonstrate. Due to a massive increase in e-commerce businesses, it is significant to have details of all the ongoing strategies in the current business to ensure a reasonable growth rate. This study will interpret the different trends, platforms, and strategies involved in an ecommerce business.  © 2022 IEEE.","Analytics; e-Commerce; marketplace; Online Business; Trend Forecasting","Artificial intelligence; Growth rate; Sales; Analytic; E- commerces; E-commerce business; Gaining access; Machine-learning; Marketplace; On-line access; Online business; Social media platforms; Trend forecasting; Electronic commerce","Conference paper","Final","","Scopus","2-s2.0-85158816328"
"Yen H.S.; Ajibade S.-S.M.; Hoong A.L.S.; Culpable R.V.; Quirante C.A., III; Dayupay J.P.; Adetunla A.O.; Oyebode O.J.","Yen, Hew Sok (59717539200); Ajibade, Samuel-Soma M. (57209028006); Hoong, Angela Lee Siew (57703441200); Culpable, Rex V. (59311096300); Quirante, Celestino A. (59912109400); Dayupay, Johnry P. (57394496700); Adetunla, Adedotun O. (57194044144); Oyebode, Oluwadare Joshua (57192590199)","59717539200; 57209028006; 57703441200; 59311096300; 59912109400; 57394496700; 57194044144; 57192590199","Collaborative Filtering ML Technique for Recommendation in E-Commerce Energy System","2024","IEEE International Conference on Emerging and Sustainable Technologies for Power and ICT in a Developing Society, NIGERCON","","2024","","","","1","10.1109/NIGERCON62786.2024.10927177","https://www.scopus.com/pages/publications/105005950093?origin=resultslist","The growing integration of e-commerce into daily life has highlighted the essential need for recommender systems to enhance user experience and drive business success. This study examines machine learning techniques for developing effective recommender systems, with a particular focus on collaborative filtering (CF) and content-based filtering (CBF) methods. This study employs exploratory data analysis (EDA) to analyze e-commerce statistics, identifying trends in consumer behavior, product ratings, and user engagement, culminating in the development of a hybrid recommender system. The hybrid method amalgamates the benefits of Continuous Feedback (CF) with Context-Based Feedback (CBF) to deliver customized recommendations, hence improving accuracy and relevance for users. The application of hybrid models yields a notable improvement in predictive performance, evidenced by reduced mistake rates and heightened customer satisfaction. This research offers distinctive insights on user-product interactions, thereby advancing the comprehension of how machine learning could transform e-commerce personalization. © 2024 IEEE.","Algorithms; Customer Behaviour; E-commerce; Machine Learning; Recommender System","Consumer behavior; Evolutionary algorithms; Learning algorithms; Mobile commerce; User experience; Business success; Content based filtering; Customer behavior; Daily lives; E- commerces; Energy systems; Filtering method; Machine learning techniques; Machine-learning; Users' experiences; Marketplaces","Conference paper","Final","","Scopus","2-s2.0-105005950093"
"Nalluri P.; Rao R.S.","Nalluri, Padmaja (57211574314); Rao, R. Srinivasa (58565211500)","57211574314; 58565211500","Impact of Product Line on Shopping Motivations of Consumers in E-commerce—A Correspondence Analysis","2023","Global Business Review","","","","","","6","10.1177/09721509231170469","https://www.scopus.com/pages/publications/85170083731?origin=resultslist","An increasing number of e-commerce sites offering products globally have created a highly competitive marketplace across various market segments. E-retailers look to update their sites regularly to facilitate consumer decision-making. This article examines consumers’ motivational factors when shopping online and their association with online shopping sites offering different product lines delineating one online shopping site from another. Significant online shopping motivational factors identified through the literature review such as ease of navigation and website content, personalized services, discounts/promotional offers, range of products, familiarity with an e-store, reviews on-site, cancellation and returns policy, product quality and logistics were mapped with a few popular e-commerce sites in India offering different product lines, using correspondence analysis. Findings suggest consumers give more importance to quality, ease of navigation and website content, and personalized services when shopping at e-commerce platforms offering limited product lines like grocery/apparel. In contrast, good reviews, good logistics, clear order cancellations and return policy are more important when shopping at e-commerce sites providing an extensive product line. Such information can assist e-retailers in improvising their services to gain customer satisfaction and differentiate their website from others. © 2023 IMI.","Consumer behaviour; correspondence analysis; e-commerce; motivational factors; product line","","Article","Article in press","","Scopus","2-s2.0-85170083731"
"Ben Hamida A.G.","Ben Hamida, Abdel Ghaffar (60240670000)","60240670000","Adoption of Artificial Intelligence Technology by SMEs: Impact on Customized E-Marketing Strategies and Online Purchase","2025","Proceedings of the 2025 International Conference on Technology Enabled Economic Changes, InTech 2025","","","","1319","1324","0","10.1109/InTech64186.2025.11198535","https://www.scopus.com/pages/publications/105024848197?origin=resultslist","This research investigates the factors that lead SMEs to adopt AI technologies and studies the role of improving specific, personal e-marketing approaches and changing online buying behaviors. The emphasis is made on the use of the ever-evolving AI technique known as CV, which allows the analysis of visual data to develop sophisticated useroriented content in line with the user's preferred aesthetics. In this case, through the use of computer vision, SMEs can variably zone and market to certain audiences based on their physical inclinations and practices in e-marketing campaigns. With the help of product recommendations in the form of CV-enabled features, SMEs need this interaction to have a positive impact on consumers through loyalty and increasing conversion among those who are involved in online shopping. The research proves that applying superior AI techniques in e-marketing can offer SMEs a competitive advantage in e-commerce and help organizations develop massive and informational e-marketing strategies. Such findings can help SMEs know how best to apply artificial intelligence to improve the e-marketing returns on investments thereby improving consumer experience in online shopping markets. © 2025 IEEE.","AI adoption; Computer vision; Customized e-marketing; Digital marketplace; Online purchasing behavior; SMEs; User engagement; Visual recommendations","Artificial intelligence; Behavioral research; Competition; Electronic commerce; Information systems; Investments; Market Research; Marketplaces; Purchasing; Strategic planning; AI adoption; AI techniques; Customized e-marketing; Digital marketplace; E-marketing; Marketing strategy; Online purchasing behaviors; SME; User engagement; Visual recommendation; Computer vision","Conference paper","Final","","Scopus","2-s2.0-105024848197"
"Han Y.","Han, Yingchun (59415713900)","59415713900","Deep mining of e-commerce consumer behaviour data based on concept hierarchy tree","2024","International Journal of Web Based Communities","20","3-4","","323","339","0","10.1504/IJWBC.2024.142476","https://www.scopus.com/pages/publications/85209574821?origin=resultslist","In order to solve the problems of low data collection efficiency, high noise, and low accuracy in traditional e-commerce consumer behaviour user data mining methods, a deep mining method for e-commerce consumer behaviour data based on concept hierarchy tree is proposed. Use Python scripting language to collect e-commerce consumer behaviour data from e-commerce platforms, and use Myriad filtering algorithm to remove the interference noise in e-commerce consumer behaviour data. Based on non-interference noise free e-commerce consumer behaviour data, utilising domain expert participation and machine learning algorithms, a concept hierarchical tree based e-commerce consumer behaviour data mining model is established to achieve deep mining of e-commerce consumer behaviour data. Experimental results show that the method proposed in this paper collects e-commerce consumer behaviour data more quickly, effectively removes interference noise contained in e-commerce consumer behaviour data, and can effectively and deeply mine the behavioural preferences of e-commerce consumers, with significant applicability. © 2024 Inderscience Enterprises Ltd.","behaviour data; concept hierarchy tree; deep mining; e-commerce consumer; myriad filtering algorithm","Behavior data; Collection efficiency; Concept hierarchy tree; Data collection; Deep mining; E- commerces; E-commerce consumer; Filtering algorithm; Interference noise; Myriad filtering algorithm; Marketplaces","Article","Final","All Open Access; Bronze Open Access","Scopus","2-s2.0-85209574821"
"Obieze I.D.-D.; Idem U.J.; Olipede D.E.","Obieze, Ifechukwunyelum Deux-Didth (59548222100); Idem, Udosen Jacob (58140316800); Olipede, Dare Ezekiel (57984619800)","59548222100; 58140316800; 57984619800","Trends and Challenges of E-Commerce in Nigeria","2024","2024 International Conference on Decision Aid Sciences and Applications, DASA 2024","","","","","","0","10.1109/DASA63652.2024.10836531","https://www.scopus.com/pages/publications/85217253232?origin=resultslist","We live in a digital world around the internet. The concept of online buying and selling has always been fasciSnating; how individuals in different locations can seamlessly engage in commerce across borders. The purpose of this study is to uncover the common trends and challenges presented by e-commerce in the Nigerian market, drawing insights from two diverse markets: The United States and South Africa. This study also provides strategic recommendations for overcoming these hurdles such as reducing the data cost, providing appropriate internet technology, investing in infrastructure, and enacting adequate laws and regulatory bodies. The study concludes that although there is an ongoing exciting journey of digital transformation in Nigeria, we still have a long way to go to be on par with other countries like the United States and South Africa. This study will contribute to providing a guide for policymakers in Nigeria for future policy directions on e-commerce.  © 2024 IEEE.","Challenges; Nigeria; South Africa; the US; Trends in e-commerce","Challenge; Digital world; E- commerces; Nigeria; Nigerians; On-line Selling; Online buying; South Africa; The US; Trend in e-commerce; Marketplaces","Conference paper","Final","","Scopus","2-s2.0-85217253232"
"Kumar S.V.; Kumar P.; Saravanan S.","Kumar, S Vinodh (57216429188); Kumar, P. (58265901700); Saravanan, S. (57217569885)","57216429188; 58265901700; 57217569885","Enhancing E-Commerce Using Fashion Recommendation System","2025","Proceedings of International Conference on Visual Analytics and Data Visualization, ICVADV 2025","","","","864","868","2","10.1109/ICVADV63329.2025.10961349","https://www.scopus.com/pages/publications/105004412094?origin=resultslist","E-commerce faces difficulties in attaining personalized shopping experiences with which improved customer satisfaction and also increases sales. Traditional recommender systems often fail at giving appropriate predictions for user interest; this causes lower activity rates and even retention among the users. A recommended fashion e-commerce system is built here with the integration of the convolutional neural network technology that further enhances image-based analyses on the products. The user system has two modules here, the Admin and the User module. The Admin module manages inventory, tracks purchases, and maintains database integrity, and the user module provides an interface to browse products with personalized recommendations. The system analyzes product images and user behavior to provide accurate real-time suggestions by using CNNs along with collaborative filtering. This helps in better decision-making, reduces browsing time, and increases sales by targeted recommendations. The proposed system is therefore about revolutionizing the online shopping experience through the introduction of a smart, user-centric solution: thus, customer satisfaction and competitive advantage in e-commerce.  © 2025 IEEE.","Collaborative Filtering; Convolutional Neural Networks; E-Commerce; Fashion Recommendation; Inventory Management; Personalized Suggestions; ResNet; User Engagement; VGG (Visual Geometry Group)","Electronic money; Risk perception; Sales; User experience; Convolutional neural network; Customers' satisfaction; E-commerce systems; Fashion recommendation; Inventory management; Network technologies; Personalized suggestion; User engagement; Users' interests; Visual geometry group; Marketplaces","Conference paper","Final","","Scopus","2-s2.0-105004412094"
"Anwar D.; Faizanuddin M.; Rahman F.; Dayal R.","Anwar, Danish (59755920200); Faizanuddin, Md. (59320685500); Rahman, Faisal (59896958300); Dayal, Rajeshwar (59896185100)","59755920200; 59320685500; 59896958300; 59896185100","Analyzing Consumer Behavior in E-Commerce: Insights from Data-Driven Approaches; [Análisis del comportamiento del consumidor en el comercio electrónico: perspectivas de enfoques basados en datos]","2025","Management (Montevideo)","3","","127","","","1","10.62486/agma2025127","https://www.scopus.com/pages/publications/105005103612?origin=resultslist","Introduction: understanding modern shopping behaviors and developing effective marketing strategies have made e-commerce consumer analysis a critical tool for businesses. Objective: this study delves into consumer behavior patterns by analyzing a comprehensive Kaggle dataset centered on online retail activities, which includes demographic details, purchasing trends, and user engagement metrics. Utilizing advanced data science methodologies—such as data preprocessing, exploratory data analysis, and predictive modeling—the research uncovers valuable insights into customer segmentation, spending behaviors, and strategies to enhance customer retention. Method: the analysis reveals significant trends, such as the impact of seasonal variations on online shopping, the role of demographic factors in shaping product preferences, and the effectiveness of personalized marketing in boosting conversion rates. Result: these findings underscore the importance of tailoring marketing efforts to align with consumer needs and preferences. Additionally, the study highlights the necessity for e-commerce businesses to adopt continuous data monitoring and implement robust analytical frameworks to remain competitive in an ever-evolving digital marketplace. Conclusion: this research provides actionable recommendations for e-commerce stakeholders, emphasizing the integration of data-driven insights into their strategies. By leveraging these insights, businesses can optimize their marketing approaches, improve customer satisfaction, and ultimately drive growth in the highly competitive online retail landscape. © 2025; Los autores.","Consumer Behavior; E-Commerce Stakeholders; Marketing Strategies","","Article","Final","All Open Access; Gold Open Access","Scopus","2-s2.0-105005103612"
"Dube S.S.; Ncube N.; Mubaiwa T.; Marabada N.; Ndlovu S.","Dube, Samkeliso S (58136770400); Ncube, Nolwazi (57878827300); Mubaiwa, Tanaka (59794339700); Marabada, Namatirai (59237861600); Ndlovu, Siqabukile (58135462600)","58136770400; 57878827300; 59794339700; 59237861600; 58135462600","Rural-Based Agricultural Ecommerce Platform","2024","Proceedings of the 2024 3rd Zimbabwe Conference on Information Communication and Technology, ZCICT 2024","","","","","","0","10.1109/ZCICT63770.2024.10958376","https://www.scopus.com/pages/publications/105004546275?origin=resultslist","This project aimed to design and implement a rural-based agricultural e-commerce platform in Zimbabwe, addressing the longstanding challenges faced by rural farmers in accessing markets, achieving fair pricing, and overcoming logistical hurdles. Through a user-centred design approach and collaborative stakeholder engagement, the platform was developed to connect rural farmers directly with consumers and broader markets. Key features include enhanced market access, improved pricing, a user-friendly interface, logistics integration, and training programs for farmers. The platform has demonstrated significant potential in transforming the agricultural sector, improving livelihoods, and contributing to economic development goals in Zimbabwe. This project documentation provides a comprehensive overview of the project's objectives, methodology, achievements, challenges, and recommendations for future work, serving as a valuable resource for stakeholders and researchers in the field of agricultural e-commerce and rural development.  © 2024 IEEE.","Agricultural e-commerce; market access; rural development; Zimbabwe","Agricultural products; Crops; Cultivation; Electronic money; Farms; Forestry; User centered design; Agricultural e-commerce; Commerce platforms; Design and implements; E- commerces; Fair pricing; Market access; Rural development; Stakeholder engagement; User-centered design approaches; Zimbabwe; Marketplaces","Conference paper","Final","","Scopus","2-s2.0-105004546275"
"Yadav A.B.","Yadav, Akshay Baburao (58026037400)","58026037400","Strengthening consumer consent in e-commerce: Legal and policy reforms to address dark patterns and AI-driven challenges","2026","Journal of Data Protection and Privacy","8","3","","254","271","0","10.69554/MYRT2092","https://www.scopus.com/pages/publications/105036834813?origin=resultslist","India’s e-commerce ecosystem increasingly relies on algorithmic personalisation and data-driven business models that depend on consumer consent to legitimise large-scale personal data processing. In practice, however, consent is frequently shaped by interface design choices, bundled permissions and opaque artificial intelligence (AI)-driven profiling, raising concerns about whether user consent remains informed, voluntary and meaningful. This paper critically examines the effectiveness of consent mechanisms deployed by Indian e-commerce platforms under the Digital Personal Data Protection Act 2023 (DPDP Act) and the Digital Personal Data Protection Rules 2025 (DPDP Rules). Drawing on comparative insights from the European Union’s General Data Protection Regulation (GDPR) and the US sector-specific privacy framework, it analyses how dark patterns, fragmented consent flows and automated decision-making (ADM) practices undermine user autonomy in practice. Through doctrinal and platform-level analysis, the paper identifies structural deficiencies in the operationalisation of consent across the e-commerce life cycle. It proposes targeted legal and policy reforms aimed at strengthening granular consent, enhancing transparency and accountability, and addressing AI-driven consent challenges. By repositioning consent as a substantive privacy safeguard rather than a procedural formality, the paper seeks to reinforce consumer trust and support a rights-respecting digital marketplace in India. This article is also included in The Business & Management Collection which can be accessed at https://hstalks.com/business/. © Henry Stewart Publications 2398-1687 (2026)","consent mechanism; consumer; dark patterns; data privacy; Digital Personal Data Protection (DPDP) Act; e-commerce","","Article","Final","","Scopus","2-s2.0-105036834813"
"Lin S.-E.; Liu B.; Chiang M.-C.; Hong M.-Y.; Huang Y.-S.; Wang C.-J.; Lin C.","Lin, Shao-En (59176417900); Liu, Brian (59897957700); Chiang, Miao-Chen (59898159100); Hong, Ming-Yi (58970013500); Huang, Yu-Shiang (59617071900); Wang, Chuan-Ju (35249652600); Lin, Che (57191725566)","59176417900; 59897957700; 59898159100; 58970013500; 59617071900; 35249652600; 57191725566","BETag: Behavior-enhanced Item Tagging with Finetuned Large Language Models","2025","WWW 2025 - Proceedings of the ACM Web Conference","","","","4996","5009","1","10.1145/3696410.3714769","https://www.scopus.com/pages/publications/105005139816?origin=resultslist","Tags play a critical role in enhancing product discoverability, optimizing search results, and enriching recommendation systems on e-commerce platforms. Despite the recent advancements in large language models (LLMs), which have shown proficiency in processing and understanding textual information, their application in tag generation remains an under-explored yet complex challenge. To this end, we introduce a novel method for automatic product tagging using LLMs to create behavior-enhanced tags (BETags). Specifically, our approach begins by generating base tags using an LLM. These base tags are then refined into BETags by incorporating user behavior data. This method aligns the tags with users’ actual browsing and purchasing behavior, enhancing the accuracy and relevance of tags to user preferences. By personalizing the base tags with user behavior data, BETags are able to capture deeper behavioral insights, which is essential for understanding nuanced user interests and preferences in e-commerce environments. Moreover, since BETags are generated offline, they do not impose real-time computational overhead and can be seamlessly integrated into downstream tasks commonly associated with recommendation systems and search optimization. Our evaluation of BETag across three datasets— Amazon (Scientific), MovieLens-1M, and FreshFood—shows that our approach significantly outperforms both human-annotated tags and other automated methods. These results highlight BETag as a scalable and efficient solution for personalized automated tagging, advancing e-commerce platforms by creating more tailored and engaging user experiences. © 2025 Copyright held by the owner/author(s).","Information Retrieval; Large Language Models; Personalization; Recommendation; Tagging System; User Behavior Modeling","Content based retrieval; Interactive computer systems; Marketplaces; Modeling languages; Online searching; Real time systems; Search engines; Commerce platforms; E- commerces; Language model; Large language model; Personalizations; Recommendation; Tagging systems; User behavior modeling; User behaviors; User's preferences; Recommender systems","Conference paper","Final","All Open Access; Gold Open Access","Scopus","2-s2.0-105005139816"
"Balaji S.; Manikavelan D.","Balaji, S. (59889177300); Manikavelan, D. (56040704900)","59889177300; 56040704900","Enhancing E-Commerce Predictive Analytics using Ensemble Models for Consumer Behaviour and Market Forecasting","2025","International Conference on Intelligent Systems and Computational Networks, ICISCN 2025","","","","","","1","10.1109/ICISCN64258.2025.10934325","https://www.scopus.com/pages/publications/105002684401?origin=resultslist","Predictive analytics is becoming more and more crucial in the fast-changing e-commerce sector, which helps businesses predict consumer behavior, enhance marketing, and optimize operational efficiency. This project aims to improve predictive analytics in e-commerce using machine learning techniques. AI is a fast-developing field that plays a significant role in data analysis and forecasting, allowing businesses to make informed decisions. The research utilizes algorithmic learning that involves ensemble models such as Kernel Support Vector Machine, Kernel Principal Component Analysis, and a Mentor-Learner based Optimization model. The main aim is to understand the potential growth and prospects of online shopping in the future. To achieve this, secondary data on ecommerce valuation was analyzed to generate revenue insights and understand online customer behavior better. Then, Python was applied to predict the sector's contribution from 2024 to 2026. The study also incorporates factors such as the proportion of Indian online consumers and e-commerce revenue to improve market price prediction accuracy. By combining academic research with industry practices, this paper offers valuable recommendations for online shopping managers and executives seeking to implement neural networks for analytical forecasting. The MAPE for KPCA-SVM-MLBO was 0.189%, significantly lower than the MAPE values of 0.769% and 0.547% for PCA-SVM-PSO and SVM-MLBO, respectively.  © 2025 IEEE.","e-commerce forecasting; ensemble models; kernel SVM and market price prediction; machine learning; predictive analytics","Adversarial machine learning; Marketplaces; Prediction models; E- commerces; E-commerce forecasting; Ensemble models; Kernel SVM and market price prediction; Machine-learning; Market forecasting; Market price; Online shopping; Operational efficiencies; Price prediction; Predictive analytics","Conference paper","Final","","Scopus","2-s2.0-105002684401"
"Singh U.; Venkatesh J.D.; Muraleedharan A.; Saluja K.S.; Anamika J.H.; Biswas P.","Singh, Utkarsha (59383194800); Venkatesh, Jeevithashree Divya (58838707300); Muraleedharan, Anujith (58827534000); Saluja, Kamalpreet Singh (57204033632); Anamika, J.H. (59339845700); Biswas, Pradipta (14007579800)","59383194800; 58838707300; 58827534000; 57204033632; 59339845700; 14007579800","Accessibility Analysis of Educational Websites Using WCAG 2.0","2024","Digital Government: Research and Practice","5","3","32","","","10","10.1145/3696318","https://www.scopus.com/pages/publications/85207099075?origin=resultslist","In recent years, the internet has emerged as the primary information hub, encompassing various domains such as education, healthcare, government, and e-commerce. With a vast user base relying on websites for accessing essential information, ensuring web content accessibility has become imperative. Meeting accessibility guidelines is crucial to accommodate users with diverse abilities worldwide. This article examines accessibility variances among education board websites hosting higher-level school leaving examinations. The study evaluates the landing pages of 13 educational websites from both developing and developed countries, employing six Web Content Accessibility Guidelines (WCAG) tools endorsed by the World Wide Web Consortium (W3C). The study has meticulously compiled the outcomes of each assessment tool, delineating the diverse accessibility concerns encountered on each website. Furthermore, alternative recommendations have been proposed to assist web developers in rectifying these issues. The findings underscore a higher prevalence of accessibility issues within the education board websites of developing countries compared to their developed counterparts. Specifically, the analysis revealed prominent text contrast failures among selected web pages from developing nations, while non-text contrast failures were more prevalent in those from developed countries. Notably, the education board websites of India and Japan emerged with the highest number of accessibility issues among the sampled websites. As a way forward, a case study was shown on using LLM for making websites accessible.  © 2024 Copyright held by the owner/author(s).","Developed and developing countries; educational board websites; W3C (world wide web consortium); WCAG (web content accessibility guidelines); web accessibility; web accessibility evaluation tools","Marketplaces; Accessibility evaluation; Developed and developing country; Educational board website; Evaluation tool; W3C (world wide web consortium); Web accessibility; Web accessibility evaluation tool; Web content accessibility guideline; Web content accessibility guidelines; World wide web consortiums; Websites","Article","Final","All Open Access; Hybrid Gold Open Access","Scopus","2-s2.0-85207099075"
"Grande R.; Sánchez-Sobrino S.; Vallejo D.; Castro-Schez J.J.; Albusac J.A.","Grande, Rubén (57959989800); Sánchez-Sobrino, Santiago (57215415630); Vallejo, David (23010740800); Castro-Schez, José Jesús (6602954376); Albusac, Javier A. (23089942600)","57959989800; 57215415630; 23010740800; 6602954376; 23089942600","Narrowing the Technological Gap by Promoting Small Commerce Through VR and AI for a Lifelike E-Commerce Experience: Needs and Solutions","2024","Lecture Notes in Business Information Processing","519 LNBIP","","","92","112","1","10.1007/978-3-031-64755-0_5","https://www.scopus.com/pages/publications/85204937758?origin=resultslist","In recent years, the increasing popularity and demand of e-commerce services and online retail has adversely impacted small businesses without an online presence, leading to unfortunate consequences for local services and economies. Despite efforts to digitise small commerce, large retail businesses continue to maintain a superior position in technological capability. By foreseeing and adapting to the forthcoming stages of e-commerce’s field evolution, likely to be significantly dependent on Virtual Reality and Artificial Intelligence, small businesses need to close this technological gap in order to remain competitive and avoid disappearing. In this chapter, we introduce VR-ZOCO, a platform that integrates these two technologies, enabling local businesses to collaborate and overcome physical limitations, consequently offering a limitless virtual retail space. The system also incorporates retail collection points and constructs appealing leisure plans around these points via the results of a recommendation system, thus stimulating urban activity and strengthening local economies. Moreover, we will explore the needs of small businesses to obtain 3D models of their products and incorporate them into VR-ZOCO, as well as proposed solutions and how we will research them. © The Author(s), under exclusive license to Springer Nature Switzerland AG 2024.","3D scanning; Artificial intelligence; e-Commerce; Recommender systems; Virtual reality","Marketplaces; 3D-scanning; E- commerces; E-commerce services; Field evolution; Local economy; Local service; Online retails; Retail business; Small business; Technological capability; Virtual environments","Conference paper","Final","","Scopus","2-s2.0-85204937758"
"Wu P.-Y.; Lai Y.-R.; Chang R.-I.; Liu S.-Y.","Wu, Po-Yen (57198810158); Lai, Yu-Rong (59348741700); Chang, Ray-I (7403713403); Liu, Shin-Yat (59348338300)","57198810158; 59348741700; 7403713403; 59348338300","Improve User-Experience of E-Commerce Website by Graph Analysis with Deep Learning","2019","Proceedings - 2019 IEEE 5th International Conference on Big Data Intelligence and Computing, DataCom 2019","","","","230","233","0","10.1109/DataCom.2019.00042","https://www.scopus.com/pages/publications/85205281136?origin=resultslist","Customers regard good user-experience (UX) as the key factor in online shopping. Therefore, e-commerce (EC) websites will track users' behaviors for analyzing their relations to products. According to these analysis results, the websites' layout/workflow and recommendation are tuned to improve UX. However, conventional analysis tools usually focus on user-to-product relations. They are not good at analyzing ""big and graphical""user behavior data. In this paper, we develop a graph analysis system with deep learning GNN (graph neural network). Our system uses the standard format xAPI to record user behavior data. We use graph analysis to discover their relations for improving UX. Experiments are on a real EC website with about 6,000 users in 3 months. Our system can reduce over 28% browsing actions of users to reach the page of desired products. © 2019 IEEE.","big data; deep learning; e-commerce; graph analysis; graph neural network; UX; xAPI","Adversarial machine learning; Contrastive Learning; Graph neural networks; Marketplaces; Deep learning; E- commerces; E-commerce websites; Graph analysis; Graph neural networks; Key factors; Online shopping; User behaviors; Users' experiences; XAPI","Conference paper","Final","","Scopus","2-s2.0-85205281136"
"Tran H.M.N.; Nguyen H.T.; Nguyen V.L.","Tran, Hong Minh Ngoc (58922906000); Nguyen, Hoang Thanh (60405204500); Nguyen, Vu Linh (60405953000)","58922906000; 60405204500; 60405953000","The Impact of Electronic Commerce Experience on Online Purchase Intention: A Digital Consumer Behavior Perspective on Sokfarm Coconut Nectar Products","2026","ICBIM 2025 - The 9th International Conference on Business and Information Management","","","","136","140","0","10.1145/3785171.3785181","https://www.scopus.com/pages/publications/105030442415?origin=resultslist","The rapid proliferation of digital technologies and electronic commerce (e-commerce) is fundamentally transforming consumer behavior, particularly in niche markets such as specialty agricultural products like coconut nectar. This study investigates the electronic-driven factors shaping online purchase intention for Sokfarm, a leading organic agricultural brand, within e-commerce ecosystems. Focusing on the concept of electronic experience, the research examines four technology-intensive variables: perceived digital risk, trust in electronic commerce systems, subjective norms within digital communities, and, most critically, electronic web interface design - the cornerstone of technological investment in user interaction. Data were collected from 150 consumers in Can Tho City via an online survey and analyzed using SPSS software. The findings reveal that all electronic factors significantly influence purchase intention, with electronic web interface design exerting the most substantial impact, underscoring the pivotal role of user-centric digital experiences in e-commerce. This study highlights the indispensable role of electronic infrastructure in fostering digital trust, reducing perceived risks, and elevating the electronic consumer experience. The results provide strategic insights for Sokfarm to enhance its electronic commerce infrastructure, optimize web interface design, and deploy targeted electronic marketing strategies to drive online business performance. © 2025 Copyright held by the owner/author(s)","Can Tho City; Digital Consumer Behavior; Electronic Commerce; Online Purchase Intention; Vietnam","Agriculture; Consumer behavior; Human computer interaction; Information systems; Information use; Investments; Marketplaces; Purchasing; Sales; User interfaces; Web Design; Can tho city; Digital consumer behavior; Digital electronics; Digital technologies; Niche markets; Online purchase intention; Organics; Purchase intention; Viet Nam; Web interface design; Electronic commerce","Conference paper","Final","All Open Access; Gold Open Access","Scopus","2-s2.0-105030442415"
"Padilla V.S.; Espinal A.; Geraghty J.P.","Padilla, V. Sanchez (57223029085); Espinal, Albert (57211387582); Geraghty, John P. (60380286300)","57223029085; 57211387582; 60380286300","E-Commerce and Supply Chain Challenges in Latin America: Opportunities and Complexities in the Digital Age","2025","TEMSCON LATAM 2025 - Technology and Engineering Management Society Conference","","","","","","0","10.1109/TEMSCONLATAM65810.2025.11238461","https://www.scopus.com/pages/publications/105029810052?origin=resultslist","The convergence of e-Commerce and supply chain dynamics presents both opportunities and challenges for businesses in Latin America. By adopting digital technologies, companies can improve logistics, adapt to consumer behavior trends, and strengthen regional trade flows. This paper reviews the current state of e-Commerce in the region, drawing on academic sources and industry reports to examine technology adoption, policy frameworks, and institutional efforts. It also analyzes key barriers to supply chain modernization, including trade finance limitations, infrastructure gaps, and the uneven use of digital tools. Based on these findings, the paper offers practical recommendations for improving connectivity, investing in infrastructure, and developing workforce skills to support sustainable digital transformation in logistics and commerce.  © 2025 IEEE.","blockchain; digital transformation; Electronic commerce; Internet of Things; Latin America; supply chain management","Consumer behavior; Digital devices; Information systems; Internet of things; Marketplaces; Personnel; Public policy; Supply chain management; Block-chain; Chain management; Digital age; Digital technologies; Digital transformation; E- commerces; Latin America; Regional trade; Supply chain dynamics; Technology companies; Electronic commerce","Conference paper","Final","","Scopus","2-s2.0-105029810052"
"Fedorko R.; Kráľ Š.","Fedorko, Richard (56481609700); Kráľ, Štefan (57467040000)","56481609700; 57467040000","Chapter 14: E-Commerce in Industry 5.0: Insights into Consumer Purchasing Preferences and Behavior","2025","Contemporary Issues in Entrepreneurship Research","32","10","","241","256","0","10.1108/S2040-724620250000022036","https://www.scopus.com/pages/publications/105029645385?origin=resultslist","This chapter explores how small- and medium-sized enterprises (SMEs) can strengthen their resilience by adapting to the dynamics of digital commerce, focusing on the integration of consumer behavior insights and digital marketing strategies. The research underscores the growing significance of e-commerce as a vital component of modern business practices. The primary objective of this chapter is to determine the relationships and differences between selected aspects of e-commerce, consumer purchasing behavior, and consumer preferences. Through a detailed analysis of current consumer behavior trends, this chapter identifies key factors influencing online purchasing decisions, including the perception of risk, ease of use, and the role of trust in digital transactions. The findings reveal that SMEs can achieve sustained growth by adopting tailored digital strategies that align with consumer expectations and preferences. Furthermore, this chapter discusses the critical role of digital marketing tools, such as social media and content marketing, in engaging consumers and building brand loyalty. By effectively utilizing these tools, SMEs can not only attract but also retain customers in an increasingly competitive digital marketplace. This chapter also highlights the importance of a customer-centric approach, emphasizing the need for agility and adaptability in business operations. In conclusion, this chapter offers practical recommendations for SMEs to navigate the complexities of the digital economy, ensuring their resilience and competitiveness in the era of Industry 5.0. By leveraging consumer behavior insights, analyzing the interplay between e-commerce aspects and consumer preferences, and embracing digital transformation, SMEs can position themselves to thrive amid technological advancements and evolving market demands. © 2026 Richard Fedorko and Štefan Kráľ","consumer behavior; D12; digital marketing; E-commerce; Industry 5.0; L81; M31; SME resilience","","Article","Final","","Scopus","2-s2.0-105029645385"
"Kaur A.; Srivastava A.; Trivedi S.; Srivastava P.; Dikshit S.K.","Kaur, Arveen (59714717100); Srivastava, Alpana (57193730141); Trivedi, Shekhar (57219419927); Srivastava, Priyanka (60178119400); Dikshit, Shashi Kant (57219416981)","59714717100; 57193730141; 57219419927; 60178119400; 57219416981","Buying at First Sight: Modelling the Determinants of UI on Generation Z's E-Impulsive Buying Behaviour","2026","International Review of Management and Marketing ","16","1","","44","52","1","10.32479/irmm.21421","https://www.scopus.com/pages/publications/105021268964?origin=resultslist","Online shopping has become the dominant retail shopping choice in India, driven by Generation Z's preference due to the seamless experience in e-commerce. This research examines how the user interface design elements - Social Influencers, Mannequin Display and Website Rewards influence Generation Z's E-impulsive buying behaviour in Indian E-commerce markets. Random and Purposive sampling approach was adopted to collect 388 responses from Gen Z through a structured survey and questionnaire instrument floated via social media platforms. This research framework examined four constructs, namely Social Influencers, Mannequin Display, Website Rewards and E-Impulsive Buying and their relationship was tested using Structural Equation Modelling - SMARTPLS. Findings of this study revealed a significant positive relationship between social influencers and e-impulsive buying (βl = 0.211, P = 0.009), rewards and e-impulsive buying (βl = 0.658, P = 0.000) and mannequin display with e-impulsive buying (βl = 0.197, P = 0.028). This study provides theoretical and practical implications based on the real-world scenario for interface designers and e-businesses to increase their market reach and shoppers' engagement in India's digital marketplace. © 2026 Econjournals. All rights reserved.","Consumer Behaviour; E-Impulsive Buying; Generation Z; Theory of Planned Behaviour; User Interface (UI) Design","","Article","Final","All Open Access; Gold Open Access","Scopus","2-s2.0-105021268964"
"Peña-García N.; Losada-Otálora M.; Auza D.P.; Cruz M.P.","Peña-García, Nathalie (57202849705); Losada-Otálora, Mauricio (55695829400); Auza, David Pérez (59360120900); Cruz, María Paula (59360433500)","57202849705; 55695829400; 59360120900; 59360433500","Reviews, trust, and customer experience in online marketplaces: the case of Mercado Libre Colombia","2024","Frontiers in Communication","9","","1460321","","","13","10.3389/fcomm.2024.1460321","https://www.scopus.com/pages/publications/85205893265?origin=resultslist","Purpose: The research focuses on the crucial role of online reviews in shaping consumer trust in e-commerce platforms, examining the impact of perceived authentic and fake reviews on purchasing decisions and platform reputation. It assesses how consumers perceive review authenticity and quality and their effects on trust levels in reviews, marketplaces, and reputation systems. It also explores the relationship between trust forms and overall experiences. Design/methodology: A quantitative approach is employed, utilizing a questionnaire distributed to recent Mercado Libre buyers. To test hypotheses, data from 326 valid responses are analyzed using confirmatory factor analysis and Partial Least Squares Structural Equation Modeling (PLS-SEM). Findings: Findings reveal that fake review perception negatively affects trust in rating systems, while high-quality reviews positively influence all trust forms. Customer experience is directly impacted by trust in marketplaces and rating systems, indicating a mediation effect of trust in the rating system on the relationship between fake review perception and customer experience. Research limitations/implications: Limitations include using a convenience sample and focusing on trust in the rating system rather than reviews or the marketplace, suggesting avenues for future research. Practical implications include recommendations to ensure review quality, enhance rating system controls, and promote review usage in the purchase process. Originality: The study addresses a timely and relevant gap in understanding the impact of reviews on e-commerce trust, particularly within the context of Latin America and Mercado Libre’s dominance in the region’s e-commerce landscape. Copyright © 2024 Peña-García, Losada-Otálora, Auza and Cruz.","Colombia; customer experience; fake reviews; marketplace; trust","","Article","Final","All Open Access; Gold Open Access; Green Open Access","Scopus","2-s2.0-85205893265"
"Kohli S.; Shukla R.P.","Kohli, Sahil (57809307800); Shukla, Rishi Prakash (57189340949)","57809307800; 57189340949","Algorithmic Explorations in Webrooming: A Deep Dive into Tools and Technologies for Enhanced Consumer Engagement","2024","2024 15th International Conference on Computing Communication and Networking Technologies, ICCCNT 2024","","","","","","2","10.1109/ICCCNT61001.2024.10725856","https://www.scopus.com/pages/publications/85213012666?origin=resultslist","This study provides a comprehensive analysis of the latest tools and technologies facilitating the webrooming phenomenon, aiming to enhance the modern consumer experience. Through a systematic literature review and comparative analysis, the study identifies a diverse range of technologies, including e-commerce platforms, consumer review platforms, augmented and virtual reality, chatbots, data analytics, and omnichannel integration. Each tool and technology offer unique features and advantages, contributing to the enhancement of the webrooming experience. The study provides practical recommendations for businesses and researchers, such as adopting a holistic approach, leveraging advanced personalization techniques, exploring immersive technologies, investing in omnichannel integration solutions, investigating emerging technologies, and addressing privacy concerns. However, the rapidly evolving nature of technology may lead to the emergence of new tools and innovations not covered in this research, necessitating continuous monitoring and updating of research in this field. © 2024 IEEE.","Analytics; AR; Chatbots; Consumer Experience; E-commerce; Omnichannel; Personalization; Technologies; VR; Webrooming","Analytic; AR; Chatbots; Consumer experience; Omnichannel; Personalizations; Technology; Tools and technologies; VR; Webrooming; Marketplaces","Conference paper","Final","","Scopus","2-s2.0-85213012666"
"Sheik Abdullah A.; Suseendhar B.; John S.; Jefrin T.","Sheik Abdullah, A. (57190010410); Suseendhar, B. (59698133700); John, Sharon (59547180600); Jefrin, Tanisha (59699189200)","57190010410; 59698133700; 59547180600; 59699189200","An Automated Recommendation Model for E-Commerce Web Application Using Machine Learning","2024","Proceedings of 2024 2nd International Conference on Recent Trends in Microelectronics, Automation, Computing, and Communications Systems: Exploration and Blend of Emerging Technologies for Future Innovation, ICMACC 2024","","","","172","177","0","10.1109/ICMACC62921.2024.10894170","https://www.scopus.com/pages/publications/105000350602?origin=resultslist","The rapid evolution of the Internet and technological advancements have revolutionized the retail landscape, giving rise to e-commerce as a dominant force in the industry. In response to the increasing demand for online shopping, businesses are compelled to develop innovative, user-friendly web applications to cater to evolving consumer needs. This abstract introduces an innovative e-commerce web application designed to transform the online shopping experience. Leveraging cutting-edge technologies, intuitive user interfaces, and personalized recommendations, our web application aims to enhance convenience, engagement, and customer satisfaction. Through a comparative analysis, we demonstrate that our solution surpasses existing methods. Our e-commerce web application boasts intuitive search and filtering capabilities, empowering users to easily navigate through a vast product catalogue. Moreover, sophisticated recommendation algorithms, driven by machine learning techniques, provide personalized product suggestions based on users' browsing and purchasing history, significantly enhancing the overall shopping experience. The web application ensures seamless performance, even during peak traffic periods and also offers integrated secure payment gateways for customers confidence and peace of mind while completing transactions. By combining advanced technology with user-centric design, this e-commerce web application sets a new standard for online shopping, promising increased convenience, engagement and satisfaction for users. © 2024 IEEE.","E-commerce; Online shopping; Recommendation Algorithm; User friendly; Web application","Adversarial machine learning; Customer satisfaction; Sales; Consumer's needs; Cutting edge technology; E- commerces; Machine-learning; Online shopping; Recommendation algorithms; Technological advancement; User friendly; WEB application; Web applications; Marketplaces","Conference paper","Final","","Scopus","2-s2.0-105000350602"
"Tao M.; Alam F.; Lahuerta-Otero E.; Mengyuan C.","Tao, Meng (57205145347); Alam, Faizan (57221587832); Lahuerta-Otero, Eva (56313072600); Mengyuan, Chen (58917701900)","57205145347; 57221587832; 56313072600; 58917701900","Get Ready to Buy With Me: The Effect of Social Presence Interaction and Social Commerce Intention on S-commerce Live Streaming","2024","SAGE Open","14","1","","","","17","10.1177/21582440241232751","https://www.scopus.com/pages/publications/85186589066?origin=resultslist","In this manuscript, we show that live streamers impact purchasing intention. This research provides a more comprehensive understanding of broadcasters’ effect on purchasing intention through virtual friendship, emotional engagement, and platform attachment. The study’s framing contributes significantly to marketing literature and represents an effort to depart from previous findings on live streamers and their effect on purchasing behavior. Moreover, our research fills a knowledge gap by demonstrating how live streamers affect consumers in numerous ways (e.g., emotional and friendly appeal toward products). Simultaneously, the moderator role of social presence interaction plays a significant role in building a vibrant and friendly environment and urges users to purchase online. The mediation role of social commerce intention strengthens the relationship between live streamers and consumers. By doing so, we can make strong and significant recommendations for organizations and practitioners on using social media and s-commerce efficiently, with actions that can generate more engagement and, in turn, higher purchase intention. © The Author(s) 2024.; The crisis caused by COVID-19 has forced many vendors to consider alternative marketing strategies, such as live streaming on social commerce platforms. Social commerce live streaming involves using live streamers to endorse and sell products on their own social media accounts. Statistics show that this format can serve as a survival tool for vendors in exceptional circumstances. However, it is also a valuable opportunity to bring innovation and engagement to traditional e-commerce vendors. Based on a sample of 621 Chinese consumers, this empirical research proposes that features of live streamers (expertise, attractiveness, and humor) play an essential role in social commerce intention. At the same time, virtual friendship, emotional engagement, and platform attachment are antecedents of online purchasing intentions. It also contends that social presence interaction has a moderating effect on live s-commerce and that these elements together constitute a comprehensive model of live s-commerce. Our findings reveal that virtual friendship, platform attachment, and emotional engagement with live streamers are crucial for increasing buying intentions, and they confirm the mediation effect of social commerce intention and the moderating effect of social presence interaction. The practical and theoretical implications are pointed out to assist brands, managers, retailers, and e-marketplaces in developing effective marketing plans. © The Author(s) 2024.","emotional engagement; live streamers; online purchase intention; social commerce; social presence; virtual friendship","","Article","Final","All Open Access; Gold Open Access; Green Open Access","Scopus","2-s2.0-85186589066"
"Tirupathaiah A.; Sumanth M.S.; Seshasai T.","Tirupathaiah, Amarthaluri (60621967300); Sumanth, Mulamraju Sai (60621872000); Seshasai, T. (60622071100)","60621967300; 60621872000; 60622071100","Personalized E-Commerce Recommendations through Hybrid Social Media-Graph Neural Networks","2026","Proceedings of 6th International Conference on Expert Clouds and Applications, ICOECA 2026","","","","1849","1854","0","10.1109/ICOECA68095.2026.11485600","https://www.scopus.com/pages/publications/105038105804?origin=resultslist","The use of recommender systems to direct consumers towards certain products has grown in tandem with the popularity of online marketplaces. Despite their initial naiveté, these systems have grown into an invaluable asset for businesses, making it easier for customers to discover things they love. Although there are still major obstacles in the form of research gaps and privacy concerns, recommender systems do use data mined from user activity or hand-coded product knowledge to analyse databases. To tackle these difficulties, this paper presents a platform for E-Commerce Recommendation that is built on GNN. After tokenisation, lemmatisation, and snowball stemming were used for data preprocessing, dimensionality reduction, and feature extraction, PCA was applied. The next step was to build prediction models using GNN techniques and compare them to more traditional machine learning methods. The results showed that the proposed GNN model outperformed competing models in e-commerce recommendation tasks and related domains like cardiovascular illness prediction, reaching an accuracy of 96.35%. Although user privacy must be carefully considered in recommender system design, these results show that GNN-based architectures have the ability to improve recommendation accuracy, fill in research gaps, and make online shopping more personalised. © 2026 IEEE.","Graph Neural Networks (GNNs); PCA through Eigen Value Decomposition (PEVD); Snowball Stemmer (SBS)","Data mining; Data privacy; Dimensionality reduction; Electronic commerce; Graph neural networks; Learning systems; Recommender systems; Social networking (online); E-commerce recommendations; Eigenvalue decomposition(EVD); Graph neural network; Graph neural networks; Online marketplaces; PCA through eigen value decomposition; Privacy concerns; Research gaps; Snowball stemmer; Social media; Online systems","Conference paper","Final","","Scopus","2-s2.0-105038105804"
"Akbar S.; Divya Sri N.; Sajida Sultana S.K.","Akbar, Syed (60504021300); Divya Sri, N. (60503234900); Sajida Sultana, S.K. (57216656617)","60504021300; 60503234900; 57216656617","Predicting User Satisfaction from Swiggy Reviews: A Machine Learning Approach","2025","4th International Conference on Automation, Computing and Renewable Systems, ICACRS 2025 - Proceedings","","","","1356","1362","0","10.1109/ICACRS67045.2025.11324173","https://www.scopus.com/pages/publications/105032751860?origin=resultslist","The sector of food service in India has undergone a rapid transformation with the advent of online food delivery services, e.g., Swiggy and Zomato, where the consumer's choice is very much influenced by reviews, sentiments, influencers, and digital interactions. Prior research has identified various factors affecting platform performance post-pandemic, such as demand-supply dynamics, user satisfaction, pricing transparency, online payments, and changing views of ""local food.""This study extends these insights and performs a case analysis based on a vast Swiggy dataset comprising restaurant data, cuisines, ratings, pricing and city-wise distributions employing various machine learning algorithms like Random Forest, Decision Tree, Gradient Boosting, Linear Regression, and SVR. The findings indicate that ratings are mainly determined by cuisine diversity and city location, while moderate R2 values imply that other factors, such as taste authenticity, service quality, and ambience, also play a role in the rating process. PCA detects independent major components, and permutation-based feature importance reaffirms that city and cuisine are the most influential predictors. The paper presents a solid case that customer behaviour, culture, restaurant diversity, and the company's recommendation system work together to form a significant part of Swiggy's digital ecosystem, delivering crucial insights for the purveyors, techies, and marketers to tune their approaches, increase the customer satisfaction level, and further develop accurate predictive models for the food delivery sector. © 2025 IEEE.","e-commerce; service quality; Swiggy; Zomato","Behavioral research; Costs; Customer satisfaction; Decision trees; Learning systems; Machine learning; Quality of service; Random forests; Delivery service; E- commerces; Food delivery; Foodservices; Machine learning approaches; Rapid transformations; Service Quality; Swiggy; Users' satisfactions; Zomato; Electronic commerce","Conference paper","Final","","Scopus","2-s2.0-105032751860"
"Lin Y.; Solem B.A.; Sjödin D.; Parida V.","Lin, Yi (58493977600); Solem, Birgit Apenes (57185620800); Sjödin, David (36136176000); Parida, Vinit (14065252500)","58493977600; 57185620800; 36136176000; 14065252500","Keep the ball rolling: Harnessing generativity in online retail platforms","2025","Business Horizons","68","5","","601","612","1","10.1016/j.bushor.2024.07.002","https://www.scopus.com/pages/publications/105005603475?origin=resultslist","Online retail platforms face significant challenges, including intense competition, the chicken-or-egg dilemma in acquiring consumers and sellers for network effects and establishing sustainable growth models. This article addresses these challenges by focusing on the concept of generativity: a platform's ability to expand product and ecosystem boundaries, thereby unlocking the potential economies of scale and scope. Drawing on experiences from both small and large online retail platforms, we outline an extended set of strategic actions to foster generativity by engaging consumers (e.g., facilitating consumer creativity), complementors (e.g., creating open marketplaces), and their cross-sided interactions (e.g., extending interaction along consumer journeys). For each strategy, we provide practical, actionable recommendations that platform owners can implement to expand their product offerings and add new functions and services to improve interactions between participants. By emphasizing the importance of integrating the contributions of both consumers and complementors, these strategies foster a dynamic and innovative platform ecosystem, which is crucial for the sustained growth and competitiveness of online retailers. © 2024 Kelley School of Business, Indiana University","Customer engagement; E-commerce strategies; Generativity; Multisided platforms; Online retailers","","Article","Final","All Open Access; Green Open Access; Hybrid Gold Open Access","Scopus","2-s2.0-105005603475"
"Mukesh R.; Sivaramakrishnan P.; Majeeth N.D.A.","Mukesh, R. (60574869200); Sivaramakrishnan, P. (60575200000); Majeeth, Najeem Dheen Abdul (58919102800)","60574869200; 60575200000; 58919102800","Developing a Secure, Scalable MERN Web Platform for Real-Time Food Ordering and Financial Transactions","2025","2025 4th International Conference on Smart Technologies and Systems for Next Generation Computing, ICSTSN 2025","","","","","","0","10.1109/ICSTSN67075.2025.11397924","https://www.scopus.com/pages/publications/105035518723?origin=resultslist","The MERN tech stack (Mongo DB, Express) has been used to architect a digitally-enabled framework to-food commerce. js, React. js, and Node. js, in order to add more operational agility in the web based food service transaction space. The suggested component offers a thoroughly responsive user interface which is based on react. École Polytéchnique I Applicable to js, so easy to browse in dishes, Update cart, and order placed in an orderly manner. The server-side logic, designed using Node. js in conjunction with Express. js, which is responsible for authentication protocols, transaction processing, and backend data orchestration. Tokenized authentication using JSON Web Tokens (JWT) enforces session integrity and secure communication protocols along service layers with JWT-based validation. MongoDB serves as the main data store, providing for a structured persistence of user IDs, bundled menus, transaction metadata and payment receipts. PayPal SDK integration translates to financial interoperability without friction, enabling digital transactions to take place continuously, securely, and at scale. This architectural paradigm focuses on modular deployment, horizontal scaling capability, and on device responsiveness. Consumers experience increased interaction with real-time order tracking systems, and the backend admin panel allows owners to easily track performance metrics, control inventory databases, and process transaction traffic. Noting the final technical configuration of the suggested solution, we consider that it can serve as a useful scientific input on the implementation of semanticallyenhanced and privacy-preserving e-commerce ecosystems for food service settings.  © 2025 IEEE.","Full-Stack Applications Engineering; JSON Web Token (JWT); MERN Stack Structure; PayPal SDK Integration; Real-Time Order Processing; Token-Based Authentication","Data privacy; Electronic money; Information systems; Interoperability; Inventory control; User interfaces; Web services; Websites; Application engineering; Full-stack application engineering; JSON web token; MERN stack structure; Order processing; Paypal SDK integration; Real- time; Real-time order processing; Stack structure; Time ordering; Token-based authentication; Authentication","Conference paper","Final","","Scopus","2-s2.0-105035518723"
"Kaur A.; Srivastava A.; Trivedi S.; Dikshit S.K.","Kaur, Arveen (59714717100); Srivastava, Alpana (57193730141); Trivedi, Shekhar (57219419927); Dikshit, Shashi Kant (57219416981)","59714717100; 57193730141; 57219419927; 57219416981","E-Impulsive Buying in fashion e-Markets: The Role of UI Design","2024","2024 2nd International Conference on Advances in Computation, Communication and Information Technology, ICAICCIT 2024","","","","1413","1419","1","10.1109/ICAICCIT64383.2024.10912161","https://www.scopus.com/pages/publications/105001344351?origin=resultslist","With the advent of 3G to 4G to 5G technology, e-commerce is mushrooming day by day. Increased investment in e-commerce companies as a result of technological advancements has leveled the playing field for new businesses to establish their bases and created innovative patterns to challenge conventional behavior. The increased use of e-commerce platforms, enhanced internet access, and shifting consumer behaviour have all contributed to an increase in e-impulsive buying in India. In this study, SOR Model was adopted where visual attractiveness, model display, perceived ease of use and navigational structure acted as stimulus, positive emotions as organism and e-impulsive buying as response. This study adopted SMART PLS 4.0 software to analyse the data given by 250 respondents. The results indicated positive relationship between visual attractiveness, model display and perceived ease of use with positive emotions and positive emotions increasing the chances of e-impulsive buying. © 2024 IEEE.","E-impulsive buying; E-market; Navigational structure; Positive emotions; User Interface; Visual attractiveness","5G mobile communication systems; Behavioral research; Economic and social effects; Electronic commerce; Investments; E- commerces; E-impulsive buying; E-Market; E-markets; Navigational structures; Perceived ease-of-use; Positive emotions; Technological advancement; UI designs; Visual attractiveness; Marketplaces","Conference paper","Final","","Scopus","2-s2.0-105001344351"
"Kumar A.; Druthi A.; Harshitha M.; Shashank; Thillaiarasu N.","Kumar, Amar (59407857500); Druthi, Amrutha (59407836900); Harshitha, M. (59352372700); Shashank (59407923000); Thillaiarasu, N. (57192684664)","59407857500; 59407836900; 59352372700; 59407923000; 57192684664","Hybrid Real-time Recommendation System for Online E-Commerce","2024","2nd IEEE International Conference on Advances in Information Technology, ICAIT 2024 - Proceedings","","","","","","0","10.1109/ICAIT61638.2024.10690425","https://www.scopus.com/pages/publications/85208826016?origin=resultslist","This project aims to enhance E-commerce recommendation systems by developing an Improved Hybrid Recommendation System. It overcomes the limitations of traditional methods by integrating collaborative and content-based filtering with advanced machine learning algorithms for improved accuracy, diversity, and adaptability to changing user preferences. The goal is to increase customer satisfaction, sales and build loyalty in a competitive e-commerce environment. The system utilizes a multi-mode algorithm, selecting the best approach based on existing data, and employs hybrid filtering combining collaborative and content-based techniques to provide effective product recommendations. © 2024 IEEE.","Content-based filtering; hybrid filtering”; “Collaborative filtering","Adversarial machine learning; Marketplaces; Wiener filtering; Collaborative-based filtering; Content based filtering; E-commerce recommendations; Hybrid filtering; Hybrid filtering”; Hybrid recommendation; Machine learning algorithms; Real- time; User's preferences; “collaborative filtering; Collaborative filtering","Conference paper","Final","","Scopus","2-s2.0-85208826016"
"Keskin M.; Teper E.; Kurt A.","Keskin, Mustafa (59185436200); Teper, Enis (59185584800); Kurt, Alya (59520457600)","59185436200; 59185584800; 59520457600","Comparative Evaluation of Word2Vec and Node2Vec for Frequently Bought Together Recommendations in E-Commerce","2024","UBMK 2024 - Proceedings: 9th International Conference on Computer Science and Engineering","","","","293","297","1","10.1109/UBMK63289.2024.10773398","https://www.scopus.com/pages/publications/85215502547?origin=resultslist","In this study, we conducted a comparative evaluation of two popular embedding techniques, Word2Vec and Node2Vec, to enhance recommendation systems for frequently bought together products in an e-commerce setting. Utilizing historical purchase data, we generated product embeddings and assessed their performance through both offline e valuation and online A/B testing. Our results demonstrate that Node2Vec outperforms Word2Vec in terms of click-through rates (CTR) and conversion rates (CR), achieving relative improvements of 8.96% and 6.04%, respectively. This paper details the methodologies applied, the experimental setup, and the implications of using graph-based embedding techniques over traditional vector-based methods. By comparing these approaches, we provide insights into how different embedding strategies can significantly impact the effectiveness of recommendation systems in real-world e-commerce environments. © 2024 IEEE.","e-commerce; embeddings; graph neural networks; Node2Vec; recommendation; Word2Vec","Graph embeddings; Graph neural networks; Network embeddings; Online systems; Comparative evaluations; E- commerces; Embedding technique; Embeddings; Graph neural networks; Node2vec; Offline; Performance; Recommendation; Word2vec; Marketplaces","Conference paper","Final","","Scopus","2-s2.0-85215502547"
"Subiyakto A.; Utami D.P.; Nurmiati E.; Yuniarto D.; Sopandi A.; Kaffah F.M.","Subiyakto, Aang (56105360200); Utami, Devika Putri (57215927906); Nurmiati, Evy (57196072426); Yuniarto, Dwi (57208279844); Sopandi, Ajang (57215928140); Kaffah, Faiz Muqorrir (57203459275)","56105360200; 57215927906; 57196072426; 57208279844; 57215928140; 57203459275","Adopting Five Planes Framework for Developing User Interface based on User Experience Aspects","2023","2023 11th International Conference on Cyber and IT Service Management, CITSM 2023","","","","","","4","10.1109/CITSM60085.2023.10455146","https://www.scopus.com/pages/publications/85187796960?origin=resultslist","E-commerce shows a form of change in buying and selling activities carried out with the various advantages offered. Unlike the marketplace, having an e-commerce application itself is expected to increase the brand awareness of a product to its target customers. This study aims to determine the level of usability of an e-commerce website and to develop it in terms of user interface (UI) and user experience (UX) with the final result of interface design recommendations. The development method used is the five planes framework with a cognitive walkthrough and a user experience questionnaire (UEQ) as an assessment for usability testing. The results show that with the recommended design, the efficiency level increased to 89%, the effectiveness level increased to 92%, and scored 'excellent' in all six aspects of UEQ's assessment. © 2023 IEEE.","cognitive walkthrough; e-commerce; five planes framework; UI/UX; user experience questionnaire","Electronic commerce; User experience; Brand awareness; Cognitive walkthrough; E- commerces; E-Commerce applications; E-commerce websites; Five plane framework; Interface designs; User experience questionnaire; User interface/UX; Users' experiences; User interfaces","Conference paper","Final","","Scopus","2-s2.0-85187796960"
"Liu H.; Tang X.; Chen T.; Liu J.; Indu I.; Zou H.P.; Dai P.; Galan R.F.; Porter M.D.; Jia D.; Zhang N.; Xiong L.","Liu, Han (59814647500); Tang, Xianfeng (57202640721); Chen, Tianlang (57201583960); Liu, Jiapeng (58134918600); Indu, Indu (59390132700); Zou, Henry Peng (58608479100); Dai, Peng (59123143700); Galan, Roberto Fernandez (57340633200); Porter, Michael D. (7201467482); Jia, Dongmei (57340528000); Zhang, Ning (58837113200); Xiong, Lian (59390540000)","59814647500; 57202640721; 57201583960; 58134918600; 59390132700; 58608479100; 59123143700; 57340633200; 7201467482; 57340528000; 58837113200; 59390540000","Sequential LLM Framework for Fashion Recommendation","2024","EMNLP 2024 - 2024 Conference on Empirical Methods in Natural Language Processing, Proceedings of the Industry Track","","","","1276","1285","3","10.18653/v1/2024.emnlp-industry.95","https://www.scopus.com/pages/publications/85216782488?origin=resultslist","The fashion industry is one of the leading domains in the global e-commerce sector, prompting major online retailers to employ recommendation systems for product suggestions and customer convenience. While recommendation systems have been widely studied, most are designed for general e-commerce problems and struggle with the unique challenges of the fashion domain. To address these issues, we propose a sequential fashion recommendation framework that leverages a pre-trained large language model (LLM) enhanced with recommendation-specific prompts. Our framework employs parameter-efficient fine-tuning with extensive fashion data and introduces a novel mix-up-based retrieval technique for translating text into relevant product suggestions. Extensive experiments show our proposed framework significantly enhances fashion recommendation performance. © 2024 Association for Computational Linguistics.","","Computational linguistics; Modeling languages; Online systems; Recommender systems; Sales; E-commerce problems; Fashion industry; Fine tuning; Global e commerces; Language model; Modelling framework; Recommendation performance; Retrieval techniques; Marketplaces","Conference paper","Final","All Open Access; Gold Open Access","Scopus","2-s2.0-85216782488"
"Ariyarathna B.M.N.D.S.; Karunathilake D.N.M.; Perera L.A.M.D.; Dissanayaka J.W.D.S.S.M.; Dassanayake D.M.G.T.","Ariyarathna, B.M.N.D.S. (59550151500); Karunathilake, D.N.M. (59549870400); Perera, L.A.M.D. (59549870500); Dissanayaka, J.W.D.S.S.M. (59549604000); Dassanayake, D.M.G.T. (57457164600)","59550151500; 59549870400; 59549870500; 59549604000; 57457164600","QuixellAI:E-Commerce Sales Growth Optimization Service","2024","8th International Conference on Business and Information Management, ICBIM 2024","","","","47","52","1","10.1109/ICBIM63313.2024.10823406","https://www.scopus.com/pages/publications/85217442019?origin=resultslist","Many e-commerce retail businesses have yet to fully harness the advantages of artificial intelligence (AI), missing crucial opportunities to boost sales and streamline operations. This research introduces the ""E-commerce Sales Growth Optimization Service,"" an integrated AI-driven solution designed specifically to enhance the online retail experience, particularly for small and medium-sized enterprises (SMEs). This service seamlessly integrates with existing e-commerce platforms and offers a suite of tools including personalized product recommendations, dynamic pricing, automated promotions, and detailed sales trend analysis and forecasting, all while ensuring robust customer data security and supporting efficient real-time data management. Engineered for effortless adoption across various digital platforms, the service addresses critical challenges in e-commerce such as the cold-start problem in product recommendations, the complexities of dynamic pricing affected by real-time market dynamics, and the optimization of data-driven promotional strategies. Furthermore, it tackles platform heterogeneity, ensuring that the service operates effectively across diverse e-commerce systems, thus eliminating the need for businesses to develop their own AI expertise. The findings highlight the service's significant impact on enabling smarter business decisions and boosting market competitiveness, marking a substantial advancement towards an AI-empowered future in e-commerce. This initiative not only drives sales growth but also establishes a new benchmark for integrating AI to enhance the e-commerce experience, signifying a crucial evolution in online retail operations. © 2024 IEEE.","Cold-start Problem; Dynamic Pricing; Platform Heterogeneity; Product Recommendation; Promotions optimization; Sales forecasting","Commerce; Costs; Information management; Sales; Cold start problems; Dynamic pricing; E- commerces; Growth optimization; Optimisations; Platform heterogeneity; Product recommendation; Promotion optimization; Sales forecasting; Sales growth; Marketplaces","Conference paper","Final","","Scopus","2-s2.0-85217442019"
"Rodrigo R.; Torres R.; Moreno D.E.; Santos K.D.; Labapis J.-I.; Tseng S.-C.","Rodrigo, Roel (59550066600); Torres, Ramachandra (59308304200); Moreno, Donn Enrique (58289777100); Santos, Karylle Delos (59342305700); Labapis, John-Ira (59342038200); Tseng, Shu-Ching (59342446000)","59550066600; 59308304200; 58289777100; 59342305700; 59342038200; 59342446000","Examining Consumer Readiness for Artificial Intelligence Integration in Online Shopping","2024","8th International Conference on Business and Information Management, ICBIM 2024","","","","29","34","1","10.1109/ICBIM63313.2024.10823505","https://www.scopus.com/pages/publications/85217386674?origin=resultslist","Technological advancements in retail have transformed the shopping experience, notably through e-commerce platforms like Shopee and Lazada in the Philippines. Integrating artificial intelligence (AI), such as system-generated product recommendations, enhances brand marketing potential on these platforms, leading to increased market shares. However, despite the widespread adoption of online shopping platforms, a segment of the population remains hesitant to engage with them. To address this, the study explores whether consumers' levels of technology readiness and acceptance-specifically on dimensions of technology readiness such as optimism, innovativeness, discomfort, and insecurity-affect their use perceptions, intentions, and actual usage of AI systems on platforms like Lazada and Shopee. The research employs a quantitative-causal research approach with a sample size of 308 respondents from Laguna, selected using non-probability purposive sampling. Partial least squares-structural equation modeling (PLS-SEM) was used to test the relationship between the variables. The study results indicate that consumers’ levels of optimism, innovativeness, and discomfort are the only ones that significantly affect their perceived ease of use. In contrast, optimism only has a significant effect on their perceived usefulness. All this proves that all dependent variables mentioned in the study have a relationship with each other. This further proves that certain personality traits can significantly influence users' readiness and acceptance of technologies. © 2024 IEEE.","Actual Use; Artificial Intelligence; Consumer Acceptance; Online Shopping Platforms","Actual use; Commerce platforms; Consumer acceptance; E- commerces; Innovativeness; Intelligence integration; Online shopping; Online shopping platform; Technological advancement; Technology readiness; Marketplaces","Conference paper","Final","","Scopus","2-s2.0-85217386674"
"Dhamone S.S.; Rahamthulla S.K.; Nithya P.; Babu P.M.; Alok N.; Abbas N.","Dhamone, Santosh Shivlal (59714530100); Rahamthulla, Shaik. Khaja (59714530200); Nithya, P. (57209802043); Babu, P. Mohan (59816327800); Alok, N. (57217537953); Abbas, Nidal (57468213200)","59714530100; 59714530200; 57209802043; 59816327800; 57217537953; 57468213200","An Advanced Logic to Optimize the Product Search Engines Based on Dynamic Facet Ordering Model to Support E-Commerce Industry","2024","Proceedings of the 2024 International Conference on Innovative Computing, Intelligent Communication and Smart Electrical Systems, ICSES 2024","","","","","","0","10.1109/ICSES63760.2024.10910568","https://www.scopus.com/pages/publications/105001332363?origin=resultslist","This study presents an advanced logic for optimizing product search engines in the e-commerce industry using a dynamic facet ordering model. Traditional static facet-based systems often fail to adapt to real-time user behavior and product diversity, leading to inefficient search experiences. The dynamic facet ordering model introduced in this research utilizes metrics such as facet specificity and dispersion to rank product attributes in real-time, allowing for faster and more accurate product discovery. In a large-scale simulation involving consumer electronics, the dynamic facet system outperformed both expert-based static systems and entropy-based models, reducing the number of clicks by an average of 40%. User satisfaction increased by 25% on average, with satisfaction scores reaching 9.3 out of 10. The dynamic system also showed a facet selection efficiency of 82%, indicating its ability to prioritize the most relevant facets for users. With a system response time averaging 240 milliseconds, this dynamic model proved effective for enhancing both user experience and system performance. These results demonstrate the viability of dynamic facet ordering as a solution for improving e-commerce search engines. © 2024 IEEE.","Dynamic Facet Ordering; E-Commerce; Facet Specificity; Product Search; User Interface","Commerce; Marketplaces; Response time (computer systems); Dynamic facet ordering; E- commerces; Facet specificity; Large scale simulations; ON dynamics; Product attributes; Product diversity; Product search; Real- time; User behaviors; Expert systems","Conference paper","Final","","Scopus","2-s2.0-105001332363"
"Zhou W.; Li T.; Vougiouklis P.; Steedman M.; Pan J.Z.","Zhou, Wendi (58926914300); Li, Tianyi (57556584900); Vougiouklis, Pavlos (57195741968); Steedman, Mark (6602901918); Pan, Jeff Z. (56621827100)","58926914300; 57556584900; 57195741968; 6602901918; 56621827100","A Usage-centric Take on Intent Understanding in E-Commerce","2024","EMNLP 2024 - 2024 Conference on Empirical Methods in Natural Language Processing, Proceedings of the Conference","","","","228","236","2","10.18653/v1/2024.emnlp-main.14","https://www.scopus.com/pages/publications/85217786371?origin=resultslist","Identifying and understanding user intents is a pivotal task for E-Commerce. Despite its essential role in product recommendation and business user profiling analysis, intent understanding has not been consistently defined or accurately benchmarked. In this paper, we focus on predicative user intents as “how a customer uses a product”, and pose intent understanding as a natural language reasoning task, independent of product ontologies. We identify two weaknesses of FolkScope, the SOTA E-Commerce Intent Knowledge Graph: category-rigidity and property-ambiguity. They limit its ability to strongly align user intents with products having the most desirable property, and to recommend useful products across diverse categories. Following these observations, we introduce a Product Recovery Benchmark featuring a novel evaluation framework and an example dataset. We further validate the above FolkScope weaknesses on this benchmark. Our code and dataset are available at https://github.com/stayones/Usgae-CentricIntent-Understanding. © 2024 Association for Computational Linguistics.","","Marketplaces; Business-users; Evaluation framework; Knowledge graphs; Natural languages; Product Ontologies; Product recommendation; Product recovery; Property; Reasoning tasks; User's profiling; Computational linguistics","Conference paper","Final","All Open Access; Gold Open Access","Scopus","2-s2.0-85217786371"
"Zakaria U.; Juhana T.","Zakaria, Usman (59361080800); Juhana, Tutun (22734017000)","59361080800; 22734017000","Frontend Subsystem Development In Traditional Market Digitalization E-Commerce Applications","2024","Proceeding of 2024 18th International Conference on Telecommunication Systems, Services, and Applications, TSSA 2024","","","","","","1","10.1109/TSSA63730.2024.10864078","https://www.scopus.com/pages/publications/105000115478?origin=resultslist","Traditional market e-commerce applications aim to expand the market reach and potential buyers of traders in traditional markets, develop low-cost and sustainable solutions, and facilitate the dissemination of real-time data information about products and buyers' desires that are easy to see, and able to communicate directly. between traders and buyers. The Virtual Market application is designed to fulfill general activities that occur in traditional markets, such as buying and selling activities, conversations and advertising. The main characteristic of shopping in traditional markets is that there is bargaining between traders and buyers, so this application presents a bargaining feature that will facilitate this activity. This application will go through a testing and verification stage to determine that the application created is in accordance with the specified final assignment objectives. In this paper, the frontend system will be designed and designed as a whole, starting from designing the application by considering the user interface and user experience to implementing the design on mobile devices using the chosen programming language.  © 2024 IEEE.","e-commerce applications; mobile applications; traditional markets; virtual markets","Mobile commerce; Sales; Data informations; E-Commerce applications; Front-end subsystem; Low-cost solution; Mobile applications; Potential buyers; Real-time data; Sustainable solution; Traditional markets; Virtual markets; Marketplaces","Conference paper","Final","","Scopus","2-s2.0-105000115478"
"Aspuria A.A.; De Luna J.K.F.; Erenea J.Z.U.; Magno F.D.C.; Vilar M.J.B.; Serrano E.A.","Aspuria, Allan A. (59237674300); De Luna, Jermaine Keith F. (59223843800); Erenea, Julia Zearine U. (59237984500); Magno, Frances Denielle C. (58929475100); Vilar, Mark Joshua B. (59237984600); Serrano, Elcid A. (57200163643)","59237674300; 59223843800; 59237984500; 58929475100; 59237984600; 57200163643","AlayPalay.PH: An E-Commerce Mobile Application for Cultivating Agricultural Goods and Services for Filipino Farmers","2023","2023 IEEE 15th International Conference on Humanoid, Nanotechnology, Information Technology, Communication and Control, Environment, and Management, HNICEM 2023","","","","","","1","10.1109/HNICEM60674.2023.10589144","https://www.scopus.com/pages/publications/85199865848?origin=resultslist","The Philippines continues to emerge its transition to a digital economy, and e-commerce for the agricultural industry calls for scrutiny. Filipino farmers may use digital platforms to solve agricultural issues upstream, throughout production, and downstream. However, farmers in developing nations need help in the typical business process due to cash shortages, capital challenges, restricted access to financial institutions, and lack of market access. This study pinpoints to raise awareness and extend recognition to local farmers within society by creating a mobile application called AlayPalay.PH that showcases the farmers' profile, products, and contributions to sustainable agriculture. The supply chain of AlayPalay.PH eliminates the 'middlemen' to farmers' transaction by establishing a direct and transparent connection between farmers and consumers. The study employs the short version of the User Experience Questionnaire (UEQs) to gather data for developing an e-commerce application tailored to Filipino farmers, which involves a structured approach to assess and optimize the user experience and usability testing. With an overall scale of 2.098, a Pragmatic Quality of 1.917 and Hedonic Quality of 2.280, the findings imply that the participants are usually pleased with the app. Users had a very positive overall user experience with the app, considering it engaging and practical. © 2023 IEEE.","Aggrotech; Agribusiness; Agricultural E-Commerce; E-Marketplace; Filipino Farmers; Mobile Application; Philippine Agriculture; UEQs; User Interface (UI)","Agriculture; Electronic commerce; Mobile computing; Supply chains; Aggrotech; Agribusiness; Agricultural E-commerce; E-marketplaces; Filipino farmer; Mobile applications; Philippine agriculture; Philippines; User experience questionnaire; User interface; Users' experiences; User interfaces","Conference paper","Final","","Scopus","2-s2.0-85199865848"
"Bhattacharya K.K.; Saha S.","Bhattacharya, K.K. (57203105367); Saha, Sujit (8380809800)","57203105367; 8380809800","Trust dimensions in E-retailing: A strategic exploration","2004","IEEE International Engineering Management Conference","2","","","825","828","6","","https://www.scopus.com/pages/publications/17644387597?origin=resultslist","E-commerce is growing phenomenally and is rapidly changing the face of today's marketplace as more and more consumers move away from traditional ""brick-and-mortar"" sales channels toward sales channels that primarily rely on the Internet but the penetration rate of internet shopping is still low. Internet users are still hesitant to be a part of it. One of the critical reasons is the lack of trust. Trust is an implicit factor in developing any relationship and relationships do matter in life, whether personal or professional. This paper deals with trust in e-commerce and the ways to improve it. The focus of the paper is development of trust through understanding and analyzing the risks, as perceived by the customers. This paper provides a conceptual model and framework for future empirical investigations as to why people are still apprehensive to purchasing on the Internet. The author in this paper has proposed a customer orientation framework in which the emphasis is on providing a favourable and positive environment for shopping to the right set of customers so that they are motivated enough to shop online. © 2004 IEEE.","Customer Orientation; Customer Satisfaction; Customer Segmentation; Electronic Commerce; Electronic Customer Profile; Trust","Customer satisfaction; Internet; Mathematical models; Online systems; Risk management; Sales; Strategic planning; User interfaces; Customer orientation; Customer segmentation; Electronic consumer profile; Trust; Electronic commerce","Conference paper","Final","","Scopus","2-s2.0-17644387597"
"Zelenetska K.; Porplytsya N.; Stasiv I.; Stanczyk S.; Jankowiak A.; Bilovus L.","Zelenetska, Kateryna (57288548200); Porplytsya, Natalia (57188576768); Stasiv, Iryna (57210565495); Stanczyk, Sylwia (57190949165); Jankowiak, Anna (57207945450); Bilovus, Lesia (57219598554)","57288548200; 57188576768; 57210565495; 57190949165; 57207945450; 57219598554","SEO-Optimization of Product Content on a Marketplace Platform","2023","Proceedings - International Conference on Advanced Computer Information Technologies, ACIT","","","","201","205","2","10.1109/ACIT58437.2023.10275590","https://www.scopus.com/pages/publications/85175565392?origin=resultslist","Internet marketing is an integral part of trade and promotion of goods and services in digital form, which has become especially popular due to the outbreak of the Covid-19 pandemic. The main element of the Internet marketing complex is the product. Search queries are used to promote the product. The goal of the content is to make the company known and highlight the value of the product for the customer. The article proposes a software module for automating the processes of filling in the description of product positions on the marketplace platform and selecting keywords. Such a software module will help automate the process of SEO optimization of the content of product positions on the marketplace and speed it up. © 2023 IEEE.","e-commerce; keywords; Levenstein distance; record similarity; SEO","Commerce; E- commerces; Internet marketing; Keyword; Levenstein distance; Marketing IS; Optimisations; Product position; Record similarity; SEO; Software modules; Marketing","Conference paper","Final","","Scopus","2-s2.0-85175565392"
"Muckerji I.; Yadav N.; Abhishek; Shrivastava Y.; Yashasvi; Raj R.","Muckerji, Ishani (59715923300); Yadav, Narinder (59238592800); Abhishek (57219109228); Shrivastava, Yashika (59715333600); Yashasvi (59550503700); Raj, Rishu (59715923400)","59715923300; 59238592800; 57219109228; 59715333600; 59550503700; 59715923400","Navigating the Digital Marketplace A Study of Furniture E-Commerce Platforms","2024","Proceedings - 2024 2nd International Conference on Advanced Computing and Communication Technologies, ICACCTech 2024","","","","436","443","0","10.1109/ICACCTech65084.2024.00078","https://www.scopus.com/pages/publications/105001320134?origin=resultslist","Rapid digitalization and increasing mobile usage have been changing the furniture world by placing e-commerce platforms as important tools for sellers and buyers alike. This paper, Navigating the Digital Marketplace: A Study of Furniture E-commerce Platforms, has probed into the current state of furniture e-commerce by delineating some of the key challenges in the same: high costs incurred in shipping, return issues, and a lack of personalization. This study shows the merits and drawbacks of existing platforms by conducting a comparative analysis, in various subsectors. This study offers a solution of formulating a strategy for creating a more efficient, user- friendly platform that caters to a huge audience. This paper also shows glimpses of how emerging technologies like Artificial Intelligence (AI), Augmented Reality (AR), and Virtual Reality (VR) can be used to improve customer experience and operational efficiency.  © 2024 IEEE.","Artificial Intelligence (AI); audience engagement; Augmented Reality (AR); digitalization; emerging technologies; furniture e-commerce platforms. shipping costs; lack of personalization; mobile usage; operational efficiency; platform efficiency; return issues; user experience; Virtual Reality (VR) customer experience","Augmented reality; Mobile commerce; Sales; Artificial intelligence; Audience engagement; Augmented reality; Commerce platforms; Customer experience; Digitalization; E- commerces; Emerging technologies; Furniture e-commerce platform.; Lack of personalization; Mobile usage; Operational efficiencies; Personalizations; Platform efficiency; Return issue; Shipping cost; Users' experiences; Virtual reality  customer experience; Marketplaces","Conference paper","Final","","Scopus","2-s2.0-105001320134"
"Harahap E.P.; Hermawan P.; Kusumawardhani D.A.R.; Rahayu N.; Komara M.A.; Agustian H.","Harahap, Eka Purnama (57210565585); Hermawan, Pandu (59390734100); Kusumawardhani, Dhiyah Ayu Rini (58850392900); Rahayu, Nina (57221282690); Komara, Maulana Arif (59390430900); Agustian, Harry (58284933200)","57210565585; 59390734100; 58850392900; 57221282690; 59390430900; 58284933200","User Interface Design's Impact on Customer Satisfaction and Loyalty in SaaS E-Commerce","2024","2024 3rd International Conference on Creative Communication and Innovative Technology, ICCIT 2024","","","","","","6","10.1109/ICCIT62134.2024.10701133","https://www.scopus.com/pages/publications/85207838870?origin=resultslist","This study aims to analyze the impact of user interface (UI) design on customer satisfaction and loyalty in SaaS e-commerce applications, using a quantitative approach to measure the perceptions of SaaS e-commerce application users and determine how visual aspects and interface functionality contribute to the user experience, with data analysis conducted using the Partial Least Squares Structural Equation Modeling (PLS-SEM) method, indicating that an intuitive and responsive interface design significantly influences increased customer satisfaction, which in turn strengthens their loyalty to the application; the study seeks to provide insights that developing an effective user interface is crucial for building long-term relationships with customers and reaffirms the importance of integrating good interface design in e-commerce application development strategies, and further suggests that incorporating user-centered design principles and continuously collecting user feedback can enhance the user experience, thereby allowing developers to create interfaces that not only attract users but also retain them, essential for e-commerce businesses aiming to improve user engagement and loyalty in a highly competitive market. © 2024 IEEE.","Customer Loyalty; Customer Satisfaction; PLS-SEM Analysis; SaaS E-Commerce Application; User Interface Design","Sales; User centered design; User experience; Customer loyalty; Customers' satisfaction; E-Commerce applications; Modeling analyzes; Partial least square structural equation modeling analyze; Partial least-squares; Saa E-commerce application; Structural equation models; User interface designs; Users' experiences; Marketplaces","Conference paper","Final","","Scopus","2-s2.0-85207838870"
"Liao S.-H.; Widowati R.; Huang J.-M.","Liao, Shu-Hsien (7401923068); Widowati, Retno (57223238647); Huang, Jian-Ming (59338205800)","7401923068; 57223238647; 59338205800","Delivery service and online-and-offline purchasing for collaborative recommendations on retail cross-channels","2024","Enterprise Information Systems","18","10","2403101","","","6","10.1080/17517575.2024.2403101","https://www.scopus.com/pages/publications/85204609661?origin=resultslist","The delivery service business model is the final link in logistics for both online-and-offline business. Online-and-offline business models combine e-commerce and physical commerce, using online marketing techniques to drive consumption in physical channels. Delivery service and online-and-offline purchasing for collaborative recommendations on retail cross-channels are complex and cross-disciplinary problems of enterprise integration. This study implements two-stage data mining analytics for clustering and association rules analysis, to investigate Taiwan consumers’ (n = 2,209) preferences for delivery service. This process clarifies online-and-offline purchasing behaviours and preferences to find knowledge profiles/patterns/rules for cross-channel collaborative recommendations. Finally, theoretical and practical implications for methodology and enterprise are presented. © 2024 Informa UK Limited, trading as Taylor & Francis Group.","collaborative recommendations; data mining analytics; Delivery service; online-and-offline purchasing; retail cross-channel","Sales; Business models; Collaborative recommendation; Data mining analytic; Delivery service; E- commerces; E. Physical; Offline; Online-and-offline purchasing; Retail cross-channel; Service business models; Marketplaces","Article","Final","","Scopus","2-s2.0-85204609661"
"Qian X.; Wang Y.; Pan M.; Gatto A.; Taghizadeh-Hesary F.; Zhao X.","Qian, Xinlei (57808759900); Wang, Yi (59657611700); Pan, Minjie (57808759800); Gatto, Andrea (57201653424); Taghizadeh-Hesary, Farhad (56291956400); Zhao, Xin (57210285679)","57808759900; 59657611700; 57808759800; 57201653424; 56291956400; 57210285679","Does e-commerce development reduce carbon emissions? Empirical analysis based on spatial durbin difference-in-difference model","2025","Computers and Industrial Engineering","203","","110954","","","10","10.1016/j.cie.2025.110954","https://www.scopus.com/pages/publications/85219065624?origin=resultslist","The development of the circular economy is key to achieving the “carbon peaking and carbon neutrality” goals. E-commerce is closely linked to the circular economy and carbon emissions. This study investigates the relationship between e-commerce and carbon emissions based on the quasi-natural experiment of China's national e-commerce demonstration cities. Using the data of 249 prefecture-level cities from 2003 to 2019, we use a time-varying Spatial Durbin Difference-in-Difference model to test the effect of e-commerce on carbon emission and its impact mechanism. The baseline results show that the development of e-commerce reduces local carbon emissions while increasing carbon emissions in surrounding cities. The mechanism analysis suggests that the development of e-commerce reduces local carbon emissions by optimizing the local industrial structure, enhancing local technological innovation, and promoting reliance on online shopping. Parallel trend tests and a series of robustness checks further validate the correctness of the baseline regression. Heterogeneity analysis reveals significant regional and endowment differences in the carbon emission effects of e-commerce development. In both eastern and central/western cities, the development of e-commerce reduces local carbon emissions and increases carbon emissions in surrounding cities. However, the carbon reduction effect of e-commerce development is more pronounced in eastern cities. Additionally, developing e-commerce in non-resource-based cities is more conducive to reducing local carbon emissions. In contrast, e-commerce development in resource-based cities does not significantly suppress local carbon emissions. This study provides a theoretical basis and policy recommendations for governments to pursue urban low-carbon transformation and fresh insights into the global digital economy. © 2025","Carbon emission; China; E-commerce; Resource-based city; Spatial durbin DID model; Sustainability","Carbon sequestration; Circular economy; Marketplaces; Carbon emissions; Carbon neutralities; China; Circular economy; Difference-in-differences models; E- commerces; E-commerce development; Empirical analysis; Resource-based city; Spatial durbin DID model; Low emission","Article","Final","All Open Access; Hybrid Gold Open Access","Scopus","2-s2.0-85219065624"
"Liu Y.; Yang T.; Shi X.; Fan Y.; Xue J.","Liu, Yixun (59560981500); Yang, Tongrui (59561551200); Shi, Xinao (59321414300); Fan, Yige (57562571200); Xue, Jiao (57192429831)","59560981500; 59561551200; 59321414300; 57562571200; 57192429831","Mediating Roles of Trust and Interest in Influencing Consumer Purchase Decisions in Live Streaming E-commerce Scenarios","2024","IEEE International Conference on Industrial Engineering and Engineering Management","","","","903","907","0","10.1109/IEEM62345.2024.10857051","https://www.scopus.com/pages/publications/85217994341?origin=resultslist","As users migrate from traditional e-commerce platforms to streaming platforms, showing interest-based recommendations and interactions, understanding consumer purchase decisions in live streaming e-commerce is crucial for businesses. This study constructs a theoretical behavioral model of consumer purchase intention based on the SOR theory, examining the mediating roles of trust and interest. Empirical research reveals that the authenticity and professionalism of recommendations, as well as the timeliness and effectiveness of interactions, influence consumer purchase intentions through trust and interest, with trust having a chain mediation effect on interest. © 2024 IEEE.","E-commerce; Interest; Live streaming; SOR; Trust","Media streaming; Sales; Commerce platforms; Consumer purchase; E- commerces; Interest; Live streaming; Mediating roles; Purchase decision; Purchase intention; SOR; Trust; Marketplaces","Conference paper","Final","","Scopus","2-s2.0-85217994341"
"Kurniawan S.S.; Eitiveni I.; Purwandari B.; Purwaningsih E.H.","Kurniawan, Shabrina Salsabila (59207293600); Eitiveni, Imairi (55014617600); Purwandari, Betty (56716397400); Purwaningsih, Erisva Hakiki (57433066300)","59207293600; 55014617600; 56716397400; 57433066300","IMPACT OF PERCEIVED VALUE ON PURCHASE AND E-WOM INTENTIONS: A STUDY OF SHOPEE’S STAR SELLERS","2025","Interdisciplinary Journal of Information, Knowledge, and Management","20","","","13","","0","10.28945/5485","https://www.scopus.com/pages/publications/105008641585?origin=resultslist","Aim/Purpose This study analyzed the factors influencing electronic word-of-mouth (e-WOM) intention and purchase intention among Shopee users toward stores with Star Seller status, including the mediating roles of cognitive and affective appraisal. It integrated Customer Value Theory, Social Learning Theory, and Perceived Value Theory to examine how perceived benefits influence user behavior. The study also aimed to provide empirical evidence on the advantages of Star Seller status and to educate sellers on how this status can enhance their business performance on Shopee. Background Shopee is one of Indonesia's most widely used e-commerce platforms, where store status signals seller credibility. Among these, the Star Seller status offers multiple benefits. However, many sellers hesitate to pursue this status due to the associated administrative fees. A decline in the number of Star Seller stores may result in fewer offers for users, prompting them to compare and potentially switch to other platforms. This research sought to demonstrate the positive impact of Star Seller status on user behavior and reduce seller resistance through education. Methodology The study employed Partial Least Squares Structural Equation Modeling (PLS-SEM) to analyze data from an online survey of 452 Shopee users. The analysis tested relationships between perceived value dimensions (emotional, functional, and price), cognitive and affective appraisal, and behavioral intentions such as purchase and e-WOM. Contribution Theoretically, the study offered a novel integration of Customer Value Theory and Social Learning Theory within Shopee’s Star Seller context to explain user behavior in e-commerce. Practically, it provided evidence-based insights for Shopee and its sellers, showing how Star Seller status can influence trust, purchase intention, and recommendations. Findings The findings revealed that emotional, functional, and price value significantly influenced purchase and e-WOM intentions. Cognitive and affective appraisal mediated these relationships, with cognitive appraisal having a more substantial effect. These results highlight the critical role of Star Seller status in shaping user perceptions and behaviors, offering tangible benefits for sellers. Recommendations Sellers should be educated on the benefits of Star Seller status to reduce relucfor Practitioners tance and increase participation. Shopee is encouraged to strengthen communication on the unique advantages of Star Seller status, such as better service quality and exclusive promotions, to boost user engagement and seller adoption. Recommendations Future studies can explore additional perceived value dimensions and their in-for Researchers fluence on user behavior. Longitudinal and cross-platform comparisons can also provide deeper insights into the long-term effects of seller status on user retention and loyalty. Impact on Society By promoting Star Seller adoption, this research may enhance user satisfaction and support sustainable e-commerce growth in Indonesia. The findings contribute to the broader e-commerce ecosystem by encouraging trust and improving platform efficiency. Future Research Comparative studies between Star Seller and non-Star Seller stores across various platforms and investigations into cultural and social influences on perceived value are recommended. Longitudinal research may also reveal the long-term impact of seller status on loyalty and business growth. © 2025 Informing Science Institute. All rights reserved.","customer value theory; e-WOM intention; perceived value; PLS-SEM; purchase intention; seller education; Shopee; Star Seller","Behavioral research; Costs; Electronic commerce; Marketplaces; Purchasing; Retail stores; Stars; Customer value theory; Customer values; Electronic word-of-mouth intention; Partial least square structural equation modeling; Partial least-squares; Perceived value; Purchase intention; Seller education; Shopee; Star seller; Structural equation models; Value theory; Sales","Article","Final","All Open Access; Gold Open Access","Scopus","2-s2.0-105008641585"
"Bodolica V.; Kasih B.","Bodolica, Virginia (22978699000); Kasih, Bilal (57238218300)","22978699000; 57238218300","Reimagining the post-pandemic industry of arts in the Arab world: fast-tracked digital uplift or back to business as usual?","2021","Emerald Emerging Markets Case Studies","11","3","","1","25","8","10.1108/EEMCS-06-2020-0181","https://www.scopus.com/pages/publications/85113869744?origin=resultslist","Learning outcomes: The learning outcomes of this paper are as follows: to assess the extent to which a new business concept or entrepreneurial idea represents a commercial success or practical failure, to estimate the complexities associated with the management of a partnership-based venture in the context of emerging markets, to demonstrate understanding of entrepreneurial action and strategic adaptation under the condition of uncontrollable external shocks (e.g. COVID-19) and to evaluate the pros and cons of different strategic options and provide viable recommendations for the future. Case overview/synopsis: Startup entrepreneurship constitutes the backbone of the socioeconomic activity of any nation and a driver of innovation, industrial diversification and wealth generation, particularly in emerging market settings. Drawing upon narrative storytelling techniques, this case study immerses the reader into the intricacies of entrepreneurial venture creation within the dynamic startup ecosystem in the Middle East. It follows the story of a young serial entrepreneur, Omar, who decided to launch a business in the creative industry of arts in the United Arab Emirates in partnership with his friend, Ahmed. Their common venture, Mont8, showcased and promoted the artwork of budding and well-known Arab talents and was on track to become a recognizable brand in the Middle Eastern business of arts until the COVID-19 crisis shook the world taking everyone by surprise. In an attempt to build a successful post-pandemic future, Omar was convinced that Mont8 needed to fast-track its digital transformation. He envisioned an e-commerce marketplace that would empower Arab artists, designers and photographers to create customized virtual galleries on their own web-stores through the Mont8’s digital platform. Yet, Omar’s vision diverged drastically from the very conservative mindset of Ahmed, who did not want to disrupt tradition and argued in favor of a back-to-business-as-usual approach. It remains unclear whose option would be selected and whether the two partners would stay in this makeover together or rather part ways. Complexity academic level: Upper-level undergraduate courses. Supplementary materials: Teaching notes are available for educators only. Subject Code: CSS 3: Entrepreneurship. © 2021, Emerald Publishing Limited.","Business formation/startups; Entrepreneurial skills; Small businesses","","Article","Final","","Scopus","2-s2.0-85113869744"
"Volk M.; Shareef A.E.; Jamous N.; Turowski K.","Volk, Matthias (57191155740); Shareef, Abed Elrahman (57196236167); Jamous, Naoum (24528343700); Turowski, Klaus (7004567723)","57191155740; 57196236167; 24528343700; 7004567723","New E-Commerce User Interest Patterns","2017","Proceedings - 2017 IEEE 6th International Congress on Big Data, BigData Congress 2017","","","","406","413","5","10.1109/BigDataCongress.2017.60","https://www.scopus.com/pages/publications/85032331123?origin=resultslist","The number of online purchases is increasing constantly. Companies have recognized the related opportunities and they are using online channels progressively. In order to acquire potential customers, companies often try to gain a better understanding through the use of web analytics. One of the most useful sources are web log files. Basically, these provide an abundance of important information about the user behavior on a website, such as the path or access time. Mining this so-called clickstream data in the most comprehensive way has become an important task in order to predict the behavior of online customers, optimize webpages, and give personalized recommendations. As the number of customers constantly rises, the volume of the generated data log files also increases, both in terms of size and quantity. Thus, for certain companies, the currently used technologies are no longer sufficient. In this work, a comprehensive workflow will be proposed using a clustering algorithm in a Hadoop ecosystem to investigate user interest patterns. The complete workflow will be demonstrated on an application scenario of one of the largest business-to-business (B2B) electronic commerce websites in Germany. Furthermore, an experimental evaluation method will be applied to verify the applicability and efficiency of the used algorithm, along with the associated framework. © 2017 IEEE.","big data; clickstream data; clustering algorithm; hadoop ecosystem","Sales; Clickstream data; Clusterings; Hadoop ecosystem; Online channels; Potential customers; User behaviors; Users' interests; Web analytics; Web log file; Work-flows; Marketplaces","Conference paper","Final","","Scopus","2-s2.0-85032331123"
"Arora N.; Chaudhary K.","Arora, Neha (59386536500); Chaudhary, Kavita (56405244200)","59386536500; 56405244200","Analysing E-Loyalty Dynamics in Fashion E-Commerce through Survey-Based Analysis; [Analiza dinamike zvestobe v spletnih trgovinah z modnimi oblačili s pomočjo anket]","2024","Tekstilec","67","3","","279","288","0","10.14502/tekstilec.67.2024048","https://www.scopus.com/pages/publications/85207502692?origin=resultslist","This research paper delves into the intricate dynamics of e-loyalty in the context of fashion e-commerce. The study aims to scrutinise and evaluate the effectiveness of marketing strategies utilised by fashion e-commerce retailers, with a specific focus on cultivating customer loyalty in the digital realm. A robust survey methodology was implemented to collect and analyse data from a diverse sample of fashion e-commerce consumers. The survey method encompassed key aspects such as customer satisfaction, brand perception, online shopping experience and engagement with loyalty programmes. Through the application of advanced statistical tech-niques offered by SPSS, including bivariate analysis and factor correlation, the study seeks to unearth valuable insights into the factors influencing e-loyalty in the highly competitive landscape of online fashion retail. The findings are expected to contribute significantly to the existing body of knowledge in e-commerce marketing, providing actionable recommendations for fashion retailers to enhance their strategies and cultivate enduring customer relationships in the digital age. This combined survey-SPSS approach ensures a rigorous and data-driv-en exploration of the intricacies of e-loyalty, contributing to the advancement of understanding and practice in fashion e-commerce marketing strategies using SPSS. Moreover, survey methodology was implemented to collect and analyse data from a diverse sample of fashion e-commerce consumers to establish the correlation among various dependent and independent variables. © 2024, University of Ljubljana Press. All rights reserved.","consumer perceptions; digital age; e-loyalty; marketing strategies; SPSS","Commerce; Customer satisfaction; Sales; Consumer perception; Customer loyalty; Digital age; E- commerces; E-loyalty; Marketing strategy; Research papers; SPSS; Survey methodology; Survey methods; Marketplaces","Article","Final","All Open Access; Gold Open Access","Scopus","2-s2.0-85207502692"
"Chen T.; Liu F.; Shen X.-L.; Wu J.; Liu Y.","Chen, Ting (59163200600); Liu, Fuzhen (57214802222); Shen, Xiao-Liang (57200518770); Wu, Jiang (57153290000); Liu, Yiyuan (59163879000)","59163200600; 57214802222; 57200518770; 57153290000; 59163879000","Conceptualization of privacy concerns and their influence on consumers’ resistance to AI-based recommender systems in e-commerce","2025","Industrial Management and Data Systems","125","5","","1844","1868","7","10.1108/IMDS-03-2024-0251","https://www.scopus.com/pages/publications/105003421388?origin=resultslist","Purpose: The artificial intelligence-based recommender system (AIRS) provides personalization and convenience for enhancing customer experience but triggers customers’ resistance arising from privacy concerns. Few studies have investigated what privacy concerns arise from the AIRS in e-commerce as well as how these privacy concerns influence consumers’ resistance to the AIRS in e-commerce. This study aims to conceptualize privacy concerns and explore their influence on consumers’ resistance to the AIRS in e-commerce. Design/methodology/approach: A mixed-methods approach is used. Study 1 identifies the context-specific privacy concerns related to the AIRS in e-commerce by interviewing 23 consumers. Study 2 examines the influence of context-specific privacy concerns on consumers’ resistance to the AIRS in e-commerce by surveying 557 consumers. Findings: Study 1 reveals that privacy concerns related to the AIRS in e-commerce manifest in perceived surveillance, perceived identity theft and perceived unauthorized secondary use. Study 2 finds that three privacy concerns have three effects on resistance intention: direct, completely mediated by resistance attitude and partially mediated by resistance attitude. Additionally, prior privacy invasion experience strengthens the positive attitude–intention relationship. Originality/value: This study contributes to the literature in three key aspects. Firstly, this study advances the knowledge about privacy concerns by identifying context-specific privacy concerns related to AIRSs in e-commerce. Secondly, this study extends the belief-attitude-intention framework to explain the linkage among the privacy concerns related to AIRSs in e-commerce, resistance attitude and resistance intention. Thirdly, this study adds new insight to the literature on user resistance by examining consumers’ resistance to e-commerce AIRSs from a privacy perspective. © 2025, Emerald Publishing Limited.","Artificial intelligence; E-commerce; Mixed methods; Privacy concern; User resistance","Marketplaces; Consumer resistance; Customer experience; Design/methodology/approach; E- commerces; Identity theft; Mixed method; Personalizations; Privacy concerns; Secondary use; User resistances; Differential privacy","Article","Final","","Scopus","2-s2.0-105003421388"
"Indrawati; Putri N.P.O.I.Y.","Indrawati (36455846200); Putri, Ni Putu Oka Intan Yustya (57200149391)","36455846200; 57200149391","Indonesian Marketplace Trust Analysis Using Text Mining: A Case of Tokopedia","2021","2021 International Conference Advancement in Data Science, E-Learning and Information Systems, ICADEIS 2021","","","","","","3","10.1109/ICADEIS52521.2021.9702080","https://www.scopus.com/pages/publications/85126544609?origin=resultslist","The existence of technological sophistication and the use of the internet can be done with various things such as using social media, e-commerce, and others. Tokopedia is a marketplace where e-commerce activities can be carried out. In its development, Tokopedia experienced several adverse events such as data leaks, a decrease in monthly website visits in 2020, and the performance of the Tokopedia brand, which was still below other marketplaces. Based on this incident, Tokopedia experienced a decline which could make the view of Tokopedia less favorable, such as trust. This study aimed to see how Twitter users trust Tokopedia based on trust factors in e-commerce: perceived privacy, perceived security, perception of website quality, perceived risk, and internet experience. Text mining methods were used in this study, i.e., multiclass classification and sentiment analysis. The study results show that trust in Tokopedia is still lacking. There are results from the ecommerce factor where perceived privacy and risk have the most negative percentages among other factors. These results can be of particular concern in knowing the recommendations for marketing tactics that Tokopedia should carry out. In addition, this study is fruitful in seeing how the application of big data can be helpful in management regarding trust using available technology, such as the application of text mining to analyze reviews on a topic. © 2021 IEEE.","Text Mining; Tokopedia; Trust","Data mining; Risk perception; Sentiment analysis; Social networking (online); Adverse events; E- commerces; Perceived securities; Performance; Social media; Text-mining; Tokopedia; Trust; Trust factor; Website quality; Electronic commerce","Conference paper","Final","","Scopus","2-s2.0-85126544609"
"Mardhia M.M.; Normawati D.","Mardhia, Murein Miksa (56180683300); Normawati, Dwi (57200573804)","56180683300; 57200573804","Marketplace seller recommender with user-based multi criteria decision making","2018","Proceeding of 2018 12th International Conference on Telecommunication Systems, Services, and Applications, TSSA 2018","","","8708794","","","1","10.1109/TSSA.2018.8708794","https://www.scopus.com/pages/publications/85066881108?origin=resultslist","This research develops a recommender system for seller selection of several online marketplace in Indonesia. Since users are provided with too many merchants with various offers regarding a product, it then creates such difficulty and longer time for them to decide which merchant they should choose to get the efficient effort but optimum results.Case studies in several of the most popular online shops were adopted: Tokopedia, Shopee and Bukalapak., where respondents make online transaction the most. Criteria stated are product price, seller location, seller reputation, the number of sold products and expedition support. This study applied a method of Fuzzy Simple Additive Weighting to normalize by using weight authorized from user preference. The experiment applied a user-based method of testing due to each preference and method to place the rankings. At the end, a merchant with the highest point placed as the top rank and displayed as the recommendation. © 2018 IEEE.","e-commerce; marketplace; MCDMc; recommender system","Decision making; Electronic commerce; Telecommunication services; marketplace; MCDMc; Multi criteria decision making; On-line marketplaces; Online transaction; Seller reputations; Seller selections; Simple additive weighting; Recommender systems","Conference paper","Final","","Scopus","2-s2.0-85066881108"
"Shwedeh F.; Dabash A.; Al Dabbagh T.; Aburayya A.","Shwedeh, Fanar (57218370085); Dabash, Amro (59561267700); Al Dabbagh, Tamadher (59000752700); Aburayya, Ahmad (57214098954)","57218370085; 59561267700; 59000752700; 57214098954","Enhancing Marketing Personalized Shopping Recommendations in the UAE: Leveraging Logic Mining and Advanced Technologies","2024","Foundations of Management","16","1","","345","358","0","10.2478/fman-2024-0021","https://www.scopus.com/pages/publications/85218042657?origin=resultslist","This study investigates how personalized recommendation systems in e-commerce operate, using Social Exchange Theory as its theoretical basis. Through empirical research, we analyze the effects of improving consumer experiences, enhancing product suggestions, and building trust and satisfaction on the effectiveness of personalized recommendation systems. Our study combines practical techniques with theoretical knowledge to improve user engagement and build long-lasting brand loyalty. This research provides valuable insights for e-commerce stakeholders, suggesting that individualized recommendations might enhance consumer satisfaction in the digital marketplace. © 2024 Fanar SHWEDEH et al., published by Sciendo.","Consumer Challenges; Digital Marketplace; Personalized Recommendation Systems; Trust and Satisfaction; User Engagement","","Article","Final","All Open Access; Gold Open Access; Green Open Access","Scopus","2-s2.0-85218042657"
"Ajibade S.-S.M.; Jasser M.B.; Hoong A.L.S.; Culpable R.V.; Quirante C.A., III; Dacillo A.L.; Adetunla A.O.; Akintoye K.A.","Ajibade, Samuel-Soma M. (57209028006); Jasser, Muhammed Basheer (57200762275); Hoong, Angela Lee Siew (57703441200); Culpable, Rex V. (59311096300); Quirante, Celestino A. (59912109400); Dacillo, Arvie L. (59912241600); Adetunla, Adedotun O. (57194044144); Akintoye, Kayode Akinlekan (57200417405)","57209028006; 57200762275; 57703441200; 59311096300; 59912109400; 59912241600; 57194044144; 57200417405","A Literature Review of Machine Learning Techniques for Recommender System In E-Commerce","2024","IEEE International Conference on Emerging and Sustainable Technologies for Power and ICT in a Developing Society, NIGERCON","","2024","","","","3","10.1109/NIGERCON62786.2024.10927121","https://www.scopus.com/pages/publications/105005941812?origin=resultslist","The swift expansion of e-commerce has prompted the creation of advanced recommender systems to augment user experience and boost sales. Machine learning techniques have become fundamental for the development of these systems, allowing firms to provide tailored product recommendations based on customer preferences and habits. This research presents a thorough literature assessment of machine learning methodologies utilized in recommender systems, emphasizing their predictive efficacy in the e-commerce sector. We analyze essential methodologies, including collaborative filtering, content-based filtering, hybrid models, and sophisticated techniques such as deep learning. Through the examination of 38 research in the domain, we elucidate the limitations, advantages, and possibilities of machine learning algorithms in delivering precise and scalable suggestions. Our research indicates that hybrid models, which integrate many recommendation strategies, demonstrate significant potential in addressing challenges like the cold start problem and data sparsity. The report delineates prospective research avenues, underscoring the necessity for continued innovation in the integration of machine learning into recommender systems to improve accuracy and customer happiness in e-commerce settings. © 2024 IEEE.","E-Commerce; Literature Review; Machine Learning; Prediction; Recommender Systems","Deep learning; Mobile commerce; User experience; Content based filtering; Customer preferences; E- commerces; Hybrid model; Literature reviews; Machine learning algorithms; Machine learning techniques; Machine-learning; Product recommendation; Users' experiences; Marketplaces","Conference paper","Final","","Scopus","2-s2.0-105005941812"
"Kundra H.; Vishnu C.; Vaishnavi B.V.; Kasireddy C.R.; Akash G.; Jindam S.","Kundra, Harish (57298081300); Vishnu, Chiluveri (59466611400); Vaishnavi, Balpunuri Venkata (59047552000); Kasireddy, Chandrakiran Reddy (59466335700); Akash, Gundapuneni (59442686700); Jindam, Srihitha (59466196500)","57298081300; 59466611400; 59047552000; 59466335700; 59442686700; 59466196500","Digital Emotions using Sentiment Analysis for Predictive Insights on Customer Recommendations","2024","INDISCON 2024 - 5th IEEE India Council International Subsections Conference: Science, Technology and Society","","","","","","1","10.1109/INDISCON62179.2024.10744376","https://www.scopus.com/pages/publications/85211574139?origin=resultslist","In an era of unprecedented digital communication and information sharing, understanding the sentiment expressed in textual data is of paramount importance. Sentiment analysis, a subfield of natural language processing, has gained significant prominence due to its potential to decipher the emotions, opinions, and attitudes conveyed through words. This research paper embarks on a journey into the realm of sentiment analysis, where we explore the nuanced interplay of words and emotions in the digital landscape. Electronic commerce (e-commerce) becomes one of the subjects most learned in the education and literature fields of the present day. Superior research in the field electronics focuses mainly on developed economies. From the e-commerce view, the experience of customers has shifted from visiting retail shops to online shopping, making the analysis of customer behavior more salient. In this dataset, the review is taken into account in this sentiment analysis, considering, executing, and analyzing effective ways. Most probabilistic models are used in current research ventures, in the area of text classification, and information retrieval, among other contexts. In turn, ecommerce has grown much broader with online shopping, which is a core platform through which shoppers may be found. In the same breath, it is very imperative to forecast the level of transactions that will be facilitated through e-commerce. This paper will focus on identifying broad patterns in the written opinions of the consumers by using Natural Language Processing (NLP) techniques. The objective of this research is to predict whether customers will recommend the product they purchased by using the information in review text. © 2024 IEEE.","Binary classification; Cross-cultural sentiment analysis; Customer behavior analysis; Customer recommendation; Data preprocessing; Deep learning; E-commerce; Information retrieval; Machine learning; Natural language processing (NLP); Online shopping; Opinion mining; Probabilistic models; Review text analysis; Sentiment analysis; Social media sentiment analysis; Text classification; Textual data analysis; Transformer-based models; Word embedding","Contrastive Learning; Deep learning; Marketplaces; Natural language processing systems; Recommender systems; Reviews; Binary classification; Cross-cultural sentiment analyze; Customer behavior analysis; Customer recommendation; Data preprocessing; Deep learning; Embeddings; Language processing; Machine-learning; Natural language processing; Natural languages; Online shopping; Opinion mining; Probabilistic models; Review text analyze; Sentiment analysis; Social media; Social medium sentiment analyze; Text analysis; Text classification; Textual data; Textual data analyze; Transformer-based model; Word embedding; Sales","Conference paper","Final","","Scopus","2-s2.0-85211574139"
"Gao J.","Gao, Jing (59933852800)","59933852800","Construction and Application of E-commerce Recommendation Model Based on Machine Learning","2025","Proceedings of 2024 5th International Conference on Big Data Economy and Information Management, BDEIM 2024","","","","21","26","0","10.1145/3724154.3724158","https://www.scopus.com/pages/publications/105007558400?origin=resultslist","With the increasingly fierce market competition, e-commerce enterprises are facing many challenges, such as improving product quality, optimizing price strategy and deeply understanding customer needs. Among them, personalized recommendation based on user’s historical behavior data has become an important means for many e-commerce companies to enhance user experience, enhance user stickiness and promote sales growth. However, in the face of the increasing data scale, the current e-commerce recommendation model shows a significant lag in feature recognition, recommendation quality and operational efficiency, which is difficult to meet the application needs of the current e-commerce platform. In this regard, this paper will analyze the application status of e-commerce recommendation model, comprehensively explore the application feasibility of machine learning technology in the field of recommendation system, and propose a set of recommendation model construction scheme based on machine learning to realize personalized recommendation and improve the accuracy and user satisfaction of recommendation system. Practice has proved that, compared with the control model, the hybrid e-commerce recommendation model based on machine learning has outstanding performance in three groups of indicators: accuracy, recall and mAP value, which provides new ideas and methods for the function optimization of recommendation system under e-commerce platform. © 2024 Copyright held by the owner/author(s).","e-commerce recommendation system; hybrid model; machine learning; personalized recommendation","Electronic money; Mobile commerce; Sales; User experience; 'current; Commerce platforms; E- commerces; E-commerce recommendation system; E-commerce recommendations; Hybrid model; Machine-learning; Model-based OPC; On-machines; Personalized recommendation; Marketplaces","Conference paper","Final","","Scopus","2-s2.0-105007558400"
"Putri G.A.; Ratnapuri C.I.","Putri, Gabriella Amanda (60435109200); Ratnapuri, Chyntia Ika (57203394934)","60435109200; 57203394934","The Role of AI Chatbot and Product Recommendation in Driving Actual Purchase","2025","2025 13th International Conference on Cyber and IT Service Management, CITSM 2025","","","","","","0","10.1109/CITSM67730.2025.11291494","https://www.scopus.com/pages/publications/105031772376?origin=resultslist","This study aims to determine the role of AI chatbot quality and product recommendation systems in affecting actual purchases on E-commerce, especially for Shopee users in Indonesia. Shopee is a leader in E-commerce competition in Indonesia. One of the sophisticated technologies applied in Shopee E-commerce is Artificial Intelligence (AI). Previous studies have typically focused on technology and emphasized purchase intention, but have given limited attention to the relationship between purchase intention and actual purchase. To fill the gap, this study used a quantitative method approach using Partial Least Squares Structural Equation Modeling (PLS-SEM) on online questionnaire data collected from 202 respondents who had made transactions on Shopee. The results of the study showed that the quality of the AI chatbot and the product recommendation system had a significant influence on purchase intention. Furthermore, the relationship between purchase intention and actual purchase is very strong and has significant influence on the user's purchasing process, which subsequently drives actual purchases. These results confirm purchase intention has mediating role and highlight the critical importance of product recommendations in driving conversions in E-commerce platforms. Therefore, the study contributes theoretically by extending previous research, which has mostly focused on purchase intention and insights for E-commerce marketing strategies, to optimize AI features that effectively increase Ecommerce conversions. © 2025 IEEE.","actual purchase; AI chatbot quality; e-commerce; product recommendation system","Artificial intelligence; Chatbots; Least squares approximations; Marketplaces; Purchasing; Recommender systems; Sales; Actual purchase; Artificial intelligence chatbot quality; Chatbots; E- commerces; Indonesia; Limited attentions; Product recommendation; Product recommendation system; Purchase intention; Quantitative method; Electronic commerce","Conference paper","Final","","Scopus","2-s2.0-105031772376"
"Lin R.; Lü X.; Xu P.; Ge S.; He H.","Lin, Ruibing (58019561300); Lü, Xiaoyu (59367248000); Xu, Pinghua (37125662100); Ge, Sumin (58970178500); He, Huazhou (57224004643)","58019561300; 59367248000; 37125662100; 58970178500; 57224004643","A mass customization framework and reclassification method for lower garments in E-commerce","2025","International Journal of Clothing Science and Technology","37","1","","115","137","0","10.1108/IJCST-04-2024-0096","https://www.scopus.com/pages/publications/105001084550?origin=resultslist","Purpose: To enhance the fit, comfort and overall satisfaction of lower body attire for online shoppers, this study introduces a reclassification method of the lower body profiles of young females in complex environments, which is used in the framework of remote clothing mass customization. Design/methodology/approach: Frontal and lateral photographs were collected from 170 females prior, marked as size M. Employing a salient object detection algorithm suitable for complex backgrounds, precise segmentation of body profiles was achieved while refining the performance through transfer learning techniques. Subsequently, a skeletal detection algorithm was employed to delineate distinct human regions, from which 21 pivotal dimensional metrics were derived. These metrics underwent clustering procedures, thus establishing a systematic framework for categorizing the lower body shapes of young females. Building upon this foundation, a methodology for the body type combination across different body parts was proposed. This approach incorporated a frequency-based filtering mechanism to regulate the enumeration of body type combinations. The automated identification of body types was executed through a support vector machine (SVM) model, achieving an average accuracy exceeding 95% for each defined type. Findings: Young females prior to being marked as the same lower garment size can be further subdivided based on their lower body types. Participants' torso types were classified into barrel-shaped, hip-convex and fat-accumulation types. Leg profile shapes were categorized into slender-elongated and short-stocky types. The frontal straightness of participants’ legs was classified as X-shaped, I-shaped and O-shaped types, while the leg side straightness was categorized based on the knee hyperextended degree. The number of combinations can be controlled based on the frequency of occurrence of combinations of different body types. Originality/value: This methodological advancement serves as a robust cornerstone for optimizing clothing sizing and enabling remote clothing mass customization in E-commerce, providing assistance for body type database and clothing size database management as well as strategies for establishing a comprehensive remote customization supply chain and on-demand production model. © 2024, Emerald Publishing Limited.","Body reclassification; E-commerce; Mass customization; Object detection; System","Garment industry; Hosiery manufacture; Marketplaces; Body reclassification; Classifieds; Complex environments; Design/methodology/approach; Lower body; Mass customization; Objects detection; Online shops; Salient object detection; System; Clothes","Article","Final","","Scopus","2-s2.0-105001084550"
"Wahdiniwaty R.; Setiawan E.B.; Wahab D.A.","Wahdiniwaty, Rahma (57193845073); Setiawan, Eko Budi (56829262300); Wahab, Deden A (57204887482)","57193845073; 56829262300; 57204887482","Comparative Analysis of Software Quality Model in the Selection of Marketplace E-Commerce","2018","2018 International Conference on Information Technology Systems and Innovation, ICITSI 2018 - Proceedings","","","8696074","386","391","1","10.1109/ICITSI.2018.8696074","https://www.scopus.com/pages/publications/85065173885?origin=resultslist","E-commerce system is very helpful for people in buying and selling transactions. Various existing marketplaces have their advantages and disadvantages. Software quality models can provide an assessment of each e-commerce marketplace system. This research analyzes the results of e-commerce selection by using several software quality models that are implemented with the analytical hierarchy process using Expert Choice tools. The assessment in this research using criteria from a combination of several quality software models to obtain which criteria have the highest percentage value and determine the quality of an e-commerce marketplace system. Each quality model software has different evaluation results from each other. This difference because the assessment criteria between one quality model and another. © 2018 IEEE.","Analytical hierarchy process; E-commerce; Recommendations; Software quality model","Computer software selection and evaluation; Electronic commerce; Quality assurance; Analytical Hierarchy Process; Assessment criteria; Comparative analysis; E-commerce systems; Evaluation results; Recommendations; Software quality modeling; Software quality models; Quality control","Conference paper","Final","","Scopus","2-s2.0-85065173885"
"Yadav A.; Pandita D.","Yadav, Anusuya (57703286400); Pandita, Deepika (57130751000)","57703286400; 57130751000","Analyzing Tech-Driven Solutions for Overcoming Challenges in the Indian E-commerce Landscape","2023","2023 4th International Conference on Data Analytics for Business and Industry, ICDABI 2023","","","","571","575","1","10.1109/ICDABI60145.2023.10629402","https://www.scopus.com/pages/publications/85202445090?origin=resultslist","The exponential expansion of the e-commerce sector in India can be attributed to factors such as digitization, shifts in consumer behavior, and advancements in technology. However, the sector's complete potential is impeded by a myriad of problems that coincide with its growth trajectory. This study employed a methodology that comprised structured interviews, adopting purposeful sampling of 130 executives and managers in the e-commerce business. This research aims to shed light on these issues and investigate the role of potential technical solutions in resolving them. The paper dives into a variety of technical solutions such as multi-lingual artificial intelligence interfaces, blockchain technology for enhancing supply chain transparency, and secure authentication mechanisms. Technology is key to resolving payment inclusion and last-mile delivery and increasing data security and privacy. This research endeavors to offer practical recommendations for businesses, policymakers, and stakeholders by identifying obstacles and recommending solutions driven by technology. The study envisions a future in which technological interventions propel India's e-commerce industry to new heights, fostering economic development and empowering consumers.  © 2023 IEEE.","AI; AI powered; Block Chain; Digital payment; E-Commerce; India; last mile delivery; online business; technology","Blockchain; AI powered; Block-chain; Digital payment; E- commerces; India; Last mile; Last mile delivery; Online business; Technical solutions; Technology; Marketplaces","Conference paper","Final","","Scopus","2-s2.0-85202445090"
"Hendry; Purnomo H.; Hartomo K.D.; Rahardja U.; Ramadan A.","Hendry (57197729542); Purnomo, Hindriyanto (42462221100); Hartomo, Kristoko Dwi (56543586000); Rahardja, Untung (57193410112); Ramadan, Ahmad (57987724600)","57197729542; 42462221100; 56543586000; 57193410112; 57987724600","The Impact of Smart Contracts on Cyberpreneurship in Contemporary Business Marketing","2024","2024 3rd International Conference on Creative Communication and Innovative Technology, ICCIT 2024","","","","","","2","10.1109/ICCIT62134.2024.10701143","https://www.scopus.com/pages/publications/85207838524?origin=resultslist","The rapid advancement of smart contract innovation in online commerce has initiated significant discussions on enhancing the effectiveness of digital transactions. This research investigates the complexities of smart contract innovation within Indonesia's e-commerce landscape, focusing on issues such as inaccuracies and behaviors that could negatively impact buyers. The primary objective is to provide clarity on legal matters in Indonesia's evolving legal and technological environment. Employing a normative juridical approach, the study analyzes current laws and regulations to ensure the protection of participants in online transactions. Furthermore, it explores the concept of Cyberpreneurship using internet media for business - aiming to identify new business opportunities and improve e-commerce outcomes. Structural Equation Modeling (SEM) is utilized to understand the relationships among variables related to smart contracts and e-commerce. The findings reveal that smart contract innovation (SCI) significantly affects cyberpreneurship (CP) with an estimated parameter of 0.45 (t-value = 4.50, p < 0.001). Legal certainty (LC) also significantly affects CP with an estimated parameter of 0.30 (t-value = 3.75, p < 0.001). Furthermore, CP has a positive and significant impact on e-commerce efficiency (EE) with an estimated parameter of 0.60 (t-value = 6.67, p < 0.001). These results indicate that smart contracts improve transaction speed, reduce costs, and ensure legal protection, thereby fostering a more secure and reliable e-commerce environment. This research aspires to contribute to the development and regulation of e-commerce in Indonesia and serve as a foundation for future studies. By addressing the legal and technological challenges, the study aims to provide recommendations for policymakers and business practitioners to enhance the adoption and implementation of smart contracts in e-commerce, ultimately contributing to a more robust and efficient digital economy. © 2024 IEEE.","Cyberpreneurship; E-Commerce; Legal Certainty; SEM Analysis; Smart Contracts","Marketplaces; Business marketing; Cyberpreneurship; E- commerces; Estimated parameter; Indonesia; Legal certainty; Modeling analyzes; Online commerce; Structural equation modeling analyze; Structural equation models; Smart contract","Conference paper","Final","","Scopus","2-s2.0-85207838524"
"Bauer J.; Nanopoulos A.","Bauer, Josef (59818369100); Nanopoulos, Alexandros (6603555418)","59818369100; 6603555418","Recommender systems based on quantitative implicit customer feedback","2014","Decision Support Systems","68","","","77","88","43","10.1016/j.dss.2014.09.005","https://www.scopus.com/pages/publications/84911950084?origin=resultslist","Due to the abundant variety of products offered by e-commerce companies and online service providers, recommender systems become an increasingly important decision aid for customers. In this paper we focus on quantitative implicit customer feedback like sales and play records data. We extend the current state-of-the-art method for recommendations based on matrix factorization under a normal distribution assumption by allowing for different distributions which are more suitable to model this kind of data. In particular, we use the Poisson, the inverse Gaussian and the gamma distribution as extensions. The experimental evaluation with three real-world data sets shows the improved performance of our approach and we demonstrate the merit of using various distributions depending on the respective data set. © 2014 Elsevier B.V. All rights reserved.","Data mining; e-Commerce; Machine learning; Matrix factorization; Recommender systems","Adversarial machine learning; 'current; Customer feedback; Data set; Decision aids; E- commerces; Machine-learning; Matrix factorizations; On-line service; Service provider; State-of-the-art methods; Marketplaces","Article","Final","","Scopus","2-s2.0-84911950084"
"Suali A.S.; Srai J.S.; Tsolakis N.","Suali, Arunpreet Singh (59067490900); Srai, Jagjit Singh (24077284300); Tsolakis, Naoum (55921449500)","59067490900; 24077284300; 55921449500","The role of digital platforms in e-commerce food supply chain resilience under exogenous disruptions","2024","Supply Chain Management","29","3","","573","601","74","10.1108/SCM-02-2023-0064","https://www.scopus.com/pages/publications/85192389328?origin=resultslist","Purpose: Operational risks can cause considerable, atypical disturbances and impact food supply chain (SC) resilience. Indicatively, the COVID-19 pandemic caused significant disruptions in the UK food services as nationwide stockouts led to unprecedented discrepancies between retail and home-delivery supply capacity and demand. To this effect, this study aims to examine the emergence of digital platforms as an innovative instrument for food SC resilience in severe market disruptions. Design/methodology/approach: An interpretive multiple case-study approach was used to unravel how different generations of e-commerce food service providers, i.e. established and emergent, responded to the need for more resilient operations during the COVID-19 pandemic. Findings: SC disruption management for high-impact low-frequency events requires analysing four research elements: platformisation, structural variety, process flexibility and system resource efficiency. Established e-commerce food operators use partner onboarding and local waste valorisation to enhance resilience. Instead, emergent e-commerce food providers leverage localised rapid upscaling and product personalisation. Practical implications: Digital food platforms offer a highly customisable, multisided digital marketplace wherein platform members may aggregate product offerings and customers, thus sharing value throughout the network. Platform-induced disintermediation allows bidirectional flows of data and information among SC partners, ensuring compliance and safety in the food retail sector. Originality/value: The study contributes to the SC configuration and resilience literature by investigating the interrelationship among platformisation, structural variety, process flexibility and system resource efficiency for safe and resilient food provision within exogenously disrupted environments. © 2024, Arunpreet Singh Suali, Jagjit Singh Srai and Naoum Tsolakis.","Digital platforms; E-commerce food supply chains; Exogenous disruptions; Industry case studies; Resilient operations","","Article","Final","All Open Access; Green Open Access; Hybrid Gold Open Access","Scopus","2-s2.0-85192389328"
"Das I.; Nath A.; Ghosh A.; Mhanna A.","Das, Ipsita (59717098800); Nath, Aranya (58164518800); Ghosh, Anusuya (60170266000); Mhanna, Anas (60170497800)","59717098800; 58164518800; 60170266000; 60170497800","Brand protection in India’s digital economy: trademarks vs. competition regulation","2025","International Journal of Intellectual Property Management","15","6","","598","622","0","10.1504/IJIPM.2025.150698","https://www.scopus.com/pages/publications/105025794145?origin=resultslist","The digital economy in India has significantly impacted brand protection, with the need for robust trademark protection intensifying to combat issues like counterfeiting, cybersquatting, and unauthorised use. Competition regulation aims to ensure fair market practices, prevent monopolistic behaviour, and foster innovation. This study examines the legislative and judicial framework governing trademarks in India, highlighting key provisions under the Trade Marks Act, of 1999, and their application in the digital context. It also assesses the role of the Competition Commission of India (CCI) in addressing anti-competitive practices. The study identifies tensions and synergies between trademark protection and competition regulation, examining how digital platforms, e-commerce, and social media influence these legal domains. Comparing the study with jurisdictions like the EU and the USA, the paper proposes a balanced approach that harmonises trademark enforcement with competition law principles to ensure brand protection efforts do not stifle competition and innovation in India’s burgeoning digital economy. Recommendations include policy reforms, enhanced cooperation between regulatory bodies, and the adoption of technology-driven solutions to safeguard brands while promoting a competitive and fair digital marketplace. Copyright © 2025 Inderscience Enterprises Ltd.","brand protection; competition law; competition regulation; digital marketplaces; e-commerce; Indian digital economy; intellectual property rights; IPR; trademarks","","Article","Final","","Scopus","2-s2.0-105025794145"
"Mhiribidi T.C.; Chigodo E.T.; Jowa V.","Mhiribidi, Tariro Claudia (59793237900); Chigodo, Eva Tsitsi (59788506300); Jowa, Viola (57222039455)","59793237900; 59788506300; 57222039455","Conversational Commerce: Designing and Evaluating a Whatsapp-Based e-Commerce Chatbot","2024","Proceedings of the 2024 3rd Zimbabwe Conference on Information Communication and Technology, ZCICT 2024","","","","","","1","10.1109/ZCICT63770.2024.10958353","https://www.scopus.com/pages/publications/105004550456?origin=resultslist","This paper presents the design, development, and comprehensive evaluation of an advanced WhatsApp-based e-commerce chatbot. By integrating product search, secure payment processing, and order fulfilment functionalities within the WhatsApp platform, the system enhances the customer experience through Natural Language Processing (NLP) and machine learning techniques. The chatbot demonstrated significant improvements in user engagement, transaction completion rates, and operational cost reductions. Initial experiments show high user satisfaction with a 97% success rate in catalogue navigation and a 95% transaction completion rate. Future improvements will focus on multi-language support, AI-driven recommendations, and enhanced payment options.  © 2024 IEEE.","conversational commerce; machine learning; natural language processing (NLP); user experience (UX)","Electronic money; Marketplaces; Mobile commerce; Chatbots; Conversational commerce; Design development; E- commerces; Language processing; Machine-learning; Natural language processing; Natural languages; User experience (UX); Users' experiences; Natural language processing systems","Conference paper","Final","","Scopus","2-s2.0-105004550456"
"Qian X.; Shi Y.; Guo Y.","Qian, Xiaodong (36811718200); Shi, Yulin (59533012000); Guo, Ying (59532421800)","36811718200; 59533012000; 59532421800","Research on E-Commerce Network Link Prediction Based on Improved DeepWalk Algorithm; [基于改进 DeepWalk 算法的电商网络链路预测研究]","2024","Data Analysis and Knowledge Discovery","8","12","","62","72","2","10.11925/infotech.2096-3467.2023.0893","https://www.scopus.com/pages/publications/85216280332?origin=resultslist","[Objective] This paper aims to address the deficiency of DeepWalk algorithm in link prediction of e-commerce network, a link prediction algorithm based on improved DeepWalk algorithm is proposed.[Methods] According to the problem that the traditional DeepWalk algorithm treats each node equally in the random walk process, the structure and attribute information of the e-commerce network are biased to the random walk, so as to guide the walking process to traverse different types of nodes in the graph more targeted.This paper solves the problem that the traditional DeepWalk algorithm can not well represent the relationship between users and commodities by using cosine similarity measurement method, Bhattacharyya Coefficient is introduced into the existing nonlinear similarity calculation model to create a new similarity model.[Results] Experimental results show that the average recall accuracy of the improved DeepWalk algorithm is improved by a maximum of 0.17 and a minimum of 0.05 in different data scales.When calculating the node similarity, the optimal value of the node attribute similarity contribution alpha is between 0.5 and 0.6.[Limitations] In this paper, sensitivity parameters must be set subjectively, and the time complexity of the random walk is proportional to the network size N, so the scalability of the algorithm may decrease as the time complexity increases.[Conclusions] It shows that the improved algorithm can learn the node embedding vector well, so as to understand the similarity of nodes in the e-commerce network. © 2024 Chinese Academy of Sciences. All rights reserved.","DeepWalk Algorithm; E-Commerce Network; Link Prediction; Recommendation","Marketplaces; Deepwalk algorithm; E- commerces; E-commerce network; Link prediction; Network links; Prediction algorithms; Prediction-based; Random Walk; Recommendation; Time complexity; Consensus algorithm","Article","Final","","Scopus","2-s2.0-85216280332"
"Kamaruddin N.A.; Ismail H.; Ahmedy I.","Kamaruddin, Nur Ainaasyafiqah (60158598400); Ismail, Habibah (43061265600); Ahmedy, Ismail (36197825500)","60158598400; 43061265600; 36197825500","Item-Based Collaborative Filtering for Personalized Laptop Recommendations","2025","15th IEEE International Conference on Control System, Computing and Engineering, ICCSCE 2025 - Conference Proceedings","","","","87","92","1","10.1109/ICCSCE65566.2025.11182662","https://www.scopus.com/pages/publications/105019922512?origin=resultslist","The laptop has grown to be one of the most important and widely used products in our everyday lives. However, given the variety of features and brand names available, it is safe to assume that many individuals have had difficulty selecting the personal laptop that best suits their demands. This study presents a laptop recommendation system that uses an item-based collaborative filtering algorithm to provide personalized recommendations to users. The study begins with a background study on recommendation systems and their importance in e-commerce business. The evaluation of the system's accuracy was conducted using the Mean Absolute Error (MAE) which the accuracy obtained is 89.37% and by using Root Mean Squared Error (RMSE) metrics with accuracy 87.55%• The results demonstrate that item-based collaborative filtering can improve the precision and customization of laptop recommendations and emphasizes the effectiveness in improving user satisfaction and increasing sales for e-commerce websites and online marketplaces. © 2025 IEEE.","item-based collaborative filtering algorithm; laptop recommendation system; Mean Absolute Error; Root Mean Squared Error","Electronic commerce; Errors; Laptop computers; Mean square error; Recommender systems; Brand names; Collaborative filtering algorithms; E-commerce business; Item-based collaborative filtering; Item-based collaborative filtering algorithm; Laptop recommendation system; Mean absolute error; Personalized recommendation; Root mean squared errors; Used product; Collaborative filtering","Conference paper","Final","","Scopus","2-s2.0-105019922512"
"Septiningsih I.; Karimullah S.S.","Septiningsih, Ismawati (57951709600); Karimullah, Suud Sarim (58196991200)","57951709600; 58196991200","Consumer Protection in the Digital Era: An Analysis of Consumer Protection in E-Commerce","2024","Nusantara: Journal of Law Studies","3","2","","68","80","5","10.5281/zenodo.17376951","https://www.scopus.com/pages/publications/105029884399?origin=resultslist","The digital revolution has fundamentally reshaped the way consumers interact with the marketplace. The emergence of e-commerce platforms has accelerated economic transactions while simultaneously introducing complex legal challenges, particularly regarding consumer protection. This study critically examines the effectiveness of consumer protection mechanisms in the digital era, with a focus on e-commerce practices in both domestic and cross-border contexts. Using a normative, juridical, and qualitative approach, the research examines the implementation of consumer protection principles in online transactions, with a specific focus on transparency, data privacy, unfair contract terms, and the accessibility of dispute resolution channels. The findings indicate that although several legal frameworks—such as electronic transaction laws and consumer protection statutes—have adapted to digital developments, their enforcement remains inconsistent and fragmented. Many consumers are unaware of their rights in digital transactions, while existing regulations often struggle to keep pace with the rapid pace of technological innovation. The study also reveals that dispute resolution in e-commerce is still dominated by platform-based mechanisms, which tend to prioritize business interests over consumer rights. Furthermore, cross-border transactions often create jurisdictional ambiguities that weaken consumer protection. This research makes an academic contribution by presenting a conceptual model of adaptive consumer protection, which integrates technological responsiveness, legal flexibility, and ethical accountability. It extends the theoretical discourse on digital consumer law by proposing the harmonization of international standards and the establishment of collaborative enforcement mechanisms between states and digital platforms. Practically, the study offers recommendations for policymakers and regulatory bodies to enhance consumer trust, foster digital literacy, and ensure equitable legal safeguards in the global digital marketplace. (c) 2024 Ismawati Septiningsih et. al.","Adaptive Regulation; Consumer Protection; Digital Era; E-Commerce; Legal Framework","","Article","Final","","Scopus","2-s2.0-105029884399"
"Tombe R.S.; Ekawati R.K.; Budi N.F.A.; Hidayanto A.N.; Anussornnitisarn P.","Tombe, Rito Septi (57202154279); Ekawati, Rika K. (39761245500); Budi, N.F. Ayuning (56521579100); Hidayanto, A. Nizar (57205093001); Anussornnitisarn, P. (16309200100)","57202154279; 39761245500; 56521579100; 57205093001; 16309200100","Why does people use e-payment systems in C2C e-marketplace? a trust transfer perspective","2017","Proceedings of the 2nd International Conference on Informatics and Computing, ICIC 2017","2018-January","","","1","6","6","10.1109/IAC.2017.8280628","https://www.scopus.com/pages/publications/85047330520?origin=resultslist","Consumer-to-consumer (C2C) e-marketplace is one of the most popular forms of e-commerce today, where trust plays important role in it. This study aims to investigate the trust transfer process between sellers and e-payment systems, as well as analyze their impact on e-payment systems acceptance in C2C e-marketplace. The data was collected by distributing online and offline questionnaires to C2C e-commerce users in Indonesia. We obtained data from 249 respondents and then subsequently processed the data using structural equation modeling (SEM) with the help of AMOS 22.0 software. The result of this study shows that trust to the seller is influenced by disposition to trust and positive reputation. In addition, this study also concludes that the trust in the e-payment system is affected by the quality of e-payment and the recommendations of others. Furthermore, this study proved that the transfer of trust from the seller to the e-payment system can affect the intention to use the e-payment systems. © 2017 IEEE.","a source of trust; AMOS; C2C e-marketplace; e-payment; intention to use; SEM; the displacement of the trust; Trust","Electronic money; A source of trust; AMOS; C2C e-marketplace; E-marketplaces; E-payments; Intention to use; Payment systems; Structural equation models; The displacement of the trust; Trust; Surveys","Conference paper","Final","","Scopus","2-s2.0-85047330520"
"Lv Q.","Lv, Qianwen (59392242500)","59392242500","E-Commerce Big Data Analysis and User Behavior Prediction Algorithm Based on Deep Learning","2024","Proceedings - 2024 3rd International Conference on Artificial Intelligence and Autonomous Robot Systems, AIARS 2024","","","","219","224","2","10.1109/AIARS63200.2024.00046","https://www.scopus.com/pages/publications/85207875263?origin=resultslist","With the vigorous growth of big data technology and intelligent interaction technology, e-commerce has become a widely concerned focus of the public. In the field of e-commerce, how to accurately predict shopping behavior and achieve personalized recommendations from massive user data has become a top priority of research. Big data analysis plays a crucial role in the field of e-commerce, as it can extract potential patterns from complex and ever-changing data, extract useful information, and provide decision support for businesses. Deep learning (DL), as an important branch of machine learning (ML), also shows great potential for application in the field of e-commerce. This article proposes a DL based e-commerce big data analysis and user behavior prediction algorithm. This algorithm accurately predicts the future shopping behavior of users by deeply mining potential features in user behavior data, combined with the powerful feature representation and learning ability of DL models. The experimental results show that the algorithm performs well in predicting user behavior, effectively improving the personalized recommendation effect and user experience of e-commerce platforms, and providing strong technical support for e-commerce enterprises.  © 2024 IEEE.","Big data analysis; Deep learning; E-commerce; User behavior prediction","Adversarial machine learning; Behavior prediction; Big data analyze; Data technologies; Deep learning; E- commerces; Personalized recommendation; Prediction algorithms; Shopping behaviour; User behavior prediction; User behaviors; Marketplaces","Conference paper","Final","","Scopus","2-s2.0-85207875263"
"Wasilewski A.; Juszczyszyn K.; Suryani V.","Wasilewski, Adam (36195288000); Juszczyszyn, Krzysztof (7801500902); Suryani, Vera (56119170400)","36195288000; 7801500902; 56119170400","Multi-factor evaluation of clustering methods for e-commerce application","2024","Egyptian Informatics Journal","28","","100562","","","9","10.1016/j.eij.2024.100562","https://www.scopus.com/pages/publications/85209582362?origin=resultslist","This research aimed to investigate the application of Vlse Kriterijumska Optimizacija I Kompromisno Resenje (VIKOR) and Technique for Order of Preference by Similarity to Ideal Solution (TOPSIS) multi-criteria decision-making to select the optimal clustering for e-commerce customer segmentation. In this context, clustering as an unsupervised machine learning method offered a way to overcome the limitations of traditional grouping, particularly by providing the ability to capture the diverse needs of consumers. A total of five different clustering methods were considered based on the behavioral data of e-commerce customers. Even though the analyzed algorithms were well-known and widely used, the comprehensive and multidirectional comparison was not trivial. Selected approaches were evaluated on the basis of twelve indicators (decision criteria), divided into four characteristics that take into account both the out-of-context aspects of clustering and the requirements arising from the context of using the clustering results. The results showed consistent outcomes from both analyzed Multi-Criteria Decision Methods, with some notable differences. The methods obtained the same ranking of the top three clustering algorithms (K-median - BIRCH - K-means). However, the TOPSIS and VIKOR sensitivity analysis recommended K-means in 87% of the cases and 60% of the variants verified, respectively. The parameterization of the decision factors had a significant impact on the final ranking of clustering options. This research demonstrated the practical application of the decision methods in selecting the best clustering for multivariate user interfaces to improve personalization in e-commerce. © 2024 The Authors","Clustering; E-commerce; Machine learning; TOPSIS; VIKOR","Contrastive Learning; Marketplaces; Sensitivity analysis; Unsupervised learning; Clustering methods; Clusterings; E- commerces; E-Commerce applications; Ideal solutions; K-means; Machine-learning; Multi-factor; Technique for order of preference by similarity to ideal solution; Vlse kriterijumska optimizacija I kompromisno resenje; Adversarial machine learning","Article","Final","All Open Access; Gold Open Access; Green Open Access","Scopus","2-s2.0-85209582362"
"Riyadi S.; Sugiarto A.E.; Rozan N.; Andriyani A.D.; Ghazali K.H.","Riyadi, Slamet (6503991450); Sugiarto, Alfiansah Erik (59791966700); Rozan, Naufal (59550978800); Andriyani, Annisa Divayu (58656560200); Ghazali, Kamarul Hawari (24070207000)","6503991450; 59791966700; 59550978800; 58656560200; 24070207000","Clustering of User Reviews Using K-Means: A Case Study of Shopee Marketplace","2024","2024 9th International Conference on Informatics and Computing, ICIC 2024","","","","","","1","10.1109/ICIC64337.2024.10956602","https://www.scopus.com/pages/publications/105004582611?origin=resultslist","An accurate understanding of user sentiment is essential for e-commerce companies in the rapidly growing online commerce era. Shopee, one of the largest e-commerce companies in Indonesia, has not yet been extensively analyzed for user sentiment using the K-Means method. The K-Means method is an easy and fast method for data clustering. It can also be used for large amounts of data so that it can be applied to predict Shopee Application User Review Sentiment. This research aims to apply the K-Means clustering method in sentiment analysis of Shopee application user reviews. This study successfully applied the K-Means clustering method to analyze the sentiment of Shopee application user reviews. The clustering results show the formation of three groups of reviews with different characteristics. Although the prediction accuracy did not reach a very high level, the evaluation and validation steps performed gave confidence in the quality of the clusterization obtained. This research provides initial insights into user perceptions of the Shopee application, and recommendations for future research include parameter tuning and dataset enhancement to improve prediction accuracy.  © 2024 IEEE.","K-Means; sentiment analysis; shop application; user reviews","Electronic money; Emotion Recognition; K-means clustering; Mobile commerce; Shopping centers; Case-studies; Clusterings; E- commerces; K-means; K-means clustering method; K-means method; Prediction accuracy; Sentiment analysis; Shop application; User reviews; Marketplaces","Conference paper","Final","","Scopus","2-s2.0-105004582611"
"Kurnianingrum D.; Jumbri I.A.; Utama I.D.","Kurnianingrum, Dian (57211858620); Jumbri, Isma Addi (57205234855); Utama, Iston Dwija (57203390834)","57211858620; 57205234855; 57203390834","Comparative Sentiment Analysis of Shopee and Tokopedia in Indonesia: Insights from Twitter Data","2025","Paper Asia","41","5","","261","274","0","10.59953/paperasia.v41i5b.697","https://www.scopus.com/pages/publications/105023116823?origin=resultslist","Understanding user sentiment is essential for strengthening platform competitiveness in Southeast Asia's rapidly evolving e-commerce landscape. This study presents a comparative sentiment analysis of Indonesia's two leading e-commerce platforms, Shopee and Tokopedia, based on 6,336 tweets collected from Twitter (X) between 10 and 17 January 2024. A lexicon-based sentiment analysis, complemented by keyword analysis, was employed to classify user sentiments using a five-star scale, thereby capturing nuanced emotional expressions. The results indicate that 47% of Shopee-related tweets conveyed positive sentiment, whereas only 15.6% of Tokopedia-related tweets were positive. In contrast, Tokopedia demonstrated a significantly higher proportion of negative sentiment at 64.3%, indicating notable user dissatisfaction. Keyword analysis revealed that Shopee users focused on affordability, promotions, and product discovery, while Tokopedia discussions emphasized transactional reliability, peer-to-peer selling, and financial services. These findings suggest that Shopee should continue leveraging promotional strategies while addressing technical reliability to maintain user trust and loyalty. Meanwhile, Tokopedia must enhance logistical performance, strengthen seller accountability, and improve financial services governance to rebuild user confidence. This study contributes to the e-commerce and social media analytics literature by integrating sentiment intensity and thematic keyword analysis, offering actionable recommendations for enhancing user engagement in Indonesia's competitive digital marketplace. Future research should consider more extended observation periods and cross-platform analyses to capture evolving sentiment trends and inform strategic decision-making. © 2025, IPMEDIA SDN BHD. All rights reserved.","E-commerce; Sentiment analysis; Social media analytics; Twitter data; User satisfaction","","Article","Final","All Open Access; Gold Open Access","Scopus","2-s2.0-105023116823"
"Rahmadhani N.A.; Ayu Kusumawati Y.","Rahmadhani, Nera Ayu (58810433800); Ayu Kusumawati, Yudhistya (57226758490)","58810433800; 57226758490","Developing E-commerce for Coffee Enthusiast","2023","2023 International Conference on Informatics, Multimedia, Cyber and Information Systems, ICIMCIS 2023","","","","502","507","0","10.1109/ICIMCIS60089.2023.10348972","https://www.scopus.com/pages/publications/85182271361?origin=resultslist","This research examines the current state of the art of mobile app marketplaces for coffee and the potential benefits for coffee enthusiasts, producers, and suppliers. The growing demand for high-quality coffee has created a need for a convenient platform that connects coffee enthusiasts with a wide range of coffee products. Well-designed mobile app marketplace can provide an easy-to-use platform for browsing, searching, and purchasing coffee products, while also creating new opportunities for coffee producers and suppliers to reach a wider audience. The research highlights the importance of user interface design in creating a positive user experience, emphasizing the need for clear navigation, visual appeal, usability, and convenient payment and delivery options. Additionally, the use of data analytics and artificial intelligence can play a valuable role in personalizing the marketplace and providing relevant recommendations and offers to coffee enthusiasts. The research concludes that by focusing on user interface design, data analytics, and sustainability, it is possible to create a mobile app marketplace for coffee that meets the needs, while also providing a valuable platform for the coffee industry as a whole. © 2023 IEEE.","Coffee; design thinking; e-commerce; sustainability","Data Analytics; Electronic commerce; User interfaces; 'current; Coffee products; Data analytics; Design thinking; E- commerces; Growing demand; Mobile app; Potential benefits; State of the art; User interface designs; Sustainable development","Conference paper","Final","","Scopus","2-s2.0-85182271361"
"Anwansedo F.; Gbadebo A.D.; Akinwande O.T.","Anwansedo, Friday (59214838100); Gbadebo, Adedeji Daniel (57226893172); Akinwande, Oladayo Tosin (59214838200)","59214838100; 57226893172; 59214838200","EXPLORING THE ROLE OF AI-ENHANCED ONLINE MARKETPLACES IN FACILITATING ECONOMIC GROWTH: AN IMPACT ANALYSIS ON TRADE RELATIONS BETWEEN THE UNITED STATES AND SUB-SAHARAN AFRICA","2024","Revista de Gestao Social e Ambiental ","18","6","e07494","","","3","10.24857/rgsa.v18n6-139","https://www.scopus.com/pages/publications/85198253926?origin=resultslist","Objective: The integration of artificial intelligence (AI) in the online marketplace represents a turning point in the development of e-commerce and digital trade. This article investigates the transformative potential of AI-enhanced online marketplaces for trade relations between the United States (US) and Sub-Saharan Africa (SSA), with the aim of reviewing the opportunities presented by the AI in enhancing market access, streamlining trade, and driving economic growth. Method: The methodology adopted for this research comprises of expository discussion. We explore theoretical discussion on AI-enhanced online marketplaces and how it has facilitated online marketplaces for trade relations between the United States (US). Results and Discussion: The article finds that there exists a complex mix of opportunities, challenges, and evolving dynamics in the trading landscape between the US and SSA. Furthermore, the rivalry from global powers as well as the geopolitical considerations impact the trade between US and the SSA countries. Implications: The practical and theoretical implications of this research are discussed. The implication of our finding is that by addressing these key areas, stakeholders can navigate the complexities of trade relations effectively and capitalize on opportunities for mutual prosperity and inclusive economic development between the US and SSA in the digital age. Originality/Value: This study contributes to the literature by highlighting how an AI-enhanced online marketplaces can facilitate economic progress by utilizing it for trade relations between the US and SSA economies. The relevance and value of the paper are evidenced by the findings that if both countries leverage on AI-enhance technologies for effective market access, they can unlock their full potential for growth and development. Recommendations: We suggest that stakeholders should leverage on AI technologies by embracing digital transformation, fostering collaboration, prioritizing market research, addressing infrastructure challenges, and ensuring compliance with ethical practices. Future research can explore other areas of emerging technologies, demonstrate the socio-economic implications of AI, and the framework of regulations on AI. © 2024 ANPAD - Associacao Nacional de Pos-Graduacao e Pesquisa em Administracao. All rights reserved.","Artificial Intelligence; Economic growth; Marketplaces; Trade relations","","Article","Final","All Open Access; Hybrid Gold Open Access","Scopus","2-s2.0-85198253926"
"Jiang Y.; Shang J.; Liu Y.; May J.","Jiang, Yuanchun (35195837300); Shang, Jennifer (7101847312); Liu, Yezheng (16200075200); May, Jerrold (7402252143)","35195837300; 7101847312; 16200075200; 7402252143","Redesigning promotion strategy for e-commerce competitiveness through pricing and recommendation","2015","International Journal of Production Economics","167","","","257","270","54","10.1016/j.ijpe.2015.02.028","https://www.scopus.com/pages/publications/84937440803?origin=resultslist","Internet sales have transformed the retail business. Today almost all products sold in the marketplace can be found online, and online retailers constantly engage in promotional activities. In this paper, we demonstrate that online price promotion and product recommendations should be jointly considered and optimally determined. Through attractive price discounts, e-tailers can motivate customers to purchase the promoted product; and by way of online recommendation systems, e-tailers can encourage customers to buy non-discounted items. The best promotional effect can be achieved by concurrently optimizing price promotion and product recommendation, because the loss from discount can be compensated for by the gains from the regular items. To maximize the profit, we propose an analytical model to help e-tailers exploit the potential of online promotion, and to maximize the influence of product recommendation on e-tailer's sales and profits. Through numerical experiments, we find the proposed approach outperforms alternative methods in profit maximization. Finally, we offer managerial insights and useful guidelines for online promotion activities. © 2015 Elsevier B.V. All rights reserved.","Complement; Online recommendation system; Price promotion; Substitute","Costs; Electronic commerce; Numerical methods; Profitability; Recommender systems; Sales; Complement; Numerical experiments; Price promotions; Product recommendation; Profit maximization; Promotion strategies; Promotional activities; Substitute; Online systems","Article","Final","","Scopus","2-s2.0-84937440803"
"Xu Z.; Nie H.; Chen W.","Xu, Zheng (59721241100); Nie, Hengzhi (58672258800); Chen, Wanqing (58672576100)","59721241100; 58672258800; 58672576100","A precision marketing method for e-commerce considering the hidden behavioural characteristics of user online shopping","2025","International Journal of Business Intelligence and Data Mining","26","3-4","","346","361","3","10.1504/IJBIDM.2025.145388","https://www.scopus.com/pages/publications/105001736839?origin=resultslist","In order to improve user order rate and achieve high marketing satisfaction, this article considers the hidden behaviour characteristics of user online shopping and designs an e-commerce precision marketing method. Firstly, use web crawler technology to collect and preprocess hidden behaviour data of e-commerce platform users during online shopping. Then, calculate the level of interest of e-commerce platform users in different labelled products during the online shopping process, and use natural language processing algorithms to identify the hidden behaviour characteristics of e-commerce platform users during online shopping. Based on the K-means clustering algorithm, perform fuzzy clustering on the hidden behaviour characteristics of online shopping. Finally, the Pearson similarity algorithm is used to calculate the similarity between feature data and target product data, and to construct an e-commerce platform’s online shopping product push matrix. Based on the ranking results of product push, precise e-commerce marketing is achieved. The experimental results show that using the proposed method, user satisfaction with product marketing recommendations remains above 85%, and user order rates remain above 90%. E-commerce marketing has high accuracy and good marketing effects. Copyright © 2025 Inderscience Enterprises Ltd.","behavioural characteristics; e-commerce; electronic commerce; fuzzy clustering; invisible behaviour; precision marketing","Behavior characteristic; Behavioral characteristics; Clusterings; Commerce platforms; E- commerces; Invisible behavior; Online shopping; Precision marketings; Preprocess; User orderings; Marketplaces","Article","Final","","Scopus","2-s2.0-105001736839"
"Minu M.S.; Adithya; Kavya; SreeRanjini","Minu, M.S. (57204971986); Adithya (58153442900); Kavya (58852407700); SreeRanjini (59714557400)","57204971986; 58153442900; 58852407700; 59714557400","Intelligent E-Commerce Chatbot for Personalized Product Recommendations Using Text Mining and Machine Learning","2024","2024 2nd International Conference on Advances in Computation, Communication and Information Technology, ICAICCIT 2024","","","","681","686","0","10.1109/ICAICCIT64383.2024.10912384","https://www.scopus.com/pages/publications/105001379820?origin=resultslist","Innovative technology solutions have been developed in response to the growing need for effective and customized client contact on e-commerce platforms. This work introduces an intelligent chatbot system that uses machine learning and text mining techniques to improve user satisfaction and answer customer concerns. Advanced Natural Language Processing (NLP) models have been trained on large datasets, allowing for precise user intent interpretation and pertinent product recommendations. A strong recommendation engine is included into the system architecture to aid in decision-making, ultimately enhancing the customer experience by providing individualized, real-time help. The study also highlights the significance of data privacy by using privacy-preserving techniques to safeguard user data. The system's scalability and performance benefits are highlighted through thorough comparisons with current models. By showcasing the useful uses of machine learning and text mining in enhancing customer contact and service delivery, this study makes a substantial contribution to the development of AI-driven solutions in e-commerce. © 2024 IEEE.","Big Data; Chatbot; Cost; Data Mining; e-Commerce; Hadoop; Machine Learning; Product; Purchasing; Recommendation","Adversarial machine learning; Marketplaces; Sales; Chatbots; E- commerces; Hadoop; Innovative technology; Machine-learning; Personalized products; Product; Product recommendation; Recommendation; Text-mining","Conference paper","Final","","Scopus","2-s2.0-105001379820"
"Werrett N.A.; Marabada N.; Ndlovu S.; Dube S.S.; Ncube N.","Werrett, Narghuwa A (59789682700); Marabada, Namatirai (59237861600); Ndlovu, Siqabukile (58135462600); Dube, Samkeliso S (58136770400); Ncube, Nolwazi (57878827300)","59789682700; 59237861600; 58135462600; 58136770400; 57878827300","Krispy: Empowering Sellers and Shoppers in a Digital Marketplace","2024","Proceedings of the 2024 3rd Zimbabwe Conference on Information Communication and Technology, ZCICT 2024","","","","","","0","10.1109/ZCICT63770.2024.10958419","https://www.scopus.com/pages/publications/105004553854?origin=resultslist","This paper focuses on web development and the Zimbabwean Online Marketplace. The Zimbabwean e-commerce sector faces significant challenges due to fragmented platforms and lack of access to popular social media shopping tools, leading to decreased customer satisfaction and reliance on foreign markets. Krispy addresses these issues by providing a comprehensive, user-friendly platform that supports local businesses, enhances the shopping experience, and integrates crucial third-party services. Key achievements include the development of a functional multi-vendor platform, user-centric interface, seamless third-party integration, and thorough evaluation to ensure functionality, performance, and user satisfaction. There is improved product discoverability. This paper significantly contributes to the growth of Zimbabwean businesses and the economy by offering a unified digital marketplace that fosters collaboration, innovation, and customer satisfaction.  © 2024 IEEE.","customer; digital marketplace; e-Commerce; order fulfilment; product search; shopping","Electronic money; Mobile commerce; Sales; Shopping centers; User experience; Customer; Customers' satisfaction; Digital marketplace; E- commerces; Online marketplaces; Order fulfillment; Product search; Shopping; Social media; Web development; Marketplaces","Conference paper","Final","","Scopus","2-s2.0-105004553854"
"Henriksen H.Z.; Andersen K.V.; Pedersen T.","Henriksen, Helle Zinner (7005316847); Andersen, Kim Viborg (7402451616); Pedersen, Torben (7202189812)","7005316847; 7402451616; 7202189812","IS innovation: Adoption of B2B e-commerce","2003","IFIP Advances in Information and Communication Technology","105","","","569","584","1","","https://www.scopus.com/pages/publications/84904257330?origin=resultslist","A logistic regression analysis based on completed questionnaires from 135 companies within the Danish steel manufacturing and wholesale business segment suggests that market positioning and power issues along with organizational issues are the primary, positive drivers for adopting B2B ecommerce. Also, our study found that recommendations from business partners clearly had a negative influence on the adoption. Technical barriers were not found to be significant. Our results challenge the overall thinking of diffusion with respect to the need for 'muddling through' and technical capabilities. Finally, our study did not find any difference in adoption motives due to company size. © 2003 by Springer Science+Business Media New York.","Adoption of innovations; B2B e-commerce","e-government; Regression analysis; Surveys; Adoption of innovations; B2B e-commerce; Logistic regression analysis; Organizational issues; Steel manufacturing; Technical barriers; Technical capabilities; Wholesale business; Electronic commerce","Conference paper","Final","","Scopus","2-s2.0-84904257330"
"Bhoir S.; Patil S.","Bhoir, Smita (57202984604); Patil, Sunita (57225980111)","57202984604; 57225980111","Transfer Learning with Deep Neural Networks for Image Classification in the E-commerce Industry","2022","2022 IEEE 7th International conference for Convergence in Technology, I2CT 2022","","","","","","4","10.1109/I2CT54291.2022.9824903","https://www.scopus.com/pages/publications/85135614332?origin=resultslist","E-commerce has changed the way people shop and unleashed new levels of demand for goods by making it easier to buy and deliver goods to customers. There are now more choices for consumers with shorter production cycles thanks to fashion's digitization. Digital technology in the e-commerce industry is grabbing the attention of customers. The need for a system that facilitates product searching is therefore growing. Using fashion image classification, online retailers can quickly and efficiently manage the volume of their products. Use it to sort products based on their brands, types, or even styles. Fashion ensembles and even product recommendations could be created with it. Product filtering and search can benefit from the results of apparel image classification. For coarse-level image classification, a wide range of models have been successful, but only a few of them could be applied to fashion images because of the nature of the data: such images could belong to a single high-level topic like 'shirt', 'saree', or 'earrings', but at the lower level be fine-grained (for example, 'cotton saree,' 'long earrings'). The fine-grained hierarchy of each clothing store makes it difficult to collect a large dataset. For good predictive quality, research has shown that there is a need for machine learning techniques. Currently, there are new possibilities for vertical integration of research results into industrial or commercial applications due to recent advances in the image retrieval domain. One has to do with the difficulty sellers have when trying to upload images of their products to a marketplace and the ensuing manual tagging that occurs as a result. As a result of the classification errors, it is no longer listed in search results. Using an image-based search algorithm will allow customers to click on a picture of an object and find related products without having to type anything in. As a result, we have created a fashion industry-specific intelligent technique based on deep learning for quick searches and accurate product classifications by applying transfer learning and experiment results on proposed methodology proved that XCEPTION deep neural network model outperforms among all other networks. © 2022 IEEE.","deep neural networks; Fashion; image classification; Machine Learning; pre-trained models; Transfer Learning","Electronic commerce; Image classification; Image retrieval; Industrial research; Large dataset; Sales; Transfer learning; Digital technologies; Digitisation; E- commerces; Fashion; Fine grained; Images classification; Machine-learning; Pre-trained model; Production cycle; Transfer learning; Deep neural networks","Conference paper","Final","","Scopus","2-s2.0-85135614332"
"Raja A.; Siddique F.; Hasan M.Z.; Hussain M.Z.; Altaf J.; Kousar S.","Raja, Abdullah (59547315100); Siddique, Fatima (59548268700); Hasan, Muhammad Zulkifl (57208178055); Hussain, Muhammad Zunnurain (57202836473); Altaf, Junaid (58706539700); Kousar, Shagufta (59548451000)","59547315100; 59548268700; 57208178055; 57202836473; 58706539700; 59548451000","Personalized Shopping Experiences: Leveraging Big Data Analytics in E-commerce for Enhanced Customer Engagement","2024","2024 International Conference on Decision Aid Sciences and Applications, DASA 2024","","","","","","2","10.1109/DASA63652.2024.10836440","https://www.scopus.com/pages/publications/85217248658?origin=resultslist","E-commerce systems have integrated big data analytics (BDA) as a core element, enabling personalized shopping experiences, crucial for customer loyalty and satisfaction. This research explores how intentional use of data analytics impacts customers and signals the combined effect of technology and market data in tailoring customer needs through innovation. We developed unique data mining processes from e-commerce archives to uncover patterns in customer behavior, aiming to simplify consumer analysis and identify factors influencing purchasing and loyalty barriers. Our research also tests personalization strategies on sample data to improve key performance indicators like conversion rates, average order value, and customer retention. Ethical data use and privacy are prioritized, ensuring trust and transparency between e-commerce platforms and consumers. This study is innovative, demonstrating the power of analytics to revolutionize e-commerce by prioritizing customer needs and sustainable growth.  © 2024 IEEE.","data mining; E-commerce; sustainable growth","Data Analytics; Combined effect; Core elements; Customer loyalty; Customer need; Customers' satisfaction; Data analytics; E- commerces; E-commerce systems; Sustainable growth; Technology data; Marketplaces","Conference paper","Final","","Scopus","2-s2.0-85217248658"
"Jha H.; Jain N.; Dutta A.; Jain S.; Gupta A.","Jha, Harshita (58251226100); Jain, Neha (59940265500); Dutta, Ambika (59940517200); Jain, Samiksha (57219900753); Gupta, Aastha (59940474100)","58251226100; 59940265500; 59940517200; 57219900753; 59940474100","Exploring Consumer Purchase Psychology in E-Commerce Using BiLSTM and Dense Neural Network Models","2025","Proceedings of 8th International Conference on Trends in Electronics and Informatics, ICOEI 2025","","","","1671","1676","0","10.1109/ICOEI65986.2025.11013721","https://www.scopus.com/pages/publications/105007813552?origin=resultslist","Modern e-commerce platforms provide a large quantity of products, but the sheer volume of information can be daunting to users. The ability for product suggestion algorithms to cater to specific users' tastes greatly improves their overall experience. Since consumer spending habits reflect fundamental psychological processes, tailored ideas boost involvement and contentment. Using a proprietary recommendation system, this study examines consumer behaviour on local e-commerce sites that facilitate group purchase. Applying NLP to analyse data provided by users enhances automation and information retrieval. In order to uncover important details, natural language processing looks at social structures. We reduce dimensionality using a principal component analysis method that employs PEVD. To predict how much money consumers will spend, we use Dense-BiLSTM. When it came to forecasting customers' buying habits, the Dense-BiLSTM model hit a validation accuracy of 95.58%. Natural language processing and dimensionality reduction improve the accuracy and efficiency of recommendations. The results show that customised recommendations are much improved with the use of strong machine learning algorithms and NLP analysis. By reducing data overload, the suggested method improves the efficiency and customisation of online shopping. Future studies might refine the model to account for customers' changing behaviour in real time. © 2025 IEEE.","Business to Consumer (B2C); Consumer to Consumer (C2C); Fully Interconnected Layer (FIC); Natural Language Preprocessing (NLP); Principle Component Analysis; Small and Medium-Size Enterprises (SME)","Consumer behavior; Dimensionality reduction; Electronic money; Image retrieval; Mobile commerce; Natural language processing systems; Online searching; Sales; Business to Consumer; Business to consumer (B2C); Consumer to consumer (C2C); Fully interconnected layer; Language processing; Natural language preprocessing; Natural languages; Principle components analysis; Small and medium-size enterprise; Marketplaces; Recommender systems","Conference paper","Final","","Scopus","2-s2.0-105007813552"
"Dewanthi D.S.; Kristopo H.; Qomariyah N.N.; Axel M.","Dewanthi, Desyra Sukma (57208325613); Kristopo, Hari (55335010100); Qomariyah, Nunung Nurul (57988117600); Axel, Muhammad (59469500800)","57208325613; 55335010100; 57988117600; 59469500800","AI Recommendations: Friend or Foe? Unraveling the Impact on Consumer Benefits and Privacy","2024","11th International Conference on ICT for Smart Society: Integrating Data and Artificial Intelligence for a Resilient and Sustainable Future Living, ICISS 2024 - Proceeding","","","","","","0","10.1109/ICISS62896.2024.10751631","https://www.scopus.com/pages/publications/85211790097?origin=resultslist","Artificial Intelligence (AI) and marketing have transformed consumer behavior and shopping experiences, especially through Recommender Systems (RSs) in e-commerce. RSs use algorithms to provide personalized recommendations, enhancing shopping convenience. However, this raises data privacy and ethical concerns, as RSs rely on user data. This research explores the quality determinants of RSs and their impact on consumer behavior, focusing on privacy awareness and its effect on repurchase intentions. Using a qualitative approach with semi-structured interviews, the study targets Indonesian respondents aged 18-40 with e-commerce experience. Findings reveal that recommendation quality, especially self-reference and vividness, significantly influences purchasing decisions. Respondents prefer recommendations that match their preferences and are visually appealing. Positive shopping experiences are linked to efficient and accurate RSs, but there's a need for improvements in transparency, novelty, diversity, and advanced technologies like AR. Respondents are aware of digital data storage but have limited understanding of privacy concerns. They trust e-commerce platforms with basic personal details but are hesitant to share sensitive information. Despite privacy issues, e-commerce remains vital, with respondents emphasizing the need for transparency, robust security, and clear explanations for data use to maintain trust. Addressing these issues not only enhances customer experience but also demonstrates that consumer trust directly impacts the sustainability and success of the business. © 2024 IEEE.","Business Sustainability; Online Retail Behavior; Privacy Concern; Recommender System","Marketplaces; Business sustainability; Consumer benefits; Consumer privacy; E- commerces; Ethical concerns; Online retail behavior; Online retails; Personalized recommendation; Privacy concerns; System use; Differential privacy","Conference paper","Final","","Scopus","2-s2.0-85211790097"
"Zhang W.; Kong H.","Zhang, Wei (57221430271); Kong, Hao (59261000600)","57221430271; 59261000600","The impact of AI recommendation for homogeneous products on product demand","2025","Systems Research and Behavioral Science","42","4","","1277","1293","1","10.1002/sres.3053","https://www.scopus.com/pages/publications/85201277006?origin=resultslist","With the rapid development of science and technology and the widespread application of the Internet, there is a wide range of online goods. At the same time, the continuous development of artificial intelligence (AI) has made online shopping more convenient, fast and cost-effective and has become one of the popular shopping methods. Online shopping gives consumers more freedom of choice, and the homogenization of online products increases the cost of choice for consumers, while AI recommendation systems can also reduce costs. Based on this, the focus of this article is on the impact of AI recommendations for homogeneous online products on consumer demand. This article starts from the perspective of network homogenization products, and through relevant literature, sorts out the impact of online evaluation and AI recommendation link information of network homogenization products under AI technology screening on consumer product demand. Combining with the characteristics of the current experience economy era introduces consumer experience value, and based on stimulus–organism–response (S-O-R) theory, constructs a conceptual model of this study and proposes corresponding hypotheses, analysing the relationship between AI recommendation, experiential value, and product demand for homogeneous products. The empirical research mainly adopts the method of questionnaire survey, and the variable measurement draws on previous mature scales to redesign the measurement scale suitable for the actual research in this article. This survey ultimately distributed and collected 207 valid questionnaires and used SPSS software to conduct reliability and validity tests, factor analysis and regression analysis on the collected data. Through empirical analysis, it is found that online evaluation, AI recommendation information and experiential value of homogeneous products have a significant positive impact on product demand. Experience value plays a partial mediating role in the impact of online evaluation of homogeneous products on product demand and a complete mediating role in the impact of AI recommendation information of homogeneous products on product demand. Based on the above conclusions, this article proposes countermeasures and suggestions for the three main entities of e-commerce platforms, merchants and consumers. This study theoretically enriches and improves marketing theory, expanding the research perspective of S-O-R theory. In practice, providing suggestions for different entities is conducive to achieving mutual benefit and win–win situation among the platform, merchants and consumers and assisting in building a harmonious consumption environment. © 2024 John Wiley & Sons Ltd.","AI recommendation; experience value; homogeneous products; online evaluation; product demand","Marketplaces; Product development; Regression analysis; Artificial intelligence recommendation; Experience values; Experiential value; Homogeneous product; Mediating roles; On-line evaluation; Online products; Online shopping; Product demand; Response theory","Article","Final","","Scopus","2-s2.0-85201277006"
"Damayanti N.; Saputra D.; Serlin V.R.; Angela M.","Damayanti, Nur (58070615400); Saputra, Dony (57203401365); Serlin, Vinsca Revina (59778316700); Angela, Michelle (58850789500)","58070615400; 57203401365; 59778316700; 58850789500","Shaping the Future of E-Commerce: The Power of Technology and Digital Transformation","2024","Proceedings - 6th International Conference on Informatics, Multimedia, Cyber and Information System, ICIMCIS 2024","","","","194","199","0","10.1109/ICIMCIS63449.2024.10956418","https://www.scopus.com/pages/publications/105004410147?origin=resultslist","This research investigates the intricate relationship between technological advancements, digital transformation, and the competitiveness of e-commerce. The study gathered data from 100 active e-commerce users in Indonesia through online questionnaires, ensuring diversity in demographic backgrounds such as age, gender, and education level. The collected data underwent analysis using descriptive and statistical methods, with regression analysis employed to ascertain the correlation between technological advancements and digitalization on e-commerce competitiveness. The study delves into the impact of emerging technologies like artificial intelligence (AI), the Internet of Things (IoT), and blockchain on the e-commerce landscape. By conducting a thorough review the research underscores the strategic significance of integrating these technologies to improve operational efficiency, customer experience, and product innovation. Furthermore, the research offers a comparative analysis of the effects of digitalization in different regions, considering local factors such as regulatory environments and consumer behavior. It also examines the role of online shopping behaviors, highlighting the influence of hedonistic values, security, and product knowledge on consumer decisions. The study provides practical recommendations by prioritizing emerging technologies usage where E-commerce businesses should actively explore and integrate technologies like AI, IoT, and blockchain to enhance their operations, customer experience, and product offerings. E-commerce should develop comprehensive strategies that align technological advancements with their overall business goals and objectives.  © 2024 IEEE.","Artificial intelligence; Digitalization; e-commerce competitiveness; online shopping behavior; operational efficiency","Consumer behavior; Electronic money; Linear regression; Logistic regression; Mobile commerce; Polynomial regression; Sales; User experience; Digital transformation; Digitalization; E- commerces; E-commerce competitiveness; Emerging technologies; Online shopping; Online shopping behavior; Operational efficiencies; Shopping behaviour; Technological advancement; Marketplaces","Conference paper","Final","All Open Access; Green Open Access","Scopus","2-s2.0-105004410147"
"Dhanvardini R.; Martina P.; Vijay R.; Amirtharajan R.; Pravinkumar P.","Dhanvardini, R. (58362722900); Martina, P. (58361471100); Vijay, R. (57489709900); Amirtharajan, R. (36052479300); Pravinkumar, Padmapriya (55129357000)","58362722900; 58361471100; 57489709900; 36052479300; 55129357000","Development and Integration of dApp with blockchain smart contract Truffle Framework for user interactive applications","2023","2023 International Conference on Computer Communication and Informatics, ICCCI 2023","","","","","","10","10.1109/ICCCI56745.2023.10128406","https://www.scopus.com/pages/publications/85163079292?origin=resultslist","Websites and Web apps have become increasingly crucial over the past decade to daily life. Over the last ten years, websites have increased from three million to over 1.7 billion. Modern centralised digital marketplaces and enterprises provide consumers with an alternative method of selling and purchasing items conveniently. However, disadvantages among the marketplaces include the platform's potential to arbitrarily block merchants, the fees associated with listing and selling products on the site, and the lack of user data privacy. In this, we propose and demonstrate a decentralised application that takes advantage of the Ethereum blockchain to address all these issues. The Truffle development framework was employed in the creation of the application. An Ethereum smart contract later migrated to the Ethereum network comprised the application's features. The web3.js API (Application Program Interface) was used to send the user's input to the Ethereum network after being received through a web interface. The users involved will be able to do transactions with the help of an interactive user interface. The interfacing is done using the Truffle framework, and the transactions are made through MetaMask, where ETH tokens are used. The dApp is created using JavaScript and React JS library. Thus, the integration of the blockchain and with front-end application by interfacing it with web 3.0 helps create a secured, immutable, trusted, and easy-to-use e-commerce website. © 2023 IEEE.","Blockchain; component; dAPP; ETH; Meta mask; Truffle; web3","Application programming interfaces (API); Application programs; Data privacy; Ethereum; Sales; Smart contract; User interfaces; Websites; Block-chain; Component; Daily lives; DAPP; ETH; Interactive applications; Meta mask; Truffle; Web App; Web3; Blockchain","Conference paper","Final","","Scopus","2-s2.0-85163079292"
"Arora A.; Kapale R.; Sharma P.; Nalavade M.; Saifee M.; Ukey M.","Arora, Amishi (57218701252); Kapale, Rahul (59558462000); Sharma, Pratyush (57216409326); Nalavade, Maitreya (59558557100); Saifee, Mubina (59307874800); Ukey, Manda (59558182800)","57218701252; 59558462000; 57216409326; 59558557100; 59307874800; 59558182800","The Impact of AI-Driven Personalization on Customer Loyalty: A Meta-Analysis of E-commerce Studies","2024","2024 2nd DMIHER International Conference on Artificial Intelligence in Healthcare, Education and Industry, IDICAIEI 2024","","","","","","4","10.1109/IDICAIEI61867.2024.10842906","https://www.scopus.com/pages/publications/85217833135?origin=resultslist","Artificial intelligence (AI) has changed the way e-commerce works by making it possible to provide unique experiences to a huge number of customers. This review looks at how AI-driven personalization affects customer trust in a number of different e-commerce studies. Putting together the results of several research papers, this study gives a full picture of how well AI works and what it means for increasing customer trust in online stores. The studies were chosen because they had something to do with how AI-driven customizing changes customer behavior and trust measures. The results show that there is a strong link between AI-driven customization and customer trust in online shopping. Personalized suggestions based on AI algorithms were shown in multiple studies to make customers happier, get them to buy from you again, and build long-term ties with them. AI-powered customization of user interfaces and content delivery made the experiences of users better, which increased interest and decreased return rates. The meta-analysis also found a number of factors that affect how well AI-driven personalization works.  © 2024 IEEE.","AI-driven personalization; Customer loyalty; E-commerce; Meta-analysis; User experience","Sales; Artificial intelligence-driven personalization; Customer loyalty; Customer trust; Customisation; E- commerces; Meta-analysis; Online store; Personalizations; Research papers; Users' experiences; Marketplaces","Conference paper","Final","","Scopus","2-s2.0-85217833135"
"Pribadi P.; Saputra D.I.S.; Hardian S.R.; Amalina S.N.; Kuncoro A.P.; Saputro R.E.","Pribadi, Prayoga (60515806100); Saputra, Dhanar Intan Surya (57193156799); Hardian, Sakhrul Rifan (60516539100); Amalina, Siti Nahla (60089370300); Kuncoro, Adam Prayogo (60516353100); Saputro, Rujianto Eko (57196075262)","60515806100; 57193156799; 60516539100; 60089370300; 60516353100; 57196075262","A Review of Live Shopping for Indonesian MSMEs: Trends and Implications","2025","Proceedings - 2025 9th International Conference on Information Technology, Information Systems and Electrical Engineering, ICITISEE 2025","","","","13","18","0","10.1109/ICITISEE68184.2025.11355065","https://www.scopus.com/pages/publications/105032926416?origin=resultslist","The rapid development of digital technology has brought about significant transformation in the Indonesian economic sector, especially in micro, small, and medium enterprises (MSMEs). One of the latest innovations in e-commerce, now a global trend, is live shopping, which integrates direct interaction between sellers and consumers through real-time video streaming platforms. This innovation has proven effective in increasing consumer interaction and sales conversion. Live shopping offers MSMEs opportunities to expand their market reach by utilizing social media platforms, such as Instagram, Facebook, and TikTok, as well as marketplaces like Shopee and Tokopedia, which are widely used in Indonesia. This study aims to systematically review the application of live shopping in social commerce and explore its impact on the digital transformation and market expansion of MSMEs in Indonesia. Through a literature review spanning 2020 to 2024, this study identifies the benefits and challenges of adopting live shopping and its role in supporting the growth of MSMEs. The study's results show that live shopping not only increases the visibility of MSMEs but also facilitates global market expansion without the need for physical stores. However, this study also reveals the challenges faced by MSMEs, including limited digital skills, disparities in internet infrastructure, and intense market competition. This article concludes with practical recommendations for MSMEs to optimize their live shopping strategies and accelerate their digital transformation, enabling them to remain competitive in the global market. © 2025 IEEE.","Consumer Engagement; Live Shopping; MSMEs Indonesia; Social Commerce; Systematic Literature Review","Competition; Electronic commerce; Expansion; Social networking (online); Consumer engagement; Digital transformation; Indonesia; Live shopping; Markets expansions; Micro, small, and medium enterprise indonesia; Micro-enterprises; Small-and-medium enterprise; Social commerces; Systematic literature review; International trade","Conference paper","Final","","Scopus","2-s2.0-105032926416"
"Khan T.; Emon M.M.H.","Khan, Tahsina (57209006824); Emon, Md Mehedi Hasan (57216082734)","57209006824; 57216082734","AI-Generated Content and Its Influence on Consumer Trust and Purchase Behaviour: Evidence from Bangladesh's E-Commerce Industry","2025","2025 IEEE 2nd International Conference on Computing, Applications and Systems, COMPAS 2025","","","","","","4","10.1109/COMPAS67506.2025.11381790","https://www.scopus.com/pages/publications/105034688581?origin=resultslist","This study was conducted to explore how different features of AI-generated content such as INF, PER, AUT, and VRI affect TRU and their intention to buy from e-commerce platforms in Bangladesh. Based on the Stimulus-Organism-Response (S-O-R) model and the AI acceptance framework, a quantitative method was used, collecting survey data from 143 online shoppers through convenience sampling. The data were analyzed using SmartPLS with SEM to examine the hypothesized relationships. The results showed that all the content attributes had significant and positive effects on TRU, which itself had a positive impact on CPI. Among these attributes, VRI was found to be the most influential, highlighting the value of attractive and high-quality visuals in building trust and encouraging purchases. Practically, the findings suggest that e-commerce businesses should focus on improving AI-driven content strategies that emphasize INF, PER, AUT, and appealing visuals, especially in fast-growing markets like Bangladesh. From a social perspective, the study reflects how consumers are increasingly accepting AI technologies, leading to more interactive and trustworthy online shopping experiences. Theoretically, this research contributes by applying AI content features within the S-O-R framework in a developing country context, offering new insights into how AI shapes consumer decisions. However, limitations such as the use of convenience sampling and a cross-sectional design are acknowledged, and future studies are recommended to use longitudinal approaches and more representative samples for better generalizability. © 2025 IEEE.","AI-generated content; authenticity; Bangladesh; consumer trust; e-commerce; perceived informativeness; personalization; purchase intention; visual richness","Consumer behavior; Information systems; Marketplaces; Purchasing; Sales; AI-generated content; Authenticity; Bangladesh; Consumer trust; E- commerces; Informativeness; Perceived informativeness; Personalizations; Purchase intention; Visual richness; Electronic commerce","Conference paper","Final","","Scopus","2-s2.0-105034688581"
"Zhao W.; Li H.","Zhao, Weiqi (59902165500); Li, Hong (59902361800)","59902165500; 59902361800","Integrated Group Decision-Making Framework for Evaluating the Tourism Mobile E-Commerce Service Quality Using Probabilistic Linguistic Information","2025","International Journal of Information System Modeling and Design","16","1","","","","0","10.4018/IJISMD.374219","https://www.scopus.com/pages/publications/105005409712?origin=resultslist","The purpose of evaluating mobile e-commerce service quality in tourism is to determine how effectively these platforms meet user needs, enhance customer satisfaction, and improve travel experiences. This process identifies strengths and weaknesses in areas like usability, reliability, responsiveness, and personalization. Evaluating tourism mobile e-commerce service quality is a complex multiple-attribute group decision-making (MAGDM) problem. Recently, methods such as the logarithmic TODIM (LogTODIM) and the VIKOR have been widely used to address MAGDM challenges. However, uncertainty and vagueness often arise due to the subjective nature of human judgment. To address this, probabilistic linguistic term sets have emerged as a valuable tool, enabling decision-makers to express preferences more flexibly and accurately. This paper introduces a novel approach, the probabilistic linguistic LogTODIM-VIKOR (PL-LogTODIM-VIKOR) method to handle MAGDM problems within the probabilistic linguistic term sets framework. A numerical case study demonstrates the feasibility and effectiveness of the proposed method for evaluating tourism mobile e-commerce platforms. © 2025 IGI Global. All rights reserved.","LogTODIM; Multiple-Attribute Group Decision-Making (MAGDM); Probabilistic Linguistic Term Sets (PLTSs); Service Quality Evaluation; VIKOR","Computer control; Customer satisfaction; Linguistics; Marketplaces; Quality of service; Risk perception; E-commerce services; Linguistic terms; Logarithmic TODIM; Multiple-attribute group decision makings; Multiple-attribute group decision-making; Probabilistic linguistic term set; Probabilistics; Service Quality; Service quality evaluation; VIKOR; Mobile commerce","Article","Final","All Open Access; Gold Open Access","Scopus","2-s2.0-105005409712"
"Ma G.; Ye X.","Ma, Guoquan (59920978700); Ye, Xuanyu (59921940800)","59920978700; 59921940800","A User Purchase Trend Analysis Model Based on Self-Supervised Learning and CNN-LSTM Architecture: A Case Study of the Art Journals on the WOS Search Platform","2025","Journal of Organizational and End User Computing","37","1","","","","2","10.4018/JOEUC.377798","https://www.scopus.com/pages/publications/105006896241?origin=resultslist","With the development of e-commerce, the precision of accurately predicting user purchasing trends has been of great significance for personalized recommendation and marketing. However, the traditional purchasing behavior prediction methods are faced with the challenges of sparse data, long-term dependence modeling difficulties, and difficulty in effectively capturing the complex purchasing patterns and long-term behavior trends of users. In this paper, a user purchase trend analysis model combining self-supervised learning and convolutional neural network-long short-term memory architecture is proposed to solve the shortcomings of traditional methods in processing time series data and unlabeled data. Firstly, self-supervised learning is used to pre-train a large number of unlabeled user behavior data and extract potential features. The convolutional neural network-long short-term memory architecture is then used to combine local features and long-term dependencies to accurately predict user purchasing trends. © 2025 IGI Global. All rights reserved.","CNN-LSTM; Deep Learning; E-Commerce Dataset; Prediction Accuracy; Purchase Behavior Prediction; Self-Supervised Learning; Time Series Data; User Purchase Trend","Deep learning; Marketplaces; Mobile commerce; Sales; Supervised learning; Analysis models; Behavior prediction; CNN-LSTM; Deep learning; E-commerce dataset; Prediction accuracy; Purchase behavior prediction; Time-series data; Trend analysis; User purchase trend; Self-supervised learning","Article","Final","All Open Access; Gold Open Access","Scopus","2-s2.0-105006896241"
"Rachmadi R.; Chairullah R.; Levina V.; Pambudi M.R.; Warnars H.L.H.S.; Matsuo T.","Rachmadi, Randy (57280785900); Chairullah, Rafid (57215419799); Levina, Vania (57215417151); Pambudi, Muchamad Rilo (57215419459); Warnars, Harco Leslie Hendric Spits (57219696428); Matsuo, Tokuro (7403703238)","57280785900; 57215419799; 57215417151; 57215419459; 57219696428; 7403703238","Online Game Marketplace for Online Game Virtual Item Transaction","2019","Proceedings - 2019 8th International Congress on Advanced Applied Informatics, IIAI-AAI 2019","","","8992795","869","872","3","10.1109/IIAI-AAI.2019.00176","https://www.scopus.com/pages/publications/85080856615?origin=resultslist","This paper trying to create something new regarding the online game marketplace for producing an integrated marketplace with several combined genre and categories of games. The primary purpose of this research is to develop e-commerce for online games and explain the benefit that people can get from it. This research focuses on building an online marketplace based on a website that can provide an opportunity to do it transaction related to a specific game. Mainly, the online games marketplace quality will be based on user satisfaction and user recommendation from the previous research. Meanwhile, these satisfaction level include four dimensions that decide the perceived value of the user reason for purchasing an online games item, which are functional value, emotional value, monetary value, and social value. From that information, we build a marketplace for online games item to satisfy the user requirement and also benefiting with its advantages. We also provide the difference between e-commerce mainly with our proposed e-commerce for online games item. The results will be a full-fledged web-based application for online games item marketplace. This paper will be an opportunity to further development of online games marketplace for the growth of online games transaction. © 2019 IEEE.","E-Commerce; Item Purchase; Online Game Marketplace; Online games; Online Games Item; Virtual Item","Behavioral research; Electronic commerce; Websites; Four dimensions; On-line games; On-line marketplaces; User recommendations; User requirements; User satisfaction; Virtual items; Web-based applications; Social networking (online)","Conference paper","Final","","Scopus","2-s2.0-85080856615"
"Wang X.; Yu H.","Wang, Xianjun (59697221000); Yu, Huaizhi (59697440200)","59697221000; 59697440200","Construction of an Intelligent E-Commerce Big Data Analysis System Based on Deep Learning","2024","4th IEEE International Conference on Mobile Networks and Wireless Communications, ICMNWC 2024","","","","","","0","10.1109/ICMNWC63764.2024.10872143","https://www.scopus.com/pages/publications/105000120033?origin=resultslist","Background: In the context of rapid development of e-commerce, how to maximise the potential of big data to optimise user interactions and improve service quality has become a key point of research. This study proposes a concept of an intelligent e-commerce big data analytics system based on deep learning, which deeply mines e-commerce data covering multiple dimensions such as user behavioural trajectories, product details, and transaction history, aiming to achieve fine-grained product recommendation algorithms, customized marketing solutions, and optimized inventory control processes. Method: The system relies on a distributed architecture to enhance its processing performance on massive datasets and ensure that it can provide immediate analytical feedback. We employ a variety of deep learning techniques, including Convolutional Neural Networks (CNNs) for image recognition, Recurrent Neural Networks (RNNs) and their variant Long Short-Term Memory Networks (LSTMs) for sequential data processing, and Transformer models for natural language processing tasks. Results: The experimental data proves that the system demonstrates significant competitive advantages over traditional solutions in terms of increased user satisfaction and improved sales performance. The system achieved 95% accuracy in the product image classification task, 0.15 Mean Absolute Error (MAE) in the user behaviour sequence prediction task, and 88% accuracy in the online review sentiment analysis task. Conclusion: The innovation of this research is to provide a novel deep learning architecture for big data parsing in e-commerce, which points to new paths for future exploration in academia and industry. In addition, the paper proposes corresponding countermeasures for the challenges that may be encountered during system deployment, providing e-commerce enterprises with data-driven decision support to help them make smarter strategic choices in the competitive marketplace. © 2024 IEEE.","big data analysis; deep learning; e-commerce; product recommendation algorithm; user behavior analysis","Contrastive Learning; Big data analyze; Data analysis system; Deep learning; E- commerces; Product recommendation; Product recommendation algorithm; Recommendation algorithms; Service Quality; User behavior analysis; User interaction; Marketplaces","Conference paper","Final","","Scopus","2-s2.0-105000120033"
"Mallapragada S.; Xie Y.; Chawan V.R.; Hailat Z.; Wang Y.","Mallapragada, Srivatsa (57222242265); Xie, Ying (55710281400); Chawan, Varsha Rani (57809692900); Hailat, Zeyad (55317864000); Wang, Yuanbo (57218847667)","57222242265; 55710281400; 57809692900; 55317864000; 57218847667","Multi-Modality Transformer for E-Commerce: Inferring User Purchase Intention to Bridge the Query-Product Gap","2024","Proceedings - 2024 IEEE International Conference on Big Data, BigData 2024","","","","589","598","1","10.1109/BigData62323.2024.10826020","https://www.scopus.com/pages/publications/85218032557?origin=resultslist","E-commerce click-stream data and product catalogs offer critical user behavior insights and product knowledge. This paper propose a multi-modal transformer termed as PINCER, that leverages the above data sources to transform initial user queries into pseudo-product representations. By tapping into these external data sources, our model can infer users' potential purchase intent from their limited queries and capture query relevant product features. We demonstrate our model's superior performance over state-of-the-art alternatives on e-commerce online retrieval in both controlled and real-world experiments. Our ablation studies confirm that the proposed transformer architecture and integrated learning strategies enable the mining of key data sources to infer purchase intent, extract product features, and enhance the transformation pipeline from queries to more accurate pseudo-product representations. © 2024 IEEE.","click-stream; e-commerce; enriched transformer; Multi-modal; product catalog; product search; purchase intention; retrieval","Marketplaces; Online searching; Structured Query Language; Clickstreams; Data-source; E- commerces; Enriched transformer; Multi-modal; Product catalogs; Product representation; Product search; Purchase intention; Retrieval; Sales","Conference paper","Final","All Open Access; Green Open Access","Scopus","2-s2.0-85218032557"
"Xu L.; Pan Y.; Wu D.; Olson D.L.","Xu, Lu (58562321700); Pan, Yuchen (57195484142); Wu, Desheng (57750078800); Olson, David L. (35561732100)","58562321700; 57195484142; 57750078800; 35561732100","A novel O2O service recommendation method based on dynamic preference similarity","2025","Omega (United Kingdom)","133","","103278","","","0","10.1016/j.omega.2025.103278","https://www.scopus.com/pages/publications/85215080609?origin=resultslist","Recent technological advancements have enabled an increasing number of consumers to select services from online platforms and utilize them in offline stores, a model known as online-to-offline (O2O) e-commerce. This emerging model has garnered significant attention from both business and academic communities. However, with the rapid growth of O2O services, consumers face challenges in selecting services that align with their preferences from a vast array of options. To address this issue, this paper proposes a novel O2O service recommendation method based on dynamic similarity estimation (ReDPS). The dynamic similarity is calculated by tracking changes in consumer preferences over time, providing a more accurate and robust measure of consumer relationships. We validate the ReDPS method using both the Dianping dataset and the publicly available Yelp dataset. Experimental results show that: 1) ReDPS significantly outperforms classical and state-of-the-art recommendation methods, with its effectiveness improving over longer time spans of consumer feature data. 2) Consumer preferences are more strongly influenced by variations in service categories and geographical locations over time than by changes in service evaluations, though all factors are important, and consumers of the same gender tend to exhibit similar preferences. 3) Optimal parameter configurations for ReDPS are identified through the experiments. © 2025","Consumer preference change; Dynamic similarity estimation; O2O e-commerce; O2O service recommendation","Consumer preference change; Consumers' preferences; Dynamic similarities; Dynamic similarity estimation; E- commerces; O2O e-commerce; O2O service recommendation; Preference change; Service recommendations; Similarity estimation; adult; article; commercial phenomena; consumer; electronic commerce; female; human; Marketplaces","Article","Final","","Scopus","2-s2.0-85215080609"
"Heung V.C.S.","Heung, Vincent C.S. (6602945016)","6602945016","Barriers to implementing E-commerce in the travel industry: A practical perspective","2003","International Journal of Hospitality Management","22","1","","111","118","64","10.1016/S0278-4319(02)00075-0","https://www.scopus.com/pages/publications/0037365395?origin=resultslist","An exploratory study was conducted to investigate the barriers to implementing E-commerce as considered by the travel agencies in Hong Kong. A mail survey was used and to collect the relevant data and the results were based on 103 travel agencies. The findings indicate that Hong Kong travel agencies are mostly concerned about the ""Management support"" and ""Partner's participation"" when they decided to implement E-commerce in the marketplace. Implications of the findings were discussed and recommendations for future studies were included. © 2003 Elsevier Science Ltd. All rights reserved.","E-commerce; Internet barries; Travel agency","","Article","Final","","Scopus","2-s2.0-0037365395"
"Mokhberi A.; Huang Y.; Beznosov K.","Mokhberi, Azadeh (57385220900); Huang, Yue (57218453815); Beznosov, Konstantin (10143662200)","57385220900; 57218453815; 10143662200","Users' Strategies for Ensuring Trust, Privacy, and Safety on Facebook Marketplace: Challenges and Recommendations","2025","Proceedings of the ACM on Human-Computer Interaction","9","7","CSCW339","","","0","10.1145/3757520","https://www.scopus.com/pages/publications/105019407228?origin=resultslist","We conducted semi-structured interviews with Facebook Marketplace users to gain insights into their strategies for ensuring Trust, Privacy, and Safety (TPS). Our investigation uncovered a range of approaches participants employed. We discovered that users actively sought to convey their trustworthiness to other users while also assessing the trustworthiness of others. Furthermore, they took steps to safeguard their privacy by selectively sharing information and making thoughtful decisions regarding payments. Participants also implemented various strategies to mitigate the risks of physical harm and financial losses, sometimes resulting in preferences that were conflicted between buyers and sellers. Drawing from these findings, we offer recommendations to aid users in evaluating others' trustworthiness, effectively communicating their own trustworthiness, achieving a more optimal balance between privacy and trust, and increasing awareness of potential risks associated with different payment methods.  © 2025 Owner/Author.","e-commerce; facebook marketplace; privacy; safety; strategies; trust","Data privacy; Electronic commerce; Losses; E- commerces; Facebook; Facebook marketplace; Gain insight; Privacy; Semi structured interviews; Sharing information; Strategy; Trust; User strategies; Accident prevention","Article","Final","","Scopus","2-s2.0-105019407228"
"Wang D.; Zhang B.","Wang, Dan (59130074300); Zhang, Bo (59744360500)","59130074300; 59744360500","The Application of Personalized Recommendation System Driven by Artificial Intelligence on E-commerce Platforms","2024","International Conference on Distributed Systems, Computer Networks and Cybersecurity, ICDSCNC 2024","","","","","","1","10.1109/ICDSCNC62492.2024.10939854","https://www.scopus.com/pages/publications/105002885059?origin=resultslist","With the rise and development of Internet technology, advanced technologies, including cloud computing and big data, have greatly enriched data processing and information access. However, the field of e-commerce faces the serious challenge of ""information overload"". To solve this problem, this study designs and implements a personalised recommendation system based on artificial intelligence technology. The system integrates data mining and machine learning algorithms, accurately analyses users' purchase records, browsing history and preference characteristics, and intelligently predicts and recommends products that users may be interested in through complex algorithmic models. Experimental results show that the system is significantly better than the traditional recommendation system in terms of recommendation accuracy and recall rate, reaching 0.912 and 0.923 respectively, effectively improving the user experience. This result not only provides a new idea for e-commerce personalised recommendation, but also opens up a new path for the application of AI technology in the field of information filtering and recommendation. © 2024 IEEE.","artificial intelligence; collaborative filtering algorithm; e-commerce marketing; personalized recommendation system; product recommendations","Cloud platforms; Collaborative filtering; Advanced technology; Cloud-computing; Collaborative filtering algorithms; Commerce platforms; E- commerces; E-commerce marketing; Internet technology; Personalized recommendation systems; Product recommendation; Systems-driven; Marketplaces","Conference paper","Final","","Scopus","2-s2.0-105002885059"
"Zhao Q.; Qian H.; Liu Z.; Zhang G.-D.; Gu L.","Zhao, Qian (57547053100); Qian, Hao (57221813366); Liu, Ziqi (55571679700); Zhang, Gong-Duo (57822410100); Gu, Lihong (57226889950)","57547053100; 57221813366; 55571679700; 57822410100; 57226889950","Breaking the Barrier: Utilizing Large Language Models for Industrial Recommendation Systems through an Inferential Knowledge Graph","2024","International Conference on Information and Knowledge Management, Proceedings","","","","5086","5093","13","10.1145/3627673.3680022","https://www.scopus.com/pages/publications/85210004162?origin=resultslist","Recommendation systems are widely used in e-commerce websites and online platforms to address information overload. However, existing systems primarily rely on historical data and user feedback, making it difficult to capture user intent transitions. Recently, Knowledge Base (KB)-based models are proposed to incorporate expert knowledge, but it struggle to adapt to new items and the evolving e-commerce environment. To address these challenges, we propose a novel Large Language Model based Complementary Knowledge Enhanced Recommendation System (LLM-KERec). It introduces an entity extractor that extracts unified concept terms from item and user information. To provide cost-effective and reliable prior knowledge, entity pairs are generated based on entity popularity and specific strategies. The large language model determines complementary relationships in each entity pair, constructing a complementary knowledge graph. Furthermore, a new complementary recall module and an Entity-Entity-Item (E-E-I) weight decision model refine the scoring of the ranking model using real complementary exposure-click samples. Extensive experiments conducted on three industry datasets demonstrate the significant performance improvement of our model compared to existing approaches. Additionally, detailed analysis shows that LLM-KERec enhances users' enthusiasm for consumption by recommending complementary items. In summary, LLM-KERec addresses the limitations of traditional recommendation systems by incorporating complementary knowledge and utilizing a large language model to capture user intent transitions, adapt to new items, and enhance recommendation efficiency in the evolving e-commerce landscape.  © 2024 ACM.","knowledge graph; large language model; recommendation system","Marketplaces; Modeling languages; Recommender systems; Address informations; Breakings; E- commerces; E-commerce websites; Existing systems; Information overloads; Knowledge graphs; Language model; Large language model; Online platforms; Knowledge graph","Conference paper","Final","","Scopus","2-s2.0-85210004162"
"Tigunova A.; Ricatte T.; Eraisha G.","Tigunova, Anna (57189033942); Ricatte, Thomas (56132490000); Eraisha, Ghadir (57196020878)","57189033942; 56132490000; 57196020878","Locale-Aware Product Type Prediction for E-commerce Search Queries","2025","CIKM 2025 - Proceedings of the 34th ACM International Conference on Information and Knowledge Management","","","","6061","6066","0","10.1145/3746252.3761568","https://www.scopus.com/pages/publications/105023162220?origin=resultslist","Search query understanding (QU) is an important building block of the modern e-commerce search engines. QU extracts multiple intents from customer queries, including intended color, brand, etc. One of the most important tasks in QU is predicting which product category the user is interested in. In our work we are tapping into query product type classification (Q2PT) task. Compared to classification of full-fledged texts, Q2PT is more complicated because of the ambiguity of short search queries, which is aggravated by language and cultural differences in worldwide online stores. Moreover, the span and variety of product categories in modern marketplaces pose a significant challenge. We focus on Q2PT inference in the global multi-locale e-commerce markets, which need to deliver high quality user experience in both large and small local stores alike. The common approach of training Q2PT models for each locale separately shows significant performance drops in low-resource stores and prevents from easily expanding to a new country, where the Q2PT model has to be created from scratch. We use transfer learning to address this challenge, augmenting low-resource locales through the vast knowledge of the high-resource ones. We introduce a unified, locale-aware Q2PT model, sharing training data and model structure across worldwide stores. We show that the proposed unified locale-aware Q2PT model has superior performance over the alternatives by conducting extensive quantitative and qualitative analysis on the large-scale multilingual e-commerce dataset across 20 worldwide locales. Our online A/B tests have shown that using locale-aware model improves over the previous user experience, increasing customer satisfaction. © 2025 Copyright held by the owner/author(s).","product search; query understanding","Information management; Information retrieval; Large datasets; Query languages; Query processing; Search engines; Structured Query Language; User experience; Building blockes; E- commerces; Performance; Product categories; Product search; Product types; Query understanding; Search queries; Type predictions; Users' experiences; Electronic commerce","Conference paper","Final","All Open Access; Gold Open Access","Scopus","2-s2.0-105023162220"
"Chen X.; Zhong X.","Chen, Xinyu (59561317300); Zhong, Xiaofang (25823597900)","59561317300; 25823597900","Optimal Inventory Strategies for Fresh E-commerce Considering Preservation and Live Marketing Efforts","2025","Proceedings of 2024 5th International Conference on Computer Science and Management Technology, ICCSMT 2024","","","","713","719","0","10.1145/3708036.3708156","https://www.scopus.com/pages/publications/85218061640?origin=resultslist","The freshness of fresh produce will significantly affect consumers' purchasing behavior. This paper investigates the impact of suppliers' optimal inventory strategies related to preservation and live marketing efforts within the framework of live e-commerce. Drawing upon existing literature, this study seeks to integrate the intrinsic characteristics of fresh products with the operational dynamics of live e-commerce to enhance and broaden the analytical scope. It recognizes that demand is influenced not solely by price but also by live marketing efforts and various other factors, resulting in the formulation of a demand function specifically designed for the live broadcast context. The research develops an inventory model for fresh products under online direct selling mode, with the goal of maximizing the total profit for suppliers, addressing the inventory challenges encountered by suppliers. Ultimately, the study identifies the optimal selling price, the optimal level of live marketing efforts, and the optimal order quantity for suppliers. Furthermore, it conducts a numerical simulation to examine relevant parameters that influence demand, replenishment cycle, discussing their respective effects on the supplier's optimal profit. Consequently, the paper provides valuable recommendations regarding the preservation and live marketing strategies for suppliers. © 2024 Copyright held by the owner/author(s). Publication rights licensed to ACM.","Fresh produce; inventory strategies; live marketing efforts; online direct selling mode; preservation","Consumer purchasing behaviors; Demand function; E- commerces; Fresh produce; Intrinsic characteristics; Inventory modeling; Inventory strategies; Live marketing effort; Online direct selling mode; Preservation; Marketplaces","Conference paper","Final","","Scopus","2-s2.0-85218061640"
"Florea N.-V.; Croitoru G.; Diaconeasa A.-A.","Florea, Nicoleta-Valentina (56196560100); Croitoru, Gabriel (36182980000); Diaconeasa, Aurelia-Aurora (60212746200)","56196560100; 36182980000; 60212746200","The Impact of Integrity-Related Factors on Consumer Shopping Intention–An Interactive Marketing Approach Based on Digital Integrity Model","2025","Journal of Theoretical and Applied Electronic Commerce Research ","20","4","262","","","1","10.3390/jtaer20040262","https://www.scopus.com/pages/publications/105025802262?origin=resultslist","The purpose of this study is to examine the impact of integrity-related considerations, such as ethics, privacy, protection, security, and trust, on online consumer shopping intention within the interactive marketing environment. To achieve this, the research uses partial least squares structural equation modelling (PLS-SEM), analysing data from a sample of 260 respondents collected through an online survey. The findings reveal that protection is the most influential factor driving consumer buying intentions, followed by trust, ethics and security. Privacy, while significant, has a more moderate influence on consumer behaviour compared to other factors. The study makes a key theoretical contribution by advancing the understanding of how these constructs interact to shape consumer behaviour in the digital marketplace, particularly highlighting the importance of data protection and ethical practices. Practically, the research offers actionable recommendations for e-commerce businesses, based on building a digital integrity model, suggesting the focus on enhancing data security and ethical transparency to build consumer trust. Furthermore, the findings highlight the need for policymakers to strengthen data privacy regulations and harmonise international security standards in e-commerce. Future research should consider longitudinal studies and explore these dynamics in different regulatory environments. © 2025 by the authors.","consumer shopping intention; digital integrity model; e-commerce; e-platforms performance; integrity-related factors; interactive marketing environment","","Article","Final","All Open Access; Gold Open Access; Green Open Access","Scopus","2-s2.0-105025802262"
"Pillai R.; Sivathanu B.; Rana N.P.","Pillai, Rajasshrie (57188833633); Sivathanu, Brijesh (56938718200); Rana, Nripendra P. (50262828700)","57188833633; 56938718200; 50262828700","Unveiling virtual interactive marketplaces: Shopping motivations in the Metaverse through the lens of uses and gratifications theory","2025","Journal of Business Research","190","","115219","","","22","10.1016/j.jbusres.2025.115219","https://www.scopus.com/pages/publications/85216855867?origin=resultslist","The emergence of Metaverse has transformed the consumer shopping experience. This novel e-commerce platform offers a fresh approach to shopping, with Generation Z primarily exploring this innovative technology. Our research examines shopping within the Metaverse by developing a model based on the ’Uses and Gratifications Theory’ and Metaverse-related factors. A total of 1220 Gen Z consumers were surveyed, and data was collected using a structured questionnaire. Further, analysis of collected data was done using PLS-SEM. The results reveal that information seeking, perceived enjoyment, escapism, social interaction, sense of immersion, and personalization influence the shopping intention in the Metaverse, and perceived risk negatively influences the shopping intention of consumers. Further, shopping intention influences the potential use of Metaverse for shopping, and this relationship is moderated by technological innovativeness. This investigation into the adoption of the Metaverse for retail purposes augments the current Metaverse research and enhances the uses and gratifications theory within the Metaverse domain. Metaverse e-commerce professionals, including managers and developers, can acquire valuable perspectives on consumer shopping tendencies in the Metaverse from this study. © 2025 The Author(s)","Metaverse shopping; Necessary Condition Analysis (NCA); Personalization; PLS-SEM; Uses and gratifications","","Article","Final","All Open Access; Green Open Access; Hybrid Gold Open Access","Scopus","2-s2.0-85216855867"
"Magdalena N.N.; Princes E.; Hidayat D.","Magdalena, Naomi Natania (59507171900); Princes, Elfindah (57210443371); Hidayat, Desman (57216810529)","59507171900; 57210443371; 57216810529","Unlocking Customer Loyalty: A Study of User Experience in Tokopedia","2024","Proceedings - 2024 2nd International Conference on Technology Innovation and Its Applications, ICTIIA 2024","","","","","","1","10.1109/ICTIIA61827.2024.10761904","https://www.scopus.com/pages/publications/85214475669?origin=resultslist","As competition in the e-commerce market continues to heat up, companies are turning their attention to the key factors that influence customer loyalty. One of these factors is the quality of an app's user interface (UI), which can greatly impact the user experience and ultimately, customer loyalty. In this study, we sought to investigate the relationship between UI and customer loyalty in the context of the Tokopedia application. The quantitative method is used in this study and the respondents are the Tokopedia users. There are a total of 117 respondents in this study. The data are analyzed using SEM-PLS. Our results showed that perceived usefulness, UI/UX, and transaction security have a significant and positive effect on customer satisfaction and customer satisfaction itself affects customer loyalty. Our findings contribute to the existing literature on UI and customer loyalty in the e-commerce industry. © 2024 IEEE.","customer loyalty; customer satisfaction; TAM; transaction security; user interface","Commerce; Sales; User experience; Customer loyalty; Customers' satisfaction; E- commerces; Heat-up; Key factors; Perceived usefulness; Quantitative method; TAM; Transaction security; Users' experiences; Marketplaces","Conference paper","Final","","Scopus","2-s2.0-85214475669"
"Sivathanu B.; Struweg I.; Pillai R.; Janssen M.; Rana N.P.","Sivathanu, Brijesh (56938718200); Struweg, Ilse (57216838993); Pillai, Rajasshrie (57188833633); Janssen, Marijn (16199813000); Rana, Nripendra P. (50262828700)","56938718200; 57216838993; 57188833633; 16199813000; 50262828700","The Metaverse Marketplace: Exploring the Drivers of Consumer Purchase Behavior in Metaverse","2025","Journal of Global Information Management","33","1","","","","1","10.4018/JGIM.389247","https://www.scopus.com/pages/publications/105017715154?origin=resultslist","This research explores factors influencing consumer intention to shop in Metaverse E-commerce, an area with limited existing research despite its potential for novel consumer experiences. A quantitative study involving 1,070 respondents used PLS-SEM to analyze a model based on technology readiness dimensions and Metaverse-specific variables. Key findings indicate that optimism and innovativeness are positively associated with consumer shopping intention in Metaverse E-commerce. Conversely, discomfort and insecurity show a negative association. Additionally, a sense of immersion, perceived interactivity, perceived personalization, perceived enjoyment, and perceived serendipity were found to significantly influence shopping intention within Metaverse E-commerce. This study enhances the academic literature on Metaverse shopping by integrating technology readiness dimensions and Metaverse-related constructs. The findings also offer practical insights for managers and marketers in developing effective Metaverse E-commerce strategies. © 2025 IGI Global. All rights reserved.","Consumer Buying Behavior; E-commerce; Metaverse; Perceived Serendipity; Personalization; Shopping Intention; Technology Readiness","Consumer behavior; Marketplaces; Purchasing; Sales; Buying behavior; Consumer buying; Consumer buying behavior; Consumer purchase; Metaverses; Perceived serendipity; Personalizations; Quantitative study; Shopping intention; Technology readiness; Electronic commerce","Article","Final","All Open Access; Gold Open Access; Green Open Access","Scopus","2-s2.0-105017715154"
"Wu W.; Qi Z.; Tian J.; Wang B.; Tang M.; Liu X.","Wu, Wenbin (57220154352); Qi, Zhanyong (57924991600); Tian, Jiawei (57211483796); Wang, Bixi (57220164651); Tang, Minyi (59521147000); Liu, Xuan (60582749000)","57220154352; 57924991600; 57211483796; 57220164651; 59521147000; 60582749000","An Enhanced Latent Factor Recommendation Approach for Sparse Datasets of E-Commerce Platforms","2025","Systems","13","5","372","","","2","10.3390/systems13050372","https://www.scopus.com/pages/publications/105006783308?origin=resultslist","In certain newly established or niche e-commerce platforms, user–item interactions are often exceedingly sparse due to limited user bases or specialized product lines, posing significant obstacles to accurate personalized recommendations. To address these challenges, this paper proposes an enhanced recommendation approach based on a latent factor model. By leveraging factorization to uncover the hidden features of users and items and incorporating both user behavioral data and item attribute information, a multi-dimensional latent semantic space is constructed to more effectively capture the underlying relationships between user preferences and item properties. The method involves data preprocessing, model construction, user and item vectorization, and semantic-similarity-based recommendation generation. For empirical validation, we employ a real-world dataset gathered from an e-commerce platform, comprising 4645 ratings from 3445 users across 277 items in nine distinct categories. Experimental results demonstrate that, compared with conventional collaborative filtering methods, this approach achieves superior precision and recall even in highly sparse settings, showing stronger resilience under low-density conditions. These findings offer objective and feasible insights for advancing personalized recommendation techniques in newly established or niche e-commerce platforms. © 2025 by the authors.","latent factor model; personalized recommendation approach; recommendation systems; sparse datasets","Mobile commerce; Recommender systems; Attribute information; Behavioral data; Commerce platforms; E- commerces; Latent factor; Latent factor models; Personalized recommendation; Personalized recommendation approach; Productline; Sparse dataset; Marketplaces","Article","Final","All Open Access; Gold Open Access; Green Open Access","Scopus","2-s2.0-105006783308"
"Samonte M.J.; Golosinda D.R.; Ordoñez C.F.; Rivera J.R.","Samonte, Mary Jane (36344067500); Golosinda, Denver Ryan (58577384800); Ordoñez, Cid Franco (59567409200); Rivera, John Ray (58835652700)","36344067500; 58577384800; 59567409200; 58835652700","LalaCo: An Online Vending System for Street Food Vendors in the City","2025","ESET 2024 - Conference Proceedings  of the 2024 8th International Conference on E-Society, E-Education and E-Technology","","","","60","66","0","10.1145/3704217.3704235","https://www.scopus.com/pages/publications/85218407619?origin=resultslist","This paper presents a study on designing and developing a mobile application to enhance the digital transformation experience in micro to small-scale businesses and street food vending in a city like Metro Manila. The study aims to develop a mobile application for street vendors and customers. It intends to help street vendors maximize the opportunity they can get from online vending. The research methodology involved gathering data through questionnaires and user acceptance testing. The average SUS score from the 35 respondents who rated the system was 83.36, meaning the users rated the perceived usability of the system as”Excellent.” The results indicate that the mobile application has received positive feedback from customers and vendors, with users reporting improved navigation, accurate location display, and overall satisfaction with the app. The findings suggest that the application has the potential to establish a dedicated support system for vendors, proactive issue monitoring, feedback collection, and expand on diverse markets. © 2024 Copyright held by the owner/author(s).","E-commerce; Micro and Small-Scale Business; Online Vending; Street Vendors; Usability Study","Acceptance tests; Customer satisfaction; Vending machines; Digital transformation; Food vendors; Metro Manila; Micro and small-scale business; Mobile applications; Online vending; Small scale; Street foods; Street vendor; Usability studies; Marketplaces","Conference paper","Final","","Scopus","2-s2.0-85218407619"
"Nandy M.; Kirit D.D.","Nandy, Manish (59242375500); Kirit, Dhablia Dharmesh (59241962200)","59242375500; 59241962200","Big Data-Driven Customer Experience in E-Commerce: Personalizing User Journeys with Advanced Analytics","2025","2025 International Conference on Automation and Computation, AUTOCOM 2025","","","","1363","1367","0","10.1109/AUTOCOM64127.2025.10957405","https://www.scopus.com/pages/publications/105003906829?origin=resultslist","In the dynamic nature of business especially in e-commerce, the management of customers has greatly been made to be a cardinal focus of any organization. This paper aims to analyse and discuss applications of big data and customer big data experience to improve the overall customer journey. Application of modern technologies including machine learning, deep learning, and processing real-time data is in the scope of the proposed methodology, which contains a full set of stages including data collection, preprocessing and feature engineering, as well as recommendation generation at the personal level. Neural collaborative filtering (NCF) improved performance results, and the precision and recall rates are greater than 93% suggesting that these methods can better capture complex patterns of user behavior. Real-time personalization also brought sustainable benefits regarding the most important metrics: a 50% increase in average session duration, a 73.5% increase in conversion, and a 38.2% decrease in the cart abandonment rate. Strong customer privacy protection measures were in place to address legal requirements including GDPR, and algorithm ethicality, specifically in bias in personalization guarantee. The results highlight the innovativeness of big data approach in designing positive buying experiences bye-commerce firms. This research offers recommendations for organizations that want to use advanced analytics for digital business innovations based on customer value, which sets the basis for future developments in the realm of personalized electronic commerce. © 2025 IEEE.","Big Data Analytics; Deep Learning-based Recommendation Systems; E-commerce Customer Experience; Hybrid Recommendation Algorithms; Machine Learning; Personalized User Journeys; Real-Time Personalization","Behavioral research; Customer satisfaction; Data privacy; Deep learning; Electronic money; Engineering research; Sales; Big data analytic; Customer experience; Data analytics; Deep learning-based recommendation system; E-commerce customer experience; Hybrid recommendation; Hybrid recommendation algorithm; Machine-learning; Personalizations; Personalized user journey; Real- time; Real-time personalization; Recommendation algorithms; Marketplaces","Conference paper","Final","","Scopus","2-s2.0-105003906829"
"Zou Y.; Zhang S.; Wang Y.","Zou, Yun (59492549400); Zhang, Shengqi (60119150400); Wang, Yong (57767165700)","59492549400; 60119150400; 57767165700","Digital Selves and Curated Choices: How Social Media Self-Presentation Enhances Consumers’ Experiential Consumption Preferences","2025","Journal of Theoretical and Applied Electronic Commerce Research ","20","3","238","","","0","10.3390/jtaer20030238","https://www.scopus.com/pages/publications/105017402939?origin=resultslist","With the rise of e-commerce, mobile devices, and social media, consumers’ online social and shopping behaviors have become increasingly integrated, making social commerce a major force in the digital marketplace. In this context, consumer behaviors on social media can exert a profound influence on purchase decisions. This research investigates the impact of social media self-presentation, a key social behavior on social media, on consumers’ preference for experiential consumption. Drawing on one survey study and one experimental study, the findings reveal that social media self-presentation significantly predicts a stronger preference for experiential consumption (e.g., travel) over material consumption (e.g., tangible goods), with this effect being particularly salient among female participants. Furthermore, self-concept clarity mediates this relationship: both positive and authentic self-presentation enhance individuals’ clarity of self-concept, which in turn promotes a greater inclination toward experiential purchases. These findings highlight the key role of social media behavior in shaping consumer behaviors. The results offer important theoretical and practical insights into consumer decision-making in digital contexts and guide platform design and personalized recommendation systems. © 2025 by the authors.","experiential consumption preferences; gender; self-concept clarity; social commerce; social media self-presentation","","Article","Final","All Open Access; Gold Open Access; Green Open Access","Scopus","2-s2.0-105017402939"
"Wang Y.; Tan K.-L.; Ren J.","Wang, Yan (7601520278); Tan, Kian-Lee (7403999714); Ren, Jian (8834224400)","7601520278; 7403999714; 8834224400","PumaMart: A parallel and autonomous agents based internet marketplace","2004","Electronic Commerce Research and Applications","3","3","","294","310","38","10.1016/j.elerap.2004.01.003","https://www.scopus.com/pages/publications/3342889024?origin=resultslist","Software agents are flexible, autonomous, and dynamic computational entities. For B2C e-commerce applications, the wide variety of choices to the consumers has also introduced the problem of information overloading. Meanwhile, there are so many e-shops and products for the consumers that it has become too time-consuming to find the best deal. In this paper, we present PumaMart, a Parallel and autonomous agents based Internet Marketplace, which deploys several novel models to facilitate autonomous and automatic online buying and selling by software agents (stationary and mobile) while providing fast response to consumers. These techniques include a 2-phase evaluation model, a parallel dispatch model and an auction-like negotiation model. Both evaluation model and negotiation model are based on the fuzzy evaluation criterion with clustering based grading function. What a consumer needs to do is to submit requests including the information for the desired products, selection preferences, through a web page in a Java-enabled browser. These information will be sent to the master agent at the server of the Agent Service Provider (ASP), which will employ its worker agents for subsequent shop searching/filtering, offer gathering/evaluating, negotiating, even booking and payment. © 2004 Elsevier B.V. All rights reserved.","2-phase evaluation model; Autonomous agent; B2C e-commerce; Fuzzy evaluation criterion; Negotiation model","Autonomous agents; Fuzzy sets; HTML; Information technology; Internet; Java programming language; Problem solving; Websites; XML; 2-phase evaluation model; Fuzzy evaluation criterion; Negotiation model; Electronic commerce","Article","Final","","Scopus","2-s2.0-3342889024"
"Kathawala Y.; Abdou K.; Von Franck C.","Kathawala, Yunus (6701923729); Abdou, Khaled (36914850800); Von Franck, Catharina (6504238675)","6701923729; 36914850800; 6504238675","Supply chain/electronic hubs: A comparative analysis","2002","Benchmarking","9","5","","450","470","14","10.1108/14635770210451460","https://www.scopus.com/pages/publications/0242269871?origin=resultslist","As competition abounds, the efficient organization of a company's supply chain is a vital success factor for companies in today's business world. In recent years, electronic hubs have received great attention, providing buyers and suppliers alike with a means of structuring and streamlining their supply chains in order to create maximum efficiency. Concerning the future of the e-hub environment, online marketplaces are expected to move rapidly toward becoming full service providers, letting e-commerce swallow the entire supply chain. Moreover, distinctions between public and private hubs will likely blur, while only the strongest electronic hubs with the most profitable operations strategies will be able to succeed in the long run. Conducts analysis to the e-hubs supply chain, followed by a comparative analysis of the current situation supported by examples of successful e-hubs. As a consequence, provides a benchmarking basis for organizations wishing to incorporate the know-how and experience of these successful hubs into their own business. Finally, a forecast to future trends in the e-hub market space is conducted along with recommendations.","Electronic commerce; Information technology; Strategy; Supply chain","Electronic commerce; Information technology; Strategic planning; Supply chain; Benchmarking","Article","Final","","Scopus","2-s2.0-0242269871"
"Hake A.; Pujari J.; Lingaraju S V.; Naveen Kumar H.S.","Hake, Ashok (58929981300); Pujari, Jambukeshwar (59729649100); Lingaraju S, V. (59920343700); Naveen Kumar, H.S. (57824648100)","58929981300; 59729649100; 59920343700; 57824648100","Sentiment Analysis-Based Product Review System for Enhanced Recommendations","2025","2025 International Conference on Artificial Intelligence and Data Engineering, AIDE 2025 - Proceedings","","","","618","623","1","10.1109/AIDE64228.2025.10986799","https://www.scopus.com/pages/publications/105006567440?origin=resultslist","The rapid growth of e-commerce has resulted in an overwhelming amount of user-generated content in the form of product reviews. Harnessing these reviews effectively is critical for enhancing recommendation systems. This paper presents a sentiment analysis-based approach that delves into specific product attributes, such as quality, design, price, durability, usability, comfort, value for money, and customer service, to extract actionable insights. By employing natural language processing (NLP) techniques, our system calculates both overall and attribute-specific sentiment scores, which are aggregated into a comprehensive recommendation score. The proposed methodology bridges the gap between unstructured text reviews and structured product recommendations, offering a detailed, attribute-focused perspective to improve user decision-making.  © 2025 IEEE.","attribute-based scoring; e-commerce reviews; natural language processing; product attributes; recommendation systems; Sentiment analysis","Decision making; Electronic money; Marketplaces; Recommender systems; Attribute-based; Attribute-based scoring; E- commerces; E-commerce review; Language processing; Natural language processing; Natural languages; Product attributes; Product reviews; Sentiment analysis; Emotion Recognition","Conference paper","Final","","Scopus","2-s2.0-105006567440"
"Chong B.; Wong M.","Chong, Bessie (7101803552); Wong, Michael (56325558000)","7101803552; 56325558000","Crafting an effective customer retention strategy: a review of halo effect on customer satisfaction in online auctions","2005","International Journal of Management and Enterprise Development","2","1","","12","26","33","10.1504/IJMED.2005.006021","https://www.scopus.com/pages/publications/33746186154?origin=resultslist","Customer satisfaction is an important factor in purchase decisions (Bennett and Robert, 1969). It affects not only one’s next purchase decision, but also one’s recommendation. The feedback of customer satisfaction/dissatisfaction will be spread much faster on the internet as the effect of the click of mouse is larger than word of mouth. Improving customer satisfaction becomes essential in such highly competitive and fast-paced marketplace, but it can be very costly. In this study, the authors intend to examine a set of satisfaction attributes that contributes to customer satisfaction in online auctions. We are interested in knowing how the individual satisfaction attributes contribute to the overall satisfaction and how each individual attribute affects each other. Specifically, we intend to study how the halo effect affects satisfaction evaluation. With limited budget, auction sites, particularly those small regional and specialist auction sites, and small e-business start-ups have no way to invest on every single satisfaction attribute for service improvement. Therefore, they should focus on a particular or a few aspects that can lift up the customer satisfaction the most and have the largest spillover effect on the satisfaction in other attributes. The managerial implication of this study is significant, which helps the internet intermediary to develop the most effective customer retention strategy. © 2005 Inderscience Enterprises Ltd.","customer relationship management (CRM); customer retention; customer satisfaction; e-commerce; e-satisfaction; halo effect; online auction; small and medium enterprises (SMEs)","","Article","Final","","Scopus","2-s2.0-33746186154"
"Goranthala V.P.; Padakanti N.; Akula N.V.C.; Reddy K.S.; Addanki B.C.; Kaliappan S.","Goranthala, Vishnu Prasad (59484688200); Padakanti, Naresh (60497571500); Akula, Naga Venkata Chaitanya (60498208100); Reddy, K.Srivarun (60497412400); Addanki, Bhanu Chand (60497732900); Kaliappan, S. (57189892434)","59484688200; 60497571500; 60498208100; 60497412400; 60497732900; 57189892434","GPU-Accelerated Deep Learning for Enhanced Sentiment Analysis in E-Commerce Product Recommendations","2025","2025 IEEE International Conference on Electronics, Computing and Communication Technologies, CONECCT 2025","","","","","","1","10.1109/CONECCT65861.2025.11306559","https://www.scopus.com/pages/publications/105032667208?origin=resultslist","Businesses in e-commerce use reviews to understand cus- tomer feelings because these reviews highlight areas for improving prod- ucts and being more competitive. This form of text evaluation which NLP excels at, makes it possible to classify textual reviews as positive, negative or neutral and uncover what customers want.A GPU-powered framework for deep learning is proposed to help with faster processing and bet- ter sentiment analysis accuracy of e-commerce product reviews. Parallel computing in Graphics Processing Units (GPUs) allows the framework to handle training and deployment for deep learning models of complex datasets available on Amazon, Flipkart, Facebook and Twitter. The use of the GPU-YOLO Ensembled Classifier is essential in reducing the usual problems of bias and variance that older classifiers have. The use of various models together leads to predictions being highly accurate, with a rate of up to 95.8% which is much more accurate than the other two mod- els i.e., SVM and DT.GPUs help improve the accuracy of deep learning for classification, allowing real-time results in analysing customer opinion making it possible to use in online marketplaces. Based on the results of this study, ecommerce websites can now use customer feedback to determine and develop better products and services. © 2025 IEEE.","DT; GPU-YOLo; Product Reviews; SVM","Classification (of information); Computer graphics; Computer graphics equipment; Deep learning; Electronic commerce; Information management; Learning systems; Program processors; Sales; Sentiment analysis; Social networking (online); DT; E- commerces; Graphic processing unit-YOLo; Graphics processing; Processing units; Product recommendation; Product reviews; Sentiment analysis; SVM; Text evaluation; Graphics processing unit","Conference paper","Final","","Scopus","2-s2.0-105032667208"
"Presskila X.A.; Raj J.R.F.; Kumar P.S.; Sankar G.R.; Rajkumar G.V.; Sundaravadivel P.","Presskila, X. Arogya (57576323600); Raj, J. Relin Francis (57209462571); Kumar, P. Selva (60419298000); Sankar, G. Ram (58787490000); Rajkumar, G. Vinoth (57232027700); Sundaravadivel, P. (57204391586)","57576323600; 57209462571; 60419298000; 58787490000; 57232027700; 57204391586","A Hybrid Learning-Based Q-Commerce Framework Evolving from E-Commerce","2025","2nd International Conference on Machine Learning and Autonomous Systems, ICMLAS 2025 - Proceedings","","","","295","302","6","10.1109/ICMLAS64557.2025.10968475","https://www.scopus.com/pages/publications/105004817052?origin=resultslist","The rapid evolution of E-Commerce has led to the emergence of Quick Commerce (Q-Commerce), a model that prioritizes ultra-fast deliveries and real-time decision-making. This paper proposes a Hybrid Learning-based framework that enhances Q-Commerce operations by integrating Self-Supervised, Supervised, Reinforcement, and Unsupervised Learning techniques. The model leverages BERT for self-supervised pretraining, enabling context-aware customer personalization and improved search relevance. LSTMs and CNNs are employed for demand forecasting and product classification, ensuring optimized inventory management. GNNs enhance personalized recommendations by analyzing user-product relationships. For logistics optimization, DQN and PPO are implemented to dynamically adjust last-mile delivery routes, reducing delivery times and operational costs. To ensure fraud prevention, AEs and GANs detect anomalous transaction behaviors, improving security while minimizing false positives. The proposed hybrid deployment strategy, combining cloud-based AI inference and Edge AI at micro-fulfillment centers (MFCs), enhances system responsiveness and scalability. The framework is evaluated using MAE, RMSE, HR, Fl-Score, and ROC curves, ensuring accurate demand prediction, optimized logistics, and effective fraud detection. Future advancements in Autonomous Deliveries, AI-Powered Warehousing, and Blockchain Integration will further revolutionize Q-Commerce, making it an indispensable extension of E-Commerce.  © 2025 IEEE.","Deep Learning; Demand Forecasting; E-Commerce; Edge AI; Hybrid Learning; Logistics Optimization; Personalized Recommendations; Q-Commerce; Reinforcement Learning","Deep learning; Deep reinforcement learning; Inventory control; Reinforcement learning; Self-supervised learning; Support vector machines; Unsupervised learning; Deep learning; Delivery time; Demand forecasting; Edge AI; Hybrid learning; Logistics optimization; Personalized recommendation; Quick commerce; Reinforcement learnings; Ultra-fast; Marketplaces","Conference paper","Final","","Scopus","2-s2.0-105004817052"
"Tang Y.","Tang, Ying (60416329500)","60416329500","Optimizing Cross-Border E-Commerce Supply Chains Using Product Recommendation System","2025","Proceedings of the 2025 IEEE International Conference on Computation, Big-Data and Engineering, ICCBE 2025","","","","779","782","0","10.1109/ICCBE65177.2025.11256122","https://www.scopus.com/pages/publications/105031089224?origin=resultslist","In today's globalized trade environment, cross-border e-commerce supply chains are increasingly complex, and their efficient operation is crucial for enhancing enterprise competitiveness. This study investigates the application of a product recommendation optimization system to analyze and improve key aspects of cross-border e-commerce supply chains. A comprehensive model is developed to quantitatively evaluate the system's impact on critical processes such as demand forecasting, inventory management, and logistics. Results show that the system can significantly reduce inventory costs, improve customer satisfaction, and shorten order delivery cycles. Furthermore, multiple case studies are used to refine implementation strategies for different types of cross-border e-commerce enterprises, providing empirical evidence and practical guidance for leveraging supply chain advantages in competitive markets and promoting sustainable industry development. © 2025 IEEE.","cross-border e-commerce; price fluctuation; recommendation algorithm; supply chain optimization","Competition; Electronic commerce; Inventory control; Marketplaces; Optimization; Supply chains; Sustainable development; Cross-border; Cross-border e-commerce; E- commerces; Enterprises competitiveness; Optimization system; Price fluctuation; Product recommendation; Product recommendation system; Recommendation algorithms; Supply chain optimization; Customer satisfaction","Conference paper","Final","","Scopus","2-s2.0-105031089224"
"Loren T.; Novantia D.; Sierrano K.; Gui A.","Loren, Trinity (59720478000); Novantia, Dea (58918518900); Sierrano, Kevin (59720320600); Gui, Anderes (36816012900)","59720478000; 58918518900; 59720320600; 36816012900","The Influence of Artificial Intelligence on Recommendation Features in E-commerce","2024","2024 Beyond Technology Summit on Informatics International Conference, BTS-I2C 2024","","","","203","208","1","10.1109/BTS-I2C63534.2024.10942068","https://www.scopus.com/pages/publications/105003281800?origin=resultslist","This research aims to investigate the key element that could influence purchase decision within the rapidly growing Indonesian e-commerce market, focusing on how the artificial intelligence (AI) powered recommendation system increases the purchasing intention by analyzing the user profile, behavior, search history, and preferences. In this study, 429 people were surveyed to find out how attitudes toward artificial intelligence are influenced by perceived utility, perceived ease of use, perceived risk, and how these factors, in conjunction with promotion display and hedonistic value (the enjoyment derived from shopping), influence purchase intention in Indonesia's e-commerce landscape. The findings' data support all of the proposed hypotheses. Perceive utility and ease of use with technology attitude are strong predictors in determining positive attitude towards Artificial Intelligence, while the perceived risk has a negative impact on this attitude. Moreover, the study also found that positive attitude towards Artificial Intelligence, alongside promotional display, and hedonistic value, plays a significant role in determining purchase intention of customers in Indonesia e-commerce. The study also shows that a positive response for those three components significantly enhances the overall purchase intention of the customers. This study provides a valuable insight for e-commerce platforms in Indonesia for increasing purchase intention and purchase conversion.) © 2024 IEEE.","artificial intelligence; e-commerce; purchase intention; recommendation features; technology attitude","E- commerces; Indonesia; Key elements; Perceived risk; Positive attitude; Purchase decision; Purchase intention; Recommendation feature; Technology attitude; User's profiles; Marketplaces","Conference paper","Final","","Scopus","2-s2.0-105003281800"
"Kaushik P.; Rawat P.; Gupta A.K.; Chithra A.S.; Kumar A.; Ottalwar R.","Kaushik, Priyanka (57734414000); Rawat, Priyanka (59809548700); Gupta, Abhishek Kumar (57202697810); Chithra, A.S. (57205427184); Kumar, Ajay (57216227904); Ottalwar, Reeya (59712672300)","57734414000; 59809548700; 57202697810; 57205427184; 57216227904; 59712672300","Ontology Based Recommendation System","2024","2024 4th International Conference on Advancement in Electronics and Communication Engineering, AECE 2024","","","","279","284","1","10.1109/AECE62803.2024.10911173","https://www.scopus.com/pages/publications/105001660720?origin=resultslist","E-commerce platforms face the challenge of providing personalized product recommendations to users, a crucial factor in enhancing user satisfaction and increasing sales. This paper presents an ontology-driven recommendation system de- signed specifically for e-commerce websites to address this challenge. Ontologies provide a structured framework for organizing knowledge within a domain, facilitating more precise and efficient recommendation strategies. We employ a hybrid recommendation approach that combines collaborative filtering with content-based filtering methodologies. Collaborative filtering analyzes user actions and preferences to identify similar users and suggest items they have shown interest in. In contrast, content-based filtering focuses on the attributes and features of products to recommend items that align with the user's preferences. To demonstrate the effectiveness of our ontology-based recommendation system, we conducted experiments using real- world e- commerce data. The results indicate that our system outperforms traditional recommendation techniques in terms of accuracy and user satisfaction.  © 2024 IEEE.","Content-Based Filtering; E-Commerce; Ontology; Recommendation System; Text Mining","Collaborative filtering; Marketplaces; Commerce platforms; Content based filtering; E-commerce websites; Ontology's; Ontology-based; Personalized products; Product recommendation; Text-mining; User's preferences; Users' satisfactions; Wiener filtering","Conference paper","Final","","Scopus","2-s2.0-105001660720"
"Summerlin R.; Powell W.","Summerlin, Rowena (57699847400); Powell, Wendy (35243433300)","57699847400; 35243433300","Effect of Interactivity Level and Price on Online Purchase Intention","2022","Journal of Theoretical and Applied Electronic Commerce Research","17","2","","652","668","10","10.3390/jtaer17020034","https://www.scopus.com/pages/publications/85130339293?origin=resultslist","As e-commerce approaches 17% of total retail sales companies are looking for opportunities to increase customer purchase conversion. In a competitive marketplace it becomes increasingly important to consider the effects of display techniques on purchase intention. Limited research has been conducted into interactivity, product display and their effect on purchase intentions on real-world retail websites, predominantly choosing to use random or student samples. This study investigates whether interactivity within retail websites positively correlates with purchase intentions for both low-cost and high-cost products and whether this effect is proportionally higher in high-cost products. It considers whether this purchase intention in high-cost products is influenced by higher levels of supplementary information. 405 participants experienced a simulated environment within a real-world retail website they had previously shopped at. Questionnaire results were analysed using ANCOVA and principal components analysis with three new components (purchase intention, attitude towards products and repeat product enjoyment) emerging. Results showed a higher purchase intention for more interactive products particularly more expensive ones. Interactive products produced a 54% higher purchase intention overall. In this paper, a new three-component solution to assess purchase intention for online home décor products is presented along with results which indicate that interactivity levels positively affect purchase intention for this particular product segment, particularly higher-cost products. © 2022 by the authors. Licensee MDPI, Basel, Switzerland.","e-commerce; interactive products; online purchasing behaviour; online retail; purchase intention","","Article","Final","All Open Access; Gold Open Access; Green Open Access","Scopus","2-s2.0-85130339293"
