"Espacenet";"";"";"";"";"";"";"";"";
"Patent search";"";"";"";"";"";"";"";"";
"1 result found for (ctxt = ""B2B"" OR ctxt = ""business-to-business"" OR ctxt = ""wholesale"" OR ctxt = ""professional buyer"") AND (ctxt = ""e-commerce"" OR ctxt = ""ordering"" OR ctxt = ""marketplace"" OR ctxt = ""platform"" OR ctxt = ""procurement"") AND pd within ""2018-2026""";"";"";"";"";"";"";"";"";
"null";"";"";"";"";"";"";"";"";
"Query language: en / de / fr";"";"";"";"";"";"";"";"";
"Sort by:  Publication date";"";"";"";"";"";"";"";"";
"";"";"";"";"";"";"";"";"";
"No";"Title";"Inventors";"Applicants";"Publication number";"Earliest priority";"IPC";"CPC";"Publication date";"Earliest publication";"Family number";
"1";"DIGITAL HEALTH PRIVACY PLATFORM AND PASSPORT";"BLECHMAN ELAINE [US]";"PROSOCIAL APPLICATIONS INC [US]";"US20260134961A1";"2022-03-30";"G16H10/60";"G16H10/60 (US)";"2026-05-14";"2026-05-14";"099763396";
"2";"An intelligent logistics distribution management system and its operation method that combines data-based demand forecasting and dynamic packaging optimization";"";"";"KR102964011B1";"2025-09-16";"G06N3/0442 
G06N3/045 
G06N3/0464 
G06N3/092 
G06Q10/0631 
G06Q10/0832 
G06Q10/0834 
G06Q10/087 
G06Q30/0601 
H04L67/1097 
H04L9/00";"";"2026-05-13";"2026-05-13";"099817057";
"3";"受発注システム、受発注方法および受発注装置";"";"";"JP7856873B1";"2025-04-03";"G06Q30/0601";"";"2026-05-12";"2026-05-12";"099760109";
"4";"INFORMATION PROCESSING SYSTEM, INFORMATION PROCESSING METHOD, AND PROGRAM";"YANO TAKAFUMI [JP] 
SAKAMOTO TOSHIYASU [JP] 
HIRAOKA GENKI [JP]";"RUTILEA INC [JP]";"WO2026094098A1";"2024-10-28";"G06Q50/06";"G06Q50/06 (EP)";"2026-05-07";"2026-05-07";"099668275";
"5";"Revolutionary, disruptive, redefining, and changing modern business rules, modern macroeconomics, modern microeconomics, process of human being civilization and human being civilization’s way or the method and the method or model or the platform created to implement this method";"HU CHUANPING [CN]";"HU CHUANPING [CN]";"US20260120221A1";"2024-10-24";"G06Q90/00";"G06Q90/00 (EP,US)";"2026-04-30";"2026-04-30";"099549782";
"6";"Revolutionary,disruptive,redefining,and changing modern business rules,modern macroeconomics,modern microeconomics,process of human being civilization and human being civilization's way or the method and the method or model or the platform created to implement this method";"HU CHUANPING [CN]";"HU CHUANPING [CN]";"US20260120222A1";"2024-10-24";"G06Q90/00";"G06Q90/00 (EP,US)";"2026-04-30";"2026-04-30";"099549784";
"7";"ROAMING INTELLIGENCE PLATFORM FOR MOBILE NETWORK OPERATORS";"M MALLIKARJUNAIAH [IN]";"RAKUTEN SYMPHONY INC [JP] 
RAKUTEN SYMPHONY USA LLC [US]";"WO2026090221A1";"2024-10-24";"G06N20/00 
H04L41/16 
H04W24/02 
H04W8/02";"G06N20/00 (EP) 
G06N20/20 (EP) 
H04W24/02 (EP) 
H04W8/02 (EP)";"2026-04-30";"2026-04-30";"099595454";
"8";"E-commerce platform product purchase information operation system";"PARK JAE HYUNG 
KANG JIN YOUNG";"KORITA CO LTD [KR]";"KR20260058599A";"2024-10-22";"G06Q10/083 
G06Q10/087 
G06Q20/40 
G06Q30/016 
G06Q30/0601";"G06Q10/083 (KR) 
G06Q10/087 (KR) 
G06Q20/407 (KR) 
G06Q30/016 (KR) 
G06Q30/0613 (KR) 
G06Q30/0635 (KR)";"2026-04-29";"2026-04-29";"099673050";
"9";"工程造价数据管理系统及系统的工程造价数据管理方法";"";"";"CN121937082A";"2026-03-26";"G06F18/25 
G06N5/022 
G06N5/04 
G06Q10/10 
G06Q30/0202 
G06Q50/08";"G06F18/25 (CN) 
G06N5/022 (CN) 
G06N5/04 (CN) 
G06Q10/103 (CN) 
G06Q30/0206 (CN) 
G06Q50/08 (CN)";"2026-04-28";"2026-04-28";"099525847";
"10";"产业智能体驱动的动态资源配置的AI营销与生产协同系统";"";"";"CN121937086A";"2026-03-31";"G06N5/022 
G06Q10/067 
G06Q10/10 
G06Q30/0201 
G06Q30/0202";"G06N5/022 (CN) 
G06Q10/067 (CN) 
G06Q10/103 (CN) 
G06Q30/02014 (CN) 
G06Q30/0202 (CN) 
G06Q30/02024 (CN)";"2026-04-28";"2026-04-28";"099528159";
"11";"SYSTEMS AND METHODS FOR END USER VIEW B2B/B2C MODE";"SAHOO SANJIB [US]";"INGRAM MICRO INC [US]";"EP4745859A1";"2024-11-15";"G06Q10/087 
G06Q30/0201 
G06Q30/0202 
G06Q30/0601";"G06Q10/087 (EP) 
G06Q30/0201 (EP) 
G06Q30/0202 (EP) 
G06Q30/0631 (EP) 
G06Q30/0641 (EP)";"2026-05-20";"2026-04-23";"096994386";
"12";"一种用于蔬菜批发装车的推车";"";"";"CN224145985U";"2025-03-31";"B62B3/02 
B62B3/04";"";"2026-04-21";"2026-04-21";"099468907";
"13";"B2B Data-Driven Consumer Response-Based B2B Product Verification and Distributor Suggestion System";"GO YOUNG JU [KR] 
KIM GA YEON [KR]";"P I S GLOBAL [KR]";"KR102955163B1";"2025-08-04";"G06Q10/10 
G06Q30/015 
G06Q30/018 
G06Q30/0201 
G06Q30/0283 
G06Q30/0601";"";"2026-04-21";"2026-04-21";"099675624";
"14";"全地形自适应水电AI仿生机器人智能巡检方法及系统";"";"";"CN121900161A";"2025-12-29";"G05B13/04";"G05B13/042 (CN)";"2026-04-21";"2026-04-21";"099446737";
"15";"UNIFIED PLATFORM FOR AUTOMOBILE-RELATED SERVICES";"FARBOUD KOOHYAR [CA]";"GLOBAL ADVANCED PRODUCTS LNC [CA]";"US20260105505A1";"2024-10-15";"G06F16/29 
G06Q10/1053 
G06Q10/20 
G06Q30/0601 
G06Q30/08 
G06Q40/02 
G06Q50/10";"G06F16/29 (US) 
G06F16/9537 (EP) 
G06Q10/1053 (EP,US) 
G06Q10/20 (EP,US) 
G06Q30/0627 (EP,US) 
G06Q30/08 (EP,US) 
G06Q40/026 (EP,US) 
G06Q50/10 (EP,US)";"2026-04-16";"2026-04-16";"099437386";
"16";"一种全供应链的黄金交易询价报价系统";"";"";"CN121860721A";"2025-12-23";"G06Q30/0601 
G06Q40/04";"G06Q30/0611 (CN) 
G06Q40/044 (CN)";"2026-04-14";"2026-04-14";"099377975";
"17";"Commodity recommendation method of medicine e-commerce platform";"WANG ZHENYU 
YUAN HUA";"JOINTOWN PHARMACEUTICAL GROUP CO LTD 
WUHAN HUIDA INFORMATION TECH CO LTD";"CN121788219A";"2026-01-21";"G06F16/9535 
G06Q30/0601 
G16H20/10";"G06F16/9535 (CN) 
G06Q30/0631 (CN) 
G06Q30/06311 (CN) 
G16H20/10 (CN)";"2026-04-03";"2026-04-03";"099231715";
"18";"Commodity wholesale data management method and device based on Internet of Things, and medium";"CHANG HENGCHENG 
LIU CHUNQIU 
SUN JIANXIA";"TIANJIN JINGSHUN TONGDA SUPPLY CHAIN MAN CO LTD";"CN121788020A";"2025-11-14";"G06N5/01 
G06Q10/0631 
G06Q10/087 
G06Q30/0202";"G06N5/01 (CN) 
G06Q10/06315 (CN) 
G06Q10/08726 (CN) 
G06Q10/0874 (CN) 
G06Q10/08772 (CN) 
G06Q30/0202 (CN)";"2026-04-03";"2026-04-03";"099240429";
"19";"Medical staff protective article wholesale supply chain collaborative management system";"XUE YANRONG 
XU LI 
WANG ZENGMIN";"SHANDONG JUNKANGLIN MEDICAL TECH CO LTD";"CN121787810A";"2025-12-23";"G06N3/045 
G06N3/092 
G06N3/098 
G06Q10/0631 
G06Q10/0635 
G16H40/20 
H04L67/10 
H04L67/12 
H04L9/00";"G06N3/045 (CN) 
G06N3/092 (CN) 
G06N3/098 (CN) 
G06Q10/06312 (CN) 
G06Q10/06314 (CN) 
G06Q10/06315 (CN) 
G06Q10/0635 (CN) 
G16H40/20 (CN) 
H04L67/10 (CN) 
H04L67/12 (CN) 
H04L9/50 (CN) 
H04L2209/88 (CN) 
H04L2463/146 (CN)";"2026-04-03";"2026-04-03";"099246361";
"20";"E-commerce Systems Including Cross-Selling and E-commerce for Social Media";"GOLDBERG JASON [US] 
PERRY DAVID [US]";"GOVYRL INC [US]";"US20260094202A1";"2024-09-27";"G06Q10/087 
G06Q30/0251 
G06Q30/0601";"G06Q10/087 (EP,US) 
G06Q30/0255 (EP,US) 
G06Q30/0631 (EP,US) 
G06Q30/0641 (EP,US)";"2026-04-02";"2026-04-02";"099226282";
"21";"A SYSTEM AND METHOD FOR EXCHANGING RESUMES BASED ON TOKENS BETWEEN BUSINESS-TO-BUSINESS";"JAIN SANJAY [IN]";"JAIN SANJAY [IN]";"WO2026069000A1";"2024-09-27";"G06F16/9535 
G06Q10/06 
G06Q10/1053";"G06Q10/06 (EP) 
G06Q10/1053 (EP)";"2026-04-02";"2026-04-02";"099308037";
"22";"Wholesale document intelligent label printing and management system";"ZHANG TAO 
LIU FEI 
LIU YINGGAO 
GAO CHONGHU";"SHANGHAI YUANQING INFORMATION TECH CO LTD";"CN121766879A";"2025-10-31";"G06F16/22 
G06F16/23 
G06F16/2455 
G06F16/2458 
G06F16/28 
G06F3/12 
G06Q10/087";"Y02P90/30 (EP)";"2026-03-31";"2026-03-31";"099187994";
"23";"Apple industry chain multi-source heterogeneous data coupling prediction and early warning method and system";"GAO YANHONG 
CHENG ZHANBAO 
ZHANG TAO 
WANG YINGJIE 
XUE WANQING";"YANAN DATA GROUP CO LTD";"CN121767870A";"2025-12-29";"G06F18/15 
G06N3/044 
G06N3/0442 
G06N3/045 
G06Q50/02 
G06V10/766 
G06V10/80 
G06V20/13";"";"2026-03-31";"2026-03-31";"099173411";
"24";"Product oil tax control abnormal transaction detection method based on consensus algorithm";"BIN WENHAO";"HUBEI DONGCHUTONG TECH CO LTD";"CN121765588A";"2025-12-25";"G06F16/27 
G06F18/2413 
G06F18/2433 
G06F21/60 
G06F21/62 
G06N20/00 
G06Q40/04";"";"2026-03-31";"2026-03-31";"099174145";
"25";"Supply chain integrated collaborative management system based on cloud platform";"LI PENGBO";"SHANGLUO TIANSHOU ZHIXING TECH CO LTD";"CN121745484A";"2025-12-19";"G06N3/006 
G06N3/0442 
G06N3/098 
G06Q10/04 
G06Q10/063 
G06Q10/0631 
G06Q10/067 
G06Q10/083 
G06Q10/087 
H04L67/10";"";"2026-03-27";"2026-03-27";"099148602";
"26";"Enterprise power carbon emission accounting method based on power transaction and green power and green certificate";"LI CHENHUI 
DU PENG 
LI MU 
XIE HONGTAO 
XUE WANLEI 
ZHANG HAO 
MOU YING 
LIU XIAOBIN 
ZHANG XINHUA 
YUE CAIYANG 
GUAN DASHUN 
ZHANG DONGLIANG 
NIU HUAZHONG 
LIU ZHIFAN 
SHI YING 
BAI YING 
LYU YUANZHENG";"RESEARCH INSTITUTE OF ECONOMICS AND TECHNOLOGY STATE GRID SHANDONG ELECTRIC POWER CO";"CN121746117A";"2025-12-12";"G06F17/18 
G06Q20/38 
G06Q40/04 
G06Q50/06 
H02J13/10 
H02J13/12 
H02J13/16 
H02J3/008 
H02J3/17 
H02J3/175 
H02J103/35";"Y02P90/845 (EP)";"2026-03-27";"2026-03-27";"099148494";
"27";"Insect situation forecasting system based on image recognition and deep learning";"LIU YUAN 
WANG ZHEN 
HU YUSHUO 
WANG TING 
JIANG XIN";"ZHEJIANG YUNXI INTELLIGENT EQUIPMENT CO LTD";"CN121746780A";"2025-12-12";"G06N3/045 
G06N3/0464 
G06N5/02 
G06N5/025 
G06Q40/08 
G06Q50/02 
G06V10/75 
G06V10/764 
G06V10/80 
G06V10/82 
G06V20/13 
G06V20/17";"";"2026-03-27";"2026-03-27";"099153861";
"28";"SYSTEMS AND METHODS FOR GENERATING A CUSTOMIZED ONLINE ENVIRONMENT FOR PROCUREMENT";"ADAMSON KATHLYN [US] 
HERTZ ALEXANDER [US] 
HARRINGTON CHARLES [US] 
LISTON GENEVIEVE [US]";"FOLIO SERVICES INC [US]";"US20260087537A1";"2024-09-25";"G06Q30/0601 
H04L9/40";"G06Q30/06311 (EP,US) 
G06Q30/0641 (EP,US) 
H04L63/102 (EP,US)";"2026-03-26";"2026-03-26";"099140233";
"29";"Product settlement platform service provision method apparatus and system based on recommendation-linked B2B ordering";"SEOL LO MON [KR]";"BOOMAD INC [KR]";"KR102941896B1";"2025-11-17";"G06F16/955 
G06K19/06 
G06Q10/0875 
G06Q30/0214 
G06Q30/0242 
G06Q30/0273 
G06Q30/0601 
G06Q40/12";"";"2026-03-26";"2026-03-26";"099269120";
"30";"Method and system for converting e-commerce temporary order into formal order";"WANG YU 
GE DONGYANG 
ZHENG YITUO";"SUZHOU XIAODING TECH CO LTD";"CN121660768A";"2025-12-08";"G06F16/22 
G06F16/23 
G06Q10/0834 
G06Q10/0875 
G06Q20/10 
G06Q20/38 
G06Q30/0207 
G06Q30/0211 
G06Q30/0601";"G06F16/2228 (CN) 
G06F16/2365 (CN) 
G06Q10/08345 (CN) 
G06Q10/0875 (CN) 
G06Q20/102 (CN) 
G06Q20/389 (CN) 
G06Q30/0207 (CN) 
G06Q30/0211 (CN) 
G06Q30/0637 (CN)";"2026-03-13";"2026-03-13";"098995589";
"31";"Transportation device for wholesale of agricultural products";"GUO YICONG";"GUANGZHOU PANYU JIANLI FRESH FOOD CO LTD";"CN121651136A";"2026-01-16";"B65G47/74 
B65G67/04 
B65G69/22";"B65G47/74 (CN) 
B65G67/04 (CN) 
B65G69/22 (CN) 
B65G2201/0202 (CN)";"2026-03-13";"2026-03-13";"098992460";
"32";"SYSTEM AND METHOD FOR BLOCKCHAIN-BASED VERIFICATION OF CERTIFICATES OF AUTHENTICATION IN SUPPLY CHAIN MANAGEMENT";"CONER MICHAEL [US] 
KIMMEL IAN [US]";"CONER MICHAEL [US] 
KIMMEL IAN [US]";"US20260074919A1";"2024-09-06";"G06Q20/36 
G06Q20/38 
H04L9/32";"G06Q20/3672 (US) 
G06Q20/389 (US) 
H04L9/3247 (EP) 
H04L9/3268 (EP,US) 
H04L9/50 (EP)";"2026-03-12";"2026-03-12";"098979044";
"33";"Drug monitoring and tracing method and system based on tracing label";"GAO XIAOWEI 
ZHANG QIANG";"GAOTENG MEDICAL TECH SHANGHAI CO LTD";"CN121639230A 
CN121639230B";"2025-12-11";"G06K17/00 
G06Q10/087 
G06Q30/018 
G06Q50/04";"G06K17/0025 (CN) 
G06Q10/0877 (CN) 
G06Q30/018 (CN) 
G06Q50/04 (CN) 
Y02P90/30 (EP)";"2026-03-10 
2026-04-17";"2026-03-10";"098963197";
"34";"システム";"";"";"JP2026033514A";"2024-08-16";"B65G61/00 
G06Q10/087 
G06Q30/0202";"";"2026-02-27";"2026-02-27";"098867758";
"35";"Customer credit scoring method and system for B2B fastener e-commerce platform";"GU YANZHAO 
GE DONGYANG 
MA XIAOHONG";"SUZHOU XIAODING TECH CO LTD";"CN121563665A";"2025-11-25";"G06Q20/12 
G06Q20/24 
G06Q20/40 
G06Q30/0601 
G06Q40/03";"G06Q20/12 (CN) 
G06Q20/24 (CN) 
G06Q20/4016 (CN) 
G06Q30/0609 (CN) 
G06Q40/03 (CN)";"2026-02-24";"2026-02-24";"098790167";
"36";"AI subject matter business opportunity acquisition and market analysis system and method based on semantic recognition and supply-demand matching algorithm";"SUN GUANGJIAN";"FAZHENG INTELLIGENT TECH CO LTD";"CN121561174A";"2025-12-05";"G06F16/951 
G06F16/9535 
G06F18/22 
G06F40/30 
G06N3/0455";"G06F16/951 (CN) 
G06F16/9535 (CN) 
G06F18/22 (CN) 
G06F40/30 (CN) 
G06N3/0455 (CN)";"2026-02-24";"2026-02-24";"098798598";
"37";"Multi-modal heterogeneous fusion processing system and method for agricultural batch business data";"HAN WEILIANG 
DU YALING 
PENG PENGFEI 
HAN HAILIANG 
QIAN BO 
HAN SHIYU 
GAO JIUBING 
LI YONGHENG";"HANDAN DEVELOPMENT ZONE CENTURY RUISIMING DIGITAL TECH CO LTD";"CN121561812A";"2025-11-28";"G06F18/213 
G06F18/25 
G06N3/0442 
G06N3/0455 
G06Q30/0202 
G06Q50/02";"G06F18/213 (CN) 
G06F18/256 (CN) 
G06N3/0442 (CN) 
G06N3/0455 (CN) 
G06Q30/0202 (CN) 
G06Q50/02 (CN)";"2026-02-24";"2026-02-24";"098806982";
"38";"Sales channel configuration decision system";"HSIEH CHENG-HSUN [TW]";"HSIEH CHENG HSUN [TW]";"TWM680542U";"2025-12-02";"G06Q10/04 
G06Q30/00";"";"2026-02-21";"2026-02-21";"099631287";
"39";"B2B B2B Used Medical Device Trading and Social Networking Platform";"CHOI WONSEOK";"BMS INTERACTION CO LTD [KR]";"KR20260022129A";"2024-08-07";"G06Q30/02 
G06Q30/0601 
G06Q50/00 
G06Q50/10";"G06Q10/40 (KR) 
G06Q30/0281 (KR) 
G06Q30/0613 (KR) 
G06Q30/0627 (KR) 
G06Q30/0631 (KR) 
G06Q30/0633 (KR) 
G06Q50/10 (KR)";"2026-02-19";"2026-02-19";"098935209";
"40";"Differential bidding method and system based on dynamic order aggregation";"WU WENHUA";"WU WENHUA";"CN121526755A";"2025-07-21";"G06Q30/0601 
G06Q30/08";"G06Q30/0611 (CN) 
G06Q30/0635 (CN) 
G06Q30/08 (CN)";"2026-02-13";"2026-02-13";"098706977";
"41";"Selectable sales electricity price generation method based on user load rate";"YAN YUYANG 
ZHANG XINHUA";"UNIV CHANGSHA SCIENCE & TECH";"CN121526670A";"2025-11-20";"G06F16/9038 
G06Q30/0201 
G06Q30/0283 
G06Q50/06";"";"2026-02-13";"2026-02-13";"098717149";
"42";"SYNERGIZING FRAGMENTED DATA";"DASI UGANDHAR [US] 
NEERATY ABHISHEKH [US] 
TALAVATA LAXMINARAYANA CHAITANYA [US]";"T MOBILE USA INC [US]";"US20260044863A1";"2024-08-09";"G06Q30/016 
G06Q30/0204";"G06Q30/016 (EP,US) 
G06Q30/0201 (EP) 
G06Q30/0204 (EP,US)";"2026-02-12";"2026-02-12";"098698831";
"43";"Liquor Wholesale Platform Services";"KIM DONG HYUK [KR]";"KIM DONG HYUK [KR]";"KR20260018624A";"2024-07-31";"G06Q30/0283 
G06Q30/0601";"G06Q30/0283 (KR) 
G06Q30/0613 (KR) 
G06Q30/0629 (KR)";"2026-02-09";"2026-02-09";"098823306";
"44";"Commodity life cycle dynamic collaborative optimization system and method for complex supply chain";"CHEN WENXIN 
LIANG YUANLIU 
TIAN YUQUAN";"GUANGZHOU MEITIANHUI DIGITAL TECH CO LTD";"CN121481095A";"2025-11-08";"G06N3/0442 
G06N3/084 
G06Q10/0631 
G06Q10/0635 
G06Q10/083 
G06Q10/087";"G06N3/0442 (CN) 
G06N3/084 (CN) 
G06Q10/06315 (CN) 
G06Q10/0635 (CN) 
G06Q10/083 (CN) 
G06Q10/087 (CN)";"2026-02-06";"2026-02-06";"098629533";
"45";"Intelligent management system for flow directions of fireworks and crackers";"LU LICHENG";"LU LICHENG";"CN121481419A";"2025-11-17";"G06Q10/0832 
G06Q10/087 
G06Q30/018";"G06Q10/0832 (CN) 
G06Q10/087 (CN) 
G06Q30/018 (CN)";"2026-02-06";"2026-02-06";"098627812";
"46";"Portable purchase recording terminal";"LIAO YUN";"GUANGZHOU XINLING TECH CO LTD";"CN223871007U";"2025-02-12";"G06F1/16";"";"2026-02-03";"2026-02-03";"098597029";
"47";"Distributed information management system based on B2B network platform";"ZHOU ZHONGHUI";"GUANGZHOU RENXING INFORMATION TECH CO LTD";"CN121414449A";"2024-01-18";"G06F16/27 
G06Q30/0601";"";"2026-01-27";"2026-01-27";"098485957";
"48";"Triploid Fujian oyster producing area tracing method based on multi-omics feature fusion";"LU JIE 
YAO TUO 
FU SHENGLI 
YE LINGTONG";"SANYA TROPICAL FISHERIES RES INSTITUTE";"CN121410152A";"2025-11-26";"G01N1/44 
G01N27/626 
G01N30/02 
G01N30/06 
G01N30/34 
G01N30/72 
G01N30/86";"Y02A40/81 (EP)";"2026-01-27";"2026-01-27";"098502452";
"49";"Browser Extension System for Margin Calculation of Products Registered on Commerce Platforms";"YUN DO SUN [KR]";"MOONGCLELABS LTD [KR]";"KR102918345B1";"2025-03-19";"G06F16/958 
G06Q10/0637 
G06Q10/0639 
G06Q30/0601";"";"2026-01-27";"2026-01-27";"098644895";
"50";"Tax accounting processing platform system for fintech services";"LEE HYOUN HO [KR]";"LEE HYOUN HO [KR]";"KR20260012489A";"2024-07-18";"G06Q10/06 
G06Q10/10 
G06Q40/06 
G06Q40/10";"G06Q10/06 (KR) 
G06Q10/10 (KR) 
G06Q40/06 (KR) 
G06Q40/10 (KR) 
G06Q40/12 (KR)";"2026-01-27";"2026-01-27";"098645057";
"51";"B2B B2B FOOD MATERIAL SUPPLY PLATFORM SYSTEM";"CHO SOK HWAN [KR] 
BANG HOON BAE [KR]";"DEARFOOD X CO LTD [KR]";"KR102917169B1";"2025-11-11";"G06Q10/0631 
G06Q10/0635 
G06Q10/0637 
G06Q10/0639 
G06Q10/087 
G06Q10/10";"";"2026-01-23";"2026-01-23";"098648101";
"52";"Software development method based on industry domain B end and clinical research and scientific research management platform thereof";"WANG JIAHAO 
ZHANG YAN";"WANG WEIMIN";"CN121387237A";"2024-03-07";"G06F21/62 
G06F8/10 
G06F8/20 
G06F8/38 
G06F8/41 
G16H10/20 
H04L9/40";"";"2026-01-23";"2026-01-23";"098470235";
"53";"Telekom Dijital İkiz QoS Cüzdanı";"FATMA SOYLU SARIYILDIRIM [TR]";"TURK TELEKOMUNIKASYON AS [TR]";"TR2025021645A2";"2025-12-24";"H04L41/00";"";"2026-01-21";"2026-01-21";"098697342";
"54";"Purchase source searching system based on supplier intelligent recommendation";"WU DONGLIANG 
LIU YANG 
HOU JIANCHUAN 
LI XIAOTING 
XU YANBING 
XIAO WENZHI 
XU HONGBIN 
XUE LULU";"ZHEJIANG DATANG WUSHASHAN POWER GENERATION CO LTD";"CN121352928A";"2025-10-28";"G06F16/9535 
G06F16/957 
G06N20/00 
G06N5/022 
G06Q30/0601";"Y02P90/30 (EP)";"2026-01-16";"2026-01-16";"098411297";
"55";"Automatic alignment testing device based on visual positioning";"WU JUN 
BAO WEI 
YAN WENNIAN 
DANG BENEDICT";"CYG PRECISION AUTOMATION TECH SUZHOU CO LTD";"CN223807813U";"2025-03-27";"G01B11/00";"";"2026-01-16";"2026-01-16";"098375130";
"56";"情報処理システム、情報処理方法、およびプログラム";"";"";"JP2026004996A";"2024-06-26";"G06Q50/06";"";"2026-01-15";"2026-01-15";"098411958";
"57";"情報処理システム、情報処理方法、およびプログラム";"";"";"JP2026004997A";"2024-06-26";"G06Q50/06";"";"2026-01-15";"2026-01-15";"098411980";
"58";"情報処理システム、情報処理方法、およびプログラム";"";"";"JP2026004998A";"2024-06-26";"G06Q50/06";"";"2026-01-15";"2026-01-15";"098411959";
"59";"情報処理システム、情報処理方法、およびプログラム";"";"";"JP2026004995A";"2024-06-26";"G06Q50/06";"";"2026-01-15";"2026-01-15";"098411971";
"60";"METHOD FOR PROVIDING INTEGRATED ACADEMIC ADMINISTRATION SERVICE BASE ON BIG DATA AND ARTIFICIAL INTELLIGENCE AND APPARATUS AND SYSTEM THEREFOR";"CHO SUNG MIN";"MP SOLUTIONS CO LTD [KR]";"KR102911174B1";"2024-09-24";"G06F16/951 
G06Q10/0631 
G06Q10/083 
G06Q30/0601 
G06Q50/00 
G06Q50/10 
G06Q50/20 
G06Q50/43 
G06Q50/50";"";"2026-01-14";"2026-01-14";"098519279";
"61";"Power distribution network reconstruction method and system considering energy-flexibility joint market";"GE SHAOYUN 
CAO BORAN 
LIU HONG 
LI JUNKAI";"UNIV TIANJIN";"CN121308065A";"2025-09-30";"G06N3/126 
G06Q30/0201 
G06Q50/06 
H02J3/008 
H02J3/32 
H02J3/466";"G06N3/126 (CN) 
G06Q30/0206 (CN) 
G06Q50/06 (CN) 
H02J3/008 (CN) 
H02J3/32 (CN) 
H02J3/466 (CN)";"2026-01-09";"2026-01-09";"098282367";
"62";"Transfer device for agricultural product wholesale";"CHEN ZISHUN";"XINZHENGCHENG TIANJIN SUPPLY CHAIN MAN CO LTD";"CN121268943A";"2025-11-26";"B62B3/00 
B62B3/02 
B62B5/00";"";"2026-01-06";"2026-01-06";"098230922";
"63";"Payment processing method and device, electronic equipment, computer readable storage medium and computer program product";"DENG JIE 
GUO YIXIN 
WEI DEZHI 
WANG ZHANG 
XIAO XIAOFENG";"TENCENT TECH SHENZHEN CO LTD";"CN121258493A";"2025-09-17";"G06Q20/06 
G06Q20/22 
G06Q20/38 
G06Q20/40";"";"2026-01-02";"2026-01-02";"098183490";
"64";"Green electricity retail transaction intelligent matching and performance system and method, medium and equipment";"WANG SHUJIN 
SUN YONGJUN 
WANG ZISHI 
WU DIANNING 
ZHENG SHUIBIN";"KUNMING ELECTRIC POWER TRANSACTION CENTER CO LTD";"CN121235301A";"2025-07-30";"G06Q10/0631 
G06Q30/0601 
G06Q50/06";"";"2025-12-30";"2025-12-30";"098150054";
"65";"Collaborative platform data fusion system and method for heterogeneous judicial data";"XU HONGJI 
QIAO YU 
GAO FEI 
ZHENG HAO 
LIU JU 
LI YUJUN 
YANG YANG 
DU ZHENGFENG";"UNIV SHANDONG";"CN121211328A";"2025-09-22";"G06F16/2453 
G06F16/248 
G06F16/29 
G06F18/213 
G06F18/25 
G06N3/044 
G06N3/045 
G06N3/0455 
G06N5/04";"";"2025-12-26";"2025-12-26";"098113619";
"66";"Agricultural product quality risk early warning system and method based on digital twinning";"SUN DIBING 
WANG YONG 
WU KANMING 
PAN HUANRONG 
LI JIE 
LU HANG";"ZHEJIANG QIUSHI ARTIFICIAL ENV CO LTD";"CN121212889A";"2025-09-20";"G06F18/2415 
G06Q10/0639 
G06Q50/02";"";"2025-12-26";"2025-12-26";"098120626";
"67";"Power transaction multi-source heterogeneous data quality dynamic evaluation and management system";"SHANG JINGNAN 
YAN ZHAO 
GUO PENGFEI 
LIU XU";"BEIJING SILIHE TECH CO LTD";"CN121212549A 
CN121212549B";"2025-09-24";"G06Q10/063 
G06Q10/0637 
G06Q30/06 
G06Q50/06";"Y04S10/50 (EP)";"2025-12-26 
2026-05-26";"2025-12-26";"098106049";
"68";"Commodity information processing method and electronic equipment";"XU YUYUN";"HANGZHOU ALIBABA OVERSEAS INTERNET IND CO LTD 
ALIBABA SINGAPORE HOLDING LTD";"CN121211058A";"2025-07-29";"G06F11/34 
G06F18/213 
G06F18/24 
G06F18/25 
G06F3/0482 
G06Q30/0601";"G06F11/3438 (CN) 
G06F18/213 (CN) 
G06F18/24 (CN) 
G06F18/25 (CN) 
G06F3/0482 (CN) 
G06Q30/0601 (CN) 
G06Q30/0623 (CN)";"2025-12-26";"2025-12-26";"098111147";
"69";"OUTGOING COMMUNICATION PLANNER UTILIZING MACHINE LEARNING";"XIA JING [US]";"FAIRE WHOLESALE INC [US]";"US2025390908A1";"2024-06-20";"G06Q30/0601 
H04L51/046";"G06Q30/02011 (EP) 
G06Q30/0242 (US) 
G06Q30/0244 (US) 
G06Q30/0254 (US) 
G06Q30/0255 (EP,US) 
G06Q30/0264 (EP,US) 
G06Q30/0272 (US) 
G06Q30/0601 (US)";"2025-12-25";"2025-12-25";"096698688";
"70";"Benefit distribution transaction method for introducing peer supervision in cloud environment";"CHENG YUDI 
SONG YANG 
LI PENGBO 
WANG XINGWEI 
LU HAO";"UNIV NORTHEASTERN";"CN121190087A";"2025-07-30";"G06Q30/0201 
G06Q30/0203 
G06Q30/0601";"";"2025-12-23";"2025-12-23";"098082500";
"71";"ELEKTRONİK TİCARET PERFORMANS OPTİMİZASYON YAZILIMI";"KAZİM GÖKALP ASLAN [TR]";"RED FINANSAL DANISMANLIK TEKNOLOJI YAZILIM PAZARLAMA ANONIM SIRKETI [TR]";"TR2025013994A2";"2025-09-26";"G06Q30/00 
G06Q30/02";"";"2025-12-22";"2025-12-22";"098260656";
"72";"Intelligent farmer market transaction management interaction method and system, electronic equipment and medium";"TANG GUOWEI 
CHEN HUABING 
CHEN JIAN'AN 
WANG PENG 
YE HAOBIN 
SUN GEPING 
SUN GELIANG";"FOSHAN NANHAI HUACHENG JUNDA AGRICULTURAL TECH CO LTD";"CN121169290A";"2025-08-20";"G06F3/0482 
G06F3/04842 
G06Q10/10 
G06Q20/34 
G06Q20/38 
G06Q20/40 
G06Q30/018 
G06Q30/0201 
G06Q40/04 
G06Q50/02";"";"2025-12-19";"2025-12-19";"098038924";
"73";"Method for automatically generating multi-organization account division path in B2B2C (Business to Business to Customer) platform";"LUO HUIZHU 
HUANG CHAOGUANG 
YU WEI 
CHI XIAOSHENG";"GUANGZHOU YIDEJIA NETWORK TECH CO LTD";"CN121169563A";"2025-09-12";"G06Q40/04";"";"2025-12-19";"2025-12-19";"098047866";
"74";"System and Method for Cross-Jurisdictional Mapping of Entity Compliance Classifications.";"TAYCO DOMINIC";"TAYCO DOMINIC THADDEUS [AU]";"AU2026201943A1";"2025-04-22";"H04L9/00 
G06Q20/06 
G06Q20/22 
G06Q20/38 
G06Q30/018 
G06Q50/18 
H04L9/32 
G06Q20/40";"G06Q20/065 (AU) 
G06Q20/0655 (AU) 
G06Q20/223 (AU) 
G06Q20/3821 (AU) 
G06Q20/3829 (AU) 
G06Q30/018 (AU) 
H04L9/3234 (AU) 
H04L9/50 (AU) 
G06Q20/40 (AU) 
G06Q2220/00 (AU) 
H04L2209/56 (AU)";"2026-04-02";"2025-12-18";"098099824";
"75";"Real-time gravity potential measurement method and device combining unmanned aerial vehicle and Beidou";"XU WEI 
JIA XUE 
SONG JIA 
WANG YANXIA 
WU HAO";"UNIV CHUZHOU";"CN121142662A";"2025-09-30";"G01S19/14 
G01S19/37 
G01S19/43 
G01V7/00 
G01V7/02 
G01V7/06 
G01V7/16";"";"2025-12-16";"2025-12-16";"098003289";
"76";"Salt spray corrosion resistance detection device for navigation positioning terminal and positioning terminal";"WANG ZHILIANG 
ZHANG YAN 
QIN MENGLI 
JIANG LIN 
YU GANG 
QIAN LIBING 
XU XIAOXIAO 
YU JINGHUA 
LEE JUNG-WON 
ZHANG YONGCONG 
ZHANG BANGJI";"GUANGZHOU SANHAI OCEAN ENG SURVEY AND DESIGN CO LTD 
SOUTH CHINA SEA SURVEY CENTER MINI OF NATURAL RESOURCES";"CN121115075A";"2025-09-04";"G01N17/00 
G01S19/37 
G01S19/44";"Y02D30/70 (EP)";"2025-12-12";"2025-12-12";"097957297";
"77";"Beidou router mobile operation positioning control method and device based on satellite-based enhancement";"YANG JINGBO 
CHEN YIHAN 
HUANG MIN 
NI TIAN 
GUO YANNA 
LE TIANDA 
XU XIAOFENG 
MEI QIN 
LIU XINGYE 
BAI CHENYANG";"STATE GRID JIANGSU ELECTRIC POWER CO LTD WUXI POWER SUPPLY CO 
STATE GRID JIANGSU ELECTRIC POWER CO LTD 
STATE GRID JIANGSU ELECTRIC POWER CO LTD SHUANGCHUANG CENTER";"CN121091337A";"2025-09-24";"G01S19/41 
G01S19/43 
G01S19/45";"Y02D30/70 (EP)";"2025-12-09";"2025-12-09";"097889764";
"78";"API Tour service system based on interactive API linking technology and price multiplexing between global accommodations and platforms";"SEOK YOUNG KYU";"ALLMYTOUR [KR]";"KR102947611B1 
KR20250172108A";"2024-05-31";"G06Q10/02 
G06Q20/14 
G06Q30/0207 
G06Q30/0283 
G06Q50/14";"G06Q10/02 (KR) 
G06Q20/14 (KR) 
G06Q30/0207 (KR) 
G06Q30/0283 (KR) 
G06Q50/14 (KR)";"2025-12-09 
2026-04-02";"2025-12-09";"098052570";
"79";"Material sampling detection method for B-end e-commerce platform and related device";"XU FANGPING 
ZHANG TAO";"STATE GRID E COMMERCE TECH CO LTD";"CN121073506A";"2025-09-08";"G06Q30/018 
G06Q30/0601";"";"2025-12-05";"2025-12-05";"097852727";
"80";"Intelligent quotation system and method supporting multi-input fusion and customizable output structure";"AMBERG SHUQIN";"AMBERG SHUQIN";"CN121073582A";"2025-07-03";"G06F16/3332 
G06F16/334 
G06F16/35 
G06F18/25 
G06F40/166 
G06F40/30 
G06N3/042 
G06N3/045 
G06N3/0455 
G06N3/0464 
G06Q30/0201 
G06Q30/0601";"";"2025-12-05";"2025-12-05";"097853652";
"81";"Intelligent processing system for chemical and plastic B2B platform inquiry based on user behavior analysis";"XU JIANGUO 
KE TINGWEN";"SHANGHAI DATABANK DATA TECH CO LTD";"CN121052565A";"2025-08-18";"G06F18/213 
G06F18/22 
G06F18/241 
G06F18/25 
G06N3/045 
G06N3/08 
G06N5/022 
G06Q10/0631 
G06Q30/015 
G06Q30/0601";"Y02P90/30 (EP)";"2025-12-02";"2025-12-02";"097804578";
"82";"Geological disaster monitoring method based on Beidou multi-source fusion";"TANG JUN 
WANG SHENG 
TENG HANYANG 
DING MINGFEI";"UNIV KUNMING SCIENCE & TECHNOLOGY";"CN121053775A";"2025-08-27";"G01S13/86 
G01S13/88 
G01S19/14 
G01S19/37 
G06F18/25 
G06N3/042 
G06N3/0464 
G06N3/098 
G08B21/10 
G08B31/00";"";"2025-12-02";"2025-12-02";"097800993";
"83";"B2B food material purchasing recommendation method and system based on dynamic relation graph";"FENG HUI 
DU TIANHAO 
WANG JIAHAO 
CAI YAN 
QU CHUNLI 
SHI MINGJING";"HANGZHOU QIAOGE NETWORK TECH CO LTD";"CN121032614A 
CN121032614B";"2025-10-29";"G06F16/901 
G06F16/9535 
G06F16/9537 
G06N3/0442 
G06N3/092 
G06Q30/0601";"G06F16/9024 (CN) 
G06F16/9535 (CN) 
G06F16/9537 (CN) 
G06N3/0442 (CN) 
G06N3/092 (CN) 
G06Q30/0631 (CN)";"2025-11-28 
2026-02-24";"2025-11-28";"097778268";
"84";"Consumable management optimization method and system";"ZHU LI";"CHANGZHOU WUJIN TRADITIONAL CHINESE MEDICINE HOSPITAL";"CN121032399A";"2025-08-13";"G06Q10/0631 
G06Q10/0875";"G06Q10/06313 (CN) 
G06Q10/0875 (CN)";"2025-11-28";"2025-11-28";"097773760";
"85";"One-Click Integrated Shopping Platforms and Sales Methods";"CHO HUN HYANG [KR]";"KOOKMINSOLUTION CO LTD [KR]";"KR102892306B1";"2025-02-19";"G06Q30/0242 
G06Q30/0283 
G06Q30/0601";"";"2025-11-27";"2025-11-27";"097876075";
"86";"Production type transaction platform system based on Internet and transaction method thereof";"ZHU SHAOPING 
ZHANG ZIMAN";"BEIJING GUANGSHEN CULTURE TECH CO LTD";"CN120996803A";"2025-08-11";"G06Q20/38 
G06Q20/40 
G06Q40/04";"G06Q20/382 (CN) 
G06Q20/401 (CN) 
G06Q40/04 (CN)";"2025-11-21";"2025-11-21";"097694380";
"87";"METHODS AND APPARATUS TO FACILITATE CONSUMER ACTIONS USING QUICK RESPONSE (QR) CODES";"JUSTIS PATRICK A [US] 
LIN PAUL PAO-YEN [US]";"RETURNED COM INC [US]";"US2025356366A1";"2024-05-16";"G06Q20/38 
G06Q30/016";"G06Q20/385 (US) 
G06Q30/012 (EP) 
G06Q30/016 (EP,US)";"2025-11-20";"2025-11-20";"097678987";
"88";"Remanufacturing transaction platform input mode selection method based on block chain technology";"LIU BOHAI 
JIN XIAOBING 
LIU XIAN 
ZHOU TAO 
ZHOU ANQI 
WEI CONGHUI 
LI KAI";"UNIV HEFEI TECHNOLOGY";"CN120931391A";"2025-07-24";"G06F18/10 
G06F18/213 
G06F18/25 
G06F21/62 
G06N3/098 
G06Q30/0201 
G06Q40/04 
H04L67/104";"G06F18/10 (CN) 
G06F18/213 (CN) 
G06F18/25 (CN) 
G06F21/6245 (CN) 
G06N3/098 (CN) 
G06Q30/0201 (CN) 
G06Q40/04 (CN) 
H04L67/104 (CN)";"2025-11-11";"2025-11-11";"097581243";
"89";"Decision-making method, device and equipment based on wholesale and retail linkage of electricity seller";"WU XIWEN 
LI HONGFEI 
WU JIN 
LIU HAOYUAN";"GANGHUA SHUZHI ENERGY TECH SHENZHEN CO LTD";"CN120912000A";"2025-07-28";"G06F17/11 
G06N5/04 
G06Q10/0637 
G06Q30/0283 
G06Q30/08 
G06Q50/06";"G06F17/11 (CN) 
G06N5/042 (CN) 
G06Q10/0637 (CN) 
G06Q30/0283 (CN) 
G06Q30/08 (CN) 
G06Q50/06 (CN)";"2025-11-07";"2025-11-07";"097540443";
"90";"System for intelligently generating poem video";"WANG XUAN 
QIN YANA 
LI CIKUI 
LIU YANNING 
WANG SHUAIYING 
MEI JUNYAN 
LI GEDAN";"UNIV CHANGSHA";"CN120916030A";"2025-08-25";"G06F40/30 
G10L15/01 
G10L15/26 
G10L25/63 
H04N21/854";"G06F40/30 (CN) 
G10L15/01 (CN) 
G10L15/26 (CN) 
G10L25/63 (CN) 
H04N21/854 (CN)";"2025-11-07";"2025-11-07";"097542342";
"91";"Intelligent allocation method for combined settlement funds";"JIN LIXIN 
ZHENG RENSHAN 
LIU SHANGUO 
LIU HUI 
YIN ZHIGANG 
LU SHUQI 
HE WEI";"HEBEI TONGFU SHARING TECH CO LTD";"CN120876123A";"2025-02-28";"G06Q10/087 
G06Q10/10 
G06Q20/40 
G06Q40/12";"G06Q10/087 (CN) 
G06Q10/103 (CN) 
G06Q20/407 (CN) 
G06Q40/125 (CN)";"2025-10-31";"2025-10-31";"097465825";
"92";"B2B Apparatus for Providing a B2B Used Medical Equipment Trading and Social Networking Platform";"CHOI WON SEOK [KR]";"BMS INTERACTION CO LTD [KR]";"KR102877263B1";"2025-02-26";"G06Q30/018 
G06Q30/02 
G06Q30/0601 
G06Q50/00 
G06Q50/10";"";"2025-10-28";"2025-10-28";"097559192";
"93";"Kiosk's handicapped accessible touch panel module";"CHOI JAE SEOB [KR] 
PARK MAAN OE [KR]";"IMU INC [KR]";"KR102876669B1";"2024-09-13";"G06F3/041 
G06F3/04817 
G06F3/0482 
G06F3/04845 
G06F3/0488";"";"2025-10-28";"2025-10-28";"097559231";
"94";"AVUKAT –#& VATANDAŞ İLETİŞİMİ İÇİN TEKNİK ALTYAPI SAĞLAYAN DİJİTAL HUKUK PLATFORMU";"SEDA TAPU KAYAHAN [TR]";"KAYAHAN SEDA TAPU [TR]";"TR2025010796A2";"2025-08-03";"G06Q10/00 
G06Q10/10 
G06Q50/18";"";"2025-10-21";"2025-10-21";"098011825";
"95";"SYSTEM FOR INDIVIDUAL TAKE-HOME SALES USING BULK-PURCHASE VIRTUAL STOCK";"KOKO MASAHIRO";"KOKO MASAHIRO";"JP2025161793A";"2024-04-11";"G06Q30/06";"G06Q30/06 (EP) 
G06Q30/0601 (EP)";"2025-10-24";"2025-10-16";"097350182";
"96";"CRYPTOGRAPHIC ENFORCEMENT OF JURISDICTION, PURPOSE, AND CONSENT IN DEVICE, TELECOM, AND NETWORK SYSTEMS";"DAS SANGAM [IN]";"DAS SANGAM [IN]";"WO2025215626A2 
WO2025215626A3";"2025-08-04";"G06F21/62 
G06Q20/00 
H04L9/00";"H04L9/0891 (EP) 
H04L9/0894 (EP) 
H04L9/3247 (EP) 
H04L9/3297 (EP) 
H04L2209/56 (EP) 
H04L2209/805 (EP) 
H04L2209/84 (EP)";"2025-10-16 
2026-01-22";"2025-10-16";"097350590";
"97";"Beidou geological disaster displacement and image video monitoring fusion method and system based on high-reliability communication link";"FAN LINGMENG 
LI YANFEI 
ZHANG BIN 
YANG ZEMING 
ZHANG FUCHUN 
ZHONG HUAZAN";"CHINA SOUTHERN POWER GRID CO";"CN120783469A 
CN120783469B";"2025-07-23";"G06N3/042 
G08B21/10 
H04B7/185";"G06N3/042 (CN) 
G08B21/10 (CN) 
H04B7/18504 (CN)";"2025-10-14 
2026-02-06";"2025-10-14";"097289033";
"98";"Cooperative management system and method based on cross-border transaction";"WANG XIANMEI";"YIWU NANBOWAN SUPPLY CHAIN MAN CO LTD";"CN120765202A";"2025-07-25";"G06Q10/0831 
G06Q10/087 
G06Q10/0875 
G06Q10/10";"G06Q10/0831 (CN) 
G06Q10/087 (CN) 
G06Q10/0875 (CN) 
G06Q10/103 (CN)";"2025-10-10";"2025-10-10";"097246626";
"99";"COMPLIANCE FIREWALL FOR INLINE VALIDATION OF TOKENS IN COMMUNICATION, STORAGE, AND FINANCIAL TRANSACTIONS";"DAS SANGAM [IN]";"DAS SANGAM [IN]";"WO2025210623A2 
WO2025210623A3";"2025-08-29";"H04L9/32 
H04L9/40 
H04W12/02";"G06Q20/3825 (EP) 
G06Q20/3827 (EP) 
G06Q20/401 (EP) 
H04L63/0227 (EP) 
H04L63/0245 (EP) 
H04L63/0807 (EP) 
H04L9/3234 (EP) 
H04L9/3247 (EP) 
H04L9/50 (EP)";"2025-10-09 
2026-04-30";"2025-10-09";"097268239";
"100";"METHOD AND SYSTEM FOR SOCIAL CONTESTS";"LAMBERT BYRON [US]";"LAMBERT BYRON [US]";"US2025316144A1";"2022-07-15";"G06Q50/00 
G07F17/32";"A63F13/46 (EP) 
A63F13/65 (EP) 
A63F13/795 (EP) 
A63F13/92 (EP) 
G06Q10/40 (EP,US) 
G06Q50/34 (EP) 
G07F17/323 (EP,US) 
G07F17/3276 (EP,US) 
G07F17/3288 (EP,US) 
G06Q2220/00 (EP) 
G07F17/3237 (EP,US)";"2025-10-09";"2025-10-09";"097232666";
"101";"Risk control method and system for identifying greening risk of transformed financial service";"LI YONGJUN 
GENG XIUMING 
YU JIUHONG 
LI FAN 
TIAN SI";"NINGBO UNIV OF FINANCE & ECONOMICS";"CN120725682A";"2025-07-01";"G06N5/022 
G06Q20/40 
G06Q40/04";"G06N5/022 (CN) 
G06Q20/4014 (CN) 
G06Q20/4016 (CN) 
G06Q40/04 (CN)";"2025-09-30";"2025-09-30";"097154426";
"102";"Block chain-based commodity wholesale traceability tracking method";"QIAO LIANG 
WU WEI";"GUANGZHOU YOUYU TECH CO LTD";"CN120689065A";"2025-06-11";"G06F21/60 
G06F21/64 
G06K17/00 
G06Q10/083 
G06Q10/0833 
G06Q10/087 
G06Q30/018 
G06Q30/0601";"G06F21/602 (CN) 
G06F21/64 (CN) 
G06K17/0022 (CN) 
G06Q10/083 (CN) 
G06Q10/0833 (CN) 
G06Q10/087 (CN) 
G06Q30/0185 (CN) 
G06Q30/0601 (CN) 
G06Q30/0609 (CN) 
Y02P90/30 (EP)";"2025-09-23";"2025-09-23";"097084158";
"103";"Agricultural product traceability system and method based on Internet of Things";"HU LIANQIN 
SHAN HUIYUN 
LIANG MINYI 
ZHANG LIXING";"HAINAN SHENZHOU YUNKE HOUSEKEEPER SERVICE CO LTD";"CN120689064A";"2025-06-04";"G06F16/29 
G06Q10/04 
G06Q10/0635 
G06Q30/018 
G06Q50/02 
G16Y10/05 
G16Y40/20";"G06F16/29 (CN) 
G06Q10/04 (CN) 
G06Q10/0635 (CN) 
G06Q30/0185 (CN) 
G06Q50/02 (CN) 
G16Y10/05 (CN) 
G16Y40/20 (CN) 
Y02P90/30 (EP)";"2025-09-23";"2025-09-23";"097074617";
"104";"Sweetpotato plant named ‘NCORNSP-033SCMP’";"YENCHO GEORGE CRAIG [US] 
PECOTA KENNETH VINCENT [US] 
HEIM CHRISTOPHER [US]";"UNIV NORTH CAROLINA STATE [US]";"USPP36978P2";"2025-03-28";"A01H5/12 
A01H6/00";"";"2025-09-23";"2025-09-23";"097107430";
"105";"AI AI-based customized food supply chain optimization system";"PARK JUNG EU [KR] 
KIM KYOUNG HO [KR] 
SO DONG WON [KR]";"THE GOOD FOOD [KR]";"KR102861446B1";"2025-01-20";"G06F21/31 
G06Q10/087 
G06Q20/12 
G06Q30/0202 
G06Q30/0214 
G06Q30/0226 
G06Q30/0601";"";"2025-09-22";"2025-09-22";"097198673";
"106";"BUSINESS TO BUSINESS CREDIT FACILITY PROVISIONING AND PROCESSING SYSTEM AND METHOD WITH AUTOMATIC LIGHTWEIGHT MODULE AS A PAYMENT OPTION AT CHECKOUT";"TOMICH JOHN [US]";"TOMICH JOHN [US]";"US2025292322A1";"2019-09-20";"G06Q20/38 
G06Q40/03";"G06Q20/24 (EP) 
G06Q20/382 (US) 
G06Q40/03 (EP,US)";"2025-09-18";"2025-09-18";"097029157";
"107";"B2B shopping mall supplier price intelligent adjustment method and system";"SU HANG 
SU ANQI 
LI CONG 
ZHOU DONGYUE 
ZHAO JUNJIE";"YIYUNYING SHANDONG NETWORK TECH CO LTD";"CN120655336A";"2025-07-22";"G06Q30/0201 
G06Q30/0203";"G06Q30/0203 (CN) 
G06Q30/0206 (CN)";"2025-09-16";"2025-09-16";"097008321";
"108";"Packaging device for clothing wholesale";"WANG YUEJIN";"SHAOXING MISIDIKE FASHION CO LTD";"CN223327930U";"2024-10-18";"B65B25/20 
B65B51/00 
B65B59/00 
B65B63/04";"";"2025-09-12";"2025-09-12";"096985328";
"109";"Agricultural product sales system, method and equipment based on element universe, medium and product";"YUAN YI 
WANG NAN 
WANG FEI 
CHEN HONGBIN 
SUN HUA";"CHINA MOBILE FINANCE TECH CO LTD 
CHINA MOBILE COMMUNICATIONS GROUP CO LTD";"CN120612108A";"2024-03-07";"G06Q30/0201 
G06Q30/0203 
G06Q50/02";"G06Q30/0201 (CN) 
G06Q30/0203 (CN) 
G06Q50/02 (CN) 
Y02P90/30 (EP)";"2025-09-09";"2025-09-09";"096931327";
"110";"Water conservancy gate dam holographic monitoring system based on Beidou multi-source perception";"LIN JIANHONG 
SHEN SHAOYANG 
YU QICHENG 
YAN JIANLAI 
HUANG QINTAN 
ZENG XINGRONG";"FUJIAN JIULONG RIVER BASIN CENTER 
FUJIAN FUDA BEIDOU COMMUNICATION TECH CO LTD";"CN120614578A";"2025-06-12";"G01D21/02 
G01S19/07 
G01S19/14 
G01S19/33 
G01S19/37 
H04L9/00 
H04L9/08 
H04L9/32 
H04L9/40 
H04W12/03 
H04W12/0431 
H04W4/14 
H04W4/38";"G01D21/02 (CN) 
G01S19/071 (CN) 
G01S19/14 (CN) 
G01S19/33 (CN) 
G01S19/37 (CN) 
H04L9/0852 (CN) 
H04L9/3255 (CN) 
H04L9/40 (CN) 
H04L9/50 (CN) 
H04W12/03 (CN) 
H04W12/0431 (CN) 
H04W4/14 (CN) 
H04W4/38 (CN)";"2025-09-09";"2025-09-09";"096930710";
"111";"Intelligent agricultural batch market goods transaction equipment and use method thereof";"SHIN MYEONG-YEOL";"SHENZHEN SHIANHUI INFORMATION TECH CO LTD";"CN120580685A";"2025-05-30";"B65G35/00 
B65G43/08 
G01G21/00 
G01G21/22 
G01G23/00 
G06V10/764 
G06V20/68";"B65G35/00 (CN) 
B65G43/08 (CN) 
G01G21/00 (CN) 
G01G21/22 (CN) 
G01G23/00 (CN) 
G06V10/764 (CN) 
G06V20/68 (CN)";"2025-09-02";"2025-09-02";"096857435";
"112";"Medical consumable management system and method";"TAN YANFEN 
ZENG ZHENGANG 
ZHAO YUHAN 
WANG ZHAOCHEN 
LIU HAI 
WANG NANXI";"PEKING UNIV FIRST HOSPITAL PEKING UNIV FIRST CLINICAL MEDICAL COLLEGE 
BEIJING XINYUAN SHENGYUE SOFTWARE TECH DEVELOPMENT CO LTD";"CN120581160A";"2025-05-26";"G06K7/14 
G06Q10/0875 
G06Q20/32 
G16H40/20";"G06K7/1413 (CN) 
G06K7/1417 (CN) 
G06Q10/0875 (CN) 
G06Q20/3276 (CN) 
G16H40/20 (CN)";"2025-09-02";"2025-09-02";"096851414";
"113";"Intelligent aquatic product grading and packaging production line and control method thereof";"MIAO YUTAO 
XUE YUNING 
PAN JUNDONG 
CHEN XINGNING 
LAI RUIRONG 
MO YAOBIN 
ZENG LIHUA 
FENG JUAN";"UNIV SOUTH CHINA NORMAL 
ZHAOQING LONGQIAN AGRICULTURAL TECH DEVELOPMENT CO LTD";"CN120571782A 
CN120571782B";"2025-08-04";"B07C5/02 
B07C5/28 
B07C5/34 
B07C5/36 
B65B57/00 
B65B65/00 
G01N21/17 
G01N21/27 
G01N27/27 
G01N33/18 
G05B19/05 
G06F18/23213 
G06N5/02 
G06V10/82 
G06V20/68";"B07C5/02 (CN) 
B07C5/28 (CN) 
B07C5/34 (CN) 
B07C5/361 (CN) 
B07C5/362 (CN) 
B65B57/00 (CN) 
B65B65/003 (CN) 
G01N21/17 (CN) 
G01N21/27 (CN) 
G01N27/27 (CN) 
G01N33/18 (CN) 
G05B19/054 (CN) 
G06F18/23213 (CN) 
G06N5/02 (CN) 
G06V10/82 (CN) 
G06V20/68 (CN)";"2025-09-02 
2025-09-26";"2025-09-02";"096860478";
"114";"Internet-based medicine wholesale and retail comprehensive service method and system";"CAO GUOQIANG";"HUNAN LONGFA PHARMACEUTICAL TECH CO LTD";"CN120525162A 
CN120525162B";"2025-07-25";"G06F16/23 
G06F16/25 
G06N3/0442 
G06N5/01 
G06Q10/047 
G06Q10/083 
G06Q10/0875 
G06Q30/018";"G06F16/2379 (CN) 
G06F16/252 (CN) 
G06N3/0442 (CN) 
G06N5/01 (CN) 
G06Q10/047 (CN) 
G06Q10/083 (CN) 
G06Q10/0875 (CN) 
G06Q30/018 (CN)";"2025-08-22 
2025-10-17";"2025-08-22";"096751707";
"115";"How to provide an online platform that supports wholesale and retail services";"LEE SEUONG MIN [KR]";"LEE SEUONG MIN [KR]";"KR20250125685A";"2024-02-15";"G06Q30/06";"G06Q30/0613 (KR) 
G06Q30/0641 (KR)";"2025-08-22";"2025-08-22";"096918869";
"116";"EZLOTTO Transparent Digital Raffle System Based on Fixed-Value Ticket Aggregation";"ALSALIH ALTAHENI AMMAR [DE]";"ALSALIH ALTAHENI AMMAR [DE]";"US2025262522A1";"2025-04-23";"A63F3/08 
G06Q30/0201 
G07C15/00";"A63F3/081 (EP,US) 
G06Q30/0206 (EP,US) 
G06Q50/34 (EP) 
G07C15/006 (EP,US) 
A63F2003/082 (EP,US)";"2025-08-21";"2025-08-21";"096740142";
"117";"Transfer device for wholesale of edible agricultural products";"ZHAO XIAOXIA";"ZHAO XIAOXIA";"CN120503857A";"2025-07-07";"B60B33/00 
B60B33/02 
B62B3/04 
B62B5/00";"B60B33/00 (CN) 
B60B33/02 (CN) 
B62B3/04 (CN) 
B62B5/00 (CN)";"2025-08-19";"2025-08-19";"096704743";
"118";"B2B system intelligent customer service management and control method and system based on natural language processing";"XIE JIANSONG 
YUE ZHENGHUI 
WEN HAITAO 
YAN ZHAOYONG";"GUANGZHOU SHUSHANGYUN NETWORK TECH CO LTD";"CN120494833A 
CN120494833B";"2025-03-28";"G06F16/3331 
G06F40/30 
G06Q30/01";"";"2025-08-15 
2026-04-10";"2025-08-15";"096669575";
"119";"Electricity-gas integrated energy system planning method based on cooperative game";"SHEN XINWEI 
XUAN'AO";"TSINGHUA SHENZHEN INT GRADUATE SCHOOL";"CN120471405A 
CN120471405B";"2025-07-14";"G06F30/23 
G06F30/27 
G06N5/04 
G06Q10/04 
G06Q10/0631 
G06Q10/0637 
G06Q50/06 
G06F111/04";"";"2025-08-12 
2025-11-28";"2025-08-12";"096630907";
"120";"Emergency material reserve distribution method under centralized purchase and storage medium";"LI SHUANGLIN 
DU ZIYAN 
QIN JIN";"UNIV CENTRAL SOUTH";"CN120471371A";"2025-04-30";"G06Q10/04 
G06Q10/0631 
G06Q10/087 
G06Q50/26";"";"2025-08-12";"2025-08-12";"096631269";
"121";"Manufacturing method of committed up-to-standard certificate of edible agricultural products";"ZHENG YONG";"SHENYANG WANGMA ANTI COUNTERFEITING TECH CO LTD";"CN120450729A";"2025-05-21";"G06Q30/018";"";"2025-08-08";"2025-08-08";"096612381";
"122";"Method and system for measuring gross profit based on dynamic network";"YUAN JIE";"SHANGHAI YINGTA TECH CO LTD";"CN120450747A";"2025-04-28";"G06Q30/0201 
G06Q30/0601";"";"2025-08-08";"2025-08-08";"096623089";
"123";"A system that supports a drug trading platform based on individual return points";"KA JIN UNG [KR] 
WON SI HOO [KR]";"LOOK INSIGHT CO LTD [KR]";"KR20250118744A";"2024-01-30";"G06Q10/0837 
G06Q10/0875 
G06Q30/0207 
G06Q30/0601";"G06Q10/0837 (KR) 
G06Q10/0875 (KR) 
G06Q30/0207 (KR) 
G06Q30/0613 (KR)";"2025-08-06";"2025-08-06";"096734631";
"124";"B2B system inventory dynamic allocation method and system based on multi-modal demand prediction";"XIE JIANSONG 
YUE ZHENGHUI 
WEN HAITAO 
YAN ZHAOYONG";"GUANGZHOU SHUSHANGYUN NETWORK TECH CO LTD";"CN120430719A";"2025-03-19";"G06Q10/087";"";"2025-08-05";"2025-08-05";"096561940";
"125";"Electronic component wholesale platform based on multi-channel data synchronous optimization";"TIAN LI";"SHENZHEN XINCHAO ZHUOYUE TECH CO LTD";"CN120410299A";"2025-04-10";"G06Q10/0639 
G06Q10/087 
G06Q50/04";"G06Q10/06395 (CN) 
G06Q10/087 (CN) 
G06Q50/04 (CN)";"2025-08-01";"2025-08-01";"096512914";
"126";"Medical data processing method, device and equipment";"QIU ZHONGXUN 
ZHANG XIANZENG";"BEIJING XINGHAN BONA MEDICAL TECH CO LTD";"CN120338874A 
CN120338874B";"2025-04-08";"G06Q10/087 
G06Q30/0203 
G16H50/50 
G16H50/70";"G06Q10/087 (CN) 
G06Q30/0203 (CN) 
G16H50/50 (CN) 
G16H50/70 (CN)";"2025-07-18 
2025-09-16";"2025-07-18";"096357244";
"127";"Miniature connector alignment module";"WU JUN 
BAO WEI 
YAN WENNIAN 
DANG BENEDICT";"CYG PRECISION AUTOMATION TECH SUZHOU CO LTD";"CN223124382U";"2024-09-27";"H01R43/26";"";"2025-07-18";"2025-07-18";"096376178";
"128";"ELECTRICITY TRADING SUPPORT DEVICE, ELECTRICITY TRADING SUPPORT SYSTEM, ELECTRICITY TRADING SUPPORT METHOD, AND PROGRAM";"MIZUSHIRO YU";"MITSUBISHI ELECTRIC CORP";"JP2025103176A";"2023-12-27";"G06Q50/06";"";"2025-07-09";"2025-07-09";"096305935";
"129";"Point-to-point energy transaction method and system based on virtual community and distributed power generation";"HUANG LIUQIANG 
QIN LIJUAN 
LI SHIMIN 
WAN YIFEI 
DU XIAO";"GUANGXI POWER GRID CO LTD";"CN120278814A";"2024-12-13";"G06Q40/04 
G06Q50/06 
H02J3/00 
H02J3/24";"G06Q40/04 (CN) 
G06Q50/06 (CN) 
H02J3/00 (CN) 
H02J3/0014 (CN) 
H02J2103/30 (CN) 
H02J2103/35 (CN)";"2025-07-08";"2025-07-08";"096233803";
"130";"Intelligent elevator maintenance system";"HUANG LANG 
GAO JING";"WANYU ELEVATOR CHONGQING CO LTD";"CN120270876A";"2025-05-26";"B66B5/00";"B66B5/0006 (CN) 
B66B5/0012 (CN) 
B66B5/0031 (CN) 
B66B5/005 (CN)";"2025-07-08";"2025-07-08";"096238697";
"131";"System and method for providing metashoes platform services utilizing metaverse space";"CHOI JOO HWAN 
LEE HYEMI 
YOON YOUNG HOON";"KOREA DYEING & FINISHING TECH INSTITUTE [KR]";"KR20250103205A";"2023-12-28";"G06Q10/08 
G06Q30/02 
G06Q30/06 
G06Q50/04 
G06Q50/10";"G06Q10/083 (KR) 
G06Q30/0282 (KR) 
G06Q30/0613 (KR) 
G06Q30/0621 (KR) 
G06Q30/0631 (KR) 
G06Q30/0643 (KR) 
G06Q50/04 (KR) 
G06Q50/10 (KR)";"2025-07-07";"2025-07-07";"096394702";
"132";"Transaction data processing method of local electricity market and related device";"CHENG KUN 
LIU WENTAO 
HUANG MEI 
CHEN MIN 
ZHANG YAO 
LAN XINJUN 
LUO HONGSHAN 
WEI HUAJIE 
HUANG LONGMAO 
SUN MENGLONG 
LIANG HONGHAO 
LI YANG";"SHENZHEN POWER SUPPLY BUREAU";"CN120258443A";"2025-03-28";"G06N3/006 
G06Q10/0631 
G06Q30/0201 
G06Q50/06";"G06N3/006 (CN) 
G06Q10/06313 (CN) 
G06Q10/06315 (CN) 
G06Q30/0206 (CN) 
G06Q50/06 (CN)";"2025-07-04";"2025-07-04";"096182741";
"133";"Method for inhibiting germination of stachys sieboldii tubers and prolonging shelf life of stachys sieboldii tubers";"DUAN YONGBO 
ZHOU FANGYUAN 
LI YIJIE 
ZHAO FENGLAN 
XUE TAO 
XUE JIANPING";"UNIV HUAIBEI NORMAL";"CN120240518A";"2025-02-18";"A23B7/157";"A23B7/157 (CN) 
A23V2002/00 (CN) 
A23V2002/00, A23V2250/152, ADD (CN)      ";"2025-07-04";"2025-07-04";"096188131";
"134";"Air conditioning service trailer";"JOYCE BRAD 
JOYCE MARTIN";"HIGHGATE IND WHOLESALE PTY LTD [AU]";"AU2024219923A1";"2023-12-13";"B60P3/14 
B62D63/06";"B60P3/14 (AU) 
B62D63/06 (AU)";"2025-07-03";"2025-07-03";"096176280";
"135";"Method and device for measuring and calculating reasonable capacity of tobacco market based on multi-objective optimization";"WANG LIYA 
ZHOU FENG 
LIN YUAN 
ZHANG SHIFEN";"YUNNAN COMPANY CHINA TOBACCO CORP";"CN120218992A";"2025-04-09";"G06N5/01 
G06Q30/0202 
G06Q30/0204";"G06N5/01 (CN) 
G06Q30/0202 (CN) 
G06Q30/0205 (CN)";"2025-06-27";"2025-06-27";"096102337";
"136";"METHOD AND SYSTEM FOR MANAGING A FLEET OF WATERCRAFT";"BREITBARTH THOMAS [CH] 
PAMIES SIMON MARCEL [CH] 
WIETHOFF KLAUS-RÜDIGER [CH] 
VIDÁK MIKLÓS PÉTER [CH]";"WAAS AG [CH]";"WO2025132925A1";"2023-12-22";"G06Q30/0645 
G06Q50/43";"G06Q30/0645 (EP) 
G06Q50/43 (EP) 
G07B15/02 (EP)";"2025-06-26";"2025-06-26";"094210347";
"137";"Verfahren und System zur Verwaltung einer Wasserfahrzeugflotte";"BREITBARTH THOMAS [CH] 
PAMIES SIMON MARCEL [CH] 
WIETHOFF KLAUS-RÜDIGER [CH] 
VIDÁK MIKLÓS PÉTER [CH]";"WAAS AG [CH]";"DE102023136642A1";"2023-12-22";"G06Q10/08 
G06Q50/40";"G06Q10/063 (EP) 
G06Q10/20 (EP) 
G06Q30/0645 (EP) 
G06Q50/40 (EP)";"2025-06-26";"2025-06-26";"095938392";
"138";"FOOD MATERIALS AUTOMATIC ORDERING SYSTEM BASED ON ARTIFICIAL INTELLIGENCE";"LEEJUNHYUN 
KIMTAEIK";"LOCUS KOREA [KR]";"KR20250090423A";"2023-12-12";"G06F16/27 
G06F16/901 
G06F16/906 
G06N20/00 
G06Q10/06 
G06Q10/08 
G06Q10/10";"G06F16/27 (KR) 
G06F16/901 (KR) 
G06F16/90335 (KR) 
G06F16/906 (KR) 
G06N20/00 (KR) 
G06Q10/06315 (KR) 
G06Q10/06375 (KR) 
G06Q10/0639 (KR) 
G06Q10/087 (KR) 
G06Q10/10 (KR)";"2025-06-20";"2025-06-20";"096222602";
"139";"SYSTEMS AND METHODS FOR USING MACHINE LEARNING TO ADJUST CREDIT LIMITS PROVIDED TO RETAILERS UTILIZING A BUSINESS-TO-BUSINESS MARKETPLACE PLATFORM";"LIU DONGPENG [US]";"FAIRE WHOLESALE INC [US]";"US2025200652A1";"2023-12-19";"G06Q40/03";"G06Q40/03 (EP,US)";"2025-06-19";"2025-06-19";"096022695";
"140";"ONLINE INTEGRATED PLATFORM FOR SALE OF AGRICULTURAL GOODS, BASED ON BLOCKCHAIN ​​TECHNOLOGY";"TANEV ROBART IVANOV [BG]";"KLIYN KOD FEKTORI EOOD [BG]";"BG5072U1";"2024-08-26";"G06Q10/08 
G06Q20/00 
G06Q30/00 
G06Q40/08";"G06Q10/08 (BG) 
G06Q20/00 (BG) 
G06Q30/00 (BG) 
G06Q40/08 (BG)";"2025-06-16";"2025-06-16";"096300828";
"141";"VR Systems and methods for implementing a platform that mediates product transactions between companies using VR";"KWAK SEOL KYUNG [KR] 
SHIN JOONG CHEOL [KR]";"GLOBIONE CO LTD [KR]";"KR20250084421A";"2023-12-04";"G06Q30/06 
G06T13/20 
G06T19/00 
G06T19/20";"G06Q30/0613 (KR) 
G06Q30/0643 (KR) 
G06T13/20 (KR) 
G06T19/003 (KR) 
G06T19/20 (KR)";"2025-06-11";"2025-06-11";"096018275";
"142";"Agricultural product distribution and diet informatization management system";"KANG NING 
LI FENGLAN 
LUO YONGCHI 
PENG HUIPING 
ZHANG JUN";"SHENZHEN JIUZHOU FENGHE FOOD CO LTD";"CN120106329A";"2025-02-19";"G06N5/01 
G06Q10/047 
G06Q10/083 
G16H20/60";"G06N5/01 (CN) 
G06Q10/047 (CN) 
G06Q10/083 (CN) 
G16H20/60 (CN)";"2025-06-06";"2025-06-06";"095880230";
"143";"PLATFORM THAT AUTOMATICALLY SELECTS AND TRANSPORTS MARINE PRODUCTS";"JO JONG BEOM [KR] 
KIM DAE KI [KR]";"JO JONG BEOM [KR] 
KIM DAE KI [KR]";"KR20250078113A";"2023-11-24";"B07C5/04 
B07C5/16 
B07C5/36 
B07C5/38 
G05D1/00";"B07C5/04 (KR) 
B07C5/16 (KR) 
B07C5/362 (KR) 
B07C5/38 (KR)";"2025-06-02";"2025-06-02";"096017763";
"144";"Agricultural product wholesale market transaction management system and method";"LI WEI 
FU WEI";"GUANGZHOU QIDUN TECH CO LTD";"CN120069993A";"2025-01-21";"G06F21/60 
G06F21/62 
G06N20/00 
G06Q10/0833 
G06Q10/087 
G06Q20/10 
G06Q20/12 
G06Q30/015 
G06Q30/0202 
G06Q30/0601";"G06F21/602 (CN) 
G06F21/6218 (CN) 
G06N20/00 (CN) 
G06Q10/0833 (CN) 
G06Q10/087 (CN) 
G06Q20/102 (CN) 
G06Q20/12 (CN) 
G06Q30/015 (CN) 
G06Q30/0202 (CN) 
G06Q30/0609 (CN) 
G06Q30/0635 (CN)";"2025-05-30";"2025-05-30";"095807093";
"145";"Method and system for measuring sea surface height of deep and far sea based on Beidou PPP-B2b";"WANG JIN 
CHANG XIAOHANG 
TU RUI 
ZHANG PENGFEI 
LI RUOYI 
YANG GUANGYAO 
HONG JU 
LI FANGXIN";"UNIV SHANDONG SCIENCE & TECH";"CN120065276A 
CN120065276B";"2025-04-23";"G01C13/00 
G01C5/06 
G01F23/14 
G01S19/03 
G01S19/40 
G01S19/45 
G01S19/46 
H04B7/185 
H04W4/14";"G01C13/008 (CN) 
G01C5/06 (CN) 
G01F23/14 (CN) 
G01S19/03 (CN) 
G01S19/40 (CN) 
G01S19/45 (CN) 
G01S19/46 (CN) 
H04B7/1851 (CN) 
H04W4/14 (CN)";"2025-05-30 
2025-07-01";"2025-05-30";"095798315";
"146";"AI WHOLESALE AND RETAIL INTEGRATED MANAGEMENT PLATFORM AND STRATEGIC PRODUCT SOURCING SYSTEM WITH GENERATIVE AI BASED PRODUCT IMAGE CREATION FUNCTION";"KIM MIN JOON";"FASHION ON CO LTD [KR]";"KR102814832B1";"2024-10-04";"G06N3/0475 
G06Q10/087 
G06Q10/10 
G06Q30/0201 
G06Q30/0601 
G06T11/60";"";"2025-05-29";"2025-05-29";"095930458";
"147";"B2B Server and method for simultaneously providing seller mode and buyer mode to corporate clients on a B2B platform";"HONG LA JOUNG [KR]";"TROLLY HOLDINGS LTD [KR]";"KR20250075517A";"2023-11-21";"G06Q30/015 
G06Q30/02 
G06Q30/04 
G06Q30/0601 
G06Q50/50 
H04L51/02";"G06F16/951 (KR) 
G06F40/279 (KR) 
G06Q10/10 (KR) 
G06Q30/015 (KR) 
G06Q30/0206 (KR) 
G06Q30/0281 (KR) 
G06Q30/04 (KR) 
G06Q30/0613 (KR) 
G06Q30/0633 (KR) 
G06Q30/0635 (KR) 
G06Q30/0641 (KR) 
G06Q50/50 (KR) 
H04L51/02 (KR) 
Y02P90/30 (EP)";"2025-05-28";"2025-05-28";"095932468";
"148";"Prohibited word auditing system based on B2B platform";"SHI NAN 
WANG XIANG 
LI LULU 
ZHANG YANGHUA 
GUO LIXIA";"HENAN SONGWANG INFORMATION TECH CO LTD";"CN120046609A";"2024-12-28";"G06F40/284 
G06F9/54";"G06F40/284 (CN) 
G06F9/546 (CN) 
G06F2209/548 (CN)";"2025-05-27";"2025-05-27";"095760623";
"149";"METHOD APPARATUS AND SYSTEM FOR FOOD MATERIALS AND GROCERIES";"BAE HYO HAN";"MERRYMEAL CO LTD [KR]";"KR20250070730A";"2023-11-14";"G06Q10/06 
G06Q10/08 
G06Q30/02 
G06Q30/06 
G06Q50/12";"G06Q10/06315 (KR) 
G06Q10/087 (KR) 
G06Q30/0241 (KR) 
G06Q30/0619 (KR) 
G06Q30/0633 (KR) 
G06Q50/12 (KR) 
Y02P90/30 (EP)";"2025-05-21";"2025-05-21";"095931545";
"150";"컴퓨터 자동 실행 프로그램과 6G기술을 연동한 프로그램 전자동 시스템,서버 및 방법";"JIN YINJI [CN]";"JIN YINJI [CN]";"KR20250070514A";"2023-11-13";"G06F3/04817 
G06F3/16 
G06F9/44 
G06N3/0895 
G06N3/09 
G06T19/00 
G10L15/06 
G10L15/10 
G10L15/183 
G10L15/22 
G10L15/26";"G06F3/04817 (EP,KR) 
G06F3/16 (EP) 
G06F3/167 (KR) 
G06F9/44 (EP,KR) 
G06N3/0895 (EP,KR) 
G06N3/09 (EP,KR) 
G06T19/00 (EP,KR) 
G10L15/06 (EP) 
G10L15/063 (KR) 
G10L15/10 (KR) 
G10L15/183 (EP,KR) 
G10L15/22 (EP,KR) 
G10L15/26 (EP,KR)";"2025-05-20";"2025-05-20";"095742203";
"151";"INFORMATION PROCESSING DEVICE";"TAYAMA TETSUO";"NTT DOCOMO INC";"JP2025076097A";"2023-11-01";"G06Q50/06";"";"2025-05-15";"2025-05-15";"095698186";
"152";"Industrial digital router integrated with AI digital ecology";"YAO ZHIYING 
YAO JIANDONG 
YAO ZHIXUN";"SHANGHAI SIBAIXIU INFORMATION TECH CO LTD";"CN119996281A";"2025-01-27";"H04L45/00 
H04L45/60";"Y02P90/30 (EP)";"2025-05-13";"2025-05-13";"095639248";
"153";"Power transaction settlement practical system of provincial power transaction center";"EOM EUI-HYUN 
XIE HENG 
CHEN HUAJUN 
HE YIBO 
LI CHI";"HUBEI CENTRAL CHINA TECH DEVELOPMENT OF ELECTRIC POWER CO LTD";"CN119991042A";"2025-02-14";"G06Q10/0631 
G06Q10/10 
G06Q40/04 
G06Q50/06";"";"2025-05-13";"2025-05-13";"095644116";
"154";"Beidou PPP-RTK train full-scene positioning method, system and terminal";"ZHANG DU 
ZHANG BAOCHENG 
PAN PEIFEN";"INNOVATION ACADEMY FOR PRECISION MEASUREMENT SCIENCE AND TECH CAS 
CHINA STATE RAILWAY GROUP CO LTD";"CN119986744A 
CN119986744B";"2025-01-07";"G01C21/16 
G01S19/37 
G01S19/44 
G01S19/46 
G01S19/47";"";"2025-05-13 
2026-05-01";"2025-05-13";"095648111";
"155";"Food price early warning method and device and storage medium";"LI WENJIE 
XUE BING 
XU HONGWEI 
KUNIYASU";"INSPUR DROSO BIG DATA IND DEVELOPMENT CO LTD";"CN119991189A";"2025-01-15";"G06Q30/0202";"";"2025-05-13";"2025-05-13";"095630809";
"156";"Demand response type ordering and emission reduction strategy planning method in green supply chain";"QIAO AO 
ZENG SIYU 
ZHOU XIA 
XIE GUANGMING 
WANG JIANING 
LI SHENGDONG 
YE XINLAN";"UNIV CHENGDU INFORMATION TECHNOLOGY";"CN119963286A 
CN119963286B";"2025-01-09";"G06Q10/0631 
G06Q30/018 
G06Q30/0601";"";"2025-05-09 
2025-10-17";"2025-05-09";"095596297";
"157";"Supply chain financial decision-making method and system based on logistics distribution service";"YANG FENG 
LI ZONGBING 
LIU JIE 
JIAO CHUANYA 
ZHENG RUI 
XU QIANRUI 
XU MEI";"UNIV SCIENCE & TECHNOLOGY CHINA";"CN119963078A";"2025-01-06";"G06Q10/0631 
G06Q10/0637 
G06Q10/083 
G06Q40/03";"";"2025-05-09";"2025-05-09";"095593674";
"158";"Unbalanced fund allocation and return calculation method and system based on contract market and spot market coupling settlement";"LIU TING 
ZHANG JING 
JING HUA 
ZHAO YIFAN 
NING BO 
ZHANG YUNFENG 
TIAN HONGJIE 
ZHANG CHAO 
MA LINGYU 
LI QIANG 
LIU YUHANG 
CHEN YAN 
LI SHENGTAO 
ZHANG JISHENG";"STATE GRID NINGXIA ELECTRIC POWER CO";"CN119963229A";"2025-01-13";"G06Q30/0201 
G06Q50/06";"";"2025-05-09";"2025-05-09";"095594003";
"159";"B2B Trading System Of Private B2B Seafarers' Goods";"KIM CHANG KWAN";"S U G CO LTD [KR] 
NEOSHIPS CO LTD [KR]";"KR20250062932A";"2023-10-31";"G06F21/33 
G06Q30/06 
H04L9/00 
H04L9/08 
H04L9/32";"G06F21/33 (KR) 
G06Q30/0609 (KR) 
G06Q30/0613 (KR) 
G06Q30/0635 (KR) 
H04L9/0825 (KR) 
H04L9/088 (KR) 
H04L9/3236 (KR) 
H04L9/50 (KR)";"2025-05-08";"2025-05-08";"095712800";
"160";"B2B Trading System Of Private B2B Seafarers' Goods With Trading Recommendation Function";"KIM CHANG KWAN";"S U G CO LTD [KR] 
NEOSHIPS CO LTD [KR]";"KR20250062951A";"2023-10-31";"G06F21/33 
G06Q30/06 
H04L9/00 
H04L9/08 
H04L9/32";"G06F21/33 (KR) 
G06Q30/0609 (KR) 
G06Q30/0613 (KR) 
G06Q30/0631 (KR) 
G06Q30/0635 (KR) 
H04L9/0825 (KR) 
H04L9/088 (KR) 
H04L9/3236 (KR) 
H04L9/50 (KR)";"2025-05-08";"2025-05-08";"095712224";
"161";"B2C B2B B2C AND B2B BASED COMPREHENSIVE FOOD LOGISTICS DISTRIBUTION AND SALES E-COMMERCE PLATFORM";"PARK HYUN JU";"SEOLIM CO LTD [KR]";"KR20250062164A";"2023-10-30";"G06Q10/08 
G06Q30/06";"G06Q10/083 (KR) 
G06Q30/0613 (KR) 
G06Q30/0635 (KR)";"2025-05-08";"2025-05-08";"095713164";
"162";"Method and system for managing quasi-drug inventory for pharmacies by predicting sales volume by season";"KIM YU SIN [KR]";"KIM YU SIN [KR]";"KR102801696B1";"2024-02-23";"G06N20/00 
G06N3/08 
G06Q10/06 
G06Q10/08 
G16H40/20";"";"2025-05-07";"2025-05-07";"095709975";
"163";"MODULAR APPARATUS FOR CREATING RESILIENT SMART-CONTRACTS";"SILVER SEPP [EE]";"SILVER SEPP [EE]";"EP4550714A1";"2023-11-02";"H04L9/00 
H04L9/32 
H04L9/40";"H04L9/3239 (EP) 
H04L9/50 (EP) 
H04L63/0428 (EP) 
H04L63/12 (EP)";"2025-05-07";"2025-05-07";"088690257";
"164";"Online e-commerce system for wholesale and retail sales of medical supplies";"CHEON ALEX";"CAREMILLE INC [KR]";"KR20250058248A";"2023-10-23";"G06Q10/08 
G06Q30/02 
G06Q30/06";"G06Q10/087 (KR) 
G06Q30/0202 (KR) 
G06Q30/0206 (KR) 
G06Q30/0613 (KR)";"2025-04-30";"2025-04-30";"095579545";
"165";"GNSS (Global Navigation Satellite System)-based offshore troposphere atmospheric parameter profile inversion method";"HU TONG 
LI CHUNXIAN 
QI KE 
WANG BO 
QIU ZHIJIN 
ZOU JING 
LI ZHIQIAN 
YAN XUDONG 
LI YANCHUAN 
LI WENQING";"QILU UNIV OF TECHNOLOGY SHANDONG ACADEMY OF SCIENCES";"CN119902306A 
CN119902306B";"2025-03-31";"G01S19/37 
G01W1/02 
G01W1/08 
G06F18/15 
G06F18/23 
G06N3/126";"G01S19/37 (CN) 
G01W1/02 (CN) 
G01W1/08 (CN) 
G06F18/15 (CN) 
G06F18/23 (CN) 
G06N3/126 (CN) 
Y02A90/10 (EP)";"2025-04-29 
2025-07-11";"2025-04-29";"095470399";
"166";"Business system digital file encryption verification management system";"ZHANG YANSHENG 
SUN YUNJUN 
CHANG KAI 
XIE WANQIANG 
WEI ZEKAI";"LUZHEN CULTURE MEDIA DEV CO LTD";"CN119808120A";"2024-12-18";"G06F21/60 
G06F21/62 
G06K19/06";"";"2025-04-11";"2025-04-11";"095259273";
"167";"B2B-based fastener integrated digital transaction platform and method";"HUANG CHANGBO 
LIU YANMIN 
HU YUAN 
CHEN MINGCHENG 
FANG NENGWEI 
ZHAO FENG 
SUN QUAN 
SEIETSU";"BEIJING CASIC DATA CO LTD";"CN119784496A";"2024-12-10";"G06F18/24 
G06Q20/40 
G06Q30/0601 
G06Q40/04";"Y02P90/30 (EP)";"2025-04-08";"2025-04-08";"095232764";
"168";"SYSTEM";"ONO HIRONARI";"SOFTBANK GROUP CORP";"JP2025055726A";"2023-09-27";"G06Q30/0203";"";"2025-04-08";"2025-04-08";"095285128";
"169";"SYSTEM";"KAI YASUTAKA";"SOFTBANK GROUP CORP";"JP2025055928A";"2023-09-27";"G06Q10/00 
G06Q30/00";"";"2025-04-08";"2025-04-08";"095284777";
"170";"Urban center commercial network evaluation and optimization method based on mapping knowledge domain";"SHI BEIXIANG 
MA WEI 
ZHANG BIAO 
ZHENG YI 
YANG JUNYAN 
SHAO DIAN 
WANG QINGYING";"UNIV SOUTHEAST";"CN119784226A 
CN119784226B";"2024-12-13";"G06F16/29 
G06F16/9537 
G06F18/243 
G06F18/27 
G06N3/126 
G06N5/01 
G06N5/022 
G06Q10/0631 
G06Q10/0639 
G06Q30/0202";"";"2025-04-08 
2025-10-31";"2025-04-08";"095229423";
"171";"SYSTEM FOR PROVIDING FOOD STORAGE SHELF LIFE MANAGEMENT SERVICE";"SUNG WON BAE 
KWON YOUNG JUN";"KEYNLABS CO LTD [KR]";"KR102790275B1";"2024-06-03";"G06K19/06 
G06Q10/0631 
G06Q10/08 
G06Q30/0251 
G06V30/40";"";"2025-04-04";"2025-04-04";"095481953";
"172";"Virtual power plant intervention main-distribution two-level market distributed coordination optimization method based on reputation management and control mechanism";"XU YING 
CAI QINQIN 
YI ZHONGKAI 
TU ZHENGHONG 
ZHOU ZHAOZHENG 
HAN LIU 
LIU WENXUAN";"HARBIN INST TECHNOLOGY 
ECONOMIC RES INST STATE GRID FUJIAN ELECTRIC POWER CO LTD 
STATE GRID ECONOMIC AND TECH RESEARCH INSTITUTE CO LTD";"CN119762147A 
CN119762147B";"2024-12-11";"G06Q30/0204 
G06Q50/06";"";"2025-04-04 
2025-07-11";"2025-04-04";"095177827";
"173";"Secure communication platform capable of dynamically managing IP";"WANG YIJIA 
FU LIYU 
LIU LANG 
LIU HAOYANG 
ZHANG JUAN 
YANG HUI 
BAO LI";"CASCO SIGNAL CHENGDU CO LTD";"CN119766633A";"2024-11-27";"H04L41/0663";"";"2025-04-04";"2025-04-04";"095191383";
"174";"SYSTEM";"MOROBOSHI YUKI";"SOFTBANK GROUP CORP";"JP2025051278A";"2023-09-25";"G06Q10/063 
G06Q10/0637 
G06Q10/10";"";"2025-04-04";"2025-04-04";"095213270";
"175";"Positioning method based on cloud interaction enhancement, storage medium and program product";"XU JIANGTAO 
ZHAO QING 
JIANG CHENGLING 
PAN SHUGUO 
GUO YAJUAN 
GAO WANG 
GU ZHIMIN 
HUANG ZHECHEN";"STATE GRID JIANGSU ELECTRIC POWER CO RES INST 
UNIV SOUTHEAST 
STATE GRID JIANGSU ELECTRIC POWER CO LTD";"CN119758401A";"2024-12-26";"G01S19/07 
G01S19/37 
G01S19/40";"Y02A90/10 (EP)";"2025-04-04";"2025-04-04";"095178426";
"176";"CONSTRUCTION SAFETY WORKER MANAGEMENT SYSTEM SERVER AND OPERATION METHOD THEREOF";"LEE YOUNG KYU [KR]";"LEE YOUNG KYU [KR]";"KR102790104B1";"2024-04-09";"G06Q10/0639 
G06Q10/1053 
G06Q10/1057 
G06Q40/02 
G06Q40/03 
G16H10/60 
G16H20/00";"";"2025-04-01";"2025-04-01";"095479505";
"177";"SYSTEM FOR COMPUTERIZING TRANSACTIONS IN THE PUBLIC WHOLESALE MARKET";"KONG GYUNG YUL 
SHIN SANG OH";"FOODPANG CO LTD [KR]";"KR102900587B1 
KR20250043628A";"2023-09-21";"G06Q10/08 
G06Q30/02 
G06Q30/06 
G06Q30/08";"G06Q10/087 (KR) 
G06Q30/0206 (KR) 
G06Q30/0613 (KR) 
G06Q30/08 (KR)";"2025-03-31 
2025-12-19";"2025-03-31";"095197490";
"178";"Online agricultural product supply chain financial service system based on block chain";"JIAN JIE 
WEI DONGPING 
ZHANG YIRAN";"UNIV CHONGQING POSTS & TELECOM";"CN119722323A";"2024-06-19";"G06Q10/10 
G06Q20/06 
G06Q20/38 
G06Q20/40 
G06Q30/0601 
G06Q40/03 
G06Q40/04 
G06Q40/06 
G06Q50/02 
H04L67/12 
H04L9/00";"";"2025-03-28";"2025-03-28";"095077603";
"179";"Logistics scheduling management system and method based on artificial intelligence";"TAN KAIDA 
WANG QIAN 
YANG ZHUANG 
YANG WEIPING";"SHENZHEN GANEN NETWORK TECH CO LTD";"CN119721660A 
CN119721660B";"2025-02-28";"G06F18/23 
G06Q10/0631 
G06Q10/083 
G06Q30/0601";"";"2025-03-28 
2025-07-22";"2025-03-28";"095104813";
"180";"Retail wholesale channel supervision system based on cloud platform";"YU PENG 
CHEN JINTANG";"YOUYOU GUANGZHOU TECH CO LTD";"CN119688202A 
CN119688202B";"2025-02-10";"G01M3/32 
G01M3/36 
G01N15/08";"";"2025-03-25 
2025-08-15";"2025-03-25";"095037508";
"181";"Method and system for screening ToB commercial advertisement audiences based on FACEBOOK social media platform";"WU WEITAO 
LI MIAOYU 
WANG SHAOQUAN 
GAO ZIKANG";"FOSHAN DAOGU NETWORK TECH CO LTD";"CN119693064A";"2024-12-17";"G06Q30/0201 
G06Q30/0251";"";"2025-03-25";"2025-03-25";"095027160";
"182";"Electrolytic aluminum enterprise power purchase strategy optimization method and device based on intelligent contract, medium and equipment";"YANG JIAQUAN 
HE XUEHAO 
ZHAI SHAOLEI 
HU FAPING 
DAI KAI 
ZHU GUANGWEN 
LIANG JUNYU 
YUAN XINGYU";"YUNNAN POWER GRID CO LTD ELECTRIC POWER RES INST";"CN119692690A";"2024-12-03";"G06Q10/0631 
G06Q30/0202 
G06Q50/06";"";"2025-03-25";"2025-03-25";"095034332";
"183";"Agricultural and sideline product wholesale transaction method and transaction platform";"XIAO HAN 
XUE ZIQIANG 
ZHENG XIN 
XU XIN";"YANGZHOU ZHIZHI INFORMATION TECH CO LTD";"CN119671169A";"2024-12-02";"G06Q10/0631 
G06Q10/087 
G06Q30/0601 
G06Q50/02";"";"2025-03-21";"2025-03-21";"094998025";
"184";"SYSTEM FOR PROVIDING BUSINESS TO BUSINESS BASED SALES PLATFORM SERVICE";"PARK DAE KEUN";"EASYSALES CO LTD [KR]";"KR102783229B1";"2024-06-03";"G06F16/901 
G06F16/904 
G06Q10/0631 
G06Q10/0639 
G06Q10/105 
G06Q50/20";"";"2025-03-17";"2025-03-17";"095199467";
"185";"Wholesale market integrated logistics platform";"HUANG FANG";"ZHANGJIAGANG ANLAI CONSTRUCTION CO LTD";"CN222612033U";"2024-05-16";"B65G15/20 
B65G47/74";"";"2025-03-14";"2025-03-14";"094916816";
"186";"Crop spectrum and photosynthesis monitoring device";"ZHANG JIRONG 
CHEN XIAOLONG 
XU SHENGHUI 
CHEN LI 
JIANG HONGJUN";"WUXI ZHONGKE PHOTONICS CO LTD";"CN119619024A";"2024-12-17";"G01N21/01 
G01N21/25";"G01N21/01 (CN) 
G01N21/25 (CN)";"2025-03-14";"2025-03-14";"094888146";
"187";"Automobile aftermarket full-link intelligent replenishment method and system and medium";"SHUI LULU 
ZHAO JINRONG 
LI QI 
HU YANG 
CHEN RANRAN 
XU QING";"JIANGSU KANGZHONG AUTO PARTS CO LTD";"CN119599308A";"2024-10-21";"G06Q10/0631 
G06Q10/0875 
G06Q30/016";"G06Q10/06315 (CN) 
G06Q10/0875 (CN) 
G06Q30/016 (CN)";"2025-03-11";"2025-03-11";"094834833";
"188";"ELECTRONIC DEVICE PROVIDING WEB-BASED METAVERSE PLATFORM FOR SMALL BUSINESS";"SON DAE SOON 
CHOI KYOUNG HO";"UNIV HALLYM IACF [KR]";"KR102894996B1 
KR20250033834A";"2023-09-01";"G06F16/958 
G06F3/01 
G06F3/16 
G06Q30/06 
G06Q50/00 
G06Q50/10 
G06T19/00";"G06F16/958 (KR) 
G06F3/011 (KR) 
G06F3/16 (KR) 
G06Q10/40 (KR) 
G06Q30/0613 (KR) 
G06Q30/0643 (KR) 
G06Q50/10 (KR) 
G06T19/003 (KR)";"2025-03-10 
2025-12-02";"2025-03-10";"095020457";
"189";"Enterprise-to-public payment anti-duplication method, device and equipment, storage medium and computer program product";"WANG WEI 
YANG SHENGTAO";"CHINA MERCHANTS BANK CO LTD";"CN119579176A";"2024-10-21";"G06Q20/38 
G06Q20/40 
G06Q20/42 
G06Q40/04";"G06Q20/389 (CN) 
G06Q20/4016 (CN) 
G06Q20/42 (CN) 
G06Q40/04 (CN)";"2025-03-07";"2025-03-07";"094797020";
"190";"3D 3D responsive application and web development system";"YUN YOUNG SE [KR]";"YUN YOUNG SE [KR]";"KR20250032031A";"2023-08-30";"G06F16/958 
G06Q30/06 
G06T19/00";"G06F16/958 (KR) 
G06Q30/0613 (KR) 
G06Q30/0643 (KR) 
G06T19/003 (KR)";"2025-03-07";"2025-03-07";"094972812";
"191";"SYSTEMS AND METHODS FOR END USER VIEW B2B/B2C MODE";"SAHOO SANJIB [US]";"INGRAM MICRO INC [US]";"US12639745B2 
US2025078145A1";"2023-06-26";"G06Q30/0601";"G06Q10/06 (EP) 
G06Q10/08 (EP) 
G06Q10/10 (EP) 
G06Q30/01 (EP) 
G06Q30/018 (EP) 
G06Q30/0201 (EP) 
G06Q30/06 (EP) 
G06Q30/0641 (US) 
G06Q2220/00 (EP)";"2025-03-06 
2026-05-26";"2025-03-06";"094773007";
"192";"SYSTEM FOR MONITORING AND FACILITATING MATTRESS CARE";"LUSTBADER MARK [US] 
GELLEY STEVE [US] 
SLOAN TIM [US] 
MURPHY JAMES [US] 
EDWARDS CHRIS [US] 
TSAI YIH-SHYANG [US]";"LUSTBADER MARK [US] 
GELLEY STEVE [US] 
SLOAN TIM [US] 
MURPHY JAMES [US] 
EDWARDS CHRIS [US] 
TSAI YIH SHYANG [US]";"US2025078039A1";"2023-08-30";"G06Q10/20";"G06Q10/20 (EP,US)";"2025-03-06";"2025-03-06";"094772960";
"193";"Server operating a platform for wholesale and retail businesses and its operating method";"KIM CHAN O [KR]";"AB PARTNERS CO LTD [KR]";"KR102912187B1 
KR20250031163A";"2025-02-17";"G06F17/18 
G06Q30/0601";"G06F17/18 (KR) 
G06Q30/0613 (KR) 
G06Q30/0631 (KR)";"2025-03-06 
2026-01-14";"2025-03-06";"094977565";
"194";"B2B ordering and supply chain collaborative operation platform in medical instrument industry";"";"ZHEJIANG KERUI SOFTWARE CO LTD";"CN119560116A";"2024-12-12";"G06Q10/0833 
G06Q10/087 
G16H40/20";"G06Q10/0833 (CN) 
G06Q10/087 (CN) 
G16H40/20 (CN)";"2025-03-04";"2025-03-04";"094740113";
"195";"Data resource management system and method based on artificial intelligence";"MA KAI 
XU HUI 
WANG HEQI";"SHENZHEN UNICAIR COMMUNICATION TECH CO LTD";"CN119539218A";"2025-01-23";"G06F16/951 
G06F18/214 
G06N3/0442 
G06N3/045 
G06N3/084 
G06N3/0985 
G06Q10/04 
G06Q30/0202 
G06Q50/02 
G16Y10/05 
G16Y20/10 
G16Y40/10 
G16Y40/20 
H04L67/12 
G06F123/02";"G06F16/951 (CN) 
G06F18/2148 (CN) 
G06N3/0442 (CN) 
G06N3/045 (CN) 
G06N3/084 (CN) 
G06N3/0985 (CN) 
G06Q10/04 (CN) 
G06Q30/0202 (CN) 
G06Q50/02 (CN) 
G16Y10/05 (CN) 
G16Y20/10 (CN) 
G16Y40/10 (CN) 
G16Y40/20 (CN) 
H04L67/12 (CN) 
G06F2123/02 (CN)";"2025-02-28";"2025-02-28";"094711482";
"196";"Monitoring type Beidou short message receiving and transmitting antenna";"ZHANG KE 
HUANG XINMING 
BU HONGLONG 
LI JINGYUAN 
ZHONG SHUIBIN 
CHEN LEI 
LIU ZENGJUN 
LI PENGPENG 
LI XIAOXIA";"NAT UNIV DEFENSE TECHNOLOGY PLA";"CN119544047A 
CN119544047B";"2025-01-17";"H01Q1/02 
H01Q1/12 
H01Q21/24 
H01Q5/28 
H01Q9/04 
H04B7/06 
H04B7/08 
H04B7/185";"H01Q1/02 (CN) 
H01Q1/12 (CN) 
H01Q21/24 (CN) 
H01Q5/28 (CN) 
H01Q9/0428 (CN) 
H01Q9/045 (CN) 
H04B7/0617 (CN) 
H04B7/086 (CN) 
H04B7/18517 (CN) 
Y02D30/70 (EP)";"2025-02-28 
2025-05-06";"2025-02-28";"094708783";
"197";"Strategy optimization method and system considering platform overflow effect";"ZHAO NENGGUI 
BING GUILI";"UNIV HEFEI TECHNOLOGY";"CN119477593A";"2024-10-31";"G06Q10/063 
G06Q30/0201 
G06Q30/0207 
G06Q40/06 
G06Q50/04";"G06Q10/063 (CN) 
G06Q30/0201 (CN) 
G06Q30/0206 (CN) 
G06Q30/0207 (CN) 
G06Q40/06 (CN) 
G06Q50/04 (CN)";"2025-02-18";"2025-02-18";"094570691";
"198";"PRODUCT SEARCH METHOD AND ELECTRONIC DEVICE";"JIANG JIANMING [CN] 
ZHANG GUANNAN [CN] 
CHENG YAPING [CN]";"HANGZHOU ALIBABA INT INTERNET INDUSTRY CO LTD [CN]";"US20260065343A1";"2024-09-04";"G06Q30/0601";"G06F16/2428 (CN) 
G06F16/2453 (CN) 
G06F16/9535 (EP,CN) 
G06F16/9536 (CN) 
G06F16/9538 (CN) 
G06N20/00 (EP) 
G06Q30/0621 (CN) 
G06Q30/0627 (EP,US) 
G06Q30/0641 (US) 
G06N3/0475 (EP)";"2026-03-05";"2025-02-14";"094526054";
"199";"Intelligent display system and method based on cloud platform";"YANG CHONGLYU";"HANGZHOU ZHENDAN TECH CO LTD";"CN119444368A 
CN119444368B";"2025-01-08";"G06Q30/0601";"G06Q30/0643 (CN)";"2025-02-14 
2025-05-16";"2025-02-14";"094525643";
"200";"Method and system for quickly supporting business collection, storage medium and program product";"GONG JIANPING 
ZHANG QINGHUA";"SHANGHAI SHENXUE SUPPLY CHAIN MAN CO LTD";"CN119444199A";"2024-10-14";"G06Q20/08 
G06Q20/10 
G06Q20/28 
G06Q20/32 
G06Q20/40";"G06Q20/0855 (CN) 
G06Q20/102 (CN) 
G06Q20/28 (CN) 
G06Q20/3276 (CN) 
G06Q20/401 (CN)";"2025-02-14";"2025-02-14";"094528000";
"201";"AI PHARMACEUTICAL WHOLESALE SYSTEM BASED ON AI ALGORITHM";"CHOI GYEONG ROK";"MIRPHARM [KR]";"KR102767196B1";"2024-08-14";"G06Q10/087 
G06Q30/0601 
G16H20/10 
G16H40/20";"";"2025-02-13";"2025-02-13";"094629507";
"202";"3D Local food selling system for urban-rural exchange by using chatting service and a 3D speaking character in metaverse space";"KANG SOON HWA";"UNIV WOOSUK [KR]";"KR102905444B1 
KR20250018265A";"2023-07-27";"G06F16/955 
G06Q30/02 
G06Q30/06 
G06Q50/02 
G06Q50/10 
G06Q50/14 
G06Q50/50 
G06T13/40 
G06T19/00 
G06T19/20 
G10L13/08";"G06F16/955 (KR) 
G06F21/31 (KR) 
G06Q10/1053 (KR) 
G06Q30/01 (KR) 
G06Q30/0281 (KR) 
G06Q30/0613 (KR) 
G06Q30/0643 (KR) 
G06Q50/02 (KR) 
G06Q50/10 (KR) 
G06Q50/14 (KR) 
G06Q50/50 (KR) 
G06T13/40 (KR) 
G06T15/00 (KR) 
G06T19/003 (KR) 
G06T19/20 (KR) 
G10L13/08 (KR)";"2025-02-05 
2025-12-29";"2025-02-05";"094604202";
"203";"A system for recommending products for sale to resellers using artificial intelligence";"SEO SEOK HYEON [KR]";"SEO SEOK HYEON [KR]";"KR20250013253A";"2023-07-18";"G06F16/951 
G06F40/279 
G06N3/0442 
G06N3/096 
G06Q30/0202 
G06Q30/0282 
G06Q30/0601";"G06F16/951 (KR) 
G06N3/0442 (KR) 
G06N3/09 (KR) 
G06Q30/0202 (KR) 
G06Q30/0282 (KR) 
G06Q30/0613 (KR) 
G06Q30/0631 (KR)";"2025-01-31";"2025-01-31";"094385708";
"204";"A SYSTEM FOR PROVIDING A NETWORKING PLATFORM FOR USER INTERACTION AND A METHOD THEREOF";"TIWARI KSHITIJ PRASAD [IN] 
KRISHNAMOORTHY ALAMELU [IN]";"TIWARI KSHITIJ PRASAD [IN] 
KRISHNAMOORTHY ALAMELU [IN]";"WO2025022220A1";"2023-07-22";"G06F16/2457 
G06F16/9535 
G06Q10/0631 
G06Q10/0637 
G06Q10/101 
G06Q30/0251";"G06F16/2457 (EP) 
G06F16/9535 (EP) 
G06Q10/101 (EP) 
G06Q10/42 (EP) 
G06Q30/0201 (EP) 
G06Q30/0251 (EP) 
G06Q30/0269 (EP)";"2025-01-30";"2025-01-30";"094374190";
"205";"SYSTEM AND METHOD FOR GENERATING PERSONALIZED USER FEED";"TIWARI KSHITIJ PRASAD [IN] 
KRISHNAMOORTHY ALAMELU [IN]";"TIWARI KSHITIJ PRASAD [IN] 
KRISHNAMOORTHY ALAMELU [IN]";"WO2025022221A1";"2023-07-22";"G06F16/9535 
G06F40/279 
G06F40/30 
G06Q30/0251";"G06F16/9535 (EP) 
G06F40/279 (EP) 
G06F40/30 (EP) 
G06N20/00 (EP) 
G06Q10/42 (EP) 
G06Q10/44 (EP) 
G06Q30/0201 (EP) 
G06Q30/0203 (EP) 
G06Q30/0251 (EP) 
G06Q30/0258 (EP) 
G06Q30/0269 (EP)";"2025-01-30";"2025-01-30";"094374105";
"206";"B2B REACTION YTPE PLATFORM FOR PROVIDING B2B CUSTOMIZED CONTENTS MARKETING";"HONG MIN KI";"KAKEYCOM CO LTD [KR]";"KR20250009156A";"2023-07-10";"G06Q10/06 
G06Q30/02";"G06Q10/063112 (KR) 
G06Q30/0201 (KR) 
G06Q30/0242 (KR)";"2025-01-17";"2025-01-17";"094385478";
"207";"SYSTEM AND METHOD FOR NETWORK ENTITY RANKINGS AND EXCHANGES";"HECHT ALAN W [US] 
JIRON JULIO [US] 
MIRANDA DARIUS A [US] 
MONTENEGRO DENNIS E [US] 
NGUYEN TRACI H [US] 
SUEN DARRELL LEE [US]";"WELLS FARGO BANK NA [US]";"US2025022019A1";"2023-07-12";"G06Q20/08 
G06Q30/0282";"G06Q10/48 (EP) 
G06Q20/085 (US) 
G06Q30/0282 (EP,US) 
G06Q30/018 (EP)";"2025-01-16";"2025-01-16";"094211369";
"208";"Competitive brand merchant innovative product pricing method and device under platform information enabling";"ZHAO JU 
GAN YULING 
WU YUJUN 
PAN AOHUI";"UNIV HEFEI TECHNOLOGY";"CN119313380A";"2024-10-18";"G06Q30/0201 
G06Q30/0283";"G06Q30/0201 (CN) 
G06Q30/0206 (CN) 
G06Q30/0283 (CN)";"2025-01-14";"2025-01-14";"094186788";
"209";"Electric Car Line Supporting Equipment";"YANG DEOK GYEONG 
PARK YONG JUN";"WOOIL ENG CO LTD [KR]";"KR102749949B1";"2024-04-17";"B60M1/16 
B60M1/20 
F16K15/18 
H02B13/055 
H02B13/065";"";"2025-01-09";"2025-01-09";"094237540";
"210";"Supply chain service platform system";"YE LINSEN 
GONG DIAN 
YE WEIJUN 
CHEN ZHEXUAN 
CHEN YAN";"SHANGHAI BAOJIUCHENG INFORMATION TECH CO LTD";"CN119273425A";"2024-09-25";"G06Q30/0601";"G06Q30/0601 (CN)";"2025-01-07";"2025-01-07";"094114330";
"211";"B2B multichannel information interaction platform";"LI LIQING 
SU KAI 
TIAN DONGJUN 
CHEN JIE 
SHI QIANG 
LIU QIAN 
FANG XIANGLIN";"SHANDONG HIGH SPEED MATERIAL DIGITAL TECH CO LTD";"CN119271652A";"2024-09-18";"G06F16/215 
G06F16/2458 
G06Q20/38 
G06Q40/04";"G06F16/215 (CN) 
G06F16/2465 (CN) 
G06Q20/382 (CN) 
G06Q40/04 (CN)";"2025-01-07";"2025-01-07";"094106963";
"212";"Marketized electricity selling data processing system and method";"JIANG KUN 
LI BIN 
SHEN JINQIU 
CHEN LIANGLIANG";"CHANGXIA DIGITAL ENERGY TECH HUBEI CO LTD";"CN119250864A";"2024-09-23";"G06Q30/0201 
G06Q40/04";"G06Q30/0201 (CN) 
G06Q30/0206 (CN) 
G06Q40/04 (CN)";"2025-01-03";"2025-01-03";"094027293";
"213";"Enterprise digital operation management system based on artificial intelligence";"YANG SAI 
YU TIANXING 
GU QUANLIN 
DING JIAMIN 
HUANG YE";"WUXI XISHANG BANK CO LTD";"CN119204342A";"2024-10-28";"G06F18/213 
G06F18/23213 
G06F18/243 
G06N20/20 
G06Q10/04 
G06Q10/0631 
G06Q30/0204";"G06F18/213 (CN) 
G06F18/23213 (CN) 
G06F18/24323 (CN) 
G06N20/20 (CN) 
G06Q10/04 (CN) 
G06Q10/06315 (CN) 
G06Q30/0204 (CN)";"2024-12-27";"2024-12-27";"094074352";
"214";"BUSINESS-TO-BUSINESS SYSTEM FOR PROMOTING AND OPTIMIZING DIVERSITY IN A CLINICAL OR MEDICAL RESEARCH SETTING";"ABDULRAHOOF RUQAYYAH [US]";"ABDULRAHOOF RUQAYYAH [US]";"US2024420089A1";"2023-06-13";"G06Q10/1053 
G16H40/20";"G06Q10/063112 (EP) 
G06Q10/1053 (EP,US) 
G16H40/20 (EP,US)";"2024-12-19";"2024-12-19";"093844731";
"215";"DECENTRALIZED PLATFORM FOR B2B COLLABORATION IN B2C MODEL USING COLLABORATIVE DIFFERENTIATED VALUE (CDV) TOKENS";"GUPTA AMIT [IN] 
JAIN SUSHANT [IN]";"HUGHES SYSTIQUE PRIVATE LTD [IN]";"US12400222B2 
US2024420123A1";"2023-06-15";"G06Q20/32 
G06Q20/38 
G06Q20/40";"G06Q20/02 (EP) 
G06Q20/3227 (US) 
G06Q20/3276 (EP) 
G06Q20/38215 (US) 
G06Q20/387 (EP) 
G06Q20/401 (EP) 
G06Q20/409 (US)";"2024-12-19 
2025-08-26";"2024-12-19";"093844311";
"216";"Clothing image diversification and user participation type clothing image transaction platform service providing method, device and system based on video processing";"SEUNG KYU SIM 
LI YINGHUA 
SHEN SHUYING";"SEUNG KYU SIM 
LI YINGHUA 
SHEN SHUYING";"CN120912282A";"2024-05-07";"G06Q30/0601 
G06T1/00";"G06Q30/0629 (CN) 
G06Q30/0643 (CN) 
G06T1/0021 (CN)";"2025-11-07";"2024-12-17";"094079881";
"217";"Light storage and charging energy management method, device and system and electronic equipment";"XIONG ZHENGYONG 
PAN DONGHUA 
ZHANG HENG 
LI WUJIE";"GOODWELL TECH CO LTD";"CN119109019A 
CN119109019B";"2024-08-13";"G06Q30/0283 
G06Q50/06 
H02J3/00 
H02J3/06 
H02J3/32 
H02J3/46";"G06Q30/0283 (CN) 
G06Q50/06 (CN) 
H02J3/0075 (CN) 
H02J3/008 (CN) 
H02J3/06 (CN) 
H02J3/32 (CN) 
H02J3/46 (CN) 
H02J2101/25 (CN) 
H02J2103/30 (CN)";"2024-12-10 
2025-09-30";"2024-12-10";"093718740";
"218";"Miniaturized four-frequency active navigation antenna with high phase center stability";"QIAO DAN 
LI XU";"CHENGDU SPACEON TECH CO LTD";"CN119092977A";"2024-11-04";"H01Q1/12 
H01Q1/38 
H01Q1/50 
H01Q5/50 
H01Q9/04";"H01Q1/12 (CN) 
H01Q1/38 (CN) 
H01Q1/50 (CN) 
H01Q5/50 (CN) 
H01Q9/0414 (CN) 
H01Q9/045 (CN)";"2024-12-06";"2024-12-06";"093700980";
"219";"Wholesale data updating method and device";"LI CHAOXIONG";"NANTONG ZHAOCAIMAO SUPPLY CHAIN MAN CO LTD";"CN119066083A 
CN119066083B";"2024-11-01";"G06F16/23 
G06F16/27 
G06Q10/087";"G06F16/23 (CN) 
G06F16/27 (CN) 
G06Q10/087 (CN) 
Y02P90/30 (EP)";"2024-12-03 
2026-04-17";"2024-12-03";"093644840";
"220";"Method and system for supporting multiple sales modes based on vehicle models";"WANG YIFAN 
TIAN HAO";"SHENZHEN LAN YOU TECH CO LTD";"CN119027206A";"2023-05-25";"G06Q30/0203 
G06Q30/0204 
G06Q30/0601";"G06Q30/0203 (CN) 
G06Q30/0204 (CN) 
G06Q30/0635 (CN) 
Y02P90/30 (EP)";"2024-11-26";"2024-11-26";"093526499";
"221";"B2B digital information transaction method";"FANG XIANGLIN 
SU KAI 
TIAN DONGJUN 
CHEN JIE 
SHI QIANG 
LIU QIAN 
LI LIQING";"SHANDONG HIGH SPEED MATERIAL DIGITAL TECH CO LTD";"CN119011230A";"2024-08-07";"G06Q20/38 
G06Q40/04 
H04L49/25 
H04L49/356 
H04L67/1097 
H04L9/06 
H04L9/14 
H04L9/40";"G06Q20/382 (CN) 
G06Q20/3823 (CN) 
G06Q20/3827 (CN) 
G06Q40/04 (CN) 
H04L49/252 (CN) 
H04L49/356 (CN) 
H04L63/0442 (CN) 
H04L63/0815 (CN) 
H04L63/083 (CN) 
H04L63/10 (CN) 
H04L67/1097 (CN) 
H04L9/0643 (CN) 
H04L9/14 (CN)";"2024-11-22";"2024-11-22";"093482380";
"222";"Super business condition investment attracting platform and method based on B2B platform";"HUANG SHENG'EN 
ZHONG HUALONG";"GUANGDONG NAHUO SHANGCHENG TECH CO LTD";"CN119006104A";"2024-08-08";"G06F16/9535 
G06F16/9537 
G06Q30/0601";"G06F16/9535 (CN) 
G06F16/9537 (CN) 
G06Q30/0605 (CN) 
G06Q30/0617 (CN) 
G06Q30/0631 (CN)";"2024-11-22";"2024-11-22";"093483793";
"223";"PCB one-stop B2B online transaction platform with user management system";"WEI ZHONGJIAN 
HUANG CONG";"SHENZHEN RUIMENG NETWORK INFORMATION TECH CO LTD";"CN119006092A";"2024-07-19";"G06Q30/0601 
G06Q40/04";"G06Q30/0603 (CN) 
G06Q30/0605 (CN) 
G06Q40/04 (CN) 
Y02P90/30 (EP)";"2024-11-22";"2024-11-22";"093489029";
"224";"B2B digital information encryption method";"LIU QIAN 
SU KAI 
TIAN DONGJUN 
CHEN JIE 
SHI QIANG 
FANG XIANGLIN 
LI LIQING";"SHANDONG HIGH SPEED MATERIAL DIGITAL TECH CO LTD";"CN119011283A";"2024-09-27";"G06Q20/38 
G06Q40/04 
H04L51/046 
H04L67/06 
H04L9/40";"G06Q20/382 (CN) 
G06Q20/3823 (CN) 
G06Q40/04 (CN) 
H04L51/046 (CN) 
H04L63/0407 (CN) 
H04L63/0428 (CN) 
H04L67/06 (CN) 
H04L9/40 (CN)";"2024-11-22";"2024-11-22";"093488168";
"225";"Order management system for PCB one-stop B2B online transaction platform";"WEI ZHONGJIAN 
HUANG CONG";"SHENZHEN RUIMENG NETWORK INFORMATION TECH CO LTD";"CN118967252A";"2024-07-15";"G06Q10/087 
G06Q30/0601";"G06Q10/087 (CN) 
G06Q30/0635 (CN) 
Y02P90/30 (EP)";"2024-11-15";"2024-11-15";"093395281";
"226";"Model-based network live broadcast e-commerce intelligent monitoring method and system";"LEI YUN 
JIANG ZHENGYUAN";"JIANGSU WANGXIN BOCHUANG TECH CO LTD";"CN118972665A 
CN118972665B";"2024-08-16";"G06V10/82 
G06V10/84 
G06V20/40 
G06V20/52 
G06V20/62 
G10L15/14 
G10L15/18 
H04N21/433 
H04N21/439 
H04N21/44 
H04N21/478";"G06V10/82 (CN) 
G06V10/85 (CN) 
G06V20/41 (CN) 
G06V20/52 (CN) 
G06V20/635 (CN) 
G10L15/142 (CN) 
G10L15/18 (CN) 
H04N21/4334 (CN) 
H04N21/4394 (CN) 
H04N21/44008 (CN) 
H04N21/47815 (CN)";"2024-11-15 
2025-06-24";"2024-11-15";"093388955";
"227";"Methods and systems for predicting response to PD-1 axis-directed therapy in colorectal tumors with defective mismatch repair";"AHANONU ELENA O 
S M MCMAHON 
SAMKIN KRIS 
SINICROPE FRANK A 
WILLIAMS CHESTER SMITH 
YAN DONGYAO 
ZHANG WENJUN";"VENTANA MED SYST INC 
MAYO FOUND MEDICAL EDUCATION & RES";"CN118974556A";"2022-11-14";"G01N33/574 
G06T7/00";"";"2024-11-15";"2024-11-15";"093397237";
"228";"MAGNETIC FIELD GRADIENT SENSOR";"CLOSE GAEL [CH] 
TORMEN MAURIZIO [CH] 
GASPARIN ENRICO [CH] 
HOOGERWERF ARNOLD CHRISTIAAN [CH] 
BAYAT DARA [CH] 
DESPONT MICHEL [CH]";"MELEXIS TECH SA [CH] 
CSEM CENTRE SUISSE DELECTRONIQUE ET DE MICROTECHNIQUE SA [CH]";"EP4462144A1";"2023-05-12";"G01P15/08 
G01R33/022 
G01R33/028";"G01R33/022 (EP) 
G01R33/0286 (EP) 
G01P15/105 (EP) 
G01P15/125 (EP)";"2024-11-13";"2024-11-13";"086382724";
"229";"PLANNING DEVICE";"AKIBA TAKASHI 
YAMANE FUMIYUKI";"TOSHIBA CORP 
TOSHIBA ENERGY SYSTEM & SOLUTION CORP";"JP2024159280A";"2023-04-28";"G06Q50/06";"";"2024-11-08";"2024-11-08";"093336637";
"230";"Method for appealing and reporting medical circulation data";"ZHANG SHENGMING";"BEIJING JIANYIBAO TECH CO LTD";"CN118917801A";"2024-07-25";"G06F40/12 
G06F40/216 
G06F40/295 
G06N3/0499 
G06Q10/0631 
G06Q10/10 
G06Q50/22";"G06F40/12 (CN) 
G06F40/216 (CN) 
G06F40/295 (CN) 
G06N3/0499 (CN) 
G06Q10/06311 (CN) 
G06Q10/103 (CN) 
G06Q50/22 (CN) 
Y02P90/30 (EP)";"2024-11-08";"2024-11-08";"093309753";
"231";"SYSTEMS AND METHODS FOR SIMPLIFIED SUPPLY CHAIN MANAGEMENT";"KUMAWAT JAIPAL SINGH [IN] 
ATWAL GURPREET [US] 
MAGARKAR SHIVANI [IN]";"MASTERCARD INTERNATIONAL INC [US] 
MASTERCARD INT INCORPORATED [US]";"US12639654B2 
US2024370811A1";"2023-05-01";"G06Q10/08";"G06Q10/08 (EP,US) 
G06Q10/0872 (EP) 
G06Q10/08741 (EP) 
G06Q10/08743 (EP)";"2024-11-07 
2026-05-26";"2024-11-07";"093292812";
"232";"Sweetpotato plant named ‘NCORNSP-031SHMG’";"YENCHO GEORGE CRAIG [US] 
PECOTA KENNETH VINCENT [US] 
HEIM CHRISTOPHER [US]";"UNIV NORTH CAROLINA STATE [US]";"USPP36237P2";"2024-01-24";"A01H5/12 
A01H6/00";"";"2024-11-05";"2024-11-05";"093294466";
"233";"Sweetpotato plant named ‘NCORNSP-032SCRHI’";"YENCHO GEORGE CRAIG [US] 
PECOTA KENNETH VINCENT [US] 
HEIM CHRISTOPHER [US]";"UNIV NORTH CAROLINA STATE [US]";"USPP36238P2";"2024-01-24";"A01H5/12 
A01H6/00";"";"2024-11-05";"2024-11-05";"093294467";
"234";"revolutionary, disruptive, redefining and changing modern business rules modern macroeconomics, modern microeconomics, process of human being civilization and human being civilization's way or the method and the method or model or the platform created to implement this method";"HU CHUANPING [CN]";"HU CHUANPING [CN]";"US2024362653A1";"2023-04-27";"G06Q30/0201";"G06Q30/0201 (EP,US)";"2024-10-31";"2024-10-31";"093215675";
"235";"METHOD FOR PROVIDING AN INTEGRATED ORDERING AND PAYMENT SOLUTION FOR PHARMACEUTICAL WHOLESALERS AND RETAILERS";"MOON SUNG PIL [KR]";"SKPREMIRE CO LTD [KR]";"KR20240155442A";"2023-04-20";"G06Q10/08 
G06Q20/12 
G06Q30/06 
G16H20/10";"G06Q10/083 (KR) 
G06Q20/12 (KR) 
G06Q30/0609 (KR) 
G06Q30/0625 (KR) 
G06Q30/0633 (KR) 
G16H20/10 (KR)";"2024-10-29";"2024-10-29";"093290512";
"236";"Transaction method and system for linking power retail market and power wholesale market";"HU JINGWEI 
ZHANG NA 
ZHAO LIN 
LIU YUTONG 
LIU GUANGSHUO 
YANG SHUO 
CHEN RUOJING 
ZHANG KAI 
ZHAO SHIYI 
LI QINGCHUN";"ECONOMIC AND TECH RESEARCH INSTITUTE OF STATE GRID LIAONING ELECTRIC POWER SUPPLY CO LTD";"CN118822780A";"2024-06-14";"G06F18/214 
G06F18/24 
G06N3/08 
G06Q30/0201 
G06Q30/0202 
G06Q40/04 
G06Q50/06 
H02J3/00";"G06F18/214 (CN) 
G06F18/24 (CN) 
G06N3/08 (CN) 
G06Q30/0201 (CN) 
G06Q30/0202 (CN) 
G06Q30/0206 (CN) 
G06Q40/04 (CN) 
G06Q50/06 (CN) 
H02J3/00 (CN) 
H02J2103/30 (CN) 
H02J2103/35 (CN)";"2024-10-22";"2024-10-22";"093083350";
"237";"B2B METHOD AND DEVICE FOR SUPPORTING B2B SALES EFFORTS USING ARTIFICIAL INTELLIGENCE MODEL";"SO SOON JU [KR]";"CORESOFT CO LTD [KR]";"KR102718884B1";"2024-06-20";"G06N20/00 
G06Q10/0631 
G06Q10/0639 
G06Q10/105";"";"2024-10-17";"2024-10-17";"093286339";
"238";"POS SYSTEM-BASED MEDICINE INVENTORY MANAGEMENT SERVER AND METHOD";"KIM BYOUNGJU [KR]";"CHARMACIST CORP [KR]";"WO2025110286A1";"2023-11-22";"G06Q10/08 
G06Q10/10 
G06Q30/02 
G06Q30/06 
G16H40/20";"G06Q10/08 (EP) 
G06Q10/10 (EP) 
G06Q20/20 (EP) 
G06Q30/02 (EP) 
G06Q30/06 (EP) 
G07F9/00 (EP) 
G16H20/10 (EP) 
G16H20/30 (EP) 
G16H40/20 (EP) 
G16H70/20 (EP) 
G16H70/40 (EP)";"2025-05-30";"2024-10-16";"093287080";
"239";"VEHICLE PARTS INVENTORY MANAGEMENT SYSTEM";"KIM BEOM GYU [KR]";"FINE AUTO PART CO LTD [KR]";"KR102715287B1";"2024-02-28";"G01G19/00 
G06Q10/06 
G06Q10/08 
G06T7/00";"";"2024-10-15";"2024-10-15";"093115095";
"240";"- SYSTEM FOR PROVIDING KOREAN COSMETIC WHOLESALE DISTRIBUTION PLATFORM SERVICE";"KIM BYOUNG SOO [KR]";"KIM BYOUNG SOO [KR]";"KR20240148073A";"2023-04-03";"G06N20/00 
G06Q10/08 
G06Q30/02 
G06Q30/06";"G06N20/00 (KR) 
G06Q10/08 (KR) 
G06Q10/0833 (KR) 
G06Q10/087 (KR) 
G06Q30/0202 (KR) 
G06Q30/0281 (KR) 
G06Q30/0613 (KR) 
G06Q30/0641 (KR)";"2024-10-11";"2024-10-11";"093118228";
"241";"SYSTEM AND METHOD FOR GENERATING PERSONALIZED RECOMMENDATIONS";"NEWTON GREYSON [US] 
SALHA DIANA M [US] 
WALKER WILLIAM C [US] 
SALHA DIANA [US] 
WALKER WILLIAM [US]";"COSNETIX LLC [US]";"WO2024211623A2 
WO2024211623A3";"2023-04-04";"C12Q1/686 
G06Q30/00 
G06N20/00 
G06N5/04 
G06Q30/0214 
G06Q30/06 
G16B20/00 
G16B40/00 
C12Q1/6869 
G06F16/2457";"C12Q1/6876 (EP) 
G06N3/02 (EP) 
G06N3/042 (US) 
G06Q30/0201 (EP) 
G06Q30/0271 (EP) 
G06Q30/0631 (EP,US) 
G16B20/20 (EP) 
G16B40/20 (EP) 
C12Q2600/148 (EP) 
C12Q2600/156 (EP)";"2024-10-10 
2025-02-27";"2024-10-10";"092972895";
"242";"RELAY METHOD OF WHOLESALE AND RETAIL MANAGEMENT SYSTEM";"BACK DA HYE [KR]";"BACK DA HYE [KR]";"KR20240145106A";"2023-03-27";"G06N20/00 
G06N3/08 
G06Q10/06 
G06Q10/08 
G06Q10/10 
G06Q30/06 
G06Q50/10";"G06N20/00 (KR) 
G06N3/08 (KR) 
G06Q10/06315 (KR) 
G06Q10/06395 (KR) 
G06Q10/0835 (KR) 
G06Q10/087 (KR) 
G06Q10/10 (KR) 
G06Q30/0613 (KR) 
G06Q50/10 (KR)";"2024-10-07";"2024-10-07";"093115532";
"243";"A SYSTEM FOR MANAGING THE DELIVERY OF PRODUCTS AND A METHOD THEREOF";"GARG AKSHAY [IN] 
GARG SUMITRA DEVI SURESH KUMAR [IN]";"GARG AKSHAY [IN] 
GARG SUMITRA DEVI SURESH KUMAR [IN]";"WO2024201150A1";"2023-03-27";"G06F3/048 
G06Q10/083 
G06Q10/087";"G06Q10/08 (EP) 
G06Q30/0282 (EP) 
G06Q30/0609 (EP) 
G06Q30/0633 (EP) 
G06Q40/08 (EP)";"2024-10-03";"2024-10-03";"092903843";
"244";"Universal digital management system, platform and method";"DING GUANGJUN";"DING GUANGJUN";"CN118735461A";"2024-07-08";"G06F21/60 
G06Q10/10 
H04L9/06 
H04L9/16 
H04L9/40";"G06F21/602 (CN) 
G06Q10/103 (CN) 
H04L63/0478 (CN) 
H04L9/0631 (CN) 
H04L9/16 (CN)";"2024-10-01";"2024-10-01";"092864940";
"245";"Registration invitation method and device for B2B sales e-commerce system, and medium";"LIU XIAOQIAN 
YAN YIFENG 
SHAN MIAOMIAO 
CHEN MENGZHU";"INSPUR GENERAL SOFTWARE CO LTD";"CN118714190A";"2024-06-03";"G06F21/31 
G06F21/36 
G06F21/60 
G06Q30/0207 
G06Q30/0214 
G06Q30/0601 
H04L67/54";"G06F21/31 (CN) 
G06F21/36 (CN) 
G06F21/602 (CN) 
G06Q30/0214 (CN) 
G06Q30/0222 (CN) 
G06Q30/0609 (CN) 
H04L67/54 (CN) 
G06F2221/2117 (CN)";"2024-09-27";"2024-09-27";"092820752";
"246";"E-commerce transaction data analysis system based on cloud computing";"YUE YING 
XIE JUNCHENG 
LENG NANNI";"UNIV BOHAI";"CN118691305A";"2024-06-05";"G06F16/33 
G06Q30/0201 
G06Q30/0202 
G06Q30/0601";"G06F16/3344 (CN) 
G06F16/3346 (CN) 
G06Q30/0201 (CN) 
G06Q30/0202 (CN) 
G06Q30/0625 (CN)";"2024-09-24";"2024-09-24";"092772594";
"247";"Integrated support system and method for import and export management";"JEONG SEUNG YEUN";"REINDEERS CO LTD [KR]";"KR102848794B1 
KR102848794B9 
KR20240139284A";"2023-03-14";"G06Q10/06 
G06Q10/08 
G06Q10/10 
G06Q30/06";"G06Q10/063 (KR) 
G06Q10/06314 (KR) 
G06Q10/0831 (KR) 
G06Q10/0838 (KR) 
G06Q10/0875 (KR) 
G06Q10/10 (KR) 
G06Q30/0601 (KR)";"2024-09-23 
2025-08-21 
2025-09-08";"2024-09-23";"092925102";
"248";"Shopping system based on app shopping mall";"ZHANG JINGSONG 
LAN PENGTAO";"HEBEI WANTENG TECH GROUP CO LTD";"CN118674587A";"2024-07-03";"G06Q30/0207 
G06Q30/0242 
G06Q30/0283 
G06Q30/0601 
G06Q50/18";"G06Q30/0207 (CN) 
G06Q30/0242 (CN) 
G06Q30/0283 (CN) 
G06Q30/0605 (CN) 
G06Q50/184 (CN)";"2024-09-20";"2024-09-20";"092726686";
"249";"Price perception recommendation method and system based on global and dynamic knowledge graph guidance";"GAO YUEFANG 
ZENG ZHENHUA 
ZHANG TIANCHEN 
YE SHUANGFU 
HUANG LING 
KUANG YINGJIE";"UNIV SOUTH CHINA AGRICULT";"CN118628215A 
CN118628215B";"2024-08-13";"G06F16/36 
G06N3/0442 
G06N5/022 
G06Q30/0201 
G06Q30/0601";"G06F16/367 (CN) 
G06N3/0442 (CN) 
G06N5/022 (CN) 
G06Q30/0206 (CN) 
G06Q30/0631 (CN)";"2024-09-10 
2024-11-29";"2024-09-10";"092603514";
"250";"- METHOD FOR OPERATING BIG DATA-BASED WOMEN'S CLOTHING CURATION PLATFORM SERVER AND METHOD FOR DISTRIBUTION WOMEN'S CLOTHING USING THE SAME";"BANG BIN";"STYLEBASKET INC [KR]";"KR20240134637A";"2023-03-02";"G06Q10/08 
G06Q30/06";"G06Q10/083 (KR) 
G06Q30/0613 (KR) 
G06Q30/0625 (KR) 
G06Q30/0633 (KR) 
G06Q30/0641 (KR)";"2024-09-10";"2024-09-10";"092758052";
"251";"Agricultural product supply and demand hierarchical regulation and control method applied to Internet cloud platform";"MAO LIN 
CHEN HAIJUN 
QI BAIJIAN 
CHEN YANYAN 
YANG QINGQING 
HUANG DEMIN 
LI PENG";"NEWLIXON TECH GROUP CO LTD";"CN118628216A 
CN118628216B";"2024-08-15";"G06Q10/0631 
G06Q30/0601 
G06Q50/02";"G06Q10/06315 (CN) 
G06Q30/0631 (CN) 
G06Q30/0639 (CN) 
G06Q50/02 (CN)";"2024-09-10 
2025-01-03";"2024-09-10";"092602352";
"252";"Retail supply chain profit sharing system";"CHEN JINGXIAN 
BAN PEIYAN 
LIANG LIANG 
DIAO XINGXIN";"UNIV HEFEI TECHNOLOGY";"CN118628144A";"2024-06-14";"G06Q30/0201 
G06Q50/04";"G06Q30/0206 (CN) 
G06Q50/04 (CN)";"2024-09-10";"2024-09-10";"092595344";
"253";"SMILEY BAILMENTS";"KUMAR GUPTA SUDESH [IN]";"KUMAR GUPTA SUDESH [IN]";"WO2024180560A2";"2023-03-01";"G06Q40/04 
G06Q40/06 
G06Q50/18";"G06Q40/04 (EP) 
G06Q40/06 (EP) 
G06Q50/18 (EP)";"2024-09-06";"2024-09-06";"092590293";
"254";"Electric vehicle rechargeable battery sharing charging system and sharing charging method";"LIN HAISHENG";"SHANGHAI SAIFUTE ENERGY TECH CO LTD";"CN118607845A";"2024-05-28";"B60L53/62 
B60L53/68 
B60L58/12 
G06Q10/02 
G06Q10/047 
G06Q10/0631 
G06Q10/20 
G06Q40/04 
G06Q50/06 
G07F15/00 
G07F17/00";"B60L53/62 (CN) 
B60L53/68 (CN) 
B60L58/12 (CN) 
G06Q10/02 (CN) 
G06Q10/047 (CN) 
G06Q10/0631 (CN) 
G06Q10/20 (CN) 
G06Q40/04 (CN) 
G06Q50/06 (CN) 
G07F15/005 (CN) 
G07F17/0042 (CN) 
B60L2240/62 (CN) 
B60L2240/70 (CN)";"2024-09-06";"2024-09-06";"092552784";
"255";"Resource sharing system and method for regional characteristic agriculture";"ZHANG XIUHUI 
SHI QIUFA 
WANG YING 
CHEN YAN 
ZHANG XINYU 
XIA RONG";"SHANDONG HUAFENG DIGITAL TECH CO LTD";"CN118552284A";"2024-06-26";"G06Q10/10 
G06Q30/018 
G06Q30/0601 
G06Q50/02";"G06Q10/103 (CN) 
G06Q30/018 (CN) 
G06Q30/0605 (CN) 
G06Q50/02 (CN)";"2024-08-27";"2024-08-27";"092454927";
"256";"Multi-energy micro-grid energy regulation and control method and device and storage medium";"NI LINNA 
YAO LI 
LU CHUNGUANG 
WANG JIAYING 
JIANG CHI 
HUANG RONGGUO 
YU JIALI 
LU YAN 
LI FENG 
ZHONG JIEWEN 
DENG LAN 
WANG ZHENGUO 
LU SHUQING";"MARKETING SERVICE CENTER OF STATE GRID ZHEJIANG ELECTRIC POWER CO LTD 
STATE GRID ZHEJIANG ELECTRIC POWER CO LTD 
HAINING POWER SUPPLY COMPANY OF STATE GRID ZHEJIANG ELECTRIC POWER CO LTD";"CN118554455A";"2024-04-29";"G06N5/04 
G06Q30/0201 
G06Q50/06 
H02J3/00 
H02J3/06 
H02J3/28 
H02J3/32 
H02J3/38";"G06N5/042 (CN) 
G06Q30/0201 (CN) 
G06Q50/06 (CN) 
H02J3/0075 (CN) 
H02J3/008 (CN) 
H02J3/06 (CN) 
H02J3/28 (CN) 
H02J3/32 (CN) 
H02J3/381 (CN) 
H02J2101/24 (CN) 
H02J2101/28 (CN) 
H02J2103/30 (CN) 
H02J2103/35 (CN)";"2024-08-27";"2024-08-27";"092447157";
"257";"Digital twin center construction method, system and equipment and storage medium";"CAI JUNYU 
LEE BONG-SEO 
WANG ZIXIANG 
HAN JIAJIA";"ELECTRIC POWER SCIENT RES INST STATE GRID ZHEJIANG ELECTRIC POWER CO LTD";"CN118552138A";"2023-02-24";"G06F30/20 
G06Q10/10 
G06Q50/06 
G06F113/04";"G06F30/20 (CN) 
G06Q10/103 (CN) 
G06Q50/06 (CN) 
G06F2113/04 (CN)";"2024-08-27";"2024-08-27";"092453724";
"258";"Intelligent weighing terminal";"YU JINGPENG";"DALIAN GUOXING TECH CO LTD";"CN221594061U";"2023-11-07";"G01G19/00 
G01G21/00";"";"2024-08-23";"2024-08-23";"092398927";
"259";"B2B Accommodation product sales and purchase office service support system for B2B transaction and management method using the same";"LEEM JIN HONG 
LEE SANG YOON 
SEO SU NAM";"CHALET KOREA CO [KR]";"KR102880455B1 
KR20240126122A";"2023-02-13";"G06Q10/02 
G06Q10/06 
G06Q10/08 
G06Q30/02 
G06Q30/06 
G06Q50/12";"G06F21/31 (KR) 
G06Q10/02 (KR) 
G06Q10/06 (KR) 
G06Q10/087 (KR) 
G06Q30/0283 (KR) 
G06Q30/0633 (KR) 
G06Q50/12 (KR)";"2024-08-20 
2025-11-04";"2024-08-20";"092592439";
"260";"PLATFORM AGNOSTIC FINANCIAL GATEWAY SYSTEM AND METHOD FOR MANAGING FINANCIAL TRANSACTIONS";"IYER SHANKAR R [US] 
NAIR SURESH G [US] 
UMAPATHI VIMALNATH [US] 
GOTE AMOL [US] 
DOMINIQUE MARIA [US] 
PALAKURTHY DHEERAJ [US]";"ICREDITWORKS [US]";"US12380495B2 
US2024273483A1";"2023-02-15";"G06Q20/02 
G06Q20/38 
G06Q20/40 
G06Q20/32 
G06Q40/03 
G06Q40/02";"G06Q20/027 (EP,US) 
G06Q20/322 (US) 
G06Q20/3829 (EP) 
G06Q20/4014 (EP,US) 
G06Q40/02 (EP) 
G06Q40/03 (EP,US) 
G06Q2220/00 (EP) 
G06Q40/02 (US)";"2024-08-15 
2025-08-05";"2024-08-15";"092215878";
"261";"BUSINESS-TO-BUSINESS SYSTEM FOR PROMOTING AND OPTIMIZING DIVERSITY IN A CLINICAL RESEARCH SETTING";"ABDULRAHOOF RUQAYYAH [US]";"ABDULRAHOOF RUQAYYAH [US]";"US2024257058A1";"2023-01-30";"G06Q10/1053";"G06Q10/1053 (EP,US)";"2024-08-01";"2024-08-01";"091963486";
"262";"APPARATUS AND METHOD FOR PROVIDING WHOLESALE DISTRIBUTION PLATFORM";"KIM SUNG TAE [KR]";"KIM SUNG TAE [KR]";"KR102686144B1";"2023-04-25";"G06F16/958 
G06Q30/06";"";"2024-07-17";"2024-07-17";"092174003";
"263";"TRADING MANAGEMENT METHOD, INFORMATION PROCESSING DEVICE AND PROGRAM";"SONODA NOBUHITO 
MEGURO AYAKO 
NAKAYAMA EMI";"TOKIO MARINE DR CO LTD";"JP2025171368A 
JP7518314B1";"2024-05-09";"G06Q50/06";"";"2025-11-20 
2024-07-17";"2024-07-17";"091895936";
"264";"Intelligent on-line monitoring system and method for sanitation of agricultural batch market products based on cloud platform";"JIANG LINXIA";"SUZHOU NANHUANQIAO SHUCHUANG INFORMATION TECH CO LTD";"CN118350549A";"2024-05-06";"G06Q10/063 
G06Q50/02";"G06Q10/063 (CN) 
G06Q50/02 (CN)";"2024-07-16";"2024-07-16";"091811931";
"265";"Digital twinning construction method and device for B2B e-commerce business decision support";"BAI MENG 
HAN KAINAN 
REN YI 
LUO XI 
KOU JIAMIN";"LUBAN BEIJING E COMMERCE TECH CO LTD";"CN118333478A";"2024-05-31";"G06Q10/0637 
G06Q10/067 
G06Q10/10 
G06Q30/0601";"G06Q10/0637 (CN) 
G06Q10/067 (CN) 
G06Q10/10 (CN) 
G06Q30/0601 (CN)";"2024-07-12";"2024-07-12";"091764894";
"266";"GNSS (Global Navigation Satellite System) offshore positioning receiver based on remote management and positioning method";"WANG JIN 
YAN SHIWEI 
WANG SHENGLI 
HOU HAO 
ZHANG GUANGXIN";"UNIV SHANDONG SCIENCE & TECH";"CN118330694A 
CN118330694B";"2024-06-17";"G01S19/07 
G01S19/23 
G01S19/25 
G01S19/41 
G01S19/43 
H04W4/02 
H04W4/42 
H04W64/00";"G01S19/07 (CN) 
G01S19/23 (CN) 
G01S19/258 (CN) 
G01S19/41 (CN) 
G01S19/43 (CN) 
H04W4/02 (CN) 
H04W4/42 (CN) 
H04W64/00 (CN)";"2024-07-12 
2024-08-30";"2024-07-12";"091773226";
"267";"DISTRIBUTION SOLUTION COMBINING TRADITIONAL MARKET AND DIGITAL PLATFORM";"KIL DONG HONG";"DOBT CORP [KR]";"KR20240109025A";"2023-01-03";"G06Q30/06";"G06Q30/0613 (KR) 
G06Q30/0641 (KR)";"2024-07-10";"2024-07-10";"091947185";
"268";"System and method for a machine learning service";"JOSHI ANKITA [IN] 
SINGH ASHISH [IN] 
ARORA MANOJ [US] 
TURAKHIA POOJAN [IN] 
PRESTON JEFF [US] 
HONG FRANK [US]";"MORGAN STANLEY SERVICES GROUP INC [US]";"US12033216B1";"2023-05-19";"G06Q40/06";"G06Q40/06 (EP,US)";"2024-07-09";"2024-07-09";"091760711";
"269";"Intelligent distribution method for supply chain wholesale and zero fusion order";"CHEN SHUNJUN 
ZHOU HUAN 
LIU JIA 
ZHENG LINGYU 
LUO QINGYANG 
LI RUIXIN";"SICHUAN HEZONG YAOYIGOU PHARMACEUTICAL CO LTD";"CN118297555A";"2024-04-24";"G06Q10/0875 
G06Q10/10";"G06Q10/0875 (CN) 
G06Q10/103 (CN)";"2024-07-05";"2024-07-05";"091683863";
"270";"FRAME SYSTEMS AND RELATED METHODS";"SKANDALARIS JAMES [US] 
WALSH NICOLE [US] 
TORIBIO MICHAEL [US] 
HANA JULIAN [US]";"PRINSTANT LLC [US] 
SKANDALARIS JAMES [US] 
WALSH NICOLE [US] 
TORIBIO MICHAEL [US] 
HANA JULIAN [US]";"WO2024144993A1";"2022-12-27";"A47G1/06 
A47G1/10";"A47G1/0605 (EP) 
A47G1/0616 (EP) 
A47G1/102 (EP) 
A47G2001/0666 (EP)";"2024-07-04";"2024-07-04";"091719145";
"271";"COMPANY-TO-COMPANY TRANSACTION SUPPORT SYSTEM AND COMPANY-TO-COMPANY TRANSACTION SUPPORT METHOD";"UENO YUMIKO 
NAOE KAZUAKI 
FUJIWARA SHINICHI 
KAWADA MIYUKI";"HITACHI HIGH TECH CORP";"JP2024089159A";"2022-12-21";"G06Q30/0601";"";"2024-07-03";"2024-07-03";"091690316";
"272";"B2B e-commerce transaction supply and demand matching-oriented overall planning optimization method and device";"ZHANG LEI 
ZHANG HEMIN 
REN YI 
KOU JIAMIN 
LI KE";"LUBAN BEIJING E COMMERCE TECH CO LTD";"CN118278709A";"2024-05-31";"G06N3/126 
G06Q10/0631 
G06Q10/0635 
G06Q10/067 
G06Q10/087 
G06Q30/0202";"G06N3/126 (CN) 
G06Q10/06315 (CN) 
G06Q10/0635 (CN) 
G06Q10/067 (CN) 
G06Q10/087 (CN) 
G06Q30/0202 (CN)";"2024-07-02";"2024-07-02";"091638559";
"273";"Transportation device for hardware product wholesale";"LUO HUANQUN";"HANGZHOU LINAN RONGTENG TOOLS CO LTD";"CN221251289U";"2023-12-22";"B62B3/02 
B62B3/04 
B62B5/00";"";"2024-07-02";"2024-07-02";"091663691";
"274";"Weighing device for costume wholesale";"SHEN CHENGWEI";"HUZHOU WOHUA TEXTILE CO LTD";"CN221238476U";"2023-10-30";"G01G17/00 
G01G21/22 
G01G23/00";"";"2024-06-28";"2024-06-28";"091593157";
"275";"WEB-BASED INVENTORY MANAGEMENT SYSTEM AND METHOD";"BLOOM MICHAEL [GB]";"BLOOM MICHAEL [GB]";"US2024211870A1";"2022-12-23";"G06F16/958 
G06Q10/087";"G06Q10/087 (EP,US)";"2024-06-27";"2024-06-27";"089452422";
"276";"B2B B2B e-commerce relay platform using artificial intelligence automatic matching system between overseas manufacturers and domestic buyers based on big data";"HONG SUNG RYONG";"CK BRIDGE INC [KR]";"KR20240082594A";"2022-12-02";"G06N20/00 
G06Q10/08 
G06Q30/02 
G06Q30/06 
G06Q50/04";"G06N20/00 (KR) 
G06Q10/0831 (KR) 
G06Q30/0201 (KR) 
G06Q30/0619 (KR) 
G06Q50/04 (KR)";"2024-06-11";"2024-06-11";"091471494";
"277";"Clothing production and sales management method";"CHOI MYEONG JI [KR]";"CHOI MYEONG JI [KR]";"KR20240082081A";"2022-12-01";"G06Q10/06 
G06Q10/08 
G06Q30/02 
G06Q30/06 
G06Q50/04";"G06Q10/0631 (KR) 
G06Q10/087 (KR) 
G06Q30/0201 (KR) 
G06Q30/0613 (KR) 
G06Q30/0633 (KR) 
G06Q30/0641 (KR) 
G06Q50/04 (KR) 
Y02P90/30 (EP)";"2024-06-10";"2024-06-10";"091482310";
"278";"Digital RMB payment system, method and related device";"FEI XIAOFENG 
LUAN RUIZHI 
PENG JUNWEN 
LIU CHENG 
WANG CHENG 
ZHANG YONGWANG 
LI YANNA";"TRAVELSKY TECH LTD";"CN118134468A";"2024-03-19";"G06Q20/06 
G06Q20/32 
G06Q30/0601 
G06Q50/40";"G06Q20/065 (CN) 
G06Q20/3276 (CN) 
G06Q30/0617 (CN) 
G06Q30/0635 (CN)";"2024-06-04";"2024-06-04";"091231523";
"279";"Internet-based commercial service platform";"ZHOU CHUANHUI";"ZHOU CHUANHUI";"CN118115241A";"2024-03-15";"G06Q30/0282 
G06Q30/0601";"G06Q30/0282 (CN) 
G06Q30/0609 (CN) 
G06Q30/0631 (CN) 
G06Q30/0635 (CN) 
G06Q30/0643 (CN)";"2024-05-31";"2024-05-31";"091216843";
"280";"POS SYSTEM FOR PUBLIC WHOLESALE MARKET POS PLATFORM";"KONG GYUNG YUL";"FOODPANG CO LTD [KR]";"KR20240076058A";"2022-11-23";"G06Q10/08 
G06Q30/06";"G06Q10/087 (KR) 
G06Q30/0613 (KR) 
G06Q30/0633 (KR) 
G06Q30/0641 (KR)";"2024-05-30";"2024-05-30";"091276050";
"281";"SYSTEM AND METHOD FOR PROVIDING DISTRIBUTION PLATFORM SERVICE THAT TRADE RAW AGRICULTURAL AND LIVESTOCK PRODUCTS AND PROCESSING SERVICES";"SUNG HYEONG JU [KR]";"SUNG HYEONG JU [KR]";"KR102670256B1";"2023-03-04";"G06Q10/08 
G06Q20/14 
G06Q30/06";"";"2024-05-30";"2024-05-30";"091275541";
"282";"System And Method For Providing Clothes Order Manual Program Using Digital Contents";"CHOI JU YOUNG 
CHOI BOK HO";"C&BOKO CO LTD [KR]";"KR20240068001A";"2022-11-08";"G06Q10/10 
G06Q30/06 
G06Q50/10 
G06T11/60 
G06T19/00 
G06T19/20";"G06Q10/101 (KR) 
G06Q30/0621 (KR) 
G06Q30/0641 (KR) 
G06Q50/10 (KR) 
G06T11/60 (KR) 
G06T19/003 (KR) 
G06T19/20 (KR) 
Y02P90/30 (EP)";"2024-05-17";"2024-05-17";"091331745";
"283";"Trigger-Based Electronic Fund Transfers";"DHAWAN LALIT [US] 
KURIAN MANU [US]";"BANK OF AMERICA [US]";"US2024161117A1";"2022-11-11";"G06Q20/10 
G06Q20/40 
G06Q40/02";"G06N20/00 (EP) 
G06Q20/10 (EP) 
G06Q20/102 (EP) 
G06Q20/108 (US) 
G06Q20/401 (EP) 
G06Q20/4016 (EP) 
G06Q20/405 (EP,US) 
G06Q30/0201 (EP) 
G06Q30/0202 (EP) 
G06Q30/0206 (EP) 
G06Q40/02 (EP) 
G06Q40/03 (EP,US) 
G06Q30/04 (EP)";"2024-05-16";"2024-05-16";"091028382";
"284";"Using Machine Learning Models to Create a Closet and Effect Virtual Try-On and Styling On Actual Users";"SHOLL SANDRA [US] 
FREEDE ADAM [US]";"ZELIG TECH LLC [US]";"US12462504B2 
US2025069343A1";"2022-07-01";"G06T19/00 
G06T3/18 
G06T5/77 
G06T7/12 
G06V10/24 
G06V10/44";"G06T19/006 (EP,US) 
G06T3/18 (US) 
G06T5/77 (US) 
G06T7/12 (US) 
G06V10/24 (US) 
G06V10/26 (EP) 
G06V10/44 (US) 
G06V10/454 (EP) 
G06V10/82 (EP) 
G06V20/20 (EP) 
G06V40/103 (EP) 
G06T2210/16 (EP) 
G06T2219/2012 (US)";"2025-02-27 
2025-11-04";"2024-05-16";"091028467";
"285";"Method and device for realizing order commitment account period processing based on intelligent contract technology, processor and computer readable storage medium thereof";"";"HEFEI ZHANGBIDA NETWORK TECH CO LTD";"CN118014715A";"2024-02-23";"G06Q20/04 
G06Q20/24 
G06Q20/40 
G06Q40/03 
G06Q40/04";"G06Q20/045 (CN) 
G06Q20/24 (CN) 
G06Q20/403 (CN) 
G06Q40/03 (CN) 
G06Q40/04 (CN)";"2024-05-10";"2024-05-10";"090942629";
"286";"Medicine ordering system";"BAE GO EUN [KR]";"BAE GO EUN [KR]";"KR102729856B1 
KR20240061045A";"2022-10-31";"G06Q10/08 
G06Q30/06";"G06Q10/083 (KR) 
G06Q10/087 (KR) 
G06Q30/0633 (KR) 
Y02P90/30 (EP)";"2024-05-08 
2024-11-13";"2024-05-08";"091074530";
"287";"System and method for organizing services for merchandise or service sales";"ABENOV MARAT RASHIDOVICH";"ABENOV MARAT RASHIDOVICH";"CN117980937A";"2022-06-22";"G06Q30/02 
G06Q50/34";"";"2024-05-03";"2024-05-03";"090856683";
"288";"COLD-CHAIN INTELLIGENT VENDING MACHINE EMBEDDED WITH INTELLIGENT AUTOMATIC ROBOT ARM PANE UNIT";"GU YONG [CN]";"GU YONG [CN]";"WO2024086957A1";"2022-10-28";"G07F11/00 
G07F17/00 
G07F9/10";"G07F11/00 (EP) 
G07F17/00 (EP) 
G07F9/10 (EP)";"2024-05-02";"2024-05-02";"090829709";
"289";"SMART ON-DEMAND MARKETPLACE AND SERVICE DELIVERY FOR ROBOTS";"CUI ZHI [US] 
SMITH JR PAUL EDWARD [US] 
SHAW VENSON [US]";"AT & T IP I LP [US]";"US2024139965A1";"2022-11-01";"B25J11/00 
B25J9/16";"B25J11/008 (EP,US) 
B25J9/0084 (EP) 
B25J9/16 (EP) 
B25J9/1605 (US) 
B25J9/161 (US) 
G05B15/02 (EP)";"2024-05-02";"2024-05-02";"090835132";
"290";"B2B-based collaborative transaction platform and method";"HU PING";"GUANGZHOU SHANGJIE SMART CLOUD NETWORK TECH CO LTD";"CN117952613A 
CN117952613B";"2024-02-22";"G06Q20/38 
G06Q20/40 
G06Q30/0201";"G06Q20/3825 (CN) 
G06Q20/3827 (CN) 
G06Q20/3829 (CN) 
G06Q20/401 (CN) 
G06Q30/0201 (CN)";"2024-04-30 
2024-06-28";"2024-04-30";"090796065";
"291";"B2B SYSTEM FOR PROVIDING B2B COMMERCE PLATFORM BASED ON FULFILLMENT AND OPERATING SERVER INCLUDED IN THE SAME";"GIL SUNG GU";"EDITOLOGY INC [KR]";"KR102662038B1";"2023-12-29";"G06Q10/08 
G06Q30/06";"";"2024-04-30";"2024-04-30";"090884474";
"292";"SYSTEM FOR OPERATING DISTRIBUTION NETWORK AND METHOD THEREOF";"JIN YUN SUN 
PARK JUNG SUNG 
HWANG SUNG WOOK";"KOREA ELECTRIC POWER CORP [KR]";"KR102964424B1 
KR20240056210A";"2022-10-21";"G06Q50/06 
H02J3/00 
H02J3/38";"G06Q50/06 (KR) 
H02J3/003 (KR) 
H02J3/004 (KR) 
H02J3/008 (KR) 
H02J3/381 (KR) 
Y04S10/50 (KR) 
Y04S50/10 (EP,KR)";"2024-04-30 
2026-05-13";"2024-04-30";"090884588";
"293";"Jewelry estimate amount calculation method and device";"LEE HAN JUN [KR]";"LEE HAN JUN [KR]";"KR20240056044A";"2022-10-21";"G06Q30/02 
G06Q30/06 
G06Q30/08";"G06Q30/0282 (KR) 
G06Q30/0283 (KR) 
G06Q30/0621 (KR) 
G06Q30/0629 (KR) 
G06Q30/0639 (KR) 
G06Q30/08 (KR) 
Y02P90/30 (EP)";"2024-04-30";"2024-04-30";"090884690";
"294";"Data acquisition method and device";"YUAN DANDING 
WANG YANGMING 
GAN WENYUAN 
FAN YAJING";"CHINA INT FINANCIAL CORPORATION";"CN117891610A";"2024-01-26";"G06F12/0877 
G06F16/903 
G06F9/50 
G06F9/54 
G06Q40/04";"G06F12/0877 (CN) 
G06F16/903 (CN) 
G06F9/5005 (CN) 
G06F9/544 (CN) 
G06Q40/04 (CN)";"2024-04-16";"2024-04-16";"090648979";
"295";"Intelligent warehouse management optimization system based on Internet of Things";"JIANG QIHANG 
LU BEITING 
LU TAO";"WUXI HUIYUANDA INTELLIGENT INDUSTRIAL TECH CO LTD";"CN117892880A 
CN117892880B";"2024-02-02";"G06Q10/04 
G06Q10/0639 
G06Q10/087 
G16Y10/40 
G16Y20/20 
G16Y40/10";"G06Q10/04 (CN) 
G06Q10/06395 (CN) 
G06Q10/087 (CN) 
G16Y10/40 (CN) 
G16Y20/20 (CN) 
G16Y40/10 (CN)";"2024-04-16 
2025-01-10";"2024-04-16";"090642749";
"296";"Tracing method of medicine first-marketing electronic data based on shared transmission";"YANG JIWU 
GAN SHI 
LIN YONGSHUO 
HU FEIQIN 
QIU ZHIQI";"GUANGDONG DRUG EXCHANGE CENTER CO LTD";"CN117875983A 
CN117875983B";"2023-12-22";"G06F16/35 
G06F16/583 
G06F16/9537 
G06F21/62 
G06F21/64 
G06F40/216 
G06N3/0442 
G06N3/0455 
G06N3/0464 
G06Q30/018 
G06V10/82 
G06V30/19 
G06V30/41 
H04L67/02 
H04L67/06 
H04L67/1095 
G06F16/358";"G06F16/358 (CN) 
G06F16/5846 (CN) 
G06F16/9537 (CN) 
G06F21/6218 (CN) 
G06F21/64 (CN) 
G06F40/216 (CN) 
G06N3/0442 (CN) 
G06N3/0455 (CN) 
G06N3/0464 (CN) 
G06Q30/0185 (CN) 
G06V10/82 (CN) 
G06V30/19173 (CN) 
G06V30/41 (CN) 
H04L67/02 (CN) 
H04L67/06 (CN) 
H04L67/1095 (CN) 
Y02P90/30 (EP)";"2024-04-12 
2025-02-11";"2024-04-12";"090576435";
"297";"Smart factory cloud service method supporting the printing process";"JUNG BYUNG WAN [KR]";"WEPNP [KR]";"KR20240047272A";"2022-10-04";"G06F9/54 
G06Q10/06 
G06Q10/10 
G06Q30/04 
G06Q50/04 
G06Q50/10";"G06F9/543 (KR) 
G06Q10/063 (KR) 
G06Q10/10 (KR) 
G06Q30/04 (KR) 
G06Q50/04 (KR) 
G06Q50/10 (KR) 
Y02P90/30 (EP)";"2024-04-12";"2024-04-12";"090680352";
"298";"Sharing-based tamper-proof method for electronic data of drug first-marketing";"LU TAO 
LIU RUNJIA 
CUI HAOYANG 
ZHANG ZHIHUA 
GUO JIANZHANG 
GAN SHI 
LIN YONGSHUO 
HU FEIQIN 
QIU ZHIQI";"GUANGDONG DRUG EXCHANGE CENTER CO LTD";"CN117857151A 
CN117857151B";"2023-12-22";"H04L9/08 
H04L9/32 
H04L9/40";"H04L63/0428 (CN) 
H04L63/123 (CN) 
H04L9/0869 (CN) 
H04L9/3249 (CN) 
H04L9/3263 (CN) 
H04L9/40 (CN)";"2024-04-09 
2024-05-28";"2024-04-09";"090535381";
"299";"Agricultural product trade information network service method";"ZENG ZHEN";"UNIV GUIZHOU FINANCE & ECONOMICS";"CN117853068A";"2024-01-11";"G06Q10/10 
G06Q40/04 
G06Q50/02";"G06Q10/103 (CN) 
G06Q40/04 (CN) 
G06Q50/02 (CN) 
Y02P90/30 (EP)";"2024-04-09";"2024-04-09";"090538131";
"300";"customizing order system of kitchenware in internet shopping mall";"KIM SI HYUNG [KR]";"KORYEOJUBANG CO LTD [KR]";"KR20240042712A";"2022-09-26";"G06Q10/08 
G06Q20/12 
G06Q30/02 
G06Q30/06";"G06Q10/08345 (KR) 
G06Q20/12 (KR) 
G06Q30/0283 (KR) 
G06Q30/0621 (KR) 
G06Q30/0641 (KR)";"2024-04-02";"2024-04-02";"090714791";
"301";"Geological disaster monitoring equipment and method based on Beidou/GNSS positioning and meteorological information";"ZHANG WEIXING 
LOU YIDONG 
WU PEIDA 
ZOU XU";"UNIV WUHAN";"CN117789417A";"2023-12-27";"G01D21/02 
G08B21/10 
G08B31/00";"Y02A90/10 (EP)";"2024-03-29";"2024-03-29";"090396000";
"302";"Digital agricultural industry chain data processing and analyzing system";"TANG XUHAO 
GAO RUOTING";"ZHONGHANG SHUZHI SUZHOU TECH CO LTD";"CN117786014A";"2023-06-21";"G06F16/2458 
G06F16/26 
G06F16/28 
G06F16/29 
G06Q50/02";"";"2024-03-29";"2024-03-29";"090395006";
"303";"Competition selection method for small and medium-sized peasant households under financing of e-commerce platform";"BI GONGBING 
XU HANG 
WANG PINGFAN";"UNIV SCIENCE & TECHNOLOGY CHINA";"CN117764664A";"2023-06-28";"G06Q30/0601 
G06Q40/03 
G06Q50/02";"";"2024-03-26";"2024-03-26";"090320687";
"304";"Supply chain financial management method and device based on industrial internet, and medium";"LI QIYING 
LI WENBO 
XIAO XUE";"INSPUR YUNZHOU IND INTERNET CO LTD";"CN117745445A";"2023-12-25";"G06F21/62 
G06Q30/0601 
G06Q40/06";"";"2024-03-22";"2024-03-22";"090254489";
"305";"Fresh fruit supply chain digital operation virtual simulation teaching system and teaching method";"HUANG WEIPING";"UNIV XIAN EURASIA";"CN117727211A 
CN117727211B";"2023-12-19";"G06F16/36 
G06F30/20 
G06Q50/20 
G09B5/06 
G09B7/00 
G09B9/00";"Y02P90/30 (EP)";"2024-03-19 
2024-10-22";"2024-03-19";"090204939";
"306";"Sweetpotato plant named ‘NCORNSP-028SCKL’";"YENCHO GEORGE CRAIG [US] 
PECOTA KENNETH VINCENT [US] 
HEIM CHRISTOPHER [US]";"UNIV NORTH CAROLINA STATE [US]";"USPP35702P2";"2022-11-15";"A01H5/12 
A01H6/00";"";"2024-03-19";"2024-03-19";"090245689";
"307";"B2B AUTOMATIC REGISTRATION SYSTEM AND METHOD FOR B2B E-COMMERCE RESELLING";"HAN JOO HEE";"DMORE [KR]";"KR20240033812A";"2022-09-06";"G06F40/58 
G06Q20/10 
G06Q30/06 
G06Q50/10";"G06F40/58 (KR) 
G06Q20/10 (KR) 
G06Q30/0613 (KR) 
G06Q30/0633 (KR) 
G06Q30/0641 (KR) 
G06Q50/10 (KR)";"2024-03-13";"2024-03-13";"090299236";
"308";"Multi-latitude rule engine algorithm and method based on digital marketing data service SaaS system";"XIONG ZHEHUI";"SHENZHEN YUNKEPAI TECH CO LTD";"CN117687603A";"2023-12-07";"G06F11/36 
G06F8/10 
G06F8/20 
G06F8/60 
G06Q30/0201 
G06Q30/0601";"G06F11/3668 (CN) 
G06F8/10 (CN) 
G06F8/20 (CN) 
G06F8/60 (CN) 
G06Q30/0201 (CN) 
G06Q30/0601 (CN) 
Y02P90/30 (EP)";"2024-03-12";"2024-03-12";"090138411";
"309";"COMPUTER IMPLEMENTED SOCIAL BUSINESS-TO-BUSINESS MARKETPLACE AND PROCUREMENT SYSTEM AND METHODS";"TURLA JEFF CLARENZ B [PH]";"TURLA JEFF CLARENZ B [PH]";"PH12022050306A1";"2022-07-01";"G06Q30/06";"";"2024-03-11";"2024-03-11";"094479713";
"310";"Supply-purchase management and control method and device based on B2B industrial platform";"YUE ZHENGHUI 
YAN ZHAOYONG 
LIU JIE";"GUANGZHOU SHUSHANGYUN NETWORK TECH CO LTD";"CN117670467A";"2023-11-01";"G06Q10/087 
G06Q30/0601 
G06Q40/04";"G06Q10/087 (CN) 
G06Q30/0605 (CN) 
G06Q30/0635 (CN) 
G06Q40/04 (CN) 
Y02P90/30 (EP)";"2024-03-08";"2024-03-08";"090077884";
"311";"Textile industry supply chain big data C2B2B cloud platform system";"LI YI 
CAO KUO 
LIU ZHANGCHI 
LI JUN";"NINGBO HENGLI DIGITAL TECH CO LTD";"CN117670460A";"2022-08-30";"G06Q10/0631 
G06Q30/018 
G06Q30/0201 
G06Q30/0202 
G06Q30/0601 
G06Q50/04";"G06Q10/06315 (CN) 
G06Q30/0185 (CN) 
G06Q30/0201 (CN) 
G06Q30/0202 (CN) 
G06Q30/0605 (CN) 
G06Q50/04 (CN)";"2024-03-08";"2024-03-08";"090079428";
"312";"Intelligent customer service question and answer prediction and recommendation dialogue generation method and device";"FU PENGFEI 
SHI NAN 
LIU JIANHUI";"ZHENGZHOU XIZHI INFORMATION TECH CO LTD";"CN117668199A";"2023-12-25";"G06F16/33 
G06F16/332 
G06F16/35 
G06F40/284 
G06F40/30 
G06N3/042 
G06N3/0442 
G06N3/0455 
G06N3/082 
G06N5/022";"G06F16/3329 (CN) 
G06F16/3344 (CN) 
G06F16/35 (CN) 
G06F40/284 (CN) 
G06F40/30 (CN) 
G06N3/042 (CN) 
G06N3/0442 (CN) 
G06N3/0455 (CN) 
G06N3/082 (CN) 
G06N5/022 (CN)";"2024-03-08";"2024-03-08";"090077018";
"313";"CORPORATE GOVERNANCE INFORMATION PROVISION DEVICE AND METHOD";"KOBAYASHI HIROYUKI 
OYA KENJI";"HITACHI LTD";"JP2024033510A 
JP7834610B2";"2022-08-30";"G06Q10/00 
G06Q10/06";"G06Q10/00 (EP) 
G06Q10/04 (EP) 
G06Q50/10 (EP)";"2024-03-13 
2026-03-24";"2024-03-07";"090099115";
"314";"Ship management device based on Beidou No.3 positioning";"JIN PINGCAO 
YU YONGJIE 
LYU JIAN 
HAN MENGDI 
WANG QIMIN 
GU WENTAO 
WANG ZHEJIE";"ZHEJIANG JEC ELECTRONICS CO LTD";"CN117615312A";"2023-11-22";"G01S19/39 
G01S19/42 
G01S19/52 
G06F16/26 
G06F16/29 
G08G3/02 
H04W4/02 
H04W4/021 
H04W4/024 
H04W4/029 
H04W4/42 
H04W4/44 
H04W4/70 
H04W64/00 
H04W84/06";"G01S19/393 (CN) 
G01S19/42 (CN) 
G01S19/52 (CN) 
G06F16/26 (CN) 
G06F16/29 (CN) 
G08G3/02 (CN) 
H04W4/021 (CN) 
H04W4/023 (CN) 
H04W4/024 (CN) 
H04W4/026 (CN) 
H04W4/027 (CN) 
H04W4/029 (CN) 
H04W4/42 (CN) 
H04W4/44 (CN) 
H04W4/70 (CN) 
H04W64/006 (CN) 
H04W84/06 (CN)";"2024-02-27";"2024-02-27";"089959053";
"315";"Quick ticket issuing method, device and equipment and readable storage medium";"ZHANG SUJUAN 
LI XIONGQING 
FEI XIAOFENG 
LI QING 
LIU LIANZHI";"TRAVELSKY TECH LTD";"CN117611151A";"2023-12-14";"G06Q20/06 
G06Q20/08 
G06Q20/10 
G06Q30/0601 
G06Q50/40";"G06Q20/065 (CN) 
G06Q20/0855 (CN) 
G06Q20/102 (CN) 
G06Q30/0635 (CN)";"2024-02-27";"2024-02-27";"089959799";
"316";"Method and System for Energy Transaction Platform";"SATHE NEETIKA [CA] 
TIWARI ABHINAV [CA] 
BOUTZIOUVIS ANASTASIA [CA] 
EPSTEIN ADAM [CA] 
BAJAJ NITIN [CA] 
YIN GERI [CA] 
MORTAGE HAMZA [CA] 
REEHAL RANVEER [CA] 
MILES CURTIS [CA]";"ALECTRA UTILITIES CORP [CA] 
SMART ENERGY SYSTEMS INC [US]";"US12639747B2 
US2024062280A1";"2022-08-18";"G06Q30/08";"G06Q30/08 (EP,US) 
G06Q40/04 (EP) 
G06Q50/06 (EP)";"2024-02-22 
2026-05-26";"2024-02-22";"089906912";
"317";"KING SEAFOOD MARKET";"KUMAR SUNIL";"KINGSEAFOODMARKET [AU]";"AU2022215153A1";"2022-08-08";"G06Q30/06 
G06Q50/02";"G06Q30/0609 (AU) 
G06Q50/02 (AU)";"2024-02-22";"2024-02-22";"089908127";
"318";"Intelligent electric charge settlement system with risk management and control function";"ZHANG XIANGYANG 
WEN YAOKUAN 
LI XIUQING 
ZHAO WEIHUA 
ZHANG ZHE 
YIN LU 
ZHANG LONG 
LI BINGYANG 
LIANG XIA 
DU JINGJING 
ZHOU MO 
LIU XIAOYUN 
HOU PEIPEI";"MARKETING SERVICE CENTER OF STATE GRID HENAN ELECTRIC POWER COMPANY";"CN117575330A";"2023-12-14";"G06Q10/0631 
G06Q10/0635 
G06Q20/10 
G06Q50/06";"G06Q10/063114 (CN) 
G06Q10/0635 (CN) 
G06Q20/102 (CN) 
G06Q50/06 (CN)";"2024-02-20";"2024-02-20";"089888181";
"319";"METHOD AND SYSTEM FOR ENERGY TRANSACTION PLATFORM";"SATHE NEETIKA [CA] 
TIWARI ABHINAV [CA] 
BOUTZIOUVIS ANASTASIA [CA] 
EPSTEIN ADAM [CA] 
BAJAJ NITIN [CA] 
YIN GERI [CA] 
MORTAGE HAMZA [CA] 
REEHAL RANVEER [CA] 
MILES CURTIS [CA]";"ALECTRA UTILITIES CORP [CA]";"CA3170881A1";"2022-08-18";"G06F16/27 
G06Q20/00 
G06Q30/08 
G06Q50/06";"G06Q20/0655 (EP) 
G06Q20/0855 (EP) 
G06Q20/145 (EP) 
G06Q30/0611 (EP) 
G06Q30/08 (EP) 
G06Q40/04 (EP) 
G06Q50/06 (EP)";"2024-02-18";"2024-02-18";"089896971";
"320";"SYSTEM FOR PROVIDING BUSINESS TO BUSINESS PLATFORM CONNECTING LICENSOR MANUFACTURER AND DISTRIBUTOR";"YANG SEUNG CHUL [KR] 
KIM NAM HYEOK";"COLLEY CO LTD [KR]";"KR102637259B1";"2023-11-07";"G06Q10/06 
G06Q10/10 
G06Q30/00 
G06Q30/02 
G06Q30/06 
G06Q50/04 
G06Q50/18 
G06Q50/50";"";"2024-02-16";"2024-02-16";"090056027";
"321";"User rating method and system, electronic equipment and storage medium";"CHEN PENG 
TANG RUIBO 
LI XIONGWEN 
WANG YAN 
SUN WENWEN 
PAN LIN 
GAO SHAN 
YE TONG 
ZHUO LINLI";"CHINA COMMUNICATIONS XIAMEN E COMMERCE CO LTD";"CN117495454A";"2023-10-23";"G06Q30/018 
G06Q30/0251 
G06Q30/0601";"G06Q30/0185 (CN) 
G06Q30/0255 (CN) 
G06Q30/0635 (CN)";"2024-02-02";"2024-02-02";"089673508";
"322";"動的支払認可システム及び方法";"";"";"JP2024538920A 
JP7702569B2";"2022-07-28";"G06Q20/24 
G06Q20/26 
G06Q20/40";"G06Q20/027 (EP,US) 
G06Q20/3825 (US) 
G06Q20/401 (EP)";"2024-10-28 
2025-07-03";"2024-02-01";"089706995";
"323";"Purchase information processing system based on B2B platform";"XU HUAN 
WANG WEIDONG 
WANG LUQUAN";"BEIJING QUANWANG SHUSHANG TECH CO LTD";"CN117455627A";"2023-11-25";"G06Q30/0601";"G06Q30/0605 (CN) 
G06Q30/0621 (CN) 
G06Q30/0633 (CN)";"2024-01-26";"2024-01-26";"089587528";
"324";"Data processing method and system based on privacy computing";"LIU XIANGBIN 
XU YUE 
LIU FEI 
MING PENGFEI 
MA WEI 
GUO SHILI";"CATHAY INSURANCE CO LTD";"CN117453742A";"2023-11-08";"G06F16/242 
G06F16/2455 
G06F16/2457 
G06F21/60 
G06F21/62";"G06F16/2445 (CN) 
G06F16/24558 (CN) 
G06F16/24573 (CN) 
G06F21/602 (CN) 
G06F21/6245 (CN)";"2024-01-26";"2024-01-26";"089590770";
"325";"External supply chain coordination method considering network advertisement delay";"YU HUI 
WANG XIAOTIAN 
LIU JUNRU 
CHEN DONGYAN 
WU ZHIHUI";"UNIV HARBIN SCIENCE & TECH";"CN117436631A";"2023-09-14";"G06Q10/0631 
G06Q30/0201 
G06Q30/0203 
G06Q30/0242";"G06Q10/06312 (CN) 
G06Q30/0203 (CN) 
G06Q30/0206 (CN) 
G06Q30/0242 (CN)";"2024-01-23";"2024-01-23";"089556007";
"326";"Intelligent declaration form automatic creation system";"LUO SHIMIN";"SHENZHEN OUSHUITONG TECH CO LTD";"CN117436822A";"2023-12-20";"G06F16/35 
G06Q10/10 
G06Q40/12";"Y02P90/30 (EP)";"2024-01-23";"2024-01-23";"089546440";
"327";"e- The live e-commerce platform system that can translate market-specific languages based on artificial intelligence";"YIM JAE HEE [KR]";"YIM JAE HEE [KR]";"KR20240007561A";"2022-07-08";"G06F40/20 
G06F40/40 
G06N20/00 
G06Q30/06 
G10L15/26 
H04N21/2187 
H04N21/254 
H04N21/478";"G06F40/20 (KR) 
G06F40/40 (KR) 
G06N20/00 (KR) 
G06Q30/0613 (KR) 
G06Q30/0643 (KR) 
G10L15/26 (KR) 
H04N21/2187 (KR) 
H04N21/2542 (KR) 
H04N21/47815 (KR)";"2024-01-16";"2024-01-16";"089719711";
"328";"Floating equipment and method for ocean surface flow field monitoring";"GAO XUJUN 
GAO SHILIN 
HUANG PENG 
TIAN WEIHUI 
XING RUIJIAO 
YU JINGTAO";"POWERCHINA NORTHWEST ENG CORP LTD";"CN117401095A";"2023-09-13";"B63B22/00 
B63B22/18 
B63B22/20 
B63B22/24 
F16J15/10 
G01D21/02 
H04W4/02";"B63B22/00 (CN) 
B63B22/18 (CN) 
B63B22/20 (CN) 
B63B22/24 (CN) 
F16J15/10 (CN) 
G01D21/02 (CN) 
H04W4/026 (CN) 
H04W4/027 (CN) 
B63B2022/006 (CN)";"2024-01-16";"2024-01-16";"089486114";
"329";"SYSTEM FOR PROVIDING BUSINESS TO BUSINESS TO CONSUMER BASED FOOD CONTAINER PLATFORM SERVICE WITH AUCTION AND IMAGE SEARCHING";"LEE SANG MAN [KR]";"LEE SANG MAN [KR]";"KR102622905B1";"2023-08-18";"G06F16/532 
G06F16/538 
G06F16/583 
G06Q30/06 
G06Q30/08 
G06V10/74";"";"2024-01-08";"2024-01-08";"089532991";
"330";"DATA WAREHOUSE SYSTEM ON BLOCK CHAIN FOR PROVIDING FINANCIAL SERVICES AND METHOD THEREOF";"KWON O HYEONG";"WINKSTONEPARTNERS CO LTD [KR]";"KR20240002887A";"2022-06-30";"G06F16/25 
G06Q40/03 
H04L67/1097 
H04L9/00";"G06F16/254 (KR) 
G06Q40/03 (KR) 
H04L67/1097 (KR) 
H04L9/50 (KR)";"2024-01-08";"2024-01-08";"089533389";
"331";"Renewable energy investment improvement method under carbon limit background";"ZHAO NENGGUI 
WANG JING";"UNIV HEFEI TECHNOLOGY";"CN117350603A";"2023-10-17";"G06Q10/067 
G06Q30/0201 
G06Q50/06";"G06Q10/067 (CN) 
G06Q30/0201 (CN) 
G06Q50/06 (CN)";"2024-01-05";"2024-01-05";"089366463";
"332";"METHOD, APPARATUS, AND COMPUTER-READABLE MEDIUM FOR TRANSACTION MANAGEMENT SPANNING MULTIPLE HETEROGENEOUS COMPUTING NETWORKS";"DONEY GEORGE DANIEL [US] 
O'CONNELL DENNIS [US]";"SECURRENCY INC [US] 
DTCC DIGITAL US INC [US]";"US12609849B2 
US2024007329A1";"2019-04-29";"G06F16/23 
G06F16/901 
G06Q20/36 
G06Q30/0283 
H04L12/46 
H04L45/00";"G06F16/2379 (EP,US) 
G06F16/9024 (EP,US) 
G06Q20/02 (EP) 
G06Q20/065 (EP) 
G06Q20/223 (EP) 
G06Q20/36 (EP,US) 
G06Q30/0283 (US) 
H04L12/4633 (EP,US) 
H04L45/14 (US) 
H04L9/3218 (EP) 
H04L9/50 (EP) 
G06Q20/381 (EP) 
G06Q2220/00 (EP) 
H04L2209/56 (EP) 
H04L45/14 (EP)";"2024-01-04 
2026-04-21";"2024-01-04";"089432816";
"333";"Tracing method for agricultural product storage and logistics";"WANG XIANG";"JIANGSU HUIMING AGRICULTURAL PRODUCT CIRCULATION CENTER CO LTD";"CN117333193A";"2023-07-07";"G06Q10/087 
G06Q30/018 
G06Q50/02";"G06Q10/087 (CN) 
G06Q30/0185 (CN) 
G06Q50/02 (CN) 
Y02P90/30 (EP)";"2024-01-02";"2024-01-02";"089281763";
"334";"Retail wholesale channel supervision system based on cloud platform";"LI HONGZHEN";"GUANGDONG JUSHENG TRADING CO LTD";"CN117273761A 
CN117273761B";"2023-10-11";"G06Q10/30 
G06Q30/014 
G06Q30/018 
G06Q30/0282";"G06Q10/30 (CN) 
G06Q30/014 (CN) 
G06Q30/0185 (CN) 
G06Q30/0282 (CN) 
Y02W90/00 (EP)";"2023-12-22 
2024-10-15";"2023-12-22";"089221268";
"335";"Application of on-code trustworthy device for medicine circulation supervision";"ZHOU QIONGYU 
HE JINCHENG 
ZHANG WENXIU";"GUANGDONG FOXIN MEDICINE CO LTD";"CN117273760A";"2023-09-28";"G06K7/00 
G06Q30/018 
G06Q50/22";"G06K7/0008 (CN) 
G06Q30/018 (CN) 
G06Q50/22 (CN)";"2023-12-22";"2023-12-22";"089205913";
"336";"Commodity distribution platform system";"WENG ZHICONG 
WENG ZEYU";"GUANGZHOU BAOLIAN INFORMATION TECH CO LTD 
SHENZHEN JINDAXIANG JEWELRY CO LTD";"CN117252608A 
CN117252608B";"2023-09-28";"G06Q30/02 
G06Q30/0601";"G06Q30/02 (CN) 
G06Q30/0605 (CN)";"2023-12-19 
2024-03-26";"2023-12-19";"089131072";
"337";"- Electronic product trading system that supports auction-reverse auction direct transaction method";"LEE WOO SEOK";"GATEWAY CO LTD [KR]";"KR20230171005A";"2022-06-12";"G06N20/00 
G06Q30/00 
G06Q30/02 
G06Q30/06 
G06Q30/08 
G06Q50/00";"G06N20/00 (KR) 
G06Q10/40 (KR) 
G06Q30/018 (KR) 
G06Q30/0202 (KR) 
G06Q30/0207 (KR) 
G06Q30/0271 (KR) 
G06Q30/0277 (KR) 
G06Q30/0619 (KR) 
G06Q30/0631 (KR) 
G06Q30/08 (KR)";"2023-12-19";"2023-12-19";"089385751";
"338";"Electronic product brokerage service method that provides an intelligent sales system";"LEE WOO SEOK";"GATEWAY CO LTD [KR]";"KR20230171004A";"2022-06-12";"G06N20/00 
G06Q30/00 
G06Q30/02 
G06Q30/06 
G06Q30/08 
G06Q50/00";"G06N20/00 (KR) 
G06Q10/40 (KR) 
G06Q30/018 (KR) 
G06Q30/0202 (KR) 
G06Q30/0207 (KR) 
G06Q30/0271 (KR) 
G06Q30/0277 (KR) 
G06Q30/0619 (KR) 
G06Q30/0631 (KR) 
G06Q30/08 (KR)";"2023-12-19";"2023-12-19";"089385436";
"339";"Online sacrifice transaction platform based on funeral and interment park";"ZHANG BIAO";"YANCHENG GONGCHANG TIANYUN COMPUTING CO LTD";"CN117237044A 
CN117237044B";"2023-09-19";"G01C21/00 
G01C21/20 
G06F16/2458 
G06F16/29 
G06Q20/12 
G06Q20/32 
G06Q30/0201 
G06Q30/0601 
G06Q50/26 
G06V20/40 
G06V20/52";"";"2023-12-15 
2024-09-13";"2023-12-15";"089092523";
"340";"Finance and tax data intelligent management method and system and readable storage medium";"LUO SHIMIN 
YI JUN 
GAO YI 
LIU DIAN 
LEI SONG 
LIU JIAYUN 
PAN MEILING";"SHENZHEN OUSHUITONG TECH CO LTD";"CN117237133A";"2023-08-07";"G06Q10/10 
G06Q40/12";"";"2023-12-15";"2023-12-15";"089081515";
"341";"Data analysis method and system applied to e-commerce platform";"CAO YU 
WAN GUANGYU 
LI XIANG 
HU HANLI 
LI QINGSONG 
YI CHAOQUN";"UNIV CENTRAL SOUTH";"CN117217786A 
CN117217786B";"2023-08-21";"G06F17/15 
G06F18/2113 
G06Q30/0201 
G06Q30/0601";"G06F17/15 (CN) 
G06F18/2113 (CN) 
G06Q30/0201 (CN) 
G06Q30/0601 (CN)";"2023-12-12 
2024-12-06";"2023-12-12";"089036014";
"342";"Operation method of agricultural product digital monitoring platform";"ZHAO JIANBO 
LU DANDAN 
ZHANG SHAOYUAN 
CHEN HONGXING 
DU MEIDAN 
MAO TIANYU 
BIAN XIAODONG 
CHEN PIN";"JINHUA AGRICULTURAL RURAL BIG DATA DEV CENTER";"CN117217947A";"2023-08-08";"G06K7/10 
G06K7/14 
G06Q10/10 
G06Q30/018 
G06Q50/02";"";"2023-12-12";"2023-12-12";"089034223";
"343";"Digital material supply chain data intelligent management system synchronization method and system";"PANG ZHIREN";"GUANGXI SANFANGDA SUPPLY CHAIN TECH SERVICE CO LTD";"CN117172710A";"2023-09-08";"G06Q10/087 
G06Q10/10 
G06Q50/22 
G16H40/20";"";"2023-12-05";"2023-12-05";"088946664";
"344";"Online resale commerce reseller system using metaverse";"HONG JONG HYUCK";"VISUALNET INC [KR] 
SEKYUNG INT [KR]";"KR20230163632A";"2022-05-23";"G06Q10/08 
G06Q30/02 
G06Q30/06 
G06Q50/10 
G06T13/40 
G06T15/00 
G06T19/00 
H04M7/00";"G06Q10/083 (KR) 
G06Q10/087 (KR) 
G06Q30/0277 (KR) 
G06Q30/0281 (KR) 
G06Q30/0613 (KR) 
G06Q30/0633 (KR) 
G06Q30/0643 (KR) 
G06Q50/10 (KR) 
G06T13/40 (KR) 
G06T15/00 (KR) 
G06T19/003 (KR) 
G06T19/006 (KR) 
H04M7/006 (KR)";"2023-12-01";"2023-12-01";"089124450";
"345";"Online franchise sales agency commerce seller system using AI";"HONG JONG HYUCK";"VISUALNET INC [KR] 
SEKYUNG INT [KR]";"KR102722904B1 
KR20230163633A";"2022-05-23";"G06Q50/30 
G06F16/33 
G06F16/332 
G06N20/00 
G06Q10/08 
G06Q30/02 
G06Q30/06 
G10L13/08 
G10L15/26 
H04L51/02 
H04L9/00 
G06Q50/50";"G06F16/3329 (KR) 
G06F16/3344 (KR) 
G06N20/00 (KR) 
G06Q10/083 (KR) 
G06Q10/087 (KR) 
G06Q30/0277 (KR) 
G06Q30/0281 (KR) 
G06Q30/0613 (KR) 
G06Q30/0633 (KR) 
G06Q30/0641 (KR) 
G06Q50/50 (KR) 
G10L13/08 (KR) 
G10L15/26 (KR) 
H04L51/02 (KR) 
H04L9/50 (KR) 
H04M7/006 (KR)";"2023-12-01 
2024-10-29";"2023-12-01";"089124634";
"346";"Cash feedback system";"LI YI-ZHEN [TW]";"TAIWAN COOPERATIVE BANK CO LTD [TW]";"TWM649146U";"2023-09-23";"G06Q40/02";"";"2023-12-01";"2023-12-01";"090040474";
"347";"B2B A SYSTEM FOR PROVIDING A B2B-BASED TRANSACTION BROKERAGE AND DONATION PLATFORM";"KANG MUNG CHOUL [KR]";"KANG MUNG CHOUL [KR]";"KR102683919B1 
KR20230163034A";"2022-05-23";"G06Q20/10 
G06Q30/06 
G06Q50/22";"G06Q20/10 (KR) 
G06Q30/0619 (KR) 
G06Q50/22 (KR)";"2023-11-30 
2024-07-10";"2023-11-30";"088968626";
"348";"FLOWER WHOLESALE AND RETAIL MANAGEMENT SERVICE BASED ON BUSINESS TO CUSTOMER AND BUSINESS TO BUSINESS";"CHOI GO BONG";"YOUTH LTD [KR]";"KR102789542B1 
KR20230160612A";"2022-05-17";"G06Q10/06 
G06Q10/08 
G06Q30/00 
G06Q30/02 
G06Q30/06 
G06T7/00";"G06Q10/0637 (KR) 
G06Q10/08 (KR) 
G06Q30/018 (KR) 
G06Q30/0282 (KR) 
G06Q30/0609 (KR) 
G06Q30/0619 (KR) 
G06Q30/0633 (KR) 
G06T7/001 (KR)";"2023-11-24 
2025-04-03";"2023-11-24";"088972330";
"349";"Demand side resource optimization scheduling method based on energy and standby joint sharing";"SONG MENG 
CAI YUNFENG 
GAO CIWEI 
JING XINYI 
YAN MINGYU 
REN SHUANGXUE 
XIA SHIWEI";"UNIV SOUTHEAST";"CN117114163A";"2023-07-10";"G06Q10/04 
G06Q10/0631 
G06Q50/06";"G06Q10/04 (CN) 
G06Q10/06311 (CN) 
G06Q10/06315 (CN) 
G06Q50/06 (CN)";"2023-11-24";"2023-11-24";"088806309";
"350";"Financial operation method based on ICP business model";"ZHAO XU";"ZHAO XU";"CN117078428A";"2023-08-22";"G06Q40/06";"G06Q40/06 (CN)";"2023-11-17";"2023-11-17";"088712936";
"351";"Market procurement and trade integrated management system suitable for wholesale market gathering area";"LING CHENG 
GE ZHENHUA 
QIU JIAN 
WANG LIMIN 
FU LIGUO";"JIANGSU SHENZHOU BOHAI INFORMATION TECH CO LTD";"CN117057816A";"2023-07-05";"G06Q10/0631 
G06Q10/0639 
G06Q10/10 
G06Q30/018 
G06Q40/04";"G06Q10/06313 (CN) 
G06Q10/06393 (CN) 
G06Q10/103 (CN) 
G06Q30/018 (CN) 
G06Q40/04 (CN)";"2023-11-14";"2023-11-14";"088665189";
"352";"E-commerce platform construction method, system and device and storage medium";"YAN YIFENG 
LIU XIAOQIAN";"INSPUR GENERAL SOFTWARE CO LTD";"CN117035931A";"2023-08-14";"G06F21/62 
G06F8/61 
G06F9/455 
G06F9/54 
G06Q30/0601 
H04L67/1095 
H04L67/306";"G06F21/6218 (CN) 
G06F8/63 (CN) 
G06F9/45558 (CN) 
G06F9/547 (CN) 
G06Q30/0601 (CN) 
H04L67/1095 (CN) 
H04L67/306 (CN) 
G06F2009/45595 (CN) 
G06F2221/2141 (CN)";"2023-11-10";"2023-11-10";"088634962";
"353";"Multi-dimensional management platform system for omni-channel sales";"SHI GUANGJIE 
FU FEILONG 
HUANG LILI 
WANG ZHENGYING 
WANG SHUANG";"NANJING XINWANG INTERNET TECH CO LTD";"CN117035467A";"2023-09-07";"G06Q10/0637 
G06Q10/087 
G06Q10/10 
G06Q30/06";"G06Q10/06375 (CN) 
G06Q10/087 (CN) 
G06Q10/103 (CN) 
G06Q30/06 (CN)";"2023-11-10";"2023-11-10";"088630086";
"354";"Rotatable angle-measuring all-weather beach face micro-landform observation device applied to intertidal zone";"CHENG CHEN 
WANG ZHONGYIN 
WANG YUANYE 
CHENG HAIFENG 
JI WEIGANG 
YAN TAOJIE";"SHANGHAI ESTUARINE & COASTAL SCIENCE RES CENTER 
SHANGHAI HEKOU COASTAL ENG CONSULTING CO LTD";"CN219996182U";"2023-06-01";"G01C11/00";"";"2023-11-10";"2023-11-10";"088619885";
"355";"Vehicle-station-network multi-level energy management and transaction method based on distributed robust optimization";"LIU HONG 
DU YONGMEI 
LI JUNKAI 
GE SHAOYUN";"UNIV TIANJIN";"CN117035275A";"2023-07-12";"B60L53/67 
G06Q10/0631 
G06Q40/04 
G06Q50/06 
G06Q50/30 
H02J3/00 
H02J3/12 
H02J3/28 
H02J3/32";"B60L53/67 (CN) 
G06Q10/0631 (CN) 
G06Q40/04 (CN) 
G06Q50/06 (CN) 
H02J3/008 (CN) 
H02J3/12 (CN) 
H02J3/28 (CN) 
H02J3/322 (CN) 
H02J2103/30 (CN) 
H02J2103/35 (CN)";"2023-11-10";"2023-11-10";"088628800";
"356";"Source-network integrated intelligent central heating system and operation method thereof";"AN XIAOJUN 
JIANG DEHAO 
WANG JIANGBO 
MING YUXING 
GU SHENGLONG 
SHI RUBIN 
SUN YONGKANG 
WANG YUZE 
SHI YAOHUI 
QIAO LEI 
LIU SHENGGUAN 
SHANG HAIJUN 
HE KAI";"HUANENG TONGCHUAN ZHAOJIN COAL AND ELECTRICITY CO LTD 
XIAN THERMAL POWER RES INST CO 
HUANENG SHAANXI POWER GENERATION CO LTD";"CN117029072A";"2023-06-09";"F24D19/02 
F24D19/10 
F24D3/02 
F24D3/08 
F24D3/10 
F24D3/18";"F24D19/02 (CN) 
F24D19/1072 (CN) 
F24D3/02 (CN) 
F24D3/087 (CN) 
F24D3/1058 (CN) 
F24D3/18 (CN)";"2023-11-10";"2023-11-10";"088625088";
"357";"Cinnamon whole industry chain cloud service system based on big data analysis and artificial intelligence";"CAO LIANG 
LI XIANGLI 
LI XIANGHE 
LIU SHUANGYIN 
XU LONGQIN 
CHEN ZHIXIN 
LIU TONGLAI 
FENG DACHUN 
ZHENG JIANHUA 
GAO XUEKAI 
XIAO WEI 
WU YU";"UNIV ZHONGKAI AGRI & ENG";"CN117010833A";"2023-08-09";"G06Q10/0637 
G06Q10/083 
G06Q10/10 
G06Q30/0601 
G06Q50/02";"G06Q10/0637 (CN) 
G06Q10/083 (CN) 
G06Q10/103 (CN) 
G06Q30/0635 (CN) 
G06Q50/02 (CN)";"2023-11-07";"2023-11-07";"088570796";
"358";"AN ADVANCED DATA AND ANALYTICS MANAGEMENT PLATFORM";"BHAWRA RIZWAN HAROON [ZA] 
EKEJI CHIKA [ZA] 
BELL MICHAEL GEOFFREY [ZA] 
MABOGO MASINDI ABRAHAM [ZA] 
ANGELOPOULOS NIKOLAOS [ZA]";"MTN GROUP MANAGEMENT SERVICES PTY LIMITED [ZA]";"US2025292180A1";"2022-04-29";"G06Q10/0639 
G06Q30/0601";"G06F16/2465 (EP,GB,KR) 
G06F16/283 (EP,GB,KR) 
G06F21/6254 (EP) 
G06N20/00 (GB,KR) 
G06N3/08 (GB,MA) 
G06N5/01 (GB) 
G06Q10/0639 (EP,GB,KR,MA,US) 
G06Q30/0631 (US) 
G06N20/00 (EP) 
G06N3/08 (EP) 
G06N5/01 (EP)";"2025-09-18";"2023-11-02";"088518028";
"359";"Display stand for wholesale of agricultural products";"XIANG LIANGBO";"GUANGDONG QICHEN TECH CO LTD";"CN219877856U";"2023-05-19";"A23B7/158 
A47F11/00 
A47F5/10 
A47F7/00";"";"2023-10-24";"2023-10-24";"088409022";
"360";"Cold-chain logistics system and method considering game theory";"HAN BING";"UNIV HENAN ANIMAL HUSBANDRY & ECONOMY";"CN116894615A";"2023-07-12";"G06N5/04 
G06Q10/083 
G06Q30/0201";"G06N5/042 (CN) 
G06Q10/083 (CN) 
G06Q30/0206 (CN)";"2023-10-17";"2023-10-17";"088310292";
"361";"DIGITAL HEALTH PRIVACY PLATFORM AND PASSPORT";"BLECHMAN ELAINE [US]";"PROSOCIAL APPLICATIONS INC [US]";"US12512192B2 
US2023317221A1";"2022-03-30";"G16H40/20 
G16H10/60 
H04L9/40";"G16H10/60 (EP,US) 
H04L63/0861 (EP) 
H04L63/107 (US)";"2023-10-05 
2025-12-30";"2023-10-05";"088193421";
"362";"METHODS AND SYSTEMS FOR PREDICTING RESPONSE TO PD-1 AXIS DIRECTED THERAPEUTICS IN COLORECTAL TUMORS WITH DEFICIENT MISMATCH REPAIR";"AHANONU EZE [US] 
MCMAHON SARA [US] 
SHANMUGAM KANDAVEL [US] 
SINICROPE FRANK [US] 
WILLIAMS CRYSTAL [US] 
YAN DONGYAO [US] 
ZHANG WENJUN [US]";"VENTANA MED SYST INC [US] 
MAYO FOUND MEDICAL EDUCATION & RES [US]";"WO2023192946A1";"2022-03-31";"G01N33/574 
G06T7/00";"G01N33/57535 (EP,US) 
G06T7/0012 (EP) 
G06T7/0014 (US) 
G06T7/74 (US) 
G06V10/25 (US) 
G06V20/695 (US) 
G06V20/698 (US) 
G06V20/70 (US) 
G01N2333/4742 (EP,US) 
G01N2333/70517 (EP,US) 
G01N2333/70521 (EP,US) 
G01N2333/70532 (EP,US) 
G01N2333/70596 (EP,US) 
G01N2474/20 (US) 
G01N2800/52 (EP) 
G06T2207/10056 (EP) 
G06T2207/30024 (EP,US) 
G06T2207/30096 (US) 
G06T2207/30204 (US) 
G06V2201/03 (US)";"2023-10-05";"2023-10-05";"086142659";
"363";"System, architecture and method for managing and scheduling short-connected vehicle cluster";"YAN JIAN 
WU QINLIN 
XIE FEI";"JIANGSU SHUNONG XINTONG DIGITAL TECH CO LTD";"CN116843135A";"2023-06-22";"G06N20/00 
G06N3/047 
G06N3/048 
G06N3/092 
G06Q10/0631 
G06Q10/083 
G06Q50/30";"G06N20/00 (CN) 
G06N3/047 (CN) 
G06N3/048 (CN) 
G06N3/092 (CN) 
G06Q10/06311 (CN) 
G06Q10/083 (CN)";"2023-10-03";"2023-10-03";"088168157";
"364";"Secretariat LINK";"TALBOT SCOTT";"TALBOT SCOTT MR [AU]";"AU2022201604A1";"2022-03-08";"G06Q50/00 
G06Q90/00 
G06Q10/06";"G06Q10/0637 (AU) 
G06Q10/40 (AU) 
G06Q90/00 (AU)";"2023-09-28";"2023-09-28";"088096998";
"365";"Agricultural product selling method, device, equipment and medium";"ZHOU YONGPING";"SHANGHAI YUGU NETWORK TECH CO LTD";"CN116797138A";"2023-06-25";"G06Q10/087 
G06Q30/0601 
G06Q50/02";"";"2023-09-22";"2023-09-22";"088049197";
"366";"B2B B2B based drug trading system";"KWON O JUN [KR]";"KWON O JUN [KR]";"KR102579408B1";"2023-06-26";"G06Q10/10 
G06Q20/24 
G06Q30/06 
G11B33/02 
G11B33/08";"";"2023-09-14";"2023-09-14";"088013900";
"367";"erp production and logistics erp automation system by linking and using customer information";"KIM CHAN WOO";"BROSCOMMUNICATION INC [KR]";"KR20230130473A";"2022-03-03";"G06Q10/06 
G06Q10/08 
G06Q10/10";"G06Q10/06315 (KR) 
G06Q10/087 (KR) 
G06Q10/10 (KR)";"2023-09-12";"2023-09-12";"088020120";
"368";"Farmer assistance platform management system";"LUO JIAOLING 
HUANG XIA 
OU LIUFENG 
PAN HUIJIN 
ZHAO YIHENG 
HE NANXUAN";"YOUJIANG MEDICAL UNIV FOR NATIONALITIES";"CN116703322A";"2023-06-14";"G06Q10/10 
G06Q30/0601 
G06Q50/02";"G06Q10/103 (CN) 
G06Q30/0605 (CN) 
G06Q30/0635 (CN) 
G06Q50/02 (CN) 
Y02P90/30 (EP)";"2023-09-05";"2023-09-05";"087827278";
"369";"Digital actor agency online platform system";"PARK HONG SIK";"DONGSEO TECHNOLOGY HEADQUTERS [KR]";"KR20230125925A";"2022-02-22";"G06Q30/06 
G06Q50/10 
G06T13/40 
G06T19/00";"G06Q30/0619 (KR) 
G06Q50/10 (KR) 
G06T13/40 (KR) 
G06T19/00 (KR)";"2023-08-29";"2023-08-29";"087802758";
"370";"Electronic commerce logistics system with low capital cost and operation cost";"FISCHMANN FERNANDO BENJAMIN";"PEROSUT LOGISTICS LLC";"CN116648715A";"2021-07-16";"G06Q10/08";"";"2023-08-25";"2023-08-25";"087619869";
"371";"BUSINESS-TO-BUSINESS (B2B) CANNABIS ONLINE MARKETPLACE SYSTEM AND METHOD";"GULESSERIAN ARA [US]";"GULESSERIAN ARA [US]";"US2023267534A1";"2021-12-30";"G06Q10/0639 
G06Q10/083 
G06Q20/10 
G06Q30/018 
G06Q30/0282 
G06Q30/0601 
G06Q30/08";"G06Q10/0639 (US) 
G06Q10/083 (EP,US) 
G06Q20/108 (US) 
G06Q20/14 (EP) 
G06Q20/403 (EP) 
G06Q30/018 (EP,US) 
G06Q30/0282 (US) 
G06Q30/0601 (EP) 
G06Q30/0605 (EP) 
G06Q30/0607 (EP) 
G06Q30/0609 (EP,US) 
G06Q30/08 (EP,US) 
G06Q40/03 (EP) 
G06Q50/18 (EP) 
G06Q50/26 (EP)";"2023-08-24";"2023-08-24";"087574623";
"372";"KYC entry dynamic configuration and precise picture character recognition method";"JIAO YANG 
ZHEN GUOGANG";"QIYUN DIGITAL TECH SHANGHAI CO LTD";"CN116630952A";"2023-01-06";"G06Q20/40 
G06V20/00 
G06V20/62";"G06Q20/4016 (CN) 
G06V20/62 (CN) 
G06V20/95 (CN) 
Y02D10/00 (EP)";"2023-08-22";"2023-08-22";"087608637";
"373";"Parameterization design method for laminate cavity type air-cooled turbine blade";"QIAO YIFEI 
TAO ZHI 
YU BOYANG 
SONG LIMING";"UNIV XI AN JIAOTONG";"CN116595663A";"2023-04-25";"F01D5/18 
G06F30/17 
G06T17/00";"F01D5/186 (CN) 
G06F30/17 (CN) 
G06T17/00 (CN) 
G06T2210/04 (CN) 
Y02T90/00 (EP)";"2023-08-15";"2023-08-15";"087603608";
"374";"METHOD APPARATUS AND SYSTEM FOR PROVIDING ONLINE E-COMMERCE SERVICE FOR WHOLESALE AND RETAIL SALES OF MEDICINES AND MEDICAL CONSUMABLES";"HWANG YOUNG BAE [KR]";"OCEAN PHARM MEDI [KR] 
HWANG YOUNG BAE [KR]";"KR102566897B1";"2023-04-05";"G06Q10/08 
G06Q30/02 
G06Q30/06";"";"2023-08-14";"2023-08-14";"087565651";
"375";"Used-Car Business Method using Machine Learning Ensemble and System Using the Same";"LEE KYU CHANG 
PARK YOUNG SEON 
KIM JIN WOONG 
JEON JI WON 
HYUN WON JAE 
AHN JEONG HUN 
LEE JAE JUN";"HYUNDAI GLOVIS CO LTD [KR]";"KR102566236B1";"2022-08-23";"G06N20/20 
G06Q10/08 
G06Q30/02 
G06Q30/06 
G06Q30/08";"";"2023-08-11";"2023-08-11";"087565886";
"376";"Customizable multi-tenant isolated B2B shopping mall platform";"PENG JINQIAO";"WUHAN FEIYU YIKE TECH CO LTD";"CN116562971A";"2023-05-11";"G06F16/958 
G06Q30/0601 
H04L61/4511";"G06F16/958 (CN) 
G06Q30/0641 (CN) 
H04L61/4511 (CN) 
Y02D10/00 (EP)";"2023-08-08";"2023-08-08";"087496001";
"377";"Public service platform appeal handling method and system";"ZHONG JUN 
LIN YUGUANG 
HE GUIDONG 
LAN JIAFU";"FUJIAN ZHENGWU MENHU NETWORK STATION OPERATION MAN CO LTD";"CN116563070A";"2022-12-30";"G06F16/35 
G06F16/635 
G06Q10/10 
G06Q50/26";"G06F16/353 (CN) 
G06F16/636 (CN) 
G06Q10/103 (CN) 
G06Q50/26 (CN) 
Y02P90/30 (EP)";"2023-08-08";"2023-08-08";"087484988";
"378";"Cigarette sales trend analysis system and method based on regional data statistics";"YAO WENYA 
WANG CUILAN 
WANG LE";"YANGZHONG BRANCH OF ZHENJIANG TOBACCO COMPANY";"CN116562918A";"2023-04-24";"G06F18/2415 
G06Q30/0202";"G06F18/24155 (CN) 
G06Q30/0202 (CN) 
Y02P90/30 (EP)";"2023-08-08";"2023-08-08";"087490861";
"379";"Goods wholesale online real-time processing method and system";"DENG FANG";"CHENFENG PLANNING SHENZHEN CO LTD";"CN116542748A";"2023-06-27";"G06Q10/087 
G06Q30/0601 
G06Q40/04";"G06Q10/087 (CN) 
G06Q30/0635 (CN) 
G06Q40/04 (CN) 
Y02P90/30 (EP)";"2023-08-04";"2023-08-04";"087449064";
"380";"Decision-making method for disaster relief material reserve";"SHAO JIANFANG 
WANG XIHUI 
WEI JIUCHANG";"UNIV SCIENCE & TECHNOLOGY CHINA 
INTERNATIONAL FINANCE RESEARCH INSTITUTE UNIV OF SCIENCE AND TECHNOLOGY OF CHINA";"CN116523200A";"2023-03-28";"G06Q10/0631 
G06Q50/26";"G06Q10/06315 (CN) 
G06Q50/26 (CN) 
Y02A10/40 (EP)";"2023-08-01";"2023-08-01";"087402052";
"381";"Platform flow control method and system applied to e-commerce platform";"CAO YU 
WAN GUANGYU 
SHAO TONG 
HU HANLI 
LI QINGSONG 
YI CHAOQUN";"UNIV CENTRAL SOUTH";"CN116503143A";"2023-06-27";"G06F17/11 
G06Q30/02 
G06Q30/0601 
G06Q50/04";"G06F17/11 (CN) 
G06Q30/0278 (CN) 
G06Q30/0605 (CN) 
G06Q50/04 (CN) 
Y02P90/30 (EP)";"2023-07-28";"2023-07-28";"087325199";
"382";"Online shopping mall platform between wholesalers and consumers.";"LEE YONG HYUK";"WEFRIEN CORP [KR]";"KR20230111766A";"2022-01-19";"G06F16/2457 
G06F16/901 
G06Q10/08 
G06Q30/06";"G06F16/24578 (KR) 
G06F16/901 (KR) 
G06Q10/083 (KR) 
G06Q30/0619 (KR) 
G06Q30/0633 (KR) 
G06Q30/0641 (KR)";"2023-07-26";"2023-07-26";"087427765";
"383";"Fund constraint-based supply chain advertisement and financing strategy selection method";"BI GONGBING 
LIU YINGHUI 
WANG PINGFAN";"UNIV SCIENCE & TECHNOLOGY CHINA";"CN116485429A";"2023-04-07";"G06N7/01 
G06Q30/0201 
G06Q30/0202 
G06Q30/0241 
G06Q30/0242 
G06Q30/0273 
G06Q30/0601 
G06Q40/03";"G06Q30/0201 (CN) 
G06Q30/0202 (CN) 
G06Q30/0246 (CN) 
G06Q30/0247 (CN) 
G06Q30/0249 (CN) 
G06Q30/0273 (CN) 
G06Q30/0277 (CN) 
G06Q30/0617 (CN)";"2023-07-25";"2023-07-25";"087226121";
"384";"B2B METHOD OF PROVIDING B2B-BASED LIVE COMMERCE PLATFORM SERVICE BETWEEN MANUFACTURER AND CUSTOMER AND DEVICE AND SYSTEM FOR THE SAME";"LEE JUNG SILL [KR]";"CHINA&KOREA CONNECT [KR]";"KR102559118B1";"2023-04-25";"G06Q30/06 
H04N21/2187 
H04N21/254";"";"2023-07-25";"2023-07-25";"087428558";
"385";"High-speed spraying system with visual inspection function";"XU QUANJUN 
XIONG ZHIPING 
JIANG MINGWEI 
YI JIANQIU 
LI XINYU 
MAO MINGXIANG 
ZHAO YI";"WUHAN JINGSHAN LIGHT MACHINE INTELLIGENT EQUIPMENT CO LTD";"CN116474976A";"2023-04-21";"B05B12/12 
B05B13/00 
B05B13/02 
B05B15/68 
B05D1/02 
B23K3/08 
G01N21/88 
G06T5/00 
G06T7/00 
G06T7/13 
G06T7/73";"B05B12/12 (CN) 
B05B13/00 (CN) 
B05B13/0221 (CN) 
B05B15/68 (CN) 
B05D1/02 (CN) 
B23K3/082 (CN) 
G01N21/8851 (CN) 
G06T5/70 (CN) 
G06T7/0004 (CN) 
G06T7/13 (CN) 
G06T7/74 (CN) 
G06T2207/30152 (CN) 
Y02P70/10 (EP)";"2023-07-25";"2023-07-25";"087217256";
"386";"Data docking method applied to B2B e-commerce platform";"SUO CHAOCHAO 
WU XIANFENG";"TIANJIN HUISHANG GONGDA TECH CO LTD";"CN116418802A";"2023-02-08";"G06Q30/0601 
H04L41/0631 
H04L67/06 
H04L67/1095 
H04L67/53";"G06Q30/0601 (CN) 
H04L41/0631 (CN) 
H04L67/06 (CN) 
H04L67/1095 (CN) 
Y02D10/00 (EP)";"2023-07-11";"2023-07-11";"087057273";
"387";"3 B2B 3-Party B2B OVERSEAS EXPORT MAKETING SERVICE PLATFORM SYSTEM";"KOH JUNGOOK 
SONG JIHO 
HAN EUNHYE 
YANG DAWOON 
SEOL EUN HWAN";"GYEONGGIDO BUSINESS & SCIENCE ACCELERATOR [KR]";"KR102823920B1 
KR20230098484A";"2021-12-24";"G06N3/08 
G06Q30/02 
G06Q30/06";"G06N3/09 (KR) 
G06Q30/0201 (KR) 
G06Q30/0281 (KR) 
G06Q30/0619 (KR)";"2023-07-04 
2025-06-24";"2023-07-04";"087156232";
"388";"BUSINESS TO BUSINESS CREDIT FACILITY PROVISIONING AND PROCESSING SYSTEM AND METHOD WITH AUTOMATIC LIGHTWEIGHT MODULE AS A PAYMENT OPTION AT CHECKOUT";"TOMICH JOHN [US]";"TOMICH JOHN [US]";"US12045880B2 
US2023206322A1";"2019-09-20";"G06Q20/38 
G06Q40/03";"G06Q20/382 (EP,US) 
G06Q20/4016 (EP) 
G06Q40/03 (EP,US)";"2023-06-29 
2024-07-23";"2023-06-29";"086896798";
"389";"Intelligent two-way promotion method for service B2B e-commerce platform user";"QIAN SHIZHU 
MA CHENGPING 
GAO HONGLEI 
ZHOU JUN 
GU XINTONG";"FOCUS TECH CO LTD";"CN116342191A";"2023-02-01";"G06Q30/0201 
G06Q30/0202 
G06Q30/0242 
G06Q30/0251 
G06Q30/0601";"G06Q30/0201 (CN) 
G06Q30/0206 (CN) 
G06Q30/0242 (CN) 
G06Q30/0253 (CN) 
G06Q30/0601 (CN) 
Y02D10/00 (EP)";"2023-06-27";"2023-06-27";"086879827";
"390";"B2B METHOD DEVICE AND SYSTEM FOR RECOMMENDING ORDER INFORMATION THROUGH PATTERN ANALYSIS OF ORDER HISTORY REGARDING DISTRIBUSTION OF FOOD MATERIALS AND SUBSIDIARY MATERIALS FOR BUSINESS TO BUSINESS BASED ON ARTIFICIAL INTELLIGENCE MODEL";"KIM SUK WOON [KR]";"NEWTONG CORP [KR]";"KR102546871B1";"2023-04-17";"G06N20/00 
G06N3/08 
G06Q10/06 
G06Q10/08 
G06Q30/06";"Y02P90/30 (EP)";"2023-06-23";"2023-06-23";"086993383";
"391";"Prepaid processing method and device, electronic equipment and storage medium";"CHEN YINGKUI 
WANG XING 
HUANG ZHIHUA 
NIE HAO";"SHENZHEN HUAYUXUN TECH CO LTD";"CN116308335A 
CN116308335B";"2023-02-01";"G06Q20/06 
G06Q20/28";"G06Q20/065 (CN) 
G06Q20/28 (CN)";"2023-06-23 
2023-11-24";"2023-06-23";"086791567";
"392";"Deal specifications creation system and the method of marine products distribution platform";"SHIN JUN GI";"CNS SOLUTIONS CO LTD [KR]";"KR102715237B1 
KR20230086168A";"2021-12-08";"G06Q10/08 
G06Q20/04 
G06Q30/06 
G06Q30/08 
G06Q40/00";"G06Q10/0833 (KR) 
G06Q20/047 (KR) 
G06Q30/0613 (KR) 
G06Q30/0633 (KR) 
G06Q30/0641 (KR) 
G06Q30/08 (KR) 
G06Q40/12 (KR)";"2023-06-15 
2024-10-11";"2023-06-15";"086763628";
"393";"Marine products distribution open platform and the Marine products order and management method";"SHIN JUN GI";"CNS SOLUTIONS CO LTD [KR]";"KR102878770B1 
KR20230086167A";"2021-12-08";"G06Q50/30 
G06Q30/06 
G06Q30/08 
G06Q50/50";"G06Q30/0613 (KR) 
G06Q30/0633 (KR) 
G06Q30/0641 (KR) 
G06Q30/08 (KR) 
G06Q50/50 (KR)";"2023-06-15 
2025-10-30";"2023-06-15";"086763652";
"394";"Electricity selling company-oriented settlement system for electric power spot market";"ZHOU NA 
WU DIANNING 
YANG YANMENG 
CUI LINTONG 
HO PEI SHAN 
LIU XIANGRUI 
DUAN PEIHENG 
FENG YINGYING 
WANG XIKAI";"KUNMING ELECTRIC POWER TRANSACTION CENTER CO LTD";"CN116245528A 
CN116245528B";"2021-12-06";"G06Q10/0635 
G06Q20/40 
G06Q40/12 
G06Q50/06";"G06Q10/0635 (CN) 
G06Q20/4014 (CN) 
G06Q40/125 (CN) 
G06Q50/06 (CN) 
Y04S10/50 (EP)";"2023-06-09 
2025-11-18";"2023-06-09";"086624661";
"395";"Park automatic driving logistics system and transportation method";"TIAN BIN 
ZHUANG ZIJUN";"CHENGDU SHENGXINPEI TECH CO LTD";"CN116245437A";"2023-03-03";"G05D1/02 
G06Q10/0631 
G06Q10/083";"G05D1/021 (CN) 
G06Q10/06311 (CN) 
G06Q10/083 (CN) 
Y02P90/02 (EP)";"2023-06-09";"2023-06-09";"086632858";
"396";"Discrete Cryosurgical Primary-Device";"KRIEGER RORY FARLAN [US]";"KRIEGER RORY FARLAN [US] 
ABC PRESENTS LLC [US]";"US2023172682A1";"2021-12-07";"A61B18/02 
A61B90/00";"A61B18/02 (EP) 
A61B18/0218 (EP,US) 
A61B90/04 (US) 
A61B2018/00452 (EP) 
A61B2018/00458 (US) 
A61B2018/0047 (EP,US) 
A61B2018/00577 (US) 
A61B2090/0436 (EP,US) 
A61B2090/0463 (EP,US) 
A61F2007/0087 (US)";"2023-06-08";"2023-06-08";"086608582";
"397";"METHOD AND SYSTEM FOR PROVIDING UNMANNED CONVENIENCE STORE OPERATING SERVICE";"JEON MIN HO [KR]";"JEON MIN HO [KR]";"KR20230079582A";"2021-11-29";"G06K19/06 
G06Q10/06 
G06Q10/08 
G06Q30/06";"G06K19/06028 (KR) 
G06Q10/0631 (KR) 
G06Q10/06315 (KR) 
G06Q10/0875 (KR) 
G06Q30/0631 (KR)";"2023-06-07";"2023-06-07";"086762129";
"398";"Industrial and commercial tenant self-service registration system based on B2B e-commerce platform";"LUO YAO";"SHANGHAI SUHEHUI TECH SERVICES CO LTD";"CN116228389A";"2022-11-21";"G06Q40/03 
G06Q40/12";"G06Q40/123 (CN) 
Y02P90/30 (EP)";"2023-06-06";"2023-06-06";"086586031";
"399";"Multi-network supply chain cooperation system";"ZHANG KAI 
XUE YIFENG 
SHA LI 
KONG WEI 
LIU CHAO 
HU JIAN 
YIN XING";"SHANGHAI HUANENG E COMMERCE CO LTD 
HUANENG ENERGY TRAFFIC IND HOLDING CO LTD";"CN116228351A";"2022-12-28";"G06Q10/087 
G06Q30/0601";"G06Q10/087 (CN) 
G06Q30/0601 (CN) 
G06Q30/0611 (CN) 
Y02P90/30 (EP)";"2023-06-06";"2023-06-06";"086581563";
"400";"Distributed energy management and transaction system based on collaborative bidding";"XIE ZUIXI 
WANG ZHENG 
LI DONGLI";"SHENZHEN PURUI SHIDAI ENERGY CO LTD";"CN116205730A";"2023-02-03";"G06F16/27 
G06Q40/04";"G06F16/27 (CN) 
G06Q40/04 (CN) 
Y04S10/50 (EP)";"2023-06-02";"2023-06-02";"086516561";
"401";"System and method for direct transaction of artificial intelligence-based food materials wholesale";"KONG GYEONG YUL";"FOODPANG CO LTD [KR]";"KR102598665B1 
KR20230076391A";"2021-11-24";"G06Q10/04 
G06Q10/08 
G06Q30/02 
G06Q30/06";"G06Q10/04 (KR) 
G06Q10/087 (KR) 
G06Q30/0201 (KR) 
G06Q30/0206 (KR) 
G06Q30/0613 (KR) 
G06Q30/0629 (KR)";"2023-05-31 
2023-11-07";"2023-05-31";"086543168";
"402";"system and method for comparing the selling price of food materials based on artificial intelligence";"KONG GYEONG YUL";"FOODPANG CO LTD [KR]";"KR102854693B1 
KR20240078632A";"2021-11-24";"G06Q10/08 
G06Q30/0201";"G06Q10/08 (KR) 
G06Q30/0201 (KR) 
G06Q30/0206 (KR)";"2024-06-04 
2025-09-05";"2023-05-31";"086543486";
"403";"B2B-based multi-platform information issuing system and method";"ZHOU BOHU 
XIE JIAQI";"SHANDONG KAICHUANG INTERNET CO LTD";"CN116188099A";"2022-12-28";"G06Q30/0601";"G06Q30/0639 (CN)";"2023-05-30";"2023-05-30";"086439502";
"404";"SYSTEM AND METHOD FOR GLOBAL ONLINE WHOLESALE PRODUCT SALES MANAGEMENT";"LEE MYUNG JIN 
KIM HO YOUNG 
LEE SEUNG HYUN";"VIRALPICK CO LTD [KR]";"KR102535118B1";"2022-07-08";"G06F40/58 
G06Q10/08 
G06Q30/02 
G06Q30/06";"";"2023-05-30";"2023-05-30";"086529555";
"405";"ELECTRIC POWER ADJUSTMENT SYSTEM";"KOMATSU DAIKI 
YAMAUCHI SUSUMU 
MINE HIROSHI 
TAKAHASHI HIROSHI 
MASANAO KAZUYA";"HITACHI LTD";"JP2023074654A 
JP7825408B2";"2021-11-18";"H02J13/00 
H02J3/00 
H02J3/14 
H02J7/00 
G06Q50/06 
H02J3/32 
H02J13/14 
H02J13/182 
H02J13/183 
H02J3/17 
H02J7/80";"";"2023-05-30 
2026-03-06";"2023-05-30";"086541297";
"406";"System and method for recommending product based on rate of return";"NAM KUNG MAN";"ITOR CORP [KR]";"KR20230072097A";"2021-11-17";"G06F17/18 
G06F40/20 
G06N20/00 
G06Q30/02 
G06Q30/06";"G06F17/18 (KR) 
G06F40/20 (KR) 
G06N20/00 (KR) 
G06Q30/0201 (KR) 
G06Q30/0202 (KR) 
G06Q30/0242 (KR) 
G06Q30/0631 (KR)";"2023-05-24";"2023-05-24";"086540702";
"407";"Risk control management platform for B2B e-commerce system";"LIU JING 
SHAO HAO 
GAO BO";"TIANJIN HUISHANG GONGDA TECH CO LTD";"CN116151914A";"2022-12-28";"G06N20/00 
G06Q20/40 
G06Q30/0601";"G06N20/00 (CN) 
G06Q20/4016 (CN) 
G06Q30/0601 (CN)";"2023-05-23";"2023-05-23";"086361156";
"408";"Systems and methods for managing the distribution of industrial goods";"JUNG SUNG SOO [KR]";"L J INT INC [KR]";"KR20230071292A";"2021-11-16";"G06Q30/00 
G06Q30/02 
G06Q30/06";"G06Q30/01 (KR) 
G06Q30/02 (KR) 
G06Q30/0613 (KR) 
G06Q30/0633 (KR) 
G06Q30/0641 (KR)";"2023-05-23";"2023-05-23";"086544886";
"409";"SYSTEM AND METHOD FOR PROVIDING E-COMMERCE CUSTOMER PERSONALIZATION SERVICE";"LEE HAK IM [KR] 
KIM NA IM";"LEE HAK IM [KR]";"KR20230068764A";"2021-11-11";"G06Q30/02 
G06Q30/06";"G06Q30/0203 (KR) 
G06Q30/0222 (KR) 
G06Q30/0609 (KR) 
G06Q30/0631 (KR)";"2023-05-18";"2023-05-18";"086545383";
"410";"Unmanned aerial vehicle platform fire source positioning device and method";"CHEN YONGKANG 
LI XIANGRONG 
TONG HUAN 
ZHANG JIANWEI 
XIAO YANWEN 
HU XUESONG 
HAN XIAOPING 
YANG LEI";"ARMY ARMORED MILITARY ACAD PLA";"CN116109955A 
CN116109955B";"2023-04-10";"G06V10/764 
G06V20/17 
G06V20/40";"G06V10/764 (CN) 
G06V20/17 (CN) 
G06V20/41 (CN) 
G06V20/48 (CN) 
Y02A40/28 (EP)";"2023-05-12 
2023-06-16";"2023-05-12";"086256421";
"411";"BUSINESS-TO-BUSINESS MARKETPLACE";"LOUNSBERRY BRIAN [US]";"MIDWAYPLUS LLC [US]";"US11763364B2 
US2023143723A1";"2021-11-09";"G06Q30/06 
G06Q30/00 
G06Q30/0601 
G06Q50/00";"G06Q30/02 (EP) 
G06Q30/0609 (EP,US) 
G06Q10/40 (EP,US) 
G06Q10/42 (EP)";"2023-05-11 
2023-09-19";"2023-05-11";"086229946";
"412";"BUSINESS-TO-BUSINESS MARKETPLACE";"LOUNSBERRY BRIAN [US]";"MIDWAYPLUS LLC [US]";"US2023143260A1";"2021-11-09";"G06Q30/00 
G06Q30/02 
G06Q30/06";"G06Q30/018 (EP,US) 
G06Q30/02 (EP) 
G06Q30/0277 (EP,US) 
G06Q30/0643 (EP,US)";"2023-05-11";"2023-05-11";"086229841";
"413";"SYSTEMS AND METHODS FOR MANAGING DIRECT EXCHANGE";"VAN DER BAAN MELODIE [US] 
BODSTROM MORGAN HATIN [US] 
CIARELLI DAMON [US]";"VAN DER BAAN MELODIE [US] 
BODSTROM MORGAN HATIN [US] 
CIARELLI DAMON [US] 
SWAPRETAIL INC [US]";"US12437326B2 
US2023143689A1";"2019-03-15";"G06Q10/087 
G06Q30/0601";"G06Q10/083 (EP) 
G06Q10/087 (US) 
G06Q10/08744 (EP) 
G06Q30/0607 (EP,US) 
G06Q30/0613 (EP,US) 
G06Q30/0633 (EP) 
G06Q30/0635 (EP) 
G06Q30/0637 (EP,US) 
G06Q30/0641 (EP) 
G06Q10/08728 (EP)";"2023-05-11 
2025-10-07";"2023-05-11";"086229944";
"414";"Frozen food cold chain network architecture based on freezing temperature monitoring agent and shared refrigerator";"LU ANDI 
ZHANG ZHENYU 
ZENG MING 
CAI JIANHU";"UNIV HANGZHOU DIANZI";"CN116050964A";"2022-12-30";"G06Q10/047 
G06Q10/083 
G06Q10/087";"G06Q10/047 (CN) 
G06Q10/083 (CN) 
G06Q10/087 (CN)";"2023-05-02";"2023-05-02";"086116002";
"415";"Sweetpotato vine named ‘NCORNSP-029SCBC’";"YENCHO GEORGE CRAIG [US] 
PECOTA KENNETH VINCENT [US] 
HEIM CHRISTOPHER [US]";"UNIV NORTH CAROLINA STATE [US]";"USPP35148P2";"2022-11-15";"A01H5/12 
A01H6/00";"";"2023-05-02";"2023-05-02";"086160513";
"416";"System and Method for Providing Electronic Contract Service Mediation based on AI";"SEO DONG HYUK [KR]";"BUB BUSINESS BRIDGE [KR]";"KR20230056420A";"2021-10-20";"G06N20/00 
G06Q10/02 
G06Q10/06 
G06Q30/06";"G06N20/00 (KR) 
G06Q10/02 (KR) 
G06Q10/06375 (KR) 
G06Q10/0639 (KR) 
G06Q30/0619 (KR)";"2023-04-27";"2023-04-27";"086100003";
"417";"Book data processing method and system, quick book distribution method and electronic equipment";"ZHANG WENCHAO 
FU PENG 
LUO GENG 
ZHANG JIANQING 
KIM JIN-GIL 
LI JIE 
ZHAO XIAOGANG 
DING MENG 
LI ZHONGQIANG";"CITIC UNITED CLOUD TECH CO LTD";"CN115994772A 
CN115994772B";"2023-02-22";"G06F40/284 
G06Q30/018 
G06Q30/0601 
G06Q50/18 
G06V30/41 
G06V40/16";"Y02P90/30 (EP)";"2023-04-21 
2024-03-08";"2023-04-21";"085993492";
"418";"Multi-mode and multi-level ordering system based on middle platform";"BAO ZHIGANG 
CHEN XINYU 
XU MING 
LI WEIHUA";"GUANGDONG YUNXI INTELLIGENT TECH CO LTD";"CN115983937A";"2022-12-12";"G06Q10/067 
G06Q30/0201 
G06Q30/0601";"";"2023-04-18";"2023-04-18";"085969153";
"419";"B2B business transaction system";"TSAI CHING-MING";"KUALI YOULIAN FUJIAN QUALITY TECH CO LTD";"CN115983948A 
CN115983948B";"2023-02-01";"G06F21/60 
G06F40/18 
G06F40/186 
G06Q10/087 
G06Q30/0601";"Y02P90/30 (EP)";"2023-04-18 
2023-07-07";"2023-04-18";"085957998";
"420";"Internet ecosphere for beauty industry";"YU BIYAN";"NINGBO YUNCHUANGLI NETWORK TECH CO LTD";"CN115983805A";"2023-02-13";"G06Q10/10 
G06Q30/02 
G06Q50/10";"Y02P90/30 (EP)";"2023-04-18";"2023-04-18";"085962541";
"421";"一种载板组件及测试设备";"";"";"CN218866041U";"2022-11-18";"G01R1/02 
G01R1/04 
G01R31/28";"";"2023-04-14";"2023-04-14";"087367727";
"422";"Integrated energy system internal multi-subject transaction method and application thereof";"WANG YONGLI 
QIN YUMENG 
DU BOXIN 
LIU YIRAN 
FENG TIANYI 
ZHAO ZHONGHUA 
JIANG SICHONG 
YU TONGWEI 
YAN ZHENHONG 
WANG TONG 
XU SHENZHI";"UNIV NORTH CHINA ELECTRIC POWER 
ELECTRIC POWER RES INST STATE GRID LIAONING ELECTRIC POWER CO LTD 
STATE GRID ENERGY RES INST CO LTD";"CN115965469A";"2022-12-17";"G06F21/64 
G06Q40/04";"";"2023-04-14";"2023-04-14";"087362843";
"423";"THE MEDICINE DISTRIBUTION AND INVENTORY MANAGEMENT SYSTEM";"AN CHAN WOONG [KR]";"AN CHAN WOONG [KR]";"KR20230049213A";"2021-10-06";"G06Q10/06 
G06Q10/08 
G06Q30/06 
G16H40/20";"G06Q10/06312 (KR) 
G06Q10/06398 (KR) 
G06Q10/087 (KR) 
G06Q30/06 (KR) 
G16H40/20 (KR) 
H04L9/50 (KR)";"2023-04-13";"2023-04-13";"085978956";
"424";"Block chain-based bulk transaction management system and method, and storage medium";"FAN YUANLIN 
GU XIAOTONG 
ZHANG YONG 
QIN WEILIN 
ZHAO XINGYUE 
TAN JINGLONG 
ZHAO PENGCHENG 
LYU BUFAN 
ZHANG JINGHUA 
LI JIEYU 
HE MENGYAN 
ZHANG JINKU 
ZHAO WEI";"BEIJING CASI SMART MANUFACTURING TECH DEVELOPMENT CO LTD 
GUIZHOU QIANLIN TIMES TECH CO LTD";"CN115953243A 
CN115953243B";"2022-12-28";"G06F16/27 
G06Q40/04";"Y02P90/30 (EP)";"2023-04-11 
2024-03-29";"2023-04-11";"087287310";
"425";"Sweetpotato plant named ‘NCORNSP-030ILPL’";"YENCHO GEORGE CRAIG [US] 
PECOTA KENNETH VINCENT [US] 
HEIM CHRISTOPHER [US]";"UNIV NORTH CAROLINA STATE [US]";"USPP35096P2";"2022-11-15";"A01H5/12 
A01H6/00";"";"2023-04-11";"2023-04-11";"085804953";
"426";"VEHICLE ALLOCATION MANAGEMENT APPARATUS, VEHICLE ALLOCATION MANAGEMENT METHOD, AND VEHICLE ALLOCATION MANAGEMENT PROGRAM";"MATSUMOTO SHOICHI 
UENO TAKEMITSU";"OBIC CO LTD";"JP2023049786A";"2021-09-29";"G06Q10/00 
G06Q40/12 
G16Y10/40 
G16Y20/20 
G16Y40/20 
G16Y40/30";"Y02P90/30 (EP)";"2023-04-10";"2023-04-10";"085801811";
"427";"Power grid operation service integrated management platform";"LIU YICHI 
WU FANGQUAN 
LI XIONG 
TANG CHENGJIA 
HU JUNHAN 
JI YUAN 
ZHOU LING 
YIN ZIHAO 
YUAN JIE 
DAI JIANLI 
WU ZHONG 
CHEN QING 
YANG SONG 
JI JIAXI 
TAN CHI 
YAN LIZHI 
LI LIN 
WANG WENJUN 
YANG JING";"INFORMATION CENTER OF GUIZHOU POWER GRID CO LTD";"CN115936606A";"2022-11-29";"G06Q10/10 
G06Q50/06";"Y04S10/50 (EP)";"2023-04-07";"2023-04-07";"086655296";
"428";"Intelligent agricultural batch cloud platform for agricultural product wholesale market";"LIU WENQIANG 
SUN LI 
YANG YUYAO 
ZHANG RUI 
WU FENG 
YANG CHENGTAO";"SHANGHAI NONGXIN SUPPLY CHAIN MAN CO LTD";"CN115908038A";"2022-11-15";"G06F16/22 
G06F16/26 
G06Q20/28 
G06Q30/00 
G06Q30/02 
G06Q50/02 
G06Q50/26";"";"2023-04-04";"2023-04-04";"086483535";
"429";"Block chain-based air ticket distribution system and method";"ZHANG YUGUANG 
MA WEIBING 
CHEN XING 
GAN NING 
SONG ZIHONG 
SUN CHUNLONG 
SHAO KUN 
CHEN JUNJIE";"GUANGZHOU CIVIL AVIATION INFORMATION TECH CO LTD";"CN115907049A";"2022-10-24";"G06Q10/02 
G06Q20/06 
G06Q30/0601 
G06Q40/04 
H04L67/10 
H04L67/12";"";"2023-04-04";"2023-04-04";"086483229";
"430";"Multi-time-sequence power retail market transaction simulation method";"ZHAN ZHIMIN 
LIU YIFENG 
CHEN MENG 
HUO WEIQIANG 
TANG YANG 
CHEN JINGPIN 
CAO ZHANYUE 
WU JIAO";"HUBEI ELECTRIC POWER TRANSACTION CENTER CO LTD 
HUBEI CENTRAL CHINA TECH DEVELOPMENT OF ELECTRIC POWER CO LTD";"CN115879986A";"2022-11-10";"G06Q30/0202 
G06Q30/0283 
G06Q40/04 
G06Q50/06";"";"2023-03-31";"2023-03-31";"085759587";
"431";"REQUIRED INVENTORY AMOUNT CALCULATION SYSTEM AND PROGRAM";"HOSHIKAWA HIROTOSHI 
KIHARA TOMOHARU 
AOKI SHIGEHIKO 
CHISAKA TOMOHIRO 
YOSHIMURA TAKAHIRO 
SHIMATANI AKIHIRO 
SHINTANI SOICHI 
INOUE YASUYUKI 
FUJIMI SHOTA 
NISHIMURA KAZUAKI 
NAKAHARA TAKASHI";"DISCO ABRASIVE SYSTEMS LTD";"JP2023047893A 
JP7638606B2";"2021-09-27";"G06Q10/087";"G06Q10/06315 (KR) 
G06Q10/087 (US) 
G06Q10/08726 (EP,KR) 
G06Q30/0201 (KR) 
G06Q30/0202 (EP) 
G06Q30/0283 (KR) 
Y02P90/30 (EP)";"2023-04-06 
2025-03-04";"2023-03-30";"085718350";
"432";"Methods and servers for operating wholesale and retail online platforms";"KIM CHAN O";"ALPHABROTHERS CO LTD [KR]";"KR102780008B1 
KR20240005572A";"2022-07-05";"G06Q30/02 
G06Q30/06";"G06Q30/0253 (KR) 
G06Q30/0267 (KR) 
G06Q30/0613 (KR) 
G06Q30/0629 (KR) 
G06Q30/0643 (KR) 
H04W4/14 (KR)";"2024-01-12 
2025-03-12";"2023-03-27";"085799759";
"433";"Agricultural batch market visual operation system based on big data";"HU YONGBO 
CHEN ZHENGWEI 
LU WEI'EN 
HUANG QINGYUE 
WANG YUHANG";"INESA INTELLIGENT TECH INC";"CN115841198A";"2022-11-01";"G06Q10/06 
G06Q50/02";"";"2023-03-24";"2023-03-24";"085576840";
"434";"System and methods for customer relationship management for an energy provider";"MARTINEZ DAVID V [US] 
BURKE JOHN [US]";"AMBIT HOLDINGS L L C [US] 
BLUENET HOLDINGS LLC [US]";"US11610275B1";"2007-09-04";"G06Q20/10 
G06Q50/06";"G06Q20/102 (US) 
G06Q50/06 (EP,US)";"2023-03-21";"2023-03-21";"085574042";
"435";"Physical model of business O2O brand chain and franchise operation self-service transaction platform";"YANG BAOFU";"YANG BAOFU";"CN115796719A";"2022-10-30";"G06Q10/067 
G06Q30/0601";"";"2023-03-14";"2023-03-14";"085435369";
"436";"Virtual power plant scheduling method, scheduling system and storage medium";"XU JIANTIE 
ZHANG JIAXIN 
SUN SHOUDAO 
QI HUAN 
YANG YI 
GUO TIANCHENG 
FENG TIANMIN 
ZHANG QI 
ZHAO HAODONG 
LIU XU";"SHENYANG POWER SUPPLY CO OF STATE GRID LIAONING ELECTRIC POWER CO LTD";"CN115776143A";"2022-09-28";"H02J3/14 
H02J3/46";"";"2023-03-10";"2023-03-10";"085388516";
"437";"SYSTEM THAT ASSISTS IN SEARCHING FOR THE LOWEST PRICE PRODUCT ON A MULTI-PLATFORM";"LEE SEUNG HYUN 
NAM KUNG HYEON 
OH SANG MOOK";"VIRALPICK CO LTD [KR]";"KR102709420B1 
KR20230031645A";"2021-08-27";"G06Q30/06";"";"2023-03-07 
2024-09-25";"2023-03-07";"085512248";
"438";"SYSTEM FOR AUTOMATED PRODUCT TRADING BASED ON ARTIFICIAL INTELLIGENCE";"LEE SEUNG HYUN 
OH SANG MOOK 
NAM KUNG HYEON 
KIM YONG WON 
KIM KI HONG 
JANG HYEAK JIN";"VIRALPICK CO LTD [KR]";"KR102696245B1 
KR20230031644A";"2021-08-27";"G06Q30/06";"";"2023-03-07 
2024-08-20";"2023-03-07";"085513184";
"439";"Transaction qualification electronic exchange method and system, electronic equipment and medium";"HUANG LIJUAN";"QUANDOU DIGITAL TECH CO LTD";"CN115713347A";"2022-11-23";"G06Q20/38 
G06Q20/40 
G06Q30/018 
G06Q40/04";"Y02P90/30 (EP)";"2023-02-24";"2023-02-24";"085234514";
"440";"SERVICE METHOD FOR CYCLIC MARKETING PLATFORM AND INTERGRAED MEMBERS MANAGEMENT";"LEE SONG HWA [KR] 
JI GOOK JIN [KR] 
KWON DO WOO [KR]";"LEE SONG HWA [KR] 
JI GOOK JIN [KR] 
KWON DO WOO [KR]";"KR20230026152A";"2021-08-17";"G06Q30/02 
G06Q30/06";"G06Q30/02 (KR) 
G06Q30/06 (KR)";"2023-02-24";"2023-02-24";"085330241";
"441";"3D Equipment material object product work cleanup treatment facility structure drone 3D printer mobility metaverse";"CHUNG HA IK [KR]";"KOREA IND TECH INST [KR]";"KR20230024457A";"2021-08-11";"B01D47/06 
B01D53/78 
B64C39/02 
B64D47/00 
C02F1/32 
C02F1/36 
C02F1/48 
C02F1/50 
C02F1/78";"A61L2/04 (KR) 
A61L2/10 (KR) 
A61L2/24 (KR) 
B64U10/14 (KR) 
G01D21/02 (KR) 
G06Q50/08 (KR) 
G06Q50/10 (KR) 
G16Y10/30 (KR) 
G16Y40/10 (KR) 
A61L2202/11 (KR) 
A61L2202/14 (KR) 
A61L2202/17 (KR) 
B64U2101/29 (KR) 
Y02E60/50 (EP) 
Y02W10/10 (EP)";"2023-02-21";"2023-02-21";"085326415";
"442";"SYSTEM FOR PROVIDING GLOBAL ONLINE TRADING PLATFORM";"MOON SUNG YONG";"TRADE IT CO LTD [KR]";"KR102498215B1";"2022-01-03";"G06Q30/02 
G06Q30/06 
G06Q50/30";"Y02P90/30 (EP)";"2023-02-10";"2023-02-10";"085223728";
"443";"SaaS system and service method based on digital marketing data service";"XIONG ZHEHUI";"SHENZHEN YUNKEPAI TECH CO LTD";"CN115686445A";"2022-11-29";"G06F11/36 
G06F16/906 
G06F8/10 
G06F8/20 
G06F8/60 
G06F9/455 
G06Q30/0601";"Y02P90/30 (EP)";"2023-02-03";"2023-02-03";"085055847";
"444";"Method for establishing inter-enterprise cooperation relationship for non-specific B2B platform";"FENG BO";"WANLIAN YIDA LOGISTICS TECH CO LTD";"CN115619238A 
CN115619238B";"2022-12-20";"G06Q10/0635 
G06Q10/0637 
G06Q10/101";"G06Q10/0635 (CN) 
G06Q10/0637 (CN) 
G06Q10/101 (CN) 
Y02P90/30 (EP)";"2023-01-17 
2023-05-12";"2023-01-17";"084880842";
"445";"Virtual power plant retail settlement method considering connection between medium and long term and peak regulation market";"ZUO JUAN 
LIU HAITAO 
LYU GUANGXIAN 
JI YU 
YANG HONGLEI 
WANG WENBO 
XU CHONGXIN 
LONG SUYAN 
LIU YUMING 
ZHANG TIANBAO 
XU JUN 
SHENG XIANGXIANG 
WANG YIFAN";"STATE GRID SHANGHAI ENERGY INTERNET RES INSTITUTE CO LTD 
CHINA ELECTRIC POWER RES INST CO LTD 
SHANDONG ELECTRIC POWER TRANSACTION CENTER CO LTD 
STATE GRID SHANDONG ELECTRIC POWER CO 
STATE GRID CORP CHINA";"CN115619483A";"2022-10-19";"G06Q10/067 
G06Q30/06 
G06Q50/06";"G06Q10/067 (CN) 
G06Q30/06 (CN) 
G06Q50/06 (CN)";"2023-01-17";"2023-01-17";"084864760";
"446";"Virtual power plant optimization scheduling method considering demand response and capacity retention opportunity";"LI YONGBO 
CUI JINRUI 
DONG CHENJING 
YOU YUANYUAN 
REN XIJUN 
YANG NA 
WANG BAO 
LIU LI";"STATE GRID ANHUI ELECTRIC POWER CO LTD 
ECONOMIC AND TECH RESEARCH INSTITUTE OF STATE GRID ANHUI ELECTRIC POWER CO LTD";"CN115587741A";"2022-11-10";"G06Q10/0631 
G06Q50/06";"G06Q10/06315 (CN) 
G06Q50/06 (CN) 
Y04S10/50 (EP)";"2023-01-10";"2023-01-10";"084782305";
"447";"DIGITAL SYSTEM FOR AUTOMATED MEASURING OF RELATIVE RISK MEASURANDS AND SCORES OF LIVING INDIVIDUALS AND METHOD THEREOF";"RIX DOUGLAS [CH] 
SCHOONBEE JOHN [CH] 
DUCKER MICHAEL [CH] 
MARTIN ALAN [CH] 
ANGELAKOPOULOU ASPASIA [CH]";"SWISS REINSURANCE CO LTD [CH]";"US2024145096A1";"2021-06-29";"G06Q40/08 
G16H50/20 
G16H50/30 
G16H50/70";"G06Q40/08 (EP,US) 
G16H50/20 (US) 
G16H50/30 (US) 
G16H50/70 (US) 
Y02A90/10 (EP)";"2024-05-02";"2023-01-05";"082611222";
"448";"TRANSACTION MEDIATING SYSTEM AND METHOD BETWEEN COMPANIES BASED ON CUSTOMER GRADE";"KANG JONG HO [KR]";"KANG JONG HO [KR]";"KR102484116B1";"2022-04-01";"G06Q10/06 
G06Q30/02 
G06Q30/06 
G06Q50/04";"";"2023-01-04";"2023-01-04";"084924908";
"449";"TRANSACTION MEDIATING SYSTEM AND METHOD BETWEEN COMPANIES FOR MAINTAINING CONTINUOUS TRANSACTION";"KANG JONG HO [KR]";"KANG JONG HO [KR]";"KR102484118B1";"2022-04-01";"G06Q30/02 
G06Q30/06 
G06Q50/04";"";"2023-01-04";"2023-01-04";"084924957";
"450";"TRANSACTION MEDIATING SYSTEM AND METHOD BETWEEN COMPANIES BASED ON CUSTOMER DEPOSIT";"KANG JONG HO [KR]";"KANG JONG HO [KR]";"KR102484117B1";"2022-04-01";"G06Q20/28 
G06Q30/02 
G06Q30/06 
G06Q50/04";"";"2023-01-04";"2023-01-04";"084924975";
"451";"Part display cabinet for part wholesale market";"XU LINGMEI";"GUANGZHOU XINCANLONG AUTOMOBILE PARTS CO LTD";"CN218186069U";"2022-09-26";"A47F3/00 
A47F3/11";"";"2023-01-03";"2023-01-03";"084638153";
"452";"Medicine shaking platform";"CHEN XILIN";"GUANGDONG YUNYAO TECH CO LTD";"CN115567730A";"2022-09-28";"H04L61/4511 
H04L67/02 
H04L67/1001 
H04L67/1034 
H04L67/12 
H04L67/51 
H04L67/56 
H04N21/2187 
H04N21/478";"H04L67/02 (CN) 
H04L67/1034 (CN) 
H04L67/12 (CN) 
H04N21/2187 (CN) 
H04N21/47815 (CN)";"2023-01-03";"2023-01-03";"084742726";
"453";"Digital automatic matching engineering building material online transaction model";"YU WUWEN 
YU HAOLIN 
YIN CHUNLEI 
YAN SHILIANG";"SHENZHEN JUZHONGYUN ENGINEERING TECH CO LTD";"CN115545919A";"2022-09-23";"G06Q10/08 
G06Q20/08 
G06Q30/06 
G06Q40/04";"G06Q10/087 (CN) 
G06Q20/0855 (CN) 
G06Q30/0635 (CN) 
G06Q40/04 (CN)";"2022-12-30";"2022-12-30";"084728950";
"454";"Member loss early warning method and system for B2B platform users";"CHENG XIAYING 
WEN YANG 
WANG LAI 
HUANG TIANLI 
WANG HUIFENG 
SONG XI 
SHENG YINGHAN 
ZHU PENGSHENG 
WAN SHILONG";"OUYEEL BUSINESS CO LTD";"CN115511525A";"2022-09-27";"G06K9/62 
G06N20/00 
G06Q30/00 
G06Q30/02";"G06N20/00 (CN) 
G06Q30/01 (CN) 
G06Q30/0201 (CN)";"2022-12-23";"2022-12-23";"084506529";
"455";"Oil product business management system based on mobile internet";"NING JUNFENG 
XU WENBIN 
LI HONG 
GUO XIAOYAN 
SONG QI 
LI TAO 
YANG JIANGWEI 
LUO BIN 
WANG CHAO";"MAT CO LTD OF CHINA RAILWAY 17 BUREAU GROUP CO LTD";"CN115496451A";"2022-09-30";"G06F16/23 
G06F16/25 
G06Q10/06 
G06Q10/08 
G06Q10/10 
G06Q30/06 
G06Q40/00 
G06Q50/02 
G06Q50/06";"G06F16/2379 (CN) 
G06F16/252 (CN) 
G06Q10/063116 (CN) 
G06Q10/083 (CN) 
G06Q10/087 (CN) 
G06Q10/103 (CN) 
G06Q30/06 (CN) 
G06Q40/125 (CN) 
G06Q50/02 (CN) 
G06Q50/06 (CN)";"2022-12-20";"2022-12-20";"084473361";
"456";"SHOPPING MALL PURCHASE SERVICE PROVISION METHOD AND SYSTEM";"JUNG SANG DOO 
KWAK HYOUNG SUK 
LEE YOU JIN 
KIM HYOUNG MIN";"CAFE24 CORP [KR]";"KR102698681B1 
KR20220167176A";"2021-06-11";"G06Q10/04 
G06Q10/06 
G06Q10/08";"G06Q10/047 (KR) 
G06Q10/06312 (KR) 
G06Q10/0833 (KR) 
G06Q10/08355 (KR) 
G06Q10/087 (KR)";"2022-12-20 
2024-08-27";"2022-12-20";"084538942";
"457";"B2B B2B trade service system to provide a fabric trading platform";"PARK GYU RI [KR]";"NPTI GLOBAL CO LTD [KR]";"KR20220166676A";"2021-06-10";"G06Q30/02 
G06Q30/06";"G06Q30/0281 (KR) 
G06Q30/0613 (KR) 
Y02P90/30 (EP)";"2022-12-19";"2022-12-19";"084535542";
"458";"METHOD FOR OFFERING CREDIT LOANS FOR ELECTRONIC COMMERCE ONLINE SELLER USING AI ARTIFICIAL INTELLIGENCE AND SYSTEM USING THE SAME";"KWON O HYEONG";"WINKSTONEPARTNERS CO LTD [KR]";"KR102476964B1";"2022-06-13";"G06N20/00 
G06Q10/06 
G06Q30/02 
G06Q40/02";"";"2022-12-13";"2022-12-13";"084439202";
"459";"METHOD FOR OFFERING CREDIT LOANS FOR ELECTRONIC COMMERCE ONLINE SELLER USING AI ARTIFICIAL INTELLIGENCE AND SYSTEM USING THE SAME";"KWON O HYEONG";"WINKSTONEPARTNERS CO LTD [KR]";"KR102476961B1";"2022-06-13";"G06N20/00 
G06Q10/06 
G06Q30/02 
G06Q40/02";"";"2022-12-13";"2022-12-13";"084439341";
"460";"Method and system for comprehensively evaluating and predicting provincial regional carbon neutralization";"SUN JIANYANG 
CHEN YIFENG 
CHEN SIYU 
HUANG LONGJIE 
LIN JIANJUN 
LIN XIAOSI 
YANG YONGLE 
QIU BIDAN";"QUANZHOU ELECTRIC POWER TECH INSTITUTE OF FUJIAN ELECTRIC POWER CO LTD 
FUJIAN ELECTRIC VOCATIONAL AND TECHNICAL COLLEGE 
STATE GRID FUJIAN ELECTRIC POWER CO LTD 
QUANZHOU POWER SUPPLY CO OF STATE GRID FUJIAN ELECTRIC POWER CO LTD";"CN115456283A";"2022-09-19";"G06Q10/04 
G06Q10/06 
G06Q50/06 
G06Q50/26";"G06Q10/04 (CN) 
G06Q10/063 (CN) 
G06Q50/06 (CN) 
G06Q50/26 (CN) 
Y02P90/84 (EP)";"2022-12-09";"2022-12-09";"084305467";
"461";"High-speed station detection auxiliary system and method thereof";"BAO WENHUA 
FANG YUAN 
WANG CHENGDONG 
SHAO RUIDONG";"ANHUI INST INFORMATION TECH";"CN115457689A 
CN115457689B";"2022-09-08";"G01S13/86 
G01S19/43 
G07B15/06 
G07C9/10 
G07C9/22 
G07C9/27 
G08B21/24 
G08B7/06 
G08G1/017";"G01S13/867 (CN) 
G01S19/43 (CN) 
G07B15/063 (CN) 
G07C9/10 (CN) 
G07C9/22 (CN) 
G07C9/27 (CN) 
G08B21/24 (CN) 
G08B7/06 (CN) 
G08G1/017 (CN) 
G08G1/0175 (CN)";"2022-12-09 
2023-10-13";"2022-12-09";"084302202";
"462";"Fund constraint type low-carbon supply chain operation analysis method";"GAO GUANGXIN 
BAI ZHAO 
LEE HYUN-DONG";"UNIV NANJING AERONAUTICS & ASTRONAUTICS";"CN115423634A";"2022-08-04";"G06Q10/06 
G06Q40/02 
G06Q40/04 
G06Q40/06";"G06Q10/0635 (CN) 
G06Q40/04 (CN) 
G06Q40/06 (CN) 
Y02P90/84 (EP)";"2022-12-02";"2022-12-02";"084195679";
"463";"SYSTEM AND METHODS FOR DEVELOPMENT OF COMPOSABLE AND CUSTOMIZABLE COMMERCE SOFTWARE";"HEYNEMANN NASCENTES DA SILVA BERNARDO [BR] 
DA SILVA BRUNO HENRIQUE [BR] 
GIMENES TIAGO LOBATO [BR] 
RODRIGUES GUILHERME [BR] 
THOMAZ JR GERALDO [BR]";"VTEX COMMERCE CLOUD SOLUTIONS LLC [US]";"US2022382522A1";"2021-05-27";"G06F8/20";"G06F8/20 (US) 
G06F8/65 (EP) 
G06F8/70 (EP)";"2022-12-01";"2022-12-01";"084193054";
"464";"METHOD OF COST OPTIMISATION";"KETCHA NGASSAM ERNEST [ZA] 
HATSU SYLVESTER";"KETCHA NGASSAM ERNEST [ZA]";"WO2022248904A1";"2021-05-24";"G06Q30/02 
G06Q30/08";"G06Q30/02 (EP) 
G06Q30/08 (EP)";"2022-12-01";"2022-12-01";"084229537";
"465";"SYSTEM AND METHOD FOR SELECTING AND PROCESSING TRANSACTIONS INVOLVING A PLURALITY OF STORES OFFERING SIMILAR ITEMS FOR SALE";"KRAWITZ PAUL [US]";"KRAWITZ PAUL [US]";"US2022383393A1";"2021-06-01";"G06Q30/06";"G06Q30/0609 (EP,US) 
G06Q30/0635 (EP,US)";"2022-12-01";"2022-12-01";"084193199";
"466";"B2C B2B Online market integration between B2C and B2B";"ZHENG FENG";"FNT CO LTD [KR]";"KR20220157246A";"2021-05-20";"G06Q10/08 
G06Q30/06";"G06Q10/08 (KR) 
G06Q30/0613 (KR) 
G06Q30/0633 (KR) 
G06Q30/0641 (KR)";"2022-11-29";"2022-11-29";"084235440";
"467";"Lift convenient for unloading in wholesale market";"XU LINGMEI";"GUANGZHOU XINCANLONG AUTOMOBILE PARTS CO LTD";"CN217920496U";"2022-09-20";"B65G41/00 
B65G67/24 
B65G69/24";"Y02B50/00 (EP)";"2022-11-29";"2022-11-29";"084173628";
"468";"Recommendation system intelligent management platform for one-stop feature calculation and model training";"ZHU ZHANWEI 
WANG JIYUN 
LUO MENG";"DINGDANG KUAIYAO TECH GROUP CO LTD";"CN115409573A";"2022-08-25";"G06F16/182 
G06Q30/06";"G06F16/182 (CN) 
G06Q30/0631 (CN)";"2022-11-29";"2022-11-29";"084160709";
"469";"Method And Apparatus For Cannabis and Cannabinoid Rights Certification, Verification, And Tracking System";"CHIJIK STANISLAV [US]";"CHIJIK STANISLAV [US]";"US2022375013A1";"2021-05-21";"G06Q50/18";"G06Q50/184 (EP,US)";"2022-11-24";"2022-11-24";"084102994";
"470";"B2B Big Data-based B2B business consulting and e-commerce";"HAN HYE IN [KR]";"GLOBAL UK [KR]";"KR20220154361A";"2021-05-13";"G06Q10/06 
G06Q10/10 
G06Q30/06";"G06Q10/0637 (KR) 
G06Q10/067 (KR) 
G06Q10/10 (KR) 
G06Q30/0601 (KR)";"2022-11-22";"2022-11-22";"084236069";
"471";"B2B Big Data-based B2B business consulting and e-commerce";"HAN HYE IN [KR]";"GLOBAL UK [KR]";"KR20220154358A";"2021-05-13";"G06Q10/06 
G06Q10/10 
G06Q30/06";"G06Q10/0637 (KR) 
G06Q10/067 (KR) 
G06Q10/10 (KR) 
G06Q30/0601 (KR) 
G06Q40/06 (KR)";"2022-11-22";"2022-11-22";"084236052";
"472";"Systems and methods for providing travel information among travel workers";"SHIN SUNG CHEOL";"MOMENT STUDIO CORP [KR]";"KR20220154884A";"2021-05-14";"G06Q10/06 
G06Q50/00 
G06Q50/14 
G06Q50/30";"G06Q10/0639 (KR) 
G06Q10/40 (KR) 
G06Q50/14 (KR)";"2022-11-22";"2022-11-22";"084236459";
"473";"Shared optical storage optimization scheduling method and device considering oversale, equipment and storage medium";"WANG BEIBEI 
YE CHEN";"UNIV SOUTHEAST";"CN115375081A";"2022-06-29";"G06F111/04 
G06F111/08 
G06F30/20 
G06Q10/04 
G06Q10/06 
G06Q30/02 
G06Q50/06";"G06F30/20 (CN) 
G06Q10/04 (CN) 
G06Q10/06315 (CN) 
G06Q10/0635 (CN) 
G06Q30/0201 (CN) 
G06Q50/06 (CN) 
G06F2111/04 (CN) 
G06F2111/08 (CN)";"2022-11-22";"2022-11-22";"084062666";
"474";"Open platform based on constructing information protecting govemance";"HWANG SUNG SOOK [KR]";"THEHUM CO LTD [KR]";"KR20220153807A";"2021-05-12";"G06F21/62 
G06Q30/06 
H04L9/40";"G06F21/62 (KR) 
G06Q30/0601 (KR) 
H04L63/08 (KR)";"2022-11-21";"2022-11-21";"084233764";
"475";"Examination and approval process processing method and device based on B2B e-commerce and medium";"YIN PENGCHENG";"SHANDONG INSPUR AIGOU YUNLIAN INFORMATION TECH CO LTD";"CN115345595A";"2022-08-25";"G06F16/25 
G06K9/62 
G06Q10/10 
G06Q30/06";"G06F16/25 (CN) 
G06Q10/103 (CN) 
G06Q30/0601 (CN)";"2022-11-15";"2022-11-15";"083954292";
"476";"Discount calculation method for e-commerce platform";"ZHAO XIAOHUAN";"XINXINNI BEIJING SCIENCE AND TRADE CO LTD";"CN115345649A";"2022-07-26";"G06Q30/02";"G06Q30/0219 (CN) 
G06Q30/0234 (CN) 
G06Q30/0235 (CN) 
G06Q30/0239 (CN) 
G06Q30/0283 (CN)";"2022-11-15";"2022-11-15";"083949385";
"477";"Financial risk control system for gold and jewelry industry and operation method";"LIU QI 
TAN HUI 
WEI WENHAO 
GAO QI";"SHENZHEN HONGYU JINLIAN TECH CO LTD";"CN115345745A";"2022-09-22";"G06Q10/06 
G06Q20/38 
G06Q30/00 
G06Q40/02 
G06Q40/04";"G06Q10/06393 (CN) 
G06Q20/382 (CN) 
G06Q30/018 (CN) 
G06Q40/04 (CN) 
Y02P90/30 (EP)";"2022-11-15";"2022-11-15";"083956193";
"478";"Intelligent recovery method and system for chemical medicine";"YANG CHUN-BAE";"BEIJING YANJING PHARMACEUTICAL CO LTD";"CN115345332A 
CN115345332B";"2022-08-22";"G06Q10/00 
G06Q50/26 
G06Q10/30";"G06Q10/30 (CN) 
G06Q50/26 (CN) 
Y02W90/00 (EP)";"2022-11-15 
2023-04-18";"2022-11-15";"083954778";
"479";"System and method for power marketing inspection";"JI SHUJUN 
HAO SHIFANG 
CHENG CHAO 
CUI WEI 
LUO YUNJUAN 
LIU ZHE 
GUO WEI";"MARKETING SERVICE CENTER OF STATE GRID HEBEI ELECTRIC POWER CO LTD 
STATE GRID CORP CHINA";"CN115330404A";"2022-07-04";"G06Q10/10 
G06Q30/00 
G06Q50/06";"G06Q10/103 (CN) 
G06Q30/018 (CN) 
G06Q50/06 (CN)";"2022-11-11";"2022-11-11";"083916958";
"480";"On-line monitoring method for abnormal starting and stopping states of transformer and related device";"WANG HESEN 
CHEN XIAOYUN 
ZHU MIN 
XUE JIANDE 
ZHANG XIAOYU 
WANG HAILONG 
LIU TAO 
LI NA 
ZHANG HONGMEI 
GENG WANMEI 
KURBAN DILIDHAR 
YANG ZHANYI 
JIA GANGPENG 
DONG XUE";"MARKETING SERVICE CENTER OF STATE GRID XINJIANG ELECTRIC POWER CO LTD ZIJINJIYUE CENTER METRIC CENTE 
STATE GRID CORP CHINA";"CN115333232A";"2022-07-08";"G06Q10/06 
G06Q50/06 
H02J13/00";"G06Q10/06393 (CN) 
G06Q50/06 (CN) 
H02J13/12 (CN)";"2022-11-11";"2022-11-11";"083917562";
"481";"METHOD-SYSTEM ""DE GUSTO"" INTEGRATED AND CORRELATED AMONG PRODUCTS, RECIPES, ITINERARIES, EVENTS, COMPANIES FOR THE ONLINE BOOKING, ENHANCEMENT AND SALE OF AGRI-FOOD PRODUCTS, AND CULTURAL, TOURIST AND ENO GASTRONOMIC ROUTES/ITINERARIES CONNECTED TO A TERRITORY OR A GEOGRAPHICAL AREA OR AN AREA OF HOMOGENEOUS INTEREST";"ARRIGONI MARCO [IT] 
BONEZZI STEFANO [IT]";"MAST IMPRESA CULTURALE CREATIVA SOC BENEFIT IN AN ABBREVIATED FORM MAST ICC SB S R L [IT]";"WO2022234604A1";"2021-05-04";"G06Q10/02 
G06Q30/02";"G06Q10/02 (EP) 
G06Q30/02 (EP)";"2022-11-10";"2022-11-10";"078819598";
"482";"Fresh food supply and demand management method and device, electronic equipment and storage medium";"SUN KEWEI";"SHENZHEN ENJOY INFORMATION TECH CO LTD";"CN115311005A 
CN115311005B";"2022-07-25";"G06Q10/08 
G06Q30/02 
G06Q30/06 
G06Q10/083 
G06Q30/0202";"G06Q10/0832 (CN) 
G06Q10/0833 (CN) 
G06Q30/0202 (CN) 
G06Q30/06 (CN) 
Y02P90/30 (EP)";"2022-11-08 
2023-04-07";"2022-11-08";"083859362";
"483";"Account dividing method and device based on alliance chain and electronic equipment";"LIU WENXIN 
ZHANG RULI 
ZHAI XUEPAN";"SHANGHAI YOUZI GONGDAO IOT TECH CO LTD 
SHENZHEN YOUZI GONGDAO DIGITAL TECH CO LTD";"CN115271696A";"2022-07-11";"G06F16/27 
G06Q20/10 
G06Q40/02 
G06Q40/04";"G06F16/27 (CN) 
G06Q20/102 (CN) 
G06Q40/02 (CN) 
G06Q40/04 (CN)";"2022-11-01";"2022-11-01";"083765051";
"484";"NFT transaction management system based on decentralized autonomous organization";"JIAO XUANNING";"JIAO XUANNING";"CN115271962A";"2022-08-19";"G06F21/10 
G06Q20/36 
G06Q30/02 
G06Q30/08 
G06Q40/04 
G06Q50/18";"G06F21/10 (CN) 
G06Q20/3674 (CN) 
G06Q30/0283 (CN) 
G06Q30/08 (CN) 
G06Q40/04 (CN) 
G06Q50/184 (CN)";"2022-11-01";"2022-11-01";"083752725";
"485";"Sales Agency Server for Online Product Supply and Consignment Sales and Sales Agency Method using the same";"SON HTUN SOO [KR]";"MONEYROAD CO LTD [KR]";"KR102675765B1 
KR20220145495A";"2021-04-22";"G06Q30/00 
G06Q30/02 
G06Q30/06";"G06Q30/014 (KR) 
G06Q30/0281 (KR) 
G06Q30/0613 (KR) 
G06Q30/0641 (KR)";"2022-10-31 
2024-06-17";"2022-10-31";"083803256";
"486";"SYSTEM AND METHOD FOR INCREASING EFFECTIVE COMMUNICATION THROUGH EVALUATION OF MULTIMODAL DATA, AUTO-CORRECTION AND BEHAVIORAL SUGGESTIONS BASED ON MODELS FROM EVIDENCE-BASED COUNSELING, MOTIVATIONAL INTERVIEWING, AND EMPATHY";"LORD SARAH PEREGRINE [US] 
BERTAGNOLLI NICOLAS [US]";"EMPATHY ROCKS INC [US]";"US2025232113A1";"2021-04-27";"G06F40/166 
G06F40/20 
G09B19/00";"G06F40/166 (EP,US) 
G06F40/20 (US) 
G06F40/35 (EP) 
G06N20/00 (EP) 
G06Q10/105 (EP) 
G09B19/00 (US)";"2025-07-17";"2022-10-27";"083693275";
"487";"B2B-BASED CLOUD DISTRIBUTION PLATFORM SYSTEM";"WANG RUIFENG [CN] 
WU ZHIYONG [CN]";"HAINAN CLOUD INFORMATION TECH CO LTD [CN]";"US2024029123A1";"2021-04-13";"G06Q20/10 
G06Q20/38 
G06Q20/40 
G06Q30/04";"G06Q20/102 (EP,US) 
G06Q20/3829 (EP,US) 
G06Q20/4014 (EP,US) 
G06Q30/04 (EP,US) 
G06Q50/14 (EP)";"2024-01-25";"2022-10-20";"083640048";
"488";"B2B-BASED ORDER SETTLEMENT METHOD FOR CLOUD DISTRIBUTION PLATFORM SYSTEM";"WU FENG [CN] 
WANG RUI FENG [CN]";"HAINAN CLOUD INFORMATION TECH CO LTD [CN]";"WO2022217686A1";"2021-04-13";"G06Q20/12";"G06Q20/12 (EP)";"2022-10-20";"2022-10-20";"083640042";
"489";"METHOD FOR PROCESSING DATA IN B2B CLOUD DISTRIBUTION PLATFORM SYSTEM";"WU FENG [CN] 
QIN CHAOJU [CN]";"HAINAN CLOUD INFORMATION TECH CO LTD [CN]";"US2024031429A1";"2021-04-13";"H04L67/1008 
H04L67/1029";"G06F9/50 (EP) 
H04L67/1008 (EP,US) 
H04L67/1029 (EP,US)";"2024-01-25";"2022-10-20";"083640044";
"490";"METHOD DEVICE AND SYSTEM FOR PROVIDING MULTI PLATFORM SERVICE FOR WHOLESALE AND RETAIL E-COMMERCE";"NOH OK MIN";"OJ& [KR]";"KR102456400B1";"2022-06-16";"G06F16/33 
G06F16/9032 
G06N20/00 
G06N3/08 
G06Q10/08 
G06Q30/02 
G06Q30/06";"";"2022-10-19";"2022-10-19";"083804373";
"491";"APPARATUS FOR SEARCHING PRODUCTS USING KEYWORD INFORMATION";"LEE SEUNG HYUN 
OH SANG MOOK";"VIRALPICK CO LTD [KR]";"KR102609448B1 
KR20220137396A";"2021-04-02";"G06Q30/06";"G06Q30/0623 (KR) 
G06Q30/0631 (KR) 
G06Q30/0641 (KR) 
Y02P90/30 (EP)";"2022-10-12 
2023-12-05";"2022-10-12";"083598206";
"492";"APPARATUS FOR SEARCHING PRODUCTS USING IMAGE INFORMATION";"LEE SEUNG HYUN 
KIM KYU DONG";"VIRALPICK CO LTD [KR]";"KR102609447B1 
KR20220137395A";"2021-04-02";"G06Q30/02 
G06Q30/06";"G06Q30/0281 (KR) 
G06Q30/0623 (KR) 
G06Q30/0631 (KR) 
Y02P90/30 (EP)";"2022-10-12 
2023-12-05";"2022-10-12";"083597890";
"493";"APPARATUS FOR PROVIDING SERVICE FOR OPEN MARKET SELLER";"LEE SEUNG HYUN 
LEE SANG YUN";"VIRALPICK CO LTD [KR]";"KR102603764B1 
KR20220137398A";"2021-04-02";"G06Q30/06";"G06Q30/0613 (KR) 
G06Q30/0623 (KR) 
G06Q30/0633 (KR)";"2022-10-12 
2023-11-21";"2022-10-12";"083597831";
"494";"Important product guarantee supply monitoring method and system based on big data";"CHEN TONG 
NIE WENTING";"INSPUR SOFTWARE CO LTD";"CN115169828A";"2022-06-17";"G06Q10/06 
G06Q10/10 
G06Q30/02 
G06Q30/06";"G06Q10/0637 (CN) 
G06Q10/06393 (CN) 
G06Q10/103 (CN) 
G06Q30/02 (CN) 
G06Q30/06 (CN)";"2022-10-11";"2022-10-11";"083485053";
"495";"SYSTEM AND DEVICE FOR ACQUIRING AND PRESENTING DATA BY OPTICAL READING OF DATA FROM TARGET PRODUCTS WITH IMMEDIATE SUBMISSION AND CROSS-ANALYSIS WITH DATA SET BY USER INTERFACE AND METHOD IMPLEMENTED BY SAID SYSTEM";"NICOLI FILHO MARIO [BR]";"NICOLI FILHO MARIO [BR]";"WO2022204775A1";"2021-04-01";"G06Q30/00 
G16H20/10";"G06Q30/00 (EP) 
G16H20/10 (EP)";"2022-10-06";"2022-10-06";"083459953";
"496";"COMPUTER-IMPLEMENTED METHOD FOR REGISTERING WHOLESALE INTERNET DOMAINS";"TALARICO LUCIANO [IT] 
DANIELE PAOLO [IT]";"INTENDO SRL [IT]";"WO2022208257A1";"2021-03-29";"G06F16/33 
G06Q10/00 
H04L61/3015";"G06Q10/00 (EP) 
H04L61/302 (EP)";"2022-10-06";"2022-09-29";"076807931";
"497";"Purchase quotation information processing system based on B2B platform";"FU SHENGLONG 
WANG YU 
HE JINSHENG 
WAN SHIHONG 
SONG JUN 
YUAN BIN 
XIAO CHAOBIN 
CHENG LIN 
TANG MUZHOU";"DAHAN E COMMERCE CO LTD";"CN115082164A";"2022-07-19";"G06Q10/10 
G06Q30/06";"G06Q10/103 (CN) 
G06Q30/0609 (CN) 
G06Q30/0611 (CN) 
G06Q30/0631 (CN) 
Y02P90/30 (EP)";"2022-09-20";"2022-09-20";"083258966";
"498";"Quality tracing method and system for B2B cross-border supply chain in power transmission and distribution field";"ZHANG YING 
WU YANG";"XINYUAN YIWANG DALIAN ELECTRIC POWER TECH CO LTD";"CN115049412A";"2022-07-06";"G06K7/14 
G06Q30/00 
G06Q50/06";"G06K7/1408 (CN) 
G06Q30/018 (CN) 
G06Q50/06 (CN) 
Y04S10/50 (EP)";"2022-09-13";"2022-09-13";"083164874";
"499";"Wholesale and Retail Automation Shopping System";"SHIN HYE WON [KR]";"SHIN HYE WON [KR]";"KR102443109B1";"2022-06-27";"G06Q30/06 
G07F17/40 
G07F17/42";"";"2022-09-13";"2022-09-13";"083286823";
"500";"Poison condition monitoring, early warning and evaluating method and system";"RUAN XIZHEN";"HANGZHOU ZENITH BIO TECH CO LTD";"CN115049284A 
CN115049284B";"2022-06-23";"G06Q10/06 
G06Q50/26 
G06Q10/0639";"G06Q10/06393 (CN) 
G06Q50/26 (CN) 
Y02P90/30 (EP)";"2022-09-13 
2023-08-01";"2022-09-13";"083163491";
"501";"Event aggregation method for wireless network simulation of discrete events and aggregation acceleration performance verification method";"WANG WENNAI 
MA YINGHUA";"UNIV NANJING POSTS & TELECOMMUNICATIONS";"CN115022913A 
CN115022913B";"2022-06-02";"H04L41/14 
H04W24/06";"H04L41/145 (CN) 
H04W24/06 (CN) 
Y02D30/70 (EP)";"2022-09-06 
2025-05-23";"2022-09-06";"083072358";
"502";"METHOD AND SERVER PROVIDING AN ONLINE WHOLESALE PLATFORM";"KIM CHAN O";"AB PARTNERS CO LTD [KR]";"KR102470330B1 
KR20220126265A";"2022-03-28";"G06F3/0481 
G06Q30/02 
G06Q30/06";"G06F3/0481 (KR) 
G06Q30/0206 (KR) 
G06Q30/0226 (KR) 
G06Q30/0277 (KR) 
G06Q30/0619 (KR) 
G06Q30/0643 (KR)";"2022-09-15 
2022-11-25";"2022-09-02";"083281080";
"503";"Method for preventing counterfeit products by monitoring commodity circulation quantity";"ZHANG KAI";"ZHANG KAI";"CN114997882A";"2022-03-24";"G06F16/23 
G06K17/00 
G06Q10/08 
G06Q30/00";"G06F16/2379 (CN) 
G06K17/0025 (CN) 
G06Q10/0875 (CN) 
G06Q30/0185 (CN)";"2022-09-02";"2022-09-02";"083023503";
"504";"COMMERCIAL TRANSACTION AGENT SYSTEM";"TANIGAWA YASUO 
PHILIP R FOXWELL 
YAMAMOTO YUICHI 
ISAC PETTITTE";"TANIGAWA YASUO";"JP2022128076A 
JP7652524B2";"2021-02-22";"G06Q30/06";"";"2022-09-01 
2025-03-27";"2022-09-01";"083061232";
"505";"System for realizing multi-platform array store opening by using one set of data";"WENG YAOXIONG 
CHEN ZHENFENG 
LIAN JIANBIN 
LAI DAZHANG";"HUGO NETWORK XIAMEN CROSS BORDER E COMMERCE CO LTD";"CN114980299A";"2022-05-19";"H04L65/1073 
H04L67/06 
H04W56/00";"H04L65/1073 (CN) 
H04L67/06 (CN) 
H04W56/001 (CN)";"2022-08-30";"2022-08-30";"082985822";
"506";"PRODUCTION AND LOGISTICS MANAGEMENT";"TRAN BAO [US] 
TRAN HA [US]";"TRAN BAO [US] 
TRAN HA [US] 
CENPORTS INC [US]";"US12100018B2 
US2022343275A1";"2019-09-18";"G06Q10/08 
G06Q30/02 
G06N3/08 
G06Q10/0831 
G06Q10/0834 
G06Q10/087 
G06Q30/0201 
G06Q30/0202 
G06Q30/0204 
G06Q30/0601";"G06N3/0464 (EP) 
G06N3/0475 (EP) 
G06N3/08 (EP,US) 
G06N3/09 (EP) 
G06N3/094 (EP) 
G06Q10/0831 (EP,US) 
G06Q10/0834 (EP,US) 
G06Q10/087 (EP,US) 
G06Q30/0201 (US) 
G06Q30/0202 (US) 
G06Q30/0205 (EP,US) 
G06Q30/0605 (EP,US) 
G06Q30/0643 (EP,US) 
G06N3/045 (EP)";"2022-10-27 
2024-09-24";"2022-08-30";"083007862";
"507";"Calculation resource scheduling system and scheduling method using artificial intelligence";"LI HUI 
QIAN JIN 
LI HONGRUI 
ZHOU AIPING 
SONG TIANHUI 
HUANG SHANSHAN";"UNIV TAIZHOU";"CN114942848A";"2022-06-07";"G06F9/50 
G06N3/04 
G06N3/08";"G06F9/5027 (CN) 
G06N3/045 (CN) 
G06N3/08 (CN)";"2022-08-26";"2022-08-26";"082909479";
"508";"USER-DESIGNED PERSONALISED SEARCH WEB-BASED PLATFORM FOR PRODUCTS AND SERVICES";"AMOS TONIE [AU]";"PERSONALISED ONLINE DIRECTORIES PTY LTD [AU]";"US2024054534A1";"2021-02-22";"G06Q30/0204 
G06Q30/0251";"G06Q30/02 (AU) 
G06Q30/0205 (AU,US) 
G06Q30/0271 (EP,AU,US) 
G06Q30/0277 (EP,AU) 
G06Q30/0625 (EP) 
G06Q10/087 (AU)";"2024-02-15";"2022-08-25";"082932183";
"509";"BUSINESS TO BUSINESS ACCELERATOR";"RAMASAMY VEERARAGHAVAN [IN] 
HIWALE SUHAS SHANTARAM [IN]";"SAIDIGITAL AGENCY PVT LTD [IN]";"WO2022175976A1";"2021-02-17";"G06Q30/02 
G06Q30/06";"G06Q10/08 (EP) 
G06Q10/101 (EP) 
G06Q30/016 (EP) 
G06Q30/02 (EP) 
G06Q30/0601 (EP)";"2022-08-25";"2022-08-25";"082931530";
"510";"One-county-one-special multi-mode comprehensive transaction service system";"ZHANG ZHILI";"SHENZHEN HAOSHI REMANUFACTURING TECH CO LTD";"CN114936931A";"2022-03-22";"G06Q30/06 
G06Q30/08 
G06Q40/04";"G06Q30/0611 (CN) 
G06Q30/08 (CN) 
G06Q40/04 (CN)";"2022-08-23";"2022-08-23";"082862429";
"511";"Warehouse management system";"ZHU ZEYA";"KUNSHAN DINGZHIJIE MACHINERY TECH CO LTD";"CN114936817A";"2022-04-24";"G06Q10/08 
G06Q10/10";"G06Q10/0875 (CN) 
G06Q10/10 (CN)";"2022-08-23";"2022-08-23";"082862133";
"512";"Online resale commerce reseller system";"HONG JONG HYUCK";"VISUALNET INC [KR] 
SEKYUNG INT [KR]";"KR102621193B1 
KR20220114120A";"2021-02-08";"G06Q10/08 
G06Q30/02 
G06Q30/06";"G06Q10/08 (KR) 
G06Q10/087 (KR) 
G06Q30/0277 (KR) 
G06Q30/0613 (KR) 
G06Q30/0643 (KR) 
G06Q50/50 (KR)";"2022-08-17 
2024-01-10";"2022-08-17";"083110872";
"513";"Online franchise sales agency commerce seller system";"HONG JONG HYUCK";"VISUALNET INC [KR] 
SEKYUNG INT [KR]";"KR20220115110A";"2021-02-08";"G06F16/33 
G06F16/332 
G06Q10/08 
G06Q30/02 
G06Q30/06 
H04L51/00 
H04L9/06";"G06F16/3329 (KR) 
G06F16/3344 (KR) 
G06Q10/08 (KR) 
G06Q10/087 (KR) 
G06Q10/40 (KR) 
G06Q30/0277 (KR) 
G06Q30/0281 (KR) 
G06Q30/0613 (KR) 
G06Q30/0641 (KR) 
H04L51/02 (KR) 
H04L9/0643 (KR) 
H04L9/50 (KR) 
Y10S715/978 (KR)";"2022-08-17";"2022-08-17";"083110366";
"514";"Dock connector automatic test equipment";"LI HAIBO 
LI YEZI 
GUAN LIANGCAI 
CAI YU 
WANG LIPAN";"ZHUHAI BOJAY ELECTRONICS CO LTD";"CN114910830A 
CN114910830B";"2022-03-09";"G01R31/68 
H04R29/00";"G01R31/68 (CN) 
H04R29/00 (CN)";"2022-08-16 
2025-09-09";"2022-08-16";"082763298";
"515";"Fermented vegetable tracing system based on block chain technology";"LI HONG 
SHI QIAO 
CHEN JUNFEI 
YAN JING 
WANG XINRUI 
TANG HUIHUA 
YANG HENG 
WU HAO";"AGRICULTURAL PRODUCT PROC INSTITUTE YUNNAN ACADEMY OF AGRICULTURAL SCIENCES";"CN114897537A";"2022-01-25";"G06Q30/00 
H04L67/1097";"G06Q30/0185 (CN) 
H04L67/1097 (CN) 
Y02P90/30 (EP)";"2022-08-12";"2022-08-12";"082715563";
"516";"COMPUTER SYSTEM WITH ECONOMIC DEVELOPMENT DECISION SUPPORT PLATFORM AND METHOD OF USE THEREOF";"LOBELL DAVID [US] 
BURKE MARSHALL [US] 
ERMON STEFANO [US] 
AZZARI GEORGE [US] 
TARAPANI ABRAHAM [US] 
PEREZ ANTHONY [US] 
CADAMURO GABRIEL [CA] 
CIRESI SARAH [US] 
DESAI DEVEN [US]";"ATLAS AI P B C [US]";"WO2022169874A1";"2021-02-03";"G06Q10/08";"G06N20/00 (EP) 
G06Q10/0637 (EP,US) 
G06Q50/165 (EP)";"2022-08-11";"2022-08-11";"082742465";
"517";"APPARATUS SYSTEM METHOD AND PROGRAM FOR PROVIDING E-COMMERCE MARKETING SERVICES FOR WHOLESALERS";"KIM SUNG TAE 
HAN JONG MUN 
SA JAE BIN 
RYU MYOUNG HAN 
KIM TAE SUNG 
KIM SOO BIN 
LEE JOO YOUNG";"NADIS [KR]";"KR20220113644A";"2021-11-22";"G06F40/205 
G06F40/284 
G06N20/00 
G06N3/04 
G06Q30/02 
G06V10/40";"G06F40/205 (KR) 
G06F40/284 (KR) 
G06N3/0464 (KR) 
G06Q30/0253 (KR) 
G06Q30/0272 (KR) 
G06Q30/0276 (KR) 
G06Q30/0277 (KR) 
G06V10/40 (KR) 
G06V10/70 (KR)";"2022-08-16";"2022-08-02";"082845881";
"518";"International investment trade finance B2B ecosystem and four-channel information visualization model thereof";"XIA ZHUSHI";"CHENGJIN PLANNING GUANGZHOU CO LTD";"CN114820103A";"2022-03-08";"G06F1/16 
G06F16/27 
G06F3/041 
G06Q10/08 
G06Q30/00 
G06Q30/06";"G06F1/1601 (CN) 
G06F16/27 (CN) 
G06F3/041 (CN) 
G06Q10/083 (CN) 
G06Q30/0185 (CN) 
G06Q30/0601 (CN)";"2022-07-29";"2022-07-29";"082529359";
"519";"INTEGRATED ONLINE PLATFORM AND INNOVATIVE METHOD FOR AGROCHEMICAL AND PHYTOPATHOLOGICAL MONITORING OF CROPS";"VELEA MARIUS ALEXANDRU [RO] 
BULUGEA RĂZVAN-GEORGE [RO] 
MAIOR LIVIA [RO] 
STANCIU GEORGIANA [RO]";"HOLLAND FARMING AGRO S R L [RO]";"RO135867A0";"2021-12-15";"A01B79/02 
G06Q10/06 
G06Q50/02";"";"2022-07-29";"2022-07-29";"082607978";
"520";"DEPOSITED PRODUCT MANAGEMENT DEVICE, DEPOSITED PRODUCT MANAGEMENT METHOD, AND DEPOSITED PRODUCT MANAGEMENT PROGRAM";"FUKUMOTO MAKI 
NAKAMURA TOSHIKI 
KADONAKA KATSUYA 
UENO TAKEMITSU";"OBIC CO LTD";"JP2022110524A 
JP7569222B2";"2021-01-18";"G06Q10/08 
G06Q30/06 
G16H20/00 
G06Q10/087";"";"2022-07-29 
2024-10-17";"2022-07-29";"082585523";
"521";"SYSTEMS AND METHODS TO PROCESS PAYMENTS AND MONEY REMITTANCES NEARLY INSTANTANEOUSLY WITHOUT USING FINANCIAL INTERMEDIARIES OR BANK ACCOUNTS BY USING A STABLE CRYPTOCURRENCY AND UNCONVENTIONAL CRYPTOCURRENCY DISTRIBUTION METHODS";"GOMEZ AXEL NISSIM SANCHEZ OROZCO [MX] 
BENACERRAF JOSÉ [US]";"GOMEZ AXEL NISSIM SANCHEZ OROZCO [MX] 
BENACERRAF JOSE [US]";"US2022237574A1";"2021-01-26";"G06Q20/06 
G06Q20/22 
G06Q20/36 
G06Q20/40";"G06Q20/065 (EP,US) 
G06Q20/223 (US) 
G06Q20/367 (EP,US) 
G06Q20/40145 (US) 
G06Q2220/00 (US)";"2022-07-28";"2022-07-28";"082495675";
"522";"Call Route Generation for Other Communication Service Carriers as a Service";"BARTON JIA [US] 
BELLAM PRAKASA R [US] 
BERUMEN MANUEL [US] 
DOAN QUANG B [US] 
DURAISAMY ARULRAJ [US] 
GORA MUHAMMAD NAUHMAN BASHIR [US] 
JORDAN JR GERALD R [US] 
RANGARAJAN RAMASWAMI [US] 
SAGAR GOPALAKRISHNA [US] 
TSAI MICHAEL [US] 
YANG KUN-CHENG [US]";"T MOBILE INNOVATIONS LLC [US]";"US11627076B2 
US2023006923A1";"2021-06-30";"H04L45/42 
H04L45/64 
H04L45/74 
G06F15/173";"H04L45/42 (EP,US) 
H04L45/64 (EP,US) 
H04L45/74 (EP,US)";"2023-01-05 
2023-04-11";"2022-07-19";"082385201";
"523";"Member value quantitative evaluation method based on logistic regression";"CHENG XIAYING 
WEN YANG 
YI LI 
LI YONGLIN 
SHENG YINGHAN 
WANG LAI 
YAO YIWEN 
SONG XI";"OUYEEL BUSINESS CO LTD";"CN114757495A";"2022-03-22";"G06K9/62 
G06Q10/06 
G06Q30/02";"G06F18/23213 (CN) 
G06Q10/06393 (CN) 
G06Q30/0201 (CN)";"2022-07-15";"2022-07-15";"082327267";
"524";"Order processing method and device, equipment and storage medium";"CHEN GUANGHUA 
XU ZHONGJIAN 
PENG ZIRAN";"ALIBABA CHINA CO LTD";"CN114742622A 
CN114742622B";"2022-04-26";"G06Q30/06 
G06T19/00 
G06Q30/0601";"G06Q30/0621 (CN) 
G06Q30/0635 (CN) 
G06T19/006 (CN) 
Y02P90/30 (EP)";"2022-07-12 
2026-01-30";"2022-07-12";"082283251";
"525";"SYSTEM FOR PROVIDING GOLD TRADING PLATFORM SERVICE";"JUNG BYUNG YUL [KR]";"JUNG BYUNG YUL [KR]";"KR102418062B1";"2021-12-29";"G06Q20/06 
G06Q30/00 
G06Q30/02 
G06Q30/06 
G06Q30/08";"";"2022-07-08";"2022-07-08";"082407366";
"526";"B2B Recommended Fabrication Equipment and B2B Distribution System";"LEESEUNGBEOM";"LEE SEUNG BEOM [KR]";"KR20220093656A";"2020-12-28";"G06Q30/02 
G06Q30/06";"G06Q30/0201 (KR) 
G06Q30/0613 (KR) 
G06Q30/0631 (KR) 
G06Q30/0641 (KR) 
Y02P90/30 (EP)";"2022-07-05";"2022-07-05";"082401796";
"527";"Goods picking device for electronic product wholesale";"CANG WEI";"XIAN COLD TONE NETWORK SCIENCE AND TECH LIMITED COMPANY";"CN114682531A";"2020-12-28";"B07C7/04";"B07C7/04 (CN)";"2022-07-01";"2022-07-01";"082129607";
"528";"Loading and unloading tool for electronic product wholesale";"CANG WEI";"XIAN COLD TONE NETWORK SCIENCE AND TECH LIMITED COMPANY";"CN114684613A";"2020-12-28";"B65G47/96 
B65G69/24";"B65G47/96 (CN) 
B65G69/24 (CN)";"2022-07-01";"2022-07-01";"082129404";
"529";"B2B A PLATFORM FOR PROVIDING BUSINESS TO BUSINESS MATCHING SERVICE AND CUSTOMIZED INFORMATION PROVISION SERVICE";"KIM DONG CHEOL";"DONG WOON INT CO LTD [KR]";"KR102606162B1 
KR20220090935A";"2020-12-23";"G06N20/00 
G06Q30/02 
G06Q30/06";"G06N20/00 (KR) 
G06Q30/0269 (KR) 
G06Q30/0609 (KR) 
G06Q30/0619 (KR)";"2022-06-30 
2023-11-28";"2022-06-30";"082215195";
"530";"E-commerce data analysis method";"JIN HE 
WANG ZHENYU 
YANG KEJIE 
JIN KAIZI 
ZHOU JIANQING 
ZHENG XIANGZHI";"ADVANCED SCIENCE AND TECH RESEARCH INSTITUTE OF ZHONGJIN DEER URBAN DISTRICT IN";"CN114676123A";"2022-04-08";"G06F16/215 
G06F16/26 
G06F16/28 
G06Q30/06";"G06F16/215 (CN) 
G06F16/26 (CN) 
G06F16/284 (CN) 
G06Q30/0601 (CN)";"2022-06-28";"2022-06-28";"082078523";
"531";"Live pig supply chain service and production-marketing docking system";"KANG LE 
YOON KYUNG 
LIN MANTING 
TIAN PUYU";"AGRICULTURAL ECONOMY AND INFORMATION RES INSTITUTE OF GUANGDONG ACADEMY OF AGRICULTURAL SCIENCES";"CN114663112A";"2022-03-02";"G06Q10/06 
G06Q30/00 
G06Q50/02";"G06Q10/0635 (CN) 
G06Q30/01 (CN) 
G06Q30/012 (CN) 
G06Q30/016 (CN) 
G06Q50/02 (CN)";"2022-06-24";"2022-06-24";"082026935";
"532";"Referral tracking application and web-based service";"JABLONSKI JOSEPH [US]";"JABLONSKI JOSEPH [US]";"US2022261837A1";"2020-12-17";"G06Q20/02 
G06Q30/02";"G06Q20/02 (US) 
G06Q30/0214 (EP,US) 
G06Q30/0281 (EP,US)";"2022-08-18";"2022-06-23";"082023656";
"533";"Merchandise distributing apparatus integrating social platform";"KU WEI-CHUN [TW]";"CLEARSOFT TECHNOLOGY CO LTD [TW]";"TWM628618U";"2022-01-19";"G06Q30/02";"";"2022-06-21";"2022-06-21";"083063427";
"534";"ECOMMERCE MARKETPLACE WITH CUSTOM PURCHASE ORDER";"ANAND ANKUR [IN] 
JAIN VIKASH KUMAR [IN] 
MISHRA SATYA S [US] 
GOSWAMI NEHA [US]";"AMAZON TECH INC [US]";"US2022188907A1";"2020-12-11";"G06Q10/06 
G06Q30/06";"G06Q10/0631 (US) 
G06Q30/0603 (EP) 
G06Q30/0609 (EP) 
G06Q30/0613 (EP) 
G06Q30/0635 (US)";"2022-06-16";"2022-06-16";"079687193";
"535";"METHODS AND SYSTEMS FOR ONLINE INVENTORY PRICING";"ABRAHAMS JASON [US]";"TIRE TUTOR [US]";"US2024005349A1";"2020-11-04";"G06Q10/087 
G06Q30/0201";"G06Q10/087 (EP,US) 
G06Q30/0206 (EP,US) 
G06Q30/0283 (EP) 
G06Q30/0601 (EP) 
G06Q30/0601 (US)";"2024-01-04";"2022-06-16";"081974894";
"536";"Cross-border commodity information processing method and device";"CHEN DUAN 
CHEN YIZI";"ALIBUS CHINA CO LTD";"CN114610768A 
CN114610768B";"2022-03-21";"G06Q30/06 
G06F16/215 
G06F16/2455 
G06F16/25 
G06Q30/0601";"G06F16/215 (CN) 
G06F16/24556 (CN) 
G06F16/258 (CN) 
G06Q30/0601 (CN) 
G06Q30/0627 (CN)";"2022-06-10 
2025-05-27";"2022-06-10";"081865588";
"537";"BUSINESS TO BUSINESS CREDIT FACILITY PROVISIONING AND PROCESSING SYSTEM AND METHOD WITH AUTOMATIC LIGHTWEIGHT MODULE AS A PAYMENT OPTION AT CHECKOUT";"TOMICH JOHN [US]";"TOMICH JOHN [US]";"US12045875B2 
US2022180429A1";"2019-09-20";"G06Q40/02 
G06Q40/03";"G06Q40/03 (EP,US)";"2022-06-09 
2024-07-23";"2022-06-09";"081849135";
"538";"System and Method for Controlling Access to a Private Marketplace on Supply Chain Network";"SURILOV MIKLE [US] 
MALHOTRA ASEEMITA [US] 
STREICH ANDREW ALAN [US]";"CHEWY INC [US]";"US2023342828A1";"2020-12-03";"G06Q30/0601";"G06Q30/02 (EP) 
G06Q30/0601 (EP) 
G06Q30/0609 (US) 
G06Q30/0631 (EP) 
G06Q30/0641 (EP) 
G06Q50/02 (EP)";"2023-10-26";"2022-06-09";"081852903";
"539";"SYSTEM FOR PROVIDING ARTIFICIAL INTELLIGENCE BASED RESTAURANT SUPPLIES AUTOMATIC ORDERING SERVICE FOR BUSINESS-TO-BUSINESS MARKET";"KONG GYEONGYUL";"FOODPANG CO LTD [KR]";"KR102594089B1 
KR20220076013A";"2020-11-30";"G06Q10/06 
G06Q10/08 
G06Q10/10 
G06Q20/00 
G06Q20/14 
G06Q30/02 
G06Q30/06";"G06N3/08 (KR) 
G06Q10/06312 (KR) 
G06Q10/0875 (KR) 
G06Q10/10 (KR) 
G06Q20/145 (KR) 
G06Q20/20 (KR) 
G06Q30/0202 (KR) 
G06Q30/0633 (KR) 
G06Q50/12 (KR)";"2022-06-08 
2023-10-26";"2022-06-08";"081980750";
"540";"SYSTEM FOR PROVIDING ARTIFICIAL INTELLIGENCE BASED PRICE DECISION SERVICE FOR BUSINESS-TO-BUSINESS MARKET";"KONG GYEONGYUL";"FOODPANG CO LTD [KR]";"KR102547491B1 
KR20220076012A";"2020-11-30";"G06N20/00 
G06Q30/02";"G06N20/00 (KR) 
G06Q30/0206 (KR) 
G06Q30/0283 (KR)";"2022-06-08 
2023-06-27";"2022-06-08";"081981774";
"541";"B2B-based bulk commodity collection and sale supply chain system";"GUO SHEN";"ZHONGWU FUJIAN CROSS BORDER E COMMERCE LTD RESPONSIBILITY COMPANY";"CN114580929A";"2022-03-09";"G06Q10/06 
G06Q10/08 
G06Q30/06";"G06Q10/06311 (CN) 
G06Q10/083 (CN) 
G06Q30/0601 (CN) 
G06Q30/0635 (CN)";"2022-06-03";"2022-06-03";"081779166";
"542";"Method for processing commodity in picture";"ZHENG YIMOU 
GUO NAICHENG 
JI QING 
ZHONG YAOZHU";"CHONGQING XIANGFENG INDUSTRY LTD COMPANY";"CN114581181A";"2022-03-03";"G06F16/58 
G06K9/62 
G06Q30/06 
G06V10/764";"G06F16/5866 (CN) 
G06Q30/0643 (CN)";"2022-06-03";"2022-06-03";"081771132";
"543";"COLLABORATION PLATFORM";"MACKINNON BRENT [CA]";"VERIFIED SUPPLY INC [CA]";"US2022172265A1";"2020-11-27";"G06F16/903 
G06F9/451 
G06Q30/06";"G06F16/90335 (US) 
G06F16/958 (EP) 
G06Q30/0611 (EP,US) 
G06Q30/0641 (EP,US)";"2022-06-02";"2022-06-02";"081751431";
"544";"DIGITAL BUSINESS-TO-BUSINESS VENDOR EVALUATION AND PURCHASE PROCESS COLLABORATION PLATFORM";"BUCKLES ALEXANDER [US] 
JIAWON VISHAL [US] 
JOHNSON PAUL [US] 
BASS LANDON [US]";"FORCASTABLE INC [US]";"US2022172266A1";"2020-12-01";"G06Q10/10 
G06Q30/06";"G06Q10/103 (EP,US) 
G06Q10/105 (EP,US) 
G06Q30/0605 (EP,US) 
G06Q30/0609 (EP,US) 
G06Q30/0613 (EP,US) 
G06Q30/0641 (EP,US) 
G06Q30/0643 (EP,US) 
G06F3/0482 (US) 
G06Q10/40 (US) 
G06Q10/48 (EP) 
G06Q30/016 (EP,US)";"2022-06-02";"2022-06-02";"081751430";
"545";"Supply chain guarantee financing system based on electronic retail platform";"CHEN KEHONG 
WEI YUTING 
YU YUGANG 
ZHANG NA";"CHINESE SCIENCE AND TECHNOLOGY UNIV 
CHINESE SCIENCE AND TECHNOLOGY UNIV INTERNATIONAL FINANCIAL RESEARCH INSTITUTE";"CN114549020A";"2022-02-11";"G06Q30/00 
G06Q30/06 
G06Q40/02 
G06Q40/06";"G06Q30/01 (CN) 
G06Q30/0635 (CN) 
G06Q40/03 (CN) 
G06Q40/06 (CN)";"2022-05-27";"2022-05-27";"081672961";
"546";"Decision-making method and system for sales commission proportion of retail platform";"ZHENG SHENGMING 
CHEN KEHONG 
YU YUGANG 
ZHANG NA";"CHINESE SCIENCE AND TECHNOLOGY UNIV 
CHINESE SCIENCE AND TECHNOLOGY UNIV INTERNATIONAL FINANCIAL RESEARCH INSTITUTE";"CN114549019A";"2022-02-11";"G06F17/15 
G06Q30/00 
G06Q30/02";"G06F17/15 (CN) 
G06Q30/01 (CN) 
G06Q30/0207 (CN)";"2022-05-27";"2022-05-27";"081673743";
"547";"Supply chain modeling method and system based on platform operation mode and carbon transaction policy";"FAN YIMING 
YU YUGANG 
ZHANG NA";"CHINESE SCIENCE AND TECHNOLOGY UNIV";"CN114548702A";"2022-01-28";"G06Q10/06 
G06Q30/02 
G06Q40/04 
G06Q50/06";"G06Q10/067 (CN) 
G06Q30/0207 (CN) 
G06Q30/0223 (CN) 
G06Q40/04 (CN) 
G06Q50/06 (CN) 
Y02P90/84 (EP)";"2022-05-27";"2022-05-27";"081674521";
"548";"Agricultural input management platform";"CHENG TAO 
XU DONGYIN 
CHEN HUIQIN 
LIU KAI 
XIE XIAOWEI 
CHEN JUNYAN 
MAO LIN 
ZHAO JIE 
ZHOU DANDAN 
LIN XUELIANG 
GUAN JINGHUI 
ZHENG LI 
CHEN YI 
WANG YANAN";"JIANGSU AGRICULTURAL AND PASTORAL SCIENCE AND TECH OCCUPATIONAL";"CN114549021A";"2022-02-17";"G06F16/953 
G06F16/9537 
G06K17/00 
G06Q10/00 
G06Q10/04 
G06Q10/08 
G06Q30/00 
G06Q30/02 
G06Q30/04 
G06Q30/06 
G06Q50/02 
G06Q50/18";"G06F16/953 (CN) 
G06F16/9537 (CN) 
G06K17/0025 (CN) 
G06Q10/04 (CN) 
G06Q10/083 (CN) 
G06Q10/0875 (CN) 
G06Q10/30 (CN) 
G06Q30/0185 (CN) 
G06Q30/0201 (CN) 
G06Q30/04 (CN) 
G06Q30/0601 (CN) 
G06Q30/0631 (CN) 
G06Q30/0635 (CN) 
G06Q30/0639 (CN) 
G06Q50/02 (CN) 
G06Q50/18 (CN) 
Y02P90/30 (EP)";"2022-05-27";"2022-05-27";"081675924";
"549";"PIATTAFORMA DI ELABORAZIONE DI DATI PER COMPRAVENDITA ALL’INGROSSO";"CURTO VITALIANO";"CURTO VITALIANO [IT]";"IT202000028853A1";"2020-11-27";"G06Q";"G06Q10/08 (EP) 
G06Q30/0201 (EP) 
G06Q30/0623 (EP)";"2022-05-27";"2022-05-27";"074592550";
"550";"Resource allocation method and device and electronic equipment";"YUAN JIE 
LU FENGLI";"BEIJING BAIDU NETCOM SCIENCE TECHNOLOGY CO LTD";"CN114493132A 
CN114493132B";"2021-12-28";"G06Q10/06 
G06Q30/00 
G06Q30/02 
G06Q30/06 
G06Q10/063 
G06Q10/0631 
G06Q30/018 
G06Q30/0282 
G06Q30/0601";"G06Q10/06393 (CN) 
G06Q30/0185 (CN) 
G06Q30/0282 (CN) 
G06Q30/0631 (CN)";"2022-05-13 
2026-01-13";"2022-05-13";"081496471";
"551";"Connected Diagnostic System and Method";"JORDAN LAWRENCE B [US] 
MATTA LISA A [US] 
VEERANNA GOWDA CHAITANYA [US] 
ABBAS SYED OUN [US] 
HAMSMITH MATTHEW D [US] 
VEERANNA GOWDA CHAITANYA RANI [US]";"WI TRONIX LLC [US]";"US12118833B2 
US2022148348A1";"2020-11-06";"G06F8/65 
G07C5/08";"G06F8/65 (KR,US) 
G07C5/008 (KR) 
G07C5/0808 (KR,US) 
G07C5/0816 (KR,US) 
G07C5/085 (KR,US) 
G07C5/0858 (EP) 
H04L67/1097 (EP) 
H04L67/34 (EP) 
H04L67/5651 (EP) 
H04L69/04 (EP) 
H04L69/14 (EP) 
H04W4/44 (EP) 
G06F8/65 (EP) 
H04L67/12 (EP)";"2022-05-12 
2024-10-15";"2022-05-12";"081454549";
"552";"DIGITAL RESILIENCE MARKETPLACE PLATFORM AND METHOD THEREOF";"SAVARESE DOMENICO [CH]";"SWISS REINSURANCE CO LTD [CH]";"US12412216B2 
US2022138819A1";"2020-11-05";"G06Q30/06 
G16H20/60 
G06Q30/0601 
G06Q40/08";"G06Q30/06 (EP) 
G06Q30/0609 (US) 
G06Q40/08 (EP,US) 
G16H20/60 (US)";"2022-05-05 
2025-09-09";"2022-05-05";"073288563";
"553";"Commodity wholesale system";"GUO YUANLI";"DEFINITION OCEAN ENTERPRISE DEVELOPMENT SHANGHAI LTD COMPANY";"CN114418703A";"2022-01-29";"G06Q10/06 
G06Q30/06";"G06Q10/06 (CN) 
G06Q30/06 (CN)";"2022-04-29";"2022-04-29";"081278362";
"554";"Method for generating purchase task priority queue";"LI RUOXI 
CHEN FANGYI 
XIE JIGANG 
GAO YANG 
WANG YUE 
WEI QIANG 
SONG CHENGLIN 
DU HONGBO 
SHI XIAOGUANG 
XU XIANGJIU 
WAN MING 
LIU JUNJIE 
XIAN SIYU 
LI YANG";"DALIAN POWER PLANT OF CHINAS INT ELECTRIC POWER CO LTD";"CN114418318A";"2021-12-24";"G06Q10/06 
G06Q10/08";"G06Q10/0635 (CN) 
G06Q10/0637 (CN) 
G06Q10/06393 (CN) 
G06Q10/087 (CN)";"2022-04-29";"2022-04-29";"081267939";
"555";"/ Safe Used Car Transaction Guide Electronic Data Detection/Analysis Service B2B C2B B2B System";"LEE JINHAYUL [KR]";"LEE JINHAYUL [KR]";"KR20220051630A";"2020-10-19";"G06Q30/00 
G06Q30/06 
G06Q50/10 
G06Q50/30";"G06Q30/018 (KR) 
G06Q30/0283 (KR) 
G06Q30/0613 (KR) 
G06Q30/0641 (KR) 
G06Q50/10 (KR) 
G06Q50/40 (KR)";"2022-04-26";"2022-04-26";"081391296";
"556";"B2B METHOD FOR RECOMMENDING PRODUCTS OF B2B E-COMMERCE PLATFORM AND APPARATUS THEREOF";"JIN HO YANG";"NCAT CO LTD [KR]";"KR102393934B1 
KR20220049251A";"2020-10-14";"G06Q30/06";"G06Q30/0623 (KR) 
G06Q30/0631 (KR) 
G06Q30/0639 (KR)";"2022-04-21 
2022-05-04";"2022-04-21";"081437564";
"557";"Sweetpotato plant named ‘NCORNSP-027SCMG’";"YENCHO GEORGE CRAIG [US] 
PECOTA KENNETH VINCENT [US]";"UNIV NORTH CAROLINA STATE [US]";"USPP34146P2";"2021-04-30";"A01H5/12 
A01H6/00";"";"2022-04-19";"2022-04-19";"081187151";
"558";"A method of trading between enterprises";"JUN HAN JU [KR] 
YOON SEONG BOK [KR] 
KWAK BYUNG CHANG [KR] 
PHAN YOUNG HWAN 
YANG SE YEON 
HAN JONG MUN";"JUN HAN JU [KR] 
YOON SEONG BOK [KR] 
KWAK BYUNG CHANG [KR]";"KR102388181B1";"2021-07-08";"G06Q10/10 
G06Q30/06 
G06Q40/00 
G06Q50/18 
H04L9/40";"G06Q10/105 (KR) 
G06Q30/0613 (KR) 
G06Q30/0641 (KR) 
G06Q40/12 (KR) 
G06Q50/184 (KR) 
H04L63/08 (KR)";"2022-04-19";"2022-04-19";"081390744";
"559";"Take-out platform ordering method and device and storage medium";"WANG JIANG";"DRILLING TECH SHANGHAI INFORMATION TECH LIMITED COMPANY";"CN114331287A 
CN114331287B";"2021-12-30";"G06Q10/08 
G06Q50/12 
G06Q10/0835";"Y02P90/30 (EP)";"2022-04-12 
2023-04-18";"2022-04-12";"081022566";
"560";"Warehouse management device of B2B transaction platform";"YANG HUAN";"MERIZHOU ATLAS ENTERPRISE NETWORK TECH LIMITED COMPANY";"CN216286709U";"2021-11-18";"F16M11/04 
F16M11/18 
G06K7/14";"";"2022-04-12";"2022-04-12";"081035194";
"561";"Fund control method and system based on dynamic planning daily scheduling";"QIAN ZHONGWEN 
LI XUEWEI 
YANG XINYI 
NIU DONGXIAO 
XU TIANTIAN 
YUAN YIWEN 
ZHENG SIJIA 
WU BO 
ZHU HAIJUN 
WANG MINGHUI 
YAN JUN 
SHEN QI 
WU WEI 
YAN WENCAN 
JIN RIQIANG 
HAN XINZHI 
WANG WEI 
SHI HAIXIAO 
SUN XIAOJIANG 
WANG YIJIE 
ZHEN HAO";"MAT BRANCH COMPANY OF ZHEJIANG PROVINCE ELECTRIC POWER LIMITED COMPANY OF STATE GRID 
UNIV NORTH CHINA ELECTRIC POWER";"CN114282698A";"2020-09-27";"G06Q10/04 
G06Q10/10 
G06Q40/00";"";"2022-04-05";"2022-04-05";"080867773";
"562";"Contract selection and generation method under cluster supply chain";"CHEN LIHUA 
WANG LU 
HU HUAQING 
LYU GAOYAN";"BEIJING CENTURY SURPASSING MAN CONSULTATION SERVICE LIMITED COMPANY";"CN114240536A";"2021-11-17";"G06K9/62 
G06N3/12 
G06Q10/08 
G06Q30/06 
G06Q40/04";"G06F18/23 (CN) 
G06N3/126 (CN) 
G06Q10/08345 (CN) 
G06Q30/0605 (CN) 
G06Q30/0611 (CN) 
G06Q30/0633 (CN) 
G06Q40/04 (CN)";"2022-03-25";"2022-03-25";"080749866";
"563";"B2B order splitting method and device and storage medium";"LUO BIN 
LIU LILING 
TAN ZHAOQI 
HUANG SHULIANG";"HAITIAN SEASONING FOOD STOCK LTD COMPANY IN FOSHAN CITY 
GUANGDONG LIYA INTELLIGENT INFORMATION TECH LIMITED COMPANY";"CN114219403A 
CN114219403B";"2021-12-17";"G06Q10/08 
G06Q30/06 
G06Q10/087 
G06Q30/0601";"G06Q10/087 (CN) 
G06Q30/0635 (CN)";"2022-03-22 
2024-11-19";"2022-03-22";"080703778";
"564";"Freight truck hopper electronic scale integrated device";"YANG CHENGYU 
XIE XIAOLEI 
ZHOU XU 
PAN GUOJIE";"XIAN HENWISHI DATA FUSION INFORMATION TECH LIMITED COMPANY";"CN216116320U";"2021-08-17";"B62K5/027 
G01G19/12 
G01G21/00 
G01G21/10 
G01G21/22";"";"2022-03-22";"2022-03-22";"080726537";
"565";"SYSTEM FOR PROVIDING BUSINESS-TO-BUSNIESS BASED ONLINE WHOLESALE DISTRIBUTION MANAGEMENT SERVICE";"KIM HYUNG JUN 
LEE JANG WOO";"WEEDSOFT [KR]";"KR102374035B1";"2021-02-05";"G06F16/33 
G06F40/20 
G06Q10/06 
G06Q10/08 
G06Q10/10 
G06Q30/00 
G06Q30/06";"";"2022-03-15";"2022-03-15";"080816658";
"566";"LOW CAPITAL AND OPERATIONAL COST E-COMMERCE LOGISTICS METHOD FOR FAST AND MASSIVE DELIVERY OF E-COMMERCE MERCHANDISE TO LARGE GEOGRAPHICAL AREAS";"FISCHMANN FERNANDO BENJAMIN [US]";"PARACHUTE LOGISTICS LLC [US]";"US12079760B2 
US2022101254A1";"2020-09-04";"G06Q30/06 
B64D1/12 
B64D1/14 
G06F17/11 
G06Q10/08 
B64C39/02 
B64D9/00 
B64F1/32 
B65D21/02 
G05D1/00 
G05D1/461 
G05D1/689 
G06Q10/0631 
G06Q10/0832 
G06Q10/0835 
G06Q10/087 
G06Q30/0601 
G06Q50/40 
B64U101/60";"B64C39/024 (KR) 
B64D1/12 (EP,IL,KR,US) 
B64D1/14 (EP,IL,KR,US) 
B64D9/00 (EP,IL,KR,US) 
B64F1/32 (IL,US) 
B64F1/322 (EP,IL,KR,US) 
B65D21/0213 (IL,KR,US) 
G05D1/0094 (IL,US) 
G05D1/105 (IL,US) 
G05D1/461 (US) 
G05D1/644 (KR) 
G05D1/654 (KR) 
G05D1/689 (US) 
G06F17/11 (IL,KR,US) 
G06Q10/043 (KR) 
G06Q10/06315 (EP,IL,KR,US) 
G06Q10/08 (EP,IL,KR,US) 
G06Q10/0832 (EP,IL,US) 
G06Q10/0834 (KR) 
G06Q10/08355 (EP,IL,KR,US) 
G06Q10/087 (IL,US) 
G06Q30/0635 (EP,IL,KR,US) 
G06Q50/40 (IL,KR) 
B64C39/024 (US) 
B64U2101/60 (US) 
B64U2101/64 (EP,IL,KR,US) 
B64U2201/10 (IL,KR,US) 
G05B2219/50391 (IL,KR,US) 
G06Q50/40 (EP,US)";"2022-03-31 
2024-09-03";"2022-03-10";"080469862";
"567";"SYSTEM FOR PROVIDING AN INTEGRATED AGRI-SUPPLY CHAIN USING AN ELECTRONIC BUSINESS-TO-BUSINESS (B2B) FARM DIRECT MARKETPLACE";"ADANTE JESSIE EMMANUEL L [PH] 
FERRER JAIRUS ERNO S [PH] 
MANLICLIC LUISA KRISTABEL G [PH] 
SOLANO ELSON JAMES B [PH] 
SUMATRA BALDWIN JOHN R [PH]";"IFARMS INC [PH]";"PH22022050081U1 
PH22022050081U3";"2022-02-13";"G06Q10/06 
G06Q10/08 
G06Q50/02";"";"2022-03-07 
2023-01-20";"2022-03-07";"094608542";
"568";"METHOD OF PROVIDING AN INTEGRATED AGRI-SUPPLY CHAIN USING AN ELECTRONIC BUSINESS-TO-BUSINESS (B2B) FARM DIRECT MARKETPLACE";"ADANTE JESSIE EMMANUEL L [PH] 
FERRER JAIRUS ERNO S [PH] 
MANLICLIC LUISA KRISTABEL G [PH] 
SOLANO ELSON JAMES B [PH] 
SUMATRA BALDWIN JOHN R [PH]";"IFARMS INC [PH]";"PH22022050080U1 
PH22022050080U3";"2022-02-13";"G06Q10/06 
G06Q10/08 
G06Q50/02";"";"2022-03-07 
2023-01-20";"2022-03-07";"094608541";
"569";"City net rate IP transaction flow capitalization device and implementation method";"HOU ZHAODONG 
HOU HAOWEI";"BEIJING YIHUANG MEDICAL NOURISHING SCIENCE AND TECH LIMITED COMPANY";"CN114140234A 
CN114140234B";"2021-10-18";"G06Q40/02 
G06Q40/04 
G06Q40/06";"G06Q40/03 (CN) 
G06Q40/04 (CN)";"2022-03-04 
2025-08-05";"2022-03-04";"080394310";
"570";"Apparatus and Method for Providing Business Interactive Service based on AI";"SEO DONG HYUK [KR]";"BUB BUSINESS BRIDGE [KR]";"KR102369876B1";"2021-09-16";"G06N20/00 
G06Q10/06 
G06Q10/10 
G06Q30/06";"";"2022-03-04";"2022-03-04";"080813809";
"571";"B2B-based one-stop convenient code scanning ordering system";"CHEN LIQIANG";"CHEN LIQIANG";"CN114119148A";"2021-11-16";"G06K17/00 
G06Q10/02 
G06Q20/32 
G06Q30/06 
G06Q50/12";"G06K17/0025 (CN) 
G06Q10/02 (CN) 
G06Q20/3276 (CN) 
G06Q30/0635 (CN) 
G06Q50/12 (CN)";"2022-03-01";"2022-03-01";"080395706";
"572";"Block chain-based circulation signing method and system for logistics";"DING CONG 
CHAO KAI";"ZHEJIANG BAIXIANG TECH CO LTD 
LITIGU TECH BEIJING LIMITED COMPANY";"CN114118924A";"2021-11-30";"G06Q10/08 
G06Q30/06 
H04L9/32";"G06Q10/087 (CN) 
G06Q30/0635 (CN) 
H04L9/3236 (CN) 
H04L9/3247 (CN)";"2022-03-01";"2022-03-01";"080369215";
"573";"Method for treating voltage and line loss problems of rural transformer area";"WU ZAIJUN 
YANG YANG 
QUAN XIANGJUN 
WANG CHENG 
LI SHUFENG 
WANG FANGSHENG 
TANG CHENGHONG";"UNIV SOUTHEAST 
STATE GRID INNER MONGOLIA EASTERN ELECTRIC POWER CO LTD";"CN114123219A 
CN114123219B";"2021-12-01";"H02J3/00 
H02J3/06 
H02J3/16 
H02J3/18 
H02J3/32 
H02J3/48 
H02J3/50";"H02J3/0075 (CN) 
H02J3/008 (CN) 
H02J3/06 (CN) 
H02J3/16 (CN) 
H02J3/1871 (CN) 
H02J3/32 (CN) 
H02J3/381 (CN) 
H02J3/48 (CN) 
H02J3/50 (CN) 
H02J2101/24 (CN) 
H02J2103/30 (CN) 
H02J2103/35 (CN) 
Y02E10/56 (EP) 
Y02E40/10 (EP) 
Y02E40/30 (EP) 
Y02E70/30 (EP)";"2022-03-01 
2023-08-29";"2022-03-01";"080369840";
"574";"B2BB2C OPEN INNOVATION PLATFORM SYSTEM FOR VITALIZING BUSINESS OF B2BB2C INDUSTRIES";"KIM DO KYUN [KR] 
KIM IN JA 
KIM JUN WOO 
KIM MIN JAE";"KIM DO KYUN [KR]";"KR102457479B1 
KR20220022632A";"2020-08-19";"G06Q10/06 
G06Q10/10 
G06Q50/20";"G06Q10/0637 (KR) 
G06Q10/0639 (KR) 
G06Q10/067 (KR) 
G06Q10/10 (KR) 
G06Q50/2057 (KR)";"2022-02-28 
2022-10-20";"2022-02-28";"080497578";
"575";"Recommendation system algorithm of lightweight B2B e-commerce platform";"CHEN QIAOTE 
SUN YI 
ZHANG LIFANG 
XIAO JIASONG 
LI RUI";"SHANGHAI CHINAYIE CROSS BORDER ELECTRONIC COMMERCE CO LTD";"CN114092188A";"2021-11-19";"G06F16/9535 
G06F16/958 
G06K9/62 
G06Q30/02 
G06Q30/06";"G06F16/9535 (CN) 
G06F16/958 (CN) 
G06F18/214 (CN) 
G06Q30/0201 (CN) 
G06Q30/0202 (CN) 
G06Q30/0631 (CN)";"2022-02-25";"2022-02-25";"080302231";
"576";"B2B METHOD AND APPARATUS FOR PROVIDING B2B LIQUOR DISTRIBUTION PLATFORM SERVICE";"CHUNG YONG HEE";"GOOD SHOP CO LTD [KR]";"KR102367393B1";"2021-11-10";"G06Q30/02 
G06Q30/06";"";"2022-02-25";"2022-02-25";"080490443";
"577";"Fund secondary clearing system";"ZHANG YUQING 
ZHANG CHUCHU 
PENG ZHEN";"AGRICULTURAL BANK OF CHINA CO LTD HUNAN BRANCH";"CN114092100A";"2021-11-26";"G06Q20/40 
G06Q40/04";"G06Q20/4014 (CN) 
G06Q20/405 (CN) 
G06Q40/04 (CN)";"2022-02-25";"2022-02-25";"080305130";
"578";"Cold and hot gas combined supply scheduling method and system for flexible area comprehensive energy system";"YI BIYI 
ZHANG FAN 
XU WEN 
MAO CUI 
CHEN YUPING 
REN DONGDONG 
HE HONGYING 
CAI HAOYUAN 
ZHANG YOUBING 
FENG CHANGSEN 
WANG LICHENG";"ZHEJIANG HUAYUN ELECTRIC POWER ENG DESIGN CONSULTATION CO LTD 
UNIV ZHEJIANG TECHNOLOGY";"CN114092277A 
CN114092277B";"2021-11-15";"G06Q10/06 
G06Q50/06 
G06Q10/0631";"G06Q10/0631 (CN) 
G06Q50/06 (CN) 
Y04S10/50 (EP)";"2022-02-25 
2025-10-31";"2022-02-25";"080300622";
"579";"METHODS, SYSTEMS, AND COMPUTER READABLE MEDIA FOR MODEL-FREE PRIVACY PRESERVING THERMAL LOAD MANAGEMENT";"SEETHARAMAN SIVARANJANI [US] 
KUMAR PANGANAMALA R [US] 
XIE LE [US]";"TEXAS A & M UNIV SYS [US]";"US12499462B2 
US2023298060A1";"2020-08-18";"G06Q10/10 
H02J3/00 
H02J3/14 
G06Q30/0201";"G06Q10/063 (EP) 
G06Q30/0206 (EP,US) 
G06Q50/06 (EP) 
H02J3/003 (US) 
H02J3/14 (EP,US) 
H02J2105/42 (EP) 
H02J2105/55 (EP,US) 
Y02B70/3225 (EP) 
Y04S20/222 (EP)";"2023-09-21 
2025-12-16";"2022-02-24";"080323250";
"580";"COMPUTER PROGRAM PRODUCT FOR PROVIDING AN INTEGRATED AGRI-SUPPLY CHAIN USING AN ELECTRONIC BUSINESS-TO-BUSINESS (B2B) FARM DIRECT MARKET-PLACE";"FERRER JAIRUS ERNO S [PH] 
MANLICLIC LUISA KRISTABEL G [PH] 
SOLANO ELSON JAMES B [PH] 
SUMATRA BALDWIN JOHN R [PH] 
ADANTE JESSIE EMMANUEL L [PH]";"IFARMS INC [PH]";"PH22022050079U1 
PH22022050079U3";"2022-02-13";"G06Q10/06 
G06Q10/08 
G06Q50/02";"";"2022-02-23 
2023-01-20";"2022-02-23";"080568598";
"581";"Platform-type fresh food e-commerce supply chain quality safety supervision method";"XU LEI";"XU LEI";"CN114066353A";"2021-11-12";"G06Q10/06 
G06Q10/08 
G06Q30/00";"G06Q10/06395 (CN) 
G06Q10/0832 (CN) 
G06Q30/018 (CN)";"2022-02-18";"2022-02-18";"080275606";
"582";"Wholesale user settlement system based on price difference contract and method thereof";"CHEN RAN 
ZHANG JIABEI 
WU DIANNING 
SUN HENGYI 
ZHAO WEIHUA 
WANG RONGXIN 
ZHOU NA 
WANG BANGCAN 
XING YUHUI 
DUAN PEIHENG";"KUNMING ELECTRIC POWER TRANSACTION CENTER CO LTD";"CN114066638A";"2021-11-30";"G06F40/166 
G06F40/18 
G06Q30/02 
G06Q40/00 
G06Q40/04 
G06Q50/06";"G06F40/166 (CN) 
G06F40/18 (CN) 
G06Q30/0283 (CN) 
G06Q40/04 (CN) 
G06Q40/125 (CN) 
G06Q50/06 (CN)";"2022-02-18";"2022-02-18";"080228101";
"583";"Virtual power plant grading settlement method and system considering contribution degree, and storage medium";"FENG KAI 
FENG SHUHAI 
QI HUIWEN 
DONG XIAOLIANG 
ZHANG XIANGYU 
XU ZHENBO 
ZHENG YAXIAN 
MA LI 
CHEN KENING 
WANG GAOQIN 
SHI FEI 
HUANG WENYUAN 
CHENG QIANRAN 
LIU ZIJIE";"CHINA ELECTRIC POWER RES INST 
ECONOMIC RES INSTITUTE OF STATE GRID SHANXI ELECTRIC POWER COMPANY 
STATE GRID ENERGY RES INST CO LTD 
STATE GRID CORP CHINA";"CN114066067A 
CN114066067B";"2021-11-18";"G06Q10/06 
G06Q10/04 
G06Q40/04 
G06Q50/06 
G06Q10/0631";"G06Q10/04 (CN) 
G06Q10/06312 (CN) 
G06Q40/04 (CN) 
G06Q50/06 (CN) 
Y04S10/50 (EP)";"2022-02-18 
2026-01-02";"2022-02-18";"080277895";
"584";"Regional comprehensive energy scheduling control system based on energy Internet";"LU XIAO 
LIAO JIAQI 
HU WEI 
ZHOU CHANG 
YANG ZIJUN 
JING JIANGPING 
XU XIAOHUI 
ZHANG LEI 
WANG BINGWEN 
KOU XIAOWEN 
LIANG JIABEN";"STATE GRID JIANGSU ELECTRIC POWER CO LTD 
CHINA ELECTRIC POWER RES INST 
NARI TECHNOLOGY CO LTD";"CN114069700A 
CN114069700B";"2021-11-18";"G06Q50/06 
H02J3/06 
H02J3/14 
H02J3/18 
H02J3/32 
H02J3/38 
H02J3/48";"G06Q50/06 (CN) 
H02J3/003 (CN) 
H02J3/004 (CN) 
H02J3/0075 (CN) 
H02J3/008 (CN) 
H02J3/06 (CN) 
H02J3/17 (CN) 
H02J3/18 (CN) 
H02J3/32 (CN) 
H02J3/322 (CN) 
H02J3/381 (CN) 
H02J3/48 (CN) 
H02J2101/24 (CN) 
H02J2101/28 (CN) 
H02J2101/40 (CN) 
H02J2103/30 (CN) 
H02J2103/35 (CN) 
Y02A30/60 (EP) 
Y02B70/3225 (EP) 
Y02E10/56 (EP) 
Y02E40/30 (EP) 
Y02E70/30 (EP) 
Y04S10/50 (EP) 
Y04S20/222 (EP)";"2022-02-18 
2024-05-10";"2022-02-18";"080277760";
"585";"Method for establishing multi-tenant multi-channel SaaS platform";"NIU GUOYING 
DU HAIYANG";"HUITONG SHUKE INTELLIGENT TECH CO LTD";"CN114035768A 
CN114035768B";"2021-10-08";"G06Q30/06 
G06F8/20 
G06Q30/0601 
G06Q30/0645";"G06F8/20 (CN) 
G06Q30/0633 (CN) 
G06Q30/0643 (CN) 
G06Q30/0645 (CN)";"2022-02-11 
2024-08-20";"2022-02-11";"080140683";
"586";"AI PLATFORM AND SYSTEM FOR EXTRACTING DATE OF BIRTH OF USER AND PROVIDING INFORMATION IN ARTIFICIAL INTELLIGENCE-ROBOT AND CHAT-BOT BASED CHAT BLIND DATE AND COMPATIBILITY";"KIM MAN YI [KR] 
KIM YOUN HO [KR]";"KIM MAN YI [KR] 
KIM YOUN HO [KR]";"KR102605273B1 
KR20220017757A";"2020-08-05";"G06Q30/06";"G06Q30/06 (EP) 
G06Q30/0631 (KR) 
G06Q30/0641 (KR) 
G06Q50/10 (EP,KR) 
G06Q50/40 (EP,KR)";"2022-02-14 
2023-11-27";"2022-02-10";"080117404";
"587";"SYSTEM AND METHOD FOR MANAGING PAYMENT BETWEEN BUSINESS USING VIRTUAL ACCOUNT";"NOH KANG SEOK";"TOGETHERAPPS CO LTD [KR]";"KR20230026363A";"2020-07-23";"G06Q10/06 
G06Q20/02 
G06Q20/10 
G06Q20/14 
G06Q30/04 
G06Q40/00 
G06Q40/02";"G06Q10/0631 (KR) 
G06Q20/02 (KR) 
G06Q20/10 (KR) 
G06Q20/14 (KR) 
G06Q30/04 (KR) 
G06Q40/02 (KR) 
G06Q40/12 (KR)";"2023-02-24";"2022-02-04";"080268573";
"588";"PLATFORM SYSTEM FOR TEXTILE PRODUCTS MANUFACTYRERS TO ENTER OVERSEAS SALES";"JANG JI HOON [KR]";"JANG JI HOON [KR]";"KR102461658B1 
KR20220013168A";"2020-07-24";"G06Q10/08 
G06Q30/06";"G06Q10/08 (KR) 
G06Q10/0831 (KR) 
G06Q30/0277 (KR) 
G06Q30/0619 (KR) 
G06Q30/0621 (KR) 
G06Q30/0633 (KR) 
G06Q30/0641 (KR) 
Y02P90/30 (EP)";"2022-02-04 
2022-10-31";"2022-02-04";"080267819";
"589";"Swappable Battery System And Method, Electric Vehicles, Battery As A Service (BaaS)";"ONG GABRIEL ZHI YI [US] 
LIM ZEMING [SG]";"LYVES HATCHER PTE LTD [SG]";"US2022036330A1";"2020-07-30";"G06Q20/18 
G06Q30/06";"B60L50/66 (EP) 
B60L53/305 (EP) 
B60L53/665 (EP) 
B60L53/68 (EP) 
B60L53/80 (EP) 
B60L58/12 (EP) 
G06Q20/145 (EP) 
G06Q20/18 (EP,US) 
G06Q20/3224 (EP) 
G06Q20/3267 (EP) 
G06Q30/0645 (EP,US) 
G07F15/005 (EP) 
B60L2240/622 (EP) 
B60L2240/70 (EP) 
Y02T10/70 (EP) 
Y02T10/7072 (EP) 
Y02T10/72 (EP) 
Y02T90/12 (EP) 
Y02T90/16 (EP) 
Y02T90/167 (EP) 
Y04S30/14 (EP)";"2022-02-03";"2022-02-03";"080004382";
"590";"Beidou No.3 communication positioning terminal";"SUN PING 
YANG JIANQIANG 
CHEN RANGCHEN 
HUANG JINBO 
SUN JIANTONG";"CHANGSHA HAIGE BEIDOU INFORMATION TECH CO LTD";"CN215678781U";"2021-08-10";"G01S19/14 
H04W88/06";"";"2022-01-28";"2022-01-28";"079951109";
"591";"Complex logistics system dynamic response analysis method based on computational experiment technology";"DU HENG 
WEN DANPING 
XU PENG";"NANJING INST TECH 
NANJING UNIVERSITY OF TECHNOLOGY";"CN113962625A";"2021-09-30";"G06F30/20 
G06Q10/08 
G06Q30/02";"G06F30/20 (CN) 
G06Q10/08 (CN) 
G06Q10/087 (CN) 
G06Q30/0202 (CN)";"2022-01-21";"2022-01-21";"079462888";
"592";"B2B transaction system and implementation method";"SHEN JIAN";"GUANGDONG WEICHENG NETWORK TECH CO LTD";"CN113947487A";"2021-10-26";"G06Q30/06 
G06Q40/04";"G06Q30/0611 (CN) 
G06Q40/04 (CN)";"2022-01-18";"2022-01-18";"079332426";
"593";"Pesticide product purchase-sale-stock management system and method";"WANG ZHENHUA 
YANG HAIQING 
SUN HONGWEI 
SUN CHEN";"BINZHOU ZHIJIE NONGBANG CROP PROT CO LTD";"CN113935779A";"2021-10-27";"G06Q10/08 
G06Q30/02 
G06Q50/02";"G06Q10/087 (CN) 
G06Q30/0201 (CN) 
G06Q30/0206 (CN) 
G06Q50/02 (CN)";"2022-01-14";"2022-01-14";"079284652";
"594";"METHOD AND SYSTEM FOR MEASURING COMPUTABLE CLIMATE ACTION TRANSACTIONS AS A BENEFIT, GIFT, ENGAGEMENT, INCENTIVE, RECOGNITION, REWARD, TEAMBUILDING AND TRAINING TOOL";"SHERIDAN LESLIE [US]";"SHERIDAN LESLIE [US]";"US12067518B2 
US2022012751A1";"2020-07-09";"G06Q10/06 
G06Q30/00 
G06Q30/02 
G06Q50/00 
G06Q10/0639 
G06Q30/018 
G06Q10/0637 
G06Q30/0201 
G06Q30/0214 
G06Q50/00 
G06Q50/20";"G06Q10/0637 (EP) 
G06Q10/0639 (EP,US) 
G06Q10/40 (EP) 
G06Q30/018 (EP,US) 
G06Q30/0201 (EP) 
G06Q30/0214 (EP) 
G06Q10/0637 (US) 
G06Q10/08 (EP,US) 
G06Q10/40 (US) 
G06Q30/0201 (US) 
G06Q30/0214 (US) 
G06Q50/205 (EP,US) 
Y02P90/845 (EP) 
Y02P90/90 (EP)";"2022-01-13 
2024-08-20";"2022-01-13";"079172821";
"595";"Goods picking device for electronic product wholesale";"CANG WEI";"XIAN LENGSEDIAO NETWORK TECH CO LTD";"CN215430339U";"2020-12-28";"B07C7/04";"";"2022-01-07";"2022-01-07";"079681377";
"596";"Digital catering intelligent pricing method, device and system and medium";"LI YANFENG 
NIE MIAOMIAO 
YI LU 
WEN JITE 
YANG MINJIE 
ZHOU XIAOCHEN";"CNNC KAILI SHENZHEN CATERING MAN CO LTD";"CN113902465A 
CN113902465B";"2021-09-08";"G06Q30/02 
G06Q50/12";"G06Q30/0283 (CN) 
G06Q50/12 (CN)";"2022-01-07 
2022-07-19";"2022-01-07";"079188876";
"597";"Machine Learning of Dental Images to Expedite Insurance Claim Approvals and Identify Insurance Fraud";"RICCI RICHARD [US] 
CAMBRIA ANDREA [US]";"RICCI RICHARD [US] 
CAMBRIA ANDREA [US]";"US2022005588A1";"2020-07-02";"G06T7/00 
G16H30/20 
G16H30/40 
G16H40/63 
G16H50/20 
G16H50/70";"A61B6/51 (EP) 
G06N3/045 (EP) 
G06N3/0464 (EP) 
G06N3/08 (EP) 
G06N3/09 (EP) 
G06Q10/10 (EP) 
G06Q30/0601 (EP) 
G06Q30/0605 (EP) 
G06Q50/22 (EP) 
G06Q50/26 (EP) 
G06T7/0012 (US) 
G06T7/0014 (EP) 
G06T7/11 (EP) 
G06V10/462 (EP) 
G06V10/764 (EP) 
G06V10/82 (EP) 
G16H20/00 (EP) 
G16H30/20 (EP,US) 
G16H30/40 (EP,US) 
G16H40/63 (US) 
G16H40/67 (EP) 
G16H50/20 (EP,US) 
G16H50/30 (EP) 
G16H50/70 (EP,US) 
G06F16/55 (EP) 
G06N20/00 (EP) 
G06T2207/20081 (EP,US) 
G06T2207/20084 (EP) 
G06T2207/30036 (EP,US) 
G06V2201/03 (EP) 
G06V2201/033 (EP)";"2022-01-06";"2022-01-06";"079166985";
"598";"vehicle accessory wholesale service implementation method and system";"CHENG PENG";"JIANGSU CARZONE AUTOMOBILE ACCESS CO LTD";"CN113888249A";"2021-06-25";"G06Q10/08 
G06Q30/02 
G06Q30/06";"G06Q10/0833 (CN) 
G06Q10/0875 (CN) 
G06Q30/0201 (CN) 
G06Q30/0213 (CN) 
G06Q30/0239 (CN) 
G06Q30/0611 (CN) 
G06Q30/0627 (CN) 
G06Q30/0635 (CN)";"2022-01-04";"2022-01-04";"079010531";
"599";"Customized product transaction system based on block chain";"HOU DONGSHENG 
DU YU 
HAO YUKUN";"SHANGHAI WANXIANG BLOCKCHAIN CO LTD";"CN113888166A 
CN113888166B";"2021-10-21";"G06Q30/06 
G06Q20/38 
G06Q20/40 
G06Q30/0601";"G06Q20/38215 (CN) 
G06Q20/3825 (CN) 
G06Q20/3827 (CN) 
G06Q20/3829 (CN) 
G06Q20/4014 (CN) 
G06Q20/4016 (CN) 
G06Q30/0611 (CN) 
G06Q30/0621 (CN) 
G06Q30/0635 (CN) 
Y02P90/30 (EP)";"2022-01-04 
2024-10-15";"2022-01-04";"079004138";
"600";"Online shopping mall database distribution method and system";"XU YU";"ZAIXIU NETWORK TECH SHENZHEN CO LTD";"CN113888270A";"2021-09-30";"G06Q30/06";"G06Q30/0601 (CN) 
G06Q30/0635 (CN)";"2022-01-04";"2022-01-04";"079004824";
"601";"Classification risk control approval method and system for B2B clients";"YANG QIANQIAN";"CHONGQING FUMIN BANK CO LTD";"CN113869755A";"2021-09-30";"G06F16/906 
G06Q10/06 
G06Q10/10";"G06F16/906 (CN) 
G06Q10/0635 (CN) 
G06Q10/06393 (CN) 
G06Q10/10 (CN)";"2021-12-31";"2021-12-31";"079001211";
"602";"Transportation device for wholesale of building materials and chemical products";"HE HAIYANG";"XUZHOU XINCHANG GAS CO LTD";"CN113844509A";"2020-06-25";"B62B3/00 
B62B5/00 
F16F15/067";"B62B3/005 (CN) 
B62B5/0006 (CN) 
F16F15/067 (CN)";"2021-12-28";"2021-12-28";"078972229";
"603";"Rotary display device for wholesale of building materials and chemical products";"HE HAIYANG";"XUZHOU XINCHANG GAS CO LTD";"CN113842008A";"2020-06-25";"A47B81/00 
A47B83/00 
A47F11/10 
A47F5/00 
A47F5/025 
A47F7/00 
B08B5/02";"A47B81/00 (CN) 
A47B83/00 (CN) 
A47F11/10 (CN) 
A47F5/00 (CN) 
A47F5/025 (CN) 
A47F7/00 (CN) 
B08B5/02 (CN)";"2021-12-28";"2021-12-28";"078972211";
"604";"Implementation method of B2B intelligent contract mechanism";"SUN YI 
XIAO JIASONG 
LI FANGJIE";"SHANGHAI CHINAYIE CROSS BORDER ELECTRONIC COMMERCE CO LTD";"CN113852678A 
CN113852678B";"2021-09-15";"H04L12/58 
H04L29/08 
G06F16/2458 
G06F16/27 
G06F40/186 
G06Q10/10 
H04L51/046 
H04L67/10 
H04L67/51 
H04L67/55";"G06F16/2471 (CN) 
G06F16/27 (CN) 
G06F40/186 (CN) 
G06Q10/10 (CN) 
H04L51/046 (CN) 
H04L67/10 (CN) 
H04L67/51 (CN) 
H04L67/55 (CN)";"2021-12-28 
2024-04-26";"2021-12-28";"078974107";
"605";"ROBOTIC PRODUCTION ENVIRONMENT FOR VEHICLES";"SVERDLOV DENIS [GB] 
MORTON DOUGLAS [GB] 
MALYGIN SERGEY [GB] 
KOSTIN ANDREY [GB] 
VOLKOV ANDREY [GB] 
LARIN ALEXIS [GB] 
RUDNITCKII DMITRII [GB] 
SCHOFIELD MURRAY [GB] 
THOMPSON ROB [GB] 
CHAPMAN JENNIFER [GB] 
BION PATRICK [GB] 
GADD JAMES [GB] 
JARDINE BEN [GB] 
SAINT GLENN [GB] 
ELVIDGE TOM [GB] 
BHOGAL KARANDEEP [GB] 
ZALAN DARYL [GB]";"ARRIVAL LTD [GB]";"US2022089237A1";"2020-06-16";"B25J9/16 
B62D65/02 
B62D65/04 
B62D65/18";"B25J9/1697 (US) 
B62D65/024 (US) 
B62D65/04 (US) 
B62D65/18 (US) 
G05B19/41845 (EP,US) 
G05B19/41885 (EP,US) 
G05B19/41895 (EP,US) 
G05B2219/31054 (EP,US) 
Y02P90/02 (EP) 
Y02P90/60 (EP) 
Y10T29/53365 (US)";"2022-03-24";"2021-12-23";"076971926";
"606";"PLATFORM SERVICE SYSTEM AND METHOD FOR GOODS DEALING BETWEEN COMPANIES";"LEE JUNG RYUL 
KANG JONG HO";"WOO WON ENG CO LTD [KR]";"KR20210153819A";"2020-06-11";"G06Q10/06 
G06Q30/02 
G06Q30/06 
G06Q40/02 
G06Q40/08";"G06Q10/06 (KR) 
G06Q30/0283 (KR) 
G06Q30/0613 (KR) 
G06Q40/02 (KR) 
G06Q40/08 (KR)";"2021-12-20";"2021-12-20";"079033903";
"607";"METHOD FOR UNLOADING HEAVY LOAD IN CARGO TRANSPORTATION VEHICLE AND TRANSPORTATION VEHICLE";"TANAKA HIROSHI 
TANAKA HIDEKAZU 
IKEDA NOBUHIRO";"TANAKA KOKI KK";"JP2021187673A 
JP7521725B2";"2020-05-26";"A01D33/10 
B65G41/00 
B65G69/26";"";"2021-12-13 
2024-07-24";"2021-12-13";"078848044";
"608";"A system for estimating sales of restaurant companies and methods for calculating sales estimates using weather information";"KU KYO YOUNG 
BANG SEO YOEN 
KU KYO JEONG 
PARK HYUN JUNG";"IIAMHUB INC [KR]";"KR102411671B1 
KR20210149550A";"2020-06-02";"G06N20/00 
G06Q10/04 
G06Q10/06 
G06Q10/08 
G06Q10/10 
G06Q50/12";"G06N20/00 (KR) 
G06Q10/04 (KR) 
G06Q10/0637 (KR) 
G06Q10/087 (KR) 
G06Q10/107 (KR) 
G06Q10/109 (KR) 
G06Q50/12 (KR)";"2021-12-09 
2022-06-22";"2021-12-09";"078866361";
"609";"B2B B2B transaction supply methods and systems that enable interworking between heterogeneous service data";"LIM YONG MUK";"EFFICON CO LTD [KR]";"KR102335257B1";"2021-03-29";"G06F16/21 
G06Q50/30 
H04L29/06 
H04L29/08";"";"2021-12-07";"2021-12-07";"078868003";
"610";"MANAGEMENT SYSTEM FOR INTERMEDIATE ANDBUYING WHOLESALE BASED ON THE PDA AND METHOD THEREOF";"SIM HYUN BO [KR]";"SIM HYUN BO [KR]";"KR20210147433A";"2020-05-29";"G06Q10/08 
G06Q30/06";"G06Q10/08 (KR) 
G06Q30/06 (KR)";"2021-12-07";"2021-12-07";"078868264";
"611";"Portable lifesaving terminal based on Beidou No.3 system";"SUN PING 
CHEN RANGCHEN 
SUN JIANTONG 
HUANG JINBO 
ZHU YANLING";"CHANGSHA HAIGE BEIDOU INFORMATION TECH CO LTD";"CN215006852U";"2021-06-03";"G01S19/03 
G01S19/17 
G01S19/42 
G08B25/08 
G08B7/06";"";"2021-12-03";"2021-12-03";"079086482";
"612";"A NEW AND USEFUL GIFT RESERVING E-COMMERCE SYSTEM";"NAYANAPALLI SUPRAJ KUMAR";"NAYANAPALLI SUPRAJ KUMAR [IN]";"AU2021106698A4";"2021-08-24";"G06Q30/00 
G06Q30/02 
G06Q30/06";"G06Q30/02 (AU) 
G06Q30/0601 (AU)";"2021-12-02";"2021-12-02";"078716571";
"613";"B2B SYSTEM FOR TRADING UNNAMED PRODUCT FOR GLOBAL BUSINESS TO BUSINESS AND METHOD THEREOF";"ROH SEOK HEON";"ENHANCE B CO LTD [KR]";"KR102515932B1 
KR20210145482A";"2020-05-25";"G06Q30/02 
G06Q30/06";"G06Q30/0201 (KR) 
G06Q30/0283 (KR) 
G06Q30/0619 (KR)";"2021-12-02 
2023-03-30";"2021-12-02";"078867117";
"614";"Database state machine workflow system";"ZHOU ZHENHUI";"SHENZHEN ZHISHANG INFORMATION TECH CO LTD";"CN113723930A";"2021-09-07";"G06F16/21 
G06Q10/10";"G06F16/21 (CN) 
G06Q10/103 (CN)";"2021-11-30";"2021-11-30";"078682271";
"615";"Carrying device for wholesale placement of building materials";"ZHUANG YUNMING 
LIN AIPING 
WANG WUJUN 
ZHUANG PING";"HUAIHUA MINGDA BUILDING MAT CO LTD";"CN113697722A";"2021-08-31";"B65G69/00 
B66F9/06 
B66F9/075 
B66F9/12";"B65G69/00 (CN) 
B66F9/06 (CN) 
B66F9/07581 (CN) 
B66F9/12 (CN)";"2021-11-26";"2021-11-26";"078658290";
"616";"Transaction guiding method based on intelligent process engine";"SUN YI 
ZHANG LIFANG 
QI TONGCE";"SHANGHAI CHINAYIE CROSS BORDER ELECTRONIC COMMERCE CO LTD";"CN113706161A";"2021-09-01";"G06Q20/42 
G06Q30/06";"G06Q20/42 (CN) 
G06Q30/0635 (CN)";"2021-11-26";"2021-11-26";"078658766";
"617";"Aviation logistics service supply chain decision determination method considering supply interruption";"CHEN JIANHUA 
LIU WENJUN";"UNIV WUHAN TECH";"CN113706005A 
CN113706005B";"2021-08-25";"G06Q10/06 
G06Q10/08 
G06Q10/0631 
G06Q10/0639 
G06Q10/083";"G06Q10/06311 (CN) 
G06Q10/0639 (CN) 
G06Q10/083 (CN)";"2021-11-26 
2024-03-15";"2021-11-26";"078654590";
"618";"Trading Stipulation System by Conneting Wholesales Businesses";"";"";"KR20210142370A";"2020-05-18";"G06Q20/24 
G06Q20/36 
G06Q30/02 
G06Q30/06";"G06Q20/24 (KR) 
G06Q20/36 (KR) 
G06Q30/0283 (KR) 
G06Q30/0619 (KR)";"2021-11-25";"2021-11-25";"078745913";
"619";"On-line Tradeing System for Wholesale Business Entity";"";"";"KR20210142365A";"2020-05-18";"G06Q10/08 
G06Q20/24 
G06Q30/06";"G06Q10/083 (KR) 
G06Q20/24 (KR) 
G06Q30/0619 (KR)";"2021-11-25";"2021-11-25";"078745920";
"620";"Disease and pest recognition system based on big data and deep learning";"SONG CAIXIA 
QI ZHIGUO 
LIU CHUANQI 
HUO QINGFENG 
SUN ZHENHUA 
DING XUN 
CHEN BOYU 
FU HUAQIAO 
SUN FUHAO 
LIU YONGQI";"UNIV QINGDAO AGRICULTURAL";"CN113673394A";"2021-08-10";"G06F16/951 
G06K9/00 
G06K9/62 
G06Q50/02";"G06F16/951 (CN) 
G06F18/214 (CN) 
G06F18/241 (CN) 
G06Q50/02 (CN)";"2021-11-19";"2021-11-19";"078542042";
"621";"Agricultural Products Online Transaction Platform";"";"";"KR20210136266A";"2020-05-07";"G06Q10/08 
G06Q30/06 
H04W4/12";"G06Q10/083 (KR) 
G06Q30/0609 (KR) 
G06Q30/0619 (KR) 
H04W4/12 (KR)";"2021-11-17";"2021-11-17";"078702728";
"622";"MANAGEMENT SYSTEM FOR AGRICULTURAL AND MARINE PRODUCTS";"";"";"KR20210136272A";"2020-05-07";"G06Q30/02 
G06Q30/06 
G06Q30/08";"G06Q30/0207 (KR) 
G06Q30/0619 (KR) 
G06Q30/08 (KR)";"2021-11-17";"2021-11-17";"078702729";
"623";"Smart cloud warehouse management system";"CHEN XILIN";"GUANGDONG YUNYAO TECH CO LTD";"CN113657835A";"2021-08-23";"G06Q10/00 
G06Q10/06 
G06Q10/08";"G06Q10/0631 (CN) 
G06Q10/0837 (CN) 
G06Q10/087 (CN) 
G06Q10/20 (CN)";"2021-11-16";"2021-11-16";"078492527";
"624";"Internet advertising business channel resource comprehensive processing system";"WANG JUJIA 
LUO NA 
LIU LING";"HANGZHOU TUIMENG NETWORK TECH CO LTD";"CN113657931A";"2021-08-14";"G06Q30/02";"G06Q30/0277 (CN)";"2021-11-16";"2021-11-16";"078480296";
"625";"Interconnection system and method for B2B website to global enterprise website";"JIANG WEI";"HANGZHOU JEZOE TECH CO LTD";"CN113641938A";"2021-08-18";"G06F16/958 
G06Q10/10 
G06Q30/00 
G06Q30/06 
G06Q50/18";"G06F16/958 (CN) 
G06Q10/103 (CN) 
G06Q30/016 (CN) 
G06Q30/0601 (CN) 
G06Q50/18 (CN)";"2021-11-12";"2021-11-12";"078422777";
"626";"Diamond Asset Systems and Methods Facilitating Transactions, Valuation, and Securitization";"GOODMAN TIMOTHY DAVID [AU] 
FISHER NICHOLAS [AU] 
LEE ALAN JAMES [NZ]";"FINE ART BOURSE AUSTRALIA PTY LTD [AU]";"US2021350459A1";"2020-05-07";"G06Q40/04 
G06Q40/06 
G06Q40/08 
G06V10/764 
G06V10/774";"G06F18/214 (US) 
G06F18/2411 (US) 
G06Q40/04 (EP,US) 
G06Q40/06 (EP,US) 
G06Q40/08 (EP,US) 
G06V10/764 (EP,US) 
G06V10/774 (EP,US)";"2021-11-11";"2021-11-11";"078413011";
"627";"MATCHING SYSTEM FOR RESIDUAL AGRICULTURAL PRODUCT";"";"";"KR102324148B1";"2020-05-21";"G06Q30/02 
G06Q30/06";"";"2021-11-10";"2021-11-10";"078500150";
"628";"E-commerce platform sales volume prediction method based on adaptive weighting";"CHEN RUYI";"CHEN RUYI";"CN113627982A";"2021-08-10";"G06F16/951 
G06Q30/02";"G06F16/951 (CN) 
G06Q30/0202 (CN)";"2021-11-09";"2021-11-09";"078383780";
"629";"Under-forest ecological breeding method for high-quality broiler chickens";"WEN ZHENGCHANG 
WANG XUAN 
PAN SHUHUI 
ZHANG YANGZI 
ZHANG XIAOKE 
RAN JIANG";"GUIZHOU INST OF ANIMAL HUSBANDRY AND VETERINARY";"CN113615639A 
CN113615639B";"2021-06-22";"A01K67/02";"A01K67/02 (CN)";"2021-11-09 
2023-04-11";"2021-11-09";"078378228";
"630";"A Method of B2B trading service";"";"";"KR20210133782A";"2020-04-29";"G06Q30/06 
G06Q30/08";"G06Q30/0601 (KR) 
G06Q30/08 (KR)";"2021-11-08";"2021-11-08";"078497168";
"631";"Online B2B price inquiry and comparison method based on multi-specification and multi-seller bulk drug product";"WANG JIJUN";"JIANGSU SILITAI INFORMATION TECH CO LTD";"CN113610611A";"2021-09-02";"G06Q30/06";"G06Q30/0611 (CN) 
G06Q30/0635 (CN)";"2021-11-05";"2021-11-05";"078309827";
"632";"Automatic freight rate updating method based on OTA platform data delivery and storage medium";"ZHENG ZHUWEI 
ZHANG WEI 
QIAO SHUAILONG";"SHENZHEN FEIYE SOFTWARE CO LTD";"CN113609142A 
CN113609142B";"2021-07-06";"G06Q30/02 
G06Q50/30 
G06F16/23 
G06Q30/00 
G06Q30/0201 
G06Q50/40";"G06F16/2358 (CN) 
G06F16/2379 (CN) 
G06Q30/0201 (CN) 
G06Q30/0206 (CN) 
G06Q50/40 (CN)";"2021-11-05 
2024-02-20";"2021-11-05";"078337375";
"633";"Loading and unloading tool for electronic product wholesale";"CANG WEI";"XIAN LENGSEDIAO NETWORK TECH CO LTD";"CN214569080U";"2020-12-28";"B65G47/96 
B65G69/24";"";"2021-11-02";"2021-11-02";"078334749";
"634";"Quality sampling test device for electronic product wholesale";"CANG WEI";"XIAN LENGSEDIAO NETWORK TECH CO LTD";"CN214585557U";"2020-12-28";"G01R1/04";"";"2021-11-02";"2021-11-02";"078334776";
"635";"XR product composition system";"WANG XIANDA 
WANG GUO'AN 
CHE JIE";"LANZHOU FEITIAN WANGJING INFORMATION IND CO LTD";"CN113593045A";"2021-06-07";"G06Q50/00 
G06T1/00 
G06T15/00 
G06T19/00 
H04N21/2187";"G06Q10/40 (CN) 
G06T1/0021 (CN) 
G06T15/005 (CN) 
G06T19/006 (CN) 
H04N21/2187 (CN)";"2021-11-02";"2021-11-02";"078243458";
"636";"Foreign trade operation system and operation method thereof";"LIN KELONG 
LI HUI 
YU LINGYAO";"ZHEJIANG EPORTHUB COM E COMMERCE CO LTD";"CN113592118A";"2021-06-21";"G06K17/00 
G06Q10/02 
G06Q10/08 
G06Q30/06";"G06K17/0025 (CN) 
G06Q10/02 (CN) 
G06Q10/083 (CN) 
G06Q30/0635 (CN)";"2021-11-02";"2021-11-02";"078244076";
"637";"B2C B2C Online Shopping Mall Platform Based on Wholesale Market";"";"";"KR20210130469A";"2020-04-22";"G06F16/2457 
G06F16/901 
G06Q10/08 
G06Q30/06";"G06F16/24578 (KR) 
G06F16/901 (KR) 
G06Q10/083 (KR) 
G06Q30/0619 (KR) 
G06Q30/0639 (KR)";"2021-11-01";"2021-11-01";"078519216";
"638";"Building material transportation device facilitating feeding for building material wholesale";"ZHUANG YUNMING 
LIN AIPING 
WANG WUJUN 
ZHUANG PING";"HUAIHUA MINGDA BUILDING MAT CO LTD";"CN113562098A";"2021-08-31";"B60P1/00 
B60P1/43 
B62D63/06 
B62D63/08";"B60P1/00 (CN) 
B60P1/435 (CN) 
B62D63/06 (CN) 
B62D63/08 (CN)";"2021-10-29";"2021-10-29";"078173295";
"639";"Intelligent medical drug management method based on artificial intelligence and drug registration platform";"";"LI XIAOFANG";"CN113539459A";"2021-07-23";"G16H20/10 
G16H40/20";"G16H20/10 (CN) 
G16H40/20 (CN)";"2021-10-22";"2021-10-22";"078121321";
"640";"Power market operation monitoring index system in spot market environment";"JIN LUOSONG 
LIU QIANG 
HE JIE 
HUANG HENGZI 
YU JING 
WU JING 
YANG XI 
NIU DONGXIAO";"ZHEJIANG POWER EXCHANGE CENTER COMPANY LTD 
ZHEJIANG HUAYUN INFORMATION TECH CO LTD 
UNIV NORTH CHINA ELECTRIC POWER";"CN113505969A";"2021-06-04";"G06F17/11 
G06Q10/06 
G06Q30/02 
G06Q50/06";"G06F17/11 (CN) 
G06Q10/06393 (CN) 
G06Q30/0283 (CN) 
G06Q50/06 (CN)";"2021-10-15";"2021-10-15";"078009003";
"641";"INFORMATION PROCESSING DEVICE, INFORMATION PROCESSING METHOD, AND PROGRAM";"FUJIMOTO KAZUFUMI 
FUKUOKA CHISA 
OKADA CHIAKI 
MINAMI SHOTARO 
NAKATANI MASAHIRO";"KDDI CORP";"JP2022119015A 
JP6946582B1";"2021-02-03";"G06Q50/10";"";"2022-08-16 
2021-10-06";"2021-10-06";"077915217";
"642";"Weighing device for vegetable wholesale";"HE YUNFENG";"ZHEJIANG MINGHUI INTELLIGENT TECH CO LTD";"CN214309092U";"2021-03-31";"G01G19/40 
G01G23/00";"";"2021-09-28";"2021-09-28";"077837629";
"643";"Wholesale pharmaceutical application system applied to online medicine purchasing";"LAN YONGQIANG";"GUANGDONG YIZHENKANG NETWORK TECH CO LTD";"CN113450185A";"2021-06-21";"G06Q10/08 
G06Q30/00 
G06Q30/06";"G06Q10/083 (CN) 
G06Q30/016 (CN) 
G06Q30/0601 (CN)";"2021-09-28";"2021-09-28";"077811876";
"644";"Ecological fishing port intelligent management system";"DUGU YONG";"QINGDAO HUAYOU BINGXUE REFRIGERATION ENG CO LTD";"CN113450082A";"2021-07-12";"G06Q10/08 
G06Q10/10 
G06Q30/06 
G06Q50/02";"G06Q10/087 (CN) 
G06Q10/10 (CN) 
G06Q30/0601 (CN) 
G06Q50/02 (CN)";"2021-09-28";"2021-09-28";"077815854";
"645";"Vehicle-mounted intelligent TSN computing unit and vehicle-mounted TSN network platform hardware architecture";"XIAO WENPING 
YANG JUN";"SHANGHAI HINGE ELECTRONIC TECH CO LTD";"CN214311723U";"2021-03-16";"B60R16/02 
G06F13/38 
G06F13/40";"";"2021-09-28";"2021-09-28";"077836757";
"646";"Automatic Ordering System and Control Methods for Retailers";"LEE SANG HUN [KR]";"LEE SANG HUN [KR]";"KR20210115713A";"2020-03-16";"G06Q10/08 
G06Q30/06";"G06Q10/083 (KR) 
G06Q30/0633 (KR)";"2021-09-27";"2021-09-27";"077925718";
"647";"Integrated agricultural product wholesale system based on Internet platform";"ZHANG CHUGANG";"GUANGZHOU GUANGNONG DIGITAL CHAIN INFORMATION TECH CO LTD";"CN113435963A";"2021-06-16";"G06Q10/06 
G06Q30/00 
G06Q30/06 
G06Q50/02";"G06Q10/06395 (CN) 
G06Q30/016 (CN) 
G06Q30/0605 (CN) 
G06Q30/0631 (CN) 
G06Q30/0633 (CN) 
G06Q50/02 (CN)";"2021-09-24";"2021-09-24";"077756233";
"648";"Cyber Security System and Method";"BOYLE RACHAEL [US] 
HUANG LUCY [US] 
CRAMER LISA [US]";"LIVERAMP INC [US]";"US12166795B2 
US2023009704A1";"2020-03-19";"H04L9/40";"G06F21/577 (EP) 
H04L63/1425 (EP,US) 
H04L63/1483 (EP,US) 
H04L2463/146 (US)";"2023-01-12 
2024-12-10";"2021-09-23";"077768340";
"649";"積み卸し装置、積み卸しシステム及び積み卸し方法";"";"";"JP2023517014A 
JP7465364B2";"2020-03-09";"B65G1/04 
B65G1/14";"B65G1/02 (EP) 
B65G1/0485 (EP) 
B65G1/06 (EP,US) 
B65G1/1375 (US) 
B65G65/00 (EP)";"2023-04-21 
2024-04-10";"2021-09-16";"077670981";
"650";"Early warning method and system for identifying click farming shop based on e-commerce operation data";"JIA XIAOMENG 
XIE CHUANJIA 
YAO MINWEI";"INSPUR DROSO BIG DATA IND DEVELOPMENT CO LTD";"CN113393245A";"2021-06-21";"G06K9/62 
G06N20/00 
G06Q20/40";"G06F18/214 (CN) 
G06F18/24323 (CN) 
G06N20/00 (CN) 
G06Q20/4016 (CN)";"2021-09-14";"2021-09-14";"077623090";
"651";"""VAR INSURANCE"" FOR FINANCIAL ASSETS.....";"TOYNE-DAVIES ZACHARY [AU]";"TOYNE DAVIES ZACHARY [AU]";"WO2021174287A1";"2020-03-03";"G06Q40/06 
G06Q40/08";"G06Q40/06 (EP) 
G06Q40/08 (EP,AU) 
G06Q50/16 (EP,AU)";"2021-09-10";"2021-09-10";"077612525";
"652";"Power distribution network distributed collaborative optimization regulation and control method based on Nash equilibrium";"ZHAO YI 
SUN WENYAO 
WANG XUEJIE 
YE PENG 
CHEN YUTING 
WU JUNDA 
LIU MUQI 
YANG CHENGYU 
ZHANG MINGYING";"SHENYANG INST ENGINEERING";"CN113361864A 
CN113361864B";"2021-05-14";"G06Q10/06 
G06Q30/02 
G06F30/20 
G06Q50/06 
H02J3/00 
H02J3/48 
H02J3/50 
G06Q10/0631 
G06Q30/0202 
G06F111/10 
G06F113/04";"G06F30/20 (CN) 
G06Q10/06313 (CN) 
G06Q30/0206 (CN) 
G06Q50/06 (CN) 
H02J3/008 (CN) 
H02J3/48 (CN) 
H02J3/50 (CN) 
G06F2111/10 (CN) 
G06F2113/04 (CN) 
H02J2103/30 (CN) 
H02J2103/35 (CN) 
Y04S10/50 (EP) 
Y04S50/14 (EP)";"2021-09-07 
2023-05-30";"2021-09-07";"077526485";
"653";"POI associated building area regression prediction device and method";"JIA YANYAN 
FENG JIAN 
WANG YUHUI 
MA TENGFEI 
YUE XILIU";"CHINA REINSURANCE GROUP CORP 
CHINA REINSURANCE GROUP CATASTROPHE RISK MAN CO LTD";"CN113360966A 
CN113360966B";"2021-04-12";"G06F30/13 
G06F30/27 
G06N20/00";"G06F30/13 (CN) 
G06F30/27 (CN) 
G06N20/00 (CN)";"2021-09-07 
2024-11-12";"2021-09-07";"077525145";
"654";"Case reasoning-based personalized recommendation method for e-commerce website commodities";"SONG PEISEN 
YU BENCHENG 
CHEN CHEN";"XUZHOU COLLEGE IND TECHNOLOGY";"CN113327125A";"2021-04-30";"G06F16/906 
G06Q20/08 
G06Q20/12 
G06Q20/38 
G06Q30/02 
G06Q30/06 
H04L29/06";"G06F16/906 (CN) 
G06Q20/0855 (CN) 
G06Q20/12 (CN) 
G06Q20/382 (CN) 
G06Q30/0255 (CN) 
G06Q30/0271 (CN) 
G06Q30/0277 (CN) 
G06Q30/0631 (CN) 
H04L63/145 (CN) 
H04L63/20 (CN) 
H04L2209/56 (CN)";"2021-08-31";"2021-08-31";"077414238";
"655";"B2B online payment transaction method based on digital image processing";"JIANG WEI";"HANGZHOU JEZOE TECH CO LTD";"CN113327105A 
CN113327105B";"2021-08-03";"G06Q20/08 
G06Q20/10 
G06Q20/40";"G06Q20/0855 (CN) 
G06Q20/108 (CN) 
G06Q20/401 (CN)";"2021-08-31 
2021-10-19";"2021-08-31";"077426992";
"656";"XR product composition system";"CHE JIE";"CHE JIE";"CN113325949A";"2021-05-12";"G06F21/16 
G06F3/01";"G06F21/16 (CN) 
G06F3/011 (CN)";"2021-08-31";"2021-08-31";"077415435";
"657";"Progam for providing product recommendation and order service";"ROH CHANG HYUN";"WISEFASHION INC [KR]";"KR20210105015A";"2020-02-18";"G06F40/151 
G06K9/62 
G06Q30/06";"G06F18/22 (KR) 
G06F40/151 (KR) 
G06Q30/0631 (KR) 
G06Q30/0633 (KR) 
G06Q30/0641 (KR)";"2021-08-26";"2021-08-26";"077465672";
"658";"Method for providing product recommendation and order service based on tag of order data";"ROH CHANG HYUN";"WISEFASHION INC [KR]";"KR20210105014A";"2020-02-18";"G06F40/151 
G06K9/62 
G06Q30/06";"G06F18/22 (KR) 
G06F40/151 (KR) 
G06Q30/0631 (KR) 
G06Q30/0633 (KR) 
G06Q30/0641 (KR)";"2021-08-26";"2021-08-26";"077465665";
"659";"Record medium on which program is recorded for providing product recommendation and order service";"ROH CHANG HYUN";"WISEFASHION INC [KR]";"KR20210105016A";"2020-02-18";"G06F40/151 
G06K9/62 
G06Q30/06";"G06F18/22 (KR) 
G06F40/151 (KR) 
G06Q30/0631 (KR) 
G06Q30/0633 (KR) 
G06Q30/0641 (KR)";"2021-08-26";"2021-08-26";"077465673";
"660";"Apparatus for providing product recommendation and order service";"ROH CHANG HYUN";"WISEFASHION INC [KR]";"KR20210105013A";"2020-02-18";"G06F40/151 
G06K9/62 
G06Q30/06";"G06F18/22 (KR) 
G06F40/151 (KR) 
G06Q30/0631 (KR) 
G06Q30/0633 (KR) 
G06Q30/0641 (KR)";"2021-08-26";"2021-08-26";"077465669";
"661";"Apparatus and method for providing product recommendation and order service based on tag of order data";"ROH CHANG HYUN";"WISEFASHION INC [KR]";"KR102857603B1 
KR20210105011A";"2020-02-18";"G06K9/62 
G06F40/151 
G06Q30/06 
G06F18/00";"G06F18/22 (KR) 
G06F40/151 (KR) 
G06Q30/0631 (KR) 
G06Q30/0633 (KR) 
G06Q30/0641 (KR)";"2021-08-26 
2025-09-09";"2021-08-26";"077465660";
"662";"Apparatus for supporting feature information tagging";"ROH CHANG HYUN";"WISEFASHION INC [KR]";"KR20210104997A";"2020-02-18";"G06F40/151 
G06K9/46 
G06K9/62 
G06Q30/02 
G06Q30/06";"G06F18/22 (KR) 
G06F40/151 (KR) 
G06Q30/0202 (KR) 
G06Q30/0631 (KR) 
G06Q30/0633 (KR) 
G06Q30/0641 (KR) 
G06V10/40 (KR)";"2021-08-26";"2021-08-26";"077465735";
"663";"Apparatus for supporting feature information tagging and operating method thereof";"ROH CHANG HYUN";"WISEFASHION INC [KR]";"KR102857602B1 
KR20210104996A";"2020-02-18";"G06K9/46 
G06K9/62 
G06F40/151 
G06Q30/06 
G06F18/00 
G06V10/40";"G06F18/22 (KR) 
G06F40/151 (KR) 
G06Q30/0633 (KR) 
G06Q30/0641 (KR) 
G06V10/40 (KR)";"2021-08-26 
2025-09-09";"2021-08-26";"077465732";
"664";"Apparatus for supporting feature information tagging";"ROH CHANG HYUN";"WISEFASHION INC [KR]";"KR20210104998A";"2020-02-18";"G06F40/151 
G06K9/46 
G06K9/62 
G06Q30/02 
G06Q30/06";"G06F18/22 (KR) 
G06F40/151 (KR) 
G06Q30/0202 (KR) 
G06Q30/0631 (KR) 
G06Q30/0633 (KR) 
G06Q30/0641 (KR) 
G06V10/40 (KR)";"2021-08-26";"2021-08-26";"077465741";
"665";"Apparatus for providing product recommendation and order service based on tag of order data";"ROH CHANG HYUN";"WISEFASHION INC [KR]";"KR102857604B1 
KR20210105012A";"2020-02-18";"G06F40/151 
G06Q30/06";"G06F40/151 (KR) 
G06Q30/0631 (KR) 
G06Q30/0633 (KR) 
G06Q30/0641 (KR)";"2021-08-26 
2025-09-09";"2021-08-26";"077465668";
"666";"AN APPARATUS FOR PROVIDING INTERMEDIATING MANAGEMENT SERVICES FOR WHOLESALE AND RETAIL BASED ON ORDER DATA STANDARDIZATION AND A METHOD FOR OPERATING IT";"ROH CHANG HYUN";"WISEFASHION INC [KR]";"KR20210104983A";"2020-02-18";"G06F40/151 
G06F40/186 
G06Q30/06";"G06F40/151 (KR) 
G06F40/186 (KR) 
G06Q30/0633 (KR) 
G06Q30/0641 (KR) 
G06Q30/08 (KR)";"2021-08-26";"2021-08-26";"077465413";
"667";"A operating method for supporting feature information tagging";"ROH CHANG HYUN";"WISEFASHION INC [KR]";"KR20210104999A";"2020-02-18";"G06F40/151 
G06K9/46 
G06K9/62 
G06Q30/06";"G06F18/22 (KR) 
G06F40/151 (KR) 
G06Q30/0633 (KR) 
G06Q30/0641 (KR) 
G06V10/40 (KR)";"2021-08-26";"2021-08-26";"077465742";
"668";"A program for executing a method on a computer that supports tagging feature information corresponding to standardized order data";"ROH CHANG HYUN";"WISEFASHION INC [KR]";"KR20210105000A";"2020-02-18";"G06F40/151 
G06K9/46 
G06K9/62 
G06Q30/06";"G06F18/22 (KR) 
G06F40/151 (KR) 
G06Q30/0633 (KR) 
G06Q30/0641 (KR) 
G06V10/40 (KR)";"2021-08-26";"2021-08-26";"077465718";
"669";"Record medium on which program is recorded for supporting tagging of feature information in order data";"ROH CHANG HYUN";"WISEFASHION INC [KR]";"KR20210105001A";"2020-02-18";"G06F40/151 
G06K9/46 
G06K9/62 
G06Q30/06";"G06F40/151 (KR) 
G06Q30/0633 (KR) 
G06Q30/0641 (KR) 
G06V10/40 (KR) 
G06V10/75 (KR)";"2021-08-26";"2021-08-26";"077465746";
"670";"Waterless Dishwasher Spray";"JAIN PARAG 
ARYA DEEPAK 
CHATURVEDI GAURAV 
GUPTA GAURAV 
SEN CHELSI 
SAINI ANKUR 
JAISWAL DIKSHA";"ROORKEE INSTITUTE OF TECH [IN]";"AU2021103485A4";"2021-06-20";"G06Q30/02";"G06Q30/0271 (AU)";"2021-08-26";"2021-08-26";"077369535";
"671";"Organization sharing system and method based on main production place supply chain enterprise";"TIAN LIJUN";"UNIV NANNING NORMAL";"CN113298502A";"2021-05-28";"G06F21/60 
G06F21/62 
G06Q10/10 
G06Q30/02";"G06F21/602 (CN) 
G06F21/6218 (CN) 
G06Q10/103 (CN) 
G06Q30/0283 (CN)";"2021-08-24";"2021-08-24";"077328111";
"672";"Food traceability system and method based on blockchain";"JIANG YIFAN";"ZHEJIANG HUIDING HUALIAN TECH CO LTD";"CN113256313A 
CN113256313B";"2021-06-15";"G06Q10/08 
G06Q20/32 
G06Q30/00 
G06Q50/04";"G06Q10/083 (CN) 
G06Q20/327 (CN) 
G06Q30/018 (CN) 
G06Q50/04 (CN) 
Y02P90/30 (EP)";"2021-08-13 
2021-11-05";"2021-08-13";"077188046";
"673";"SYSTEMS AND METHODS FOR NETWORKS OF TIME SERIES";"VERHOEVEN PIETER JORIS [US] 
BROWN LUCAS MERRILL [US] 
MACPHERSON SEAN JAMES [US] 
PALAZZI TITIAAN FRANS MARIE [US] 
FERO ALLISON LEIGH [US]";"MYST AI INC [US]";"US2021248493A1";"2020-02-07";"G06N20/00 
G06N5/04";"G06F17/17 (US) 
G06N20/00 (EP,US) 
G06N5/04 (US)";"2021-08-12";"2021-08-12";"077176881";
"674";"-based a pair of furniture one-stop providing system";"KIM HYE LIM [KR]";"KIM HYE LIM [KR]";"KR102288403B1";"2020-03-31";"G06Q30/02 
G06Q30/06";"G06Q10/40 (KR) 
G06Q30/0281 (KR) 
G06Q30/0283 (KR) 
G06Q30/0605 (KR)";"2021-08-09";"2021-08-09";"077313146";
"675";"SMART SUPPLY CHAIN DIGITAL DAAS CROSS-BORDER E-COMMERCE SERVICE PLATFORM";"LIU TIANQIONG [CN]";"LIU TIANQIONG [CN]";"WO2022241897A1";"2021-05-21";"G06Q10/08 
G06Q10/10 
G06Q30/02 
G06Q30/06";"G06Q10/087 (CN) 
G06Q10/103 (CN) 
G06Q30/0202 (CN) 
G06Q30/0207 (CN) 
G06Q30/0282 (CN) 
G06Q30/0601 (CN)";"2022-11-24";"2021-08-06";"077093587";
"676";"Wholesale type channel marketing system";"REN ZEJUN";"REN ZEJUN";"CN113222626A";"2020-01-17";"G06Q30/02 
G06Q30/06 
G06Q50/00";"G06Q10/40 (CN) 
G06Q30/0207 (CN) 
G06Q30/0214 (CN) 
G06Q30/0635 (CN)";"2021-08-06";"2021-08-06";"077084945";
"677";"Analysis and Optimization of Pricing Plans for Sales Transactions";"CHRISTENSEN MITCHELL [US] 
VAISHNAV PARTH VIJAY [US]";"SALESFORCE COM INC [US]";"US2021241301A1";"2020-01-31";"G06Q30/02 
G06Q30/06";"G06Q30/0206 (EP,US) 
G06Q30/0603 (EP,US) 
G06Q30/0611 (EP,US)";"2021-08-05";"2021-08-05";"077411137";
"678";"Intelligent anti-counterfeiting and anti-channel-conflict system and method for mobile terminal";"YU WEIHUA";"BEIJING LIANJIE SHIDAI TECH CO LTD";"CN113205353A";"2021-06-04";"G06K17/00 
G06Q30/00";"G06K17/00 (CN) 
G06Q30/0185 (CN)";"2021-08-03";"2021-08-03";"077024413";
"679";"Production operation system and method for dairy industry";"YAN JIANGUO 
WANG SHILI 
LIU XIAODONG";"SHENZHEN FANGCANG INTELLIGENT ZHIZAO TECH CO LTD";"CN113191683A";"2021-05-24";"G06Q10/06 
G06Q10/08 
G06Q50/02";"G06Q10/0631 (CN) 
G06Q10/083 (CN) 
G06Q50/02 (CN)";"2021-07-30";"2021-07-30";"076985071";
"680";"Intelligent account division system and method based on aggregation payment platform and intelligent account division system";"CHEN TIANYU 
LI MIN 
YE ZHANGMING 
LIU YUAN 
YANG BINGXIN 
ZHANG TINGYONG 
LIN JIE 
WANG MINLI 
LIN DONG 
CHEN RONGHUI 
ZHENG HONG";"FUJIAN BOSI DIGITAL TECH CO LTD 
FUJIAN BOSS SOFTWARE CO LTD";"CN113191884A 
CN113191884B";"2021-05-26";"G06Q20/36 
G06Q40/02";"G06Q20/367 (CN) 
G06Q40/02 (CN)";"2021-07-30 
2025-10-24";"2021-07-30";"076985055";
"681";"Data clustering and B2B platform customer preference acquisition method and system";"JIANG WEI";"HANGZHOU YUNSOU NETWORK TECH CO LTD";"CN113159881A 
CN113159881B";"2021-03-15";"G06K9/62 
G06N3/04 
G06N3/08 
G06Q30/06 
G06V10/762 
G06V10/764 
G06V10/82";"G06F18/23213 (CN) 
G06F18/24 (CN) 
G06N3/044 (CN) 
G06N3/084 (CN) 
G06Q30/0631 (CN) 
Y02W90/00 (EP)";"2021-07-23 
2022-08-12";"2021-07-23";"076887132";
"682";"Merchant alliance platform taking bank customer as member";"CUI JIADONG 
DOU SUJUAN";"CUI JIADONG";"CN114708085A";"2021-04-09";"G06F21/62 
G06Q10/06 
G06Q10/10 
G06Q30/02 
G06Q40/02";"G06F21/6245 (CN) 
G06Q10/06393 (CN) 
G06Q10/103 (CN) 
G06Q30/0207 (CN) 
G06Q40/03 (CN)";"2022-07-05";"2021-07-23";"076889659";
"683";"INTERACTIVE REMOTE SELECTION AND ORDERING OF WHOLESALE FASHION ITEMS";"KURZ JUTTA S [US] 
MEADOWS ROBERT MARC [US] 
RITTER PAUL [US] 
FAWZY MONA [US] 
ZOLFO MICHAEL [US] 
LAO YVONNE [US]";"CXN INC [US]";"US11521263B2 
US2021224888A1";"2020-01-22";"G06F3/0484 
G06F3/0481 
G06F3/0486 
G06Q30/06 
G06F3/04842 
G06Q30/00";"G06F3/0481 (US) 
G06F3/04842 (US) 
G06F3/0486 (US) 
G06Q30/0623 (EP,US) 
G06Q30/0631 (EP,US) 
G06Q30/0635 (EP,US) 
G06Q30/0643 (EP,US)";"2021-07-22 
2022-12-06";"2021-07-22";"076858225";
"684";"Network-controlled labor-saving commercial handcart type sterile intelligent batch washing system equipment";"LYU WENQIAN";"YUTIANYUAN IND AND TRADE XIAMEN CO LTD";"CN113116258A";"2019-12-31";"A47L15/00 
A47L15/22 
A47L15/42 
A47L15/48";"A47L15/0076 (CN) 
A47L15/0092 (CN) 
A47L15/22 (CN) 
A47L15/42 (CN) 
A47L15/4202 (CN) 
A47L15/4236 (CN) 
A47L15/486 (CN)";"2021-07-16";"2021-07-16";"076770860";
"685";"SERVER FOR CREATING JOB AND SHARING PROFIT FOR ARTISTE AND METHOD PERFORMING THE SAME";"SHIN JEONG HYEOK [KR]";"SHIN JEONG HYEOK [KR]";"KR102267004B1";"2020-05-08";"G06Q10/10 
G06Q30/06 
G06Q30/08 
G06Q50/10";"G06Q10/1053 (KR) 
G06Q30/0619 (KR) 
G06Q30/08 (KR) 
G06Q50/10 (KR)";"2021-06-18";"2021-06-18";"076623189";
"686";"B2B B2B marketing integrated management system";"JANG SANG PHIL";"CATHOLIC UNIV KOREA IND ACADEMIC COOPERATION FOUNDATION [KR]";"KR20210071522A";"2019-12-06";"G06Q30/02 
G06Q50/00";"G06Q10/40 (KR) 
G06Q30/02 (KR)";"2021-06-16";"2021-06-16";"076602875";
"687";"Recognition method, device and equipment of consultation intention and storage medium";"GUO GUANJUN 
ZHONG XIANDE";"BEIJING BAIDU NETCOM SCI & TECH CO LTD";"CN112966177A 
CN112966177B";"2021-03-05";"G06F16/9532 
G06F16/9535 
G06F40/216 
G06F40/289";"G06F16/9532 (CN) 
G06F16/9535 (CN) 
G06F40/216 (CN) 
G06F40/289 (CN)";"2021-06-15 
2022-07-26";"2021-06-15";"076276706";
"688";"Method and system for B2B proxy payment based on license chain";"YANG XIANGJUN 
DI BIN 
WANG XIAOBA 
NIE DAWEI 
ZHANG ZONGQIN 
MIAO XU 
LIU RUIHONG 
ZHANG XIAOGUANG 
FENG YU 
FAN JIANGKUN 
GAO SHA 
LI HONG 
CHEN HAIBO 
FAN GUIFU";"ZHONGCHAO CREDIT CARD IND DEVELOPMENT CO LTD";"CN112950178A 
CN112950178B";"2021-02-25";"G06Q20/02 
G06Q20/38";"G06Q20/02 (CN) 
G06Q20/023 (CN) 
G06Q20/3829 (CN) 
G06Q20/389 (CN)";"2021-06-11 
2023-09-12";"2021-06-11";"076246217";
"689";"Address connection and interaction method for internet-of-network commercial terminal";"LI JIAFENG";"LI JIAFENG";"CN112954077A";"2021-04-01";"H04L29/08 
H04L29/12";"H04L61/4511 (CN) 
H04L67/141 (CN)";"2021-06-11";"2021-06-11";"076232106";
"690";"Warehouse receipt customization system";"WANG GUOJUN";"WANG GUOJUN";"CN112950327A";"2021-03-12";"G06Q10/08 
G06Q30/06";"G06Q10/087 (CN) 
G06Q30/0621 (CN) 
G06Q30/0635 (CN)";"2021-06-11";"2021-06-11";"076230333";
"691";"METHOD, SYSTEM AND PROGRAM FOR ADJUSTING NUMBER OF ORDERED COMMODITIES";"MINAMITANI HIROSHI 
ASAKAWA MITSUTO";"SINOPS INC";"JP2021089542A";"2019-12-03";"B65G61/00 
G06Q10/08 
G06Q30/06";"";"2021-06-10";"2021-06-10";"076220645";
"692";"Novel agricultural product wholesale intelligent terminal control circuit";"JU ANGEL";"UNIV KUNMING SCIENCE & TECHNOLOGY";"CN112907812A";"2021-02-04";"G06Q30/06 
G07F7/08";"G06Q30/06 (CN) 
G07F7/08 (CN)";"2021-06-04";"2021-06-04";"076122374";
"693";"Method for Manufacturing and Transactions of Advertisement Printed Matter Using Integrated Services Platform";"LEE SEOUNG GU [KR]";"LEE SEOUNG GU [KR]";"KR102261344B1";"2020-11-11";"G06Q30/02 
G06Q30/06 
G06Q30/08";"G06Q30/0207 (KR) 
G06Q30/0281 (KR) 
G06Q30/0283 (KR) 
G06Q30/0619 (KR) 
G06Q30/0621 (KR) 
G06Q30/0631 (KR) 
G06Q30/0641 (KR) 
G06Q30/08 (KR)";"2021-06-04";"2021-06-04";"076392088";
"694";"Method for Shopping Advertisement Printed Matter Using Integrated Services Platform";"LEE SEOUNG GU [KR]";"LEE SEOUNG GU [KR]";"KR102261343B1";"2020-11-11";"G06Q10/08 
G06Q30/02 
G06Q30/06";"G06Q10/08 (KR) 
G06Q30/0281 (KR) 
G06Q30/0283 (KR) 
G06Q30/0619 (KR) 
G06Q30/0631 (KR) 
G06Q30/0641 (KR) 
G06Q30/08 (KR)";"2021-06-04";"2021-06-04";"076391990";
"695";"Order splitting and supplying method for group purchase order sharing";"ZHENG XIN 
HUO SHENGJUN 
XU NANNAN";"QINGDAO MENGDOU NETWORK TECH CO LTD";"CN112884227A";"2021-02-23";"G06Q10/04 
G06Q10/08 
G06Q30/06";"G06Q10/047 (CN) 
G06Q10/08355 (CN) 
G06Q30/0605 (CN)";"2021-06-01";"2021-06-01";"076053814";
"696";"E-commerce management platform based on big data";"LIN ZHENGXIANG";"SHENZHEN CAIYINGTONG TECH CO LTD";"CN112862344A";"2021-03-02";"G06Q10/06 
G06Q10/08 
G06Q30/06";"G06Q10/06311 (CN) 
G06Q10/087 (CN) 
G06Q30/0635 (CN)";"2021-05-28";"2021-05-28";"075990781";
"697";"Intelligent Logistics Management System For Mobile Communication Terminal Using Smart Phone";"KWON SE GI [KR]";"J SOLUTION [KR]";"KR20210059186A";"2019-11-15";"G06K19/06 
G06Q10/06 
G06Q10/08 
G06Q10/10";"G06F16/951 (KR) 
G06K19/06037 (KR) 
G06K7/1417 (KR) 
G06Q10/06313 (KR) 
G06Q10/0637 (KR) 
G06Q10/087 (KR)";"2021-05-25";"2021-05-25";"076145526";
"698";"Application protocol screening and matching method based on content filtering";"LI NI 
LI MENGLIN 
SHEN WEI 
CHEN PU 
KANG KAI 
MA GUOZHU 
ZHAO TING 
SUN YONG 
WANG HUAN";"POWERCHINA HUBEI ELECTRIC ENGINEERING CORP LTD 
BEIJING MEASURE & CONTROL TECH CO LTD";"CN112825518A";"2019-11-21";"H04L29/06 
H04L29/12";"H04L69/26 (CN) 
H04L2101/659 (CN)";"2021-05-21";"2021-05-21";"075906517";
"699";"Fast moving consumer goods anti-channel conflict tracking system and method in vending machine industry, and computing terminal";"LYU LI 
LI JINCHENG 
TANG CHUANMING";"SHENZHEN LERKE INTELLIGENT CONTROL TECH CO LTD";"CN112801675A 
CN112801675B";"2021-02-02";"G06Q10/08 
G06Q30/00 
G06Q30/02 
G06Q30/06 
G07F11/00 
G06Q10/087 
G06Q30/018 
G06Q30/0207 
G06Q30/0601";"G06Q10/087 (CN) 
G06Q30/018 (CN) 
G06Q30/0207 (CN) 
G06Q30/0635 (CN) 
Y02P90/30 (EP)";"2021-05-14 
2023-06-20";"2021-05-14";"075813727";
"700";"Dental Images Processed With Deep Learning For National Security";"RICCI RICHARD [US] 
CAMBRIA ANDREA [US]";"RICCI RICHARD [US] 
CAMBRIA ANDREA [US] 
CUBE CLICK INC [US]";"US11031119B2 
US2021142885A1";"2019-11-13";"G06F16/55 
G06N3/08 
G06Q30/06 
G06V10/764 
G16H30/20";"A61B6/51 (EP,US) 
G06F16/55 (US) 
G06N3/0442 (EP) 
G06N3/045 (EP) 
G06N3/0464 (EP) 
G06N3/08 (EP,US) 
G06N3/09 (EP) 
G06N3/096 (EP) 
G06Q30/0601 (EP,US) 
G06Q30/0605 (EP) 
G06Q50/26 (EP) 
G06T7/0014 (EP) 
G06T7/11 (EP) 
G06V10/462 (EP,US) 
G06V10/764 (EP,US) 
G06V10/82 (EP,US) 
G16H30/20 (EP,US) 
G16H30/40 (EP) 
G16H50/70 (EP) 
G06F16/55 (EP) 
G06N20/00 (EP) 
G06T2207/20081 (EP) 
G06T2207/20084 (EP) 
G06T2207/30036 (EP) 
G06V2201/03 (EP) 
G06V2201/033 (EP)";"2021-05-13 
2021-06-08";"2021-05-13";"075845630";
"701";"E-commerce commodity management system";"PENG ZAIXIN";"KUNSHAN ANYINGSHENG NETWORK TECH CO LTD";"CN112785386A";"2021-01-29";"G06Q30/06";"G06Q30/0601 (CN)";"2021-05-11";"2021-05-11";"075759710";
"702";"PLATFORM OPERATING SYSTEM AND METHOD FOR PROVIDING PERSONAL WEBPAGE";"LEE JAE HA";"TMJ INT SERVICE [KR]";"KR102332448B1 
KR20210051352A";"2019-10-30";"G06Q30/06";"G06Q30/0609 (KR) 
G06Q30/0619 (KR) 
G06Q30/0641 (KR)";"2021-05-10 
2021-11-30";"2021-05-10";"075917515";
"703";"B2B-based collaborative transaction platform, transaction method and storage medium";"GUO TAOSHAN";"SHENZHEN YIMEIKE SOFTWARE CO LTD";"CN112767070A";"2020-12-31";"G06Q30/06";"G06Q30/0605 (CN) 
G06Q30/0635 (CN)";"2021-05-07";"2021-05-07";"075698330";
"704";"Cross-enterprise collaborative accounting information processing method and system, storage medium and application";"HOU YUFENG";"UNIV SHANDONG JIAOTONG";"CN112766893A";"2021-01-11";"G06F16/22 
G06F16/23 
G06F40/186 
G06Q10/10 
G06Q30/04 
G06Q40/00";"G06F16/2228 (CN) 
G06F16/23 (CN) 
G06F40/186 (CN) 
G06Q10/103 (CN) 
G06Q30/04 (CN) 
G06Q40/123 (CN) 
G06Q40/125 (CN)";"2021-05-07";"2021-05-07";"075701412";
"705";"Refrigeration equipment";"ZOU JIANSHENG 
QIU HUIFENG 
LI SHUAI";"ZHONGDATONG INTELLIGENT LOGISTICS SHANGHAI CO LTD";"CN213147060U";"2020-08-21";"F25D11/00 
F25D17/02 
F25D23/00 
F25D29/00";"";"2021-05-07";"2021-05-07";"075739734";
"706";"Secure access for B2B applications";"FOXHOVEN PATRICK [US] 
CHANAK JOHN A [US] 
FEHRING WILLIAM [US] 
APTE MANOJ [US] 
SHAH KUNAL [US] 
SHARMA DHAWAL [US]";"ZSCALER INC [US]";"US11838271B2 
US2021136041A1";"2016-05-18";"H04L29/06 
H04L29/08 
G06F9/54 
H04L9/00 
H04L9/08 
H04L9/14 
H04L9/30 
H04L9/32 
H04L67/01 
H04L67/1021 
H04L9/40 
H04L61/4511 
H04L61/59";"G06F9/547 (US) 
H04L63/0272 (US) 
H04L63/029 (EP,US) 
H04L63/0823 (EP,US) 
H04L63/0876 (US) 
H04L67/01 (US) 
H04L67/10 (EP,US) 
H04L67/1021 (EP,US) 
H04L67/563 (EP) 
H04L9/006 (EP,US) 
H04L9/0894 (EP,US) 
H04L9/14 (US) 
H04L9/30 (US) 
H04L9/3263 (US) 
G06F9/5072 (EP) 
H04L61/4511 (EP,US) 
H04L61/59 (EP,US)";"2021-05-06 
2023-12-05";"2021-05-06";"075688325";
"707";"Block chain based Integrated Forecast, Demand and Supply chain management system for marketplace with the approach of machine learning";"SHARMA ADITI 
MISHRA ASHISH 
SAXENA ANKUR 
SAMAD ABDUS 
MALHOTRA DHEERAJ 
MAKKAR SANDHYA 
KUMAR NARESH 
DIXIT SHISHIR 
PANDEY ANKUR 
TRIPATHI POOJA 
GAUTAM SAVITA";"DIXIT SHISHIR DR [IN] 
GAUTAM SAVITA DR [IN] 
KUMAR NARESH DR [IN] 
MAKKAR SANDHYA DR [IN] 
MALHOTRA DHEERAJ DR [IN] 
MISHRA ASHISH DR [IN] 
PANDEY ANKUR MR [IN] 
SAMAD ABDUS DR [IN] 
SAXENA ANKUR DR [IN] 
SHARMA ADITI DR [IN] 
TRIPATHI POOJA DR [IN]";"AU2021101251A4";"2021-03-10";"G06Q10/08 
G16Y10/05 
G06N3/08";"G06Q10/0833 (AU) 
G16Y10/05 (AU) 
G06N3/086 (AU) 
H04L9/50 (AU)";"2021-05-06";"2021-05-06";"075714373";
"708";"Agricultural intelligent supply chain management platform, transaction method, server and storage medium";"XU YUMING 
QIN GANG 
XIAO LI 
CHEN BINGBO 
WANG XIAOLONG";"CHONGQING THRGO TECH CO LTD";"CN112750010A";"2021-01-11";"G06Q10/08 
G06Q20/40 
G06Q30/06 
G06Q50/02";"G06Q10/0833 (CN) 
G06Q10/087 (CN) 
G06Q20/405 (CN) 
G06Q30/0605 (CN) 
G06Q50/02 (CN)";"2021-05-04";"2021-05-04";"075650628";
"709";"Enterprise evaluation method based on B2B platform";"ZHENG XIN 
HUO SHENGJUN 
XU NANNAN 
GAO RUI 
YU YANG 
GAO JINGWEI";"QINGDAO MENGDOU NETWORK TECH CO LTD";"CN112712293A";"2021-01-19";"G06Q10/06 
G06Q30/00 
G06Q30/02 
G06Q30/06";"G06Q10/06393 (CN) 
G06Q30/018 (CN) 
G06Q30/0201 (CN) 
G06Q30/0605 (CN)";"2021-04-27";"2021-04-27";"075549333";
"710";"Clothing wholesale and retail software docking control system";"LU YONG";"GUANGZHOU YIQI INFORMATION TECH CO LTD";"CN112712398A";"2021-01-22";"G06Q30/02 
G06Q30/04 
G06Q30/06";"G06Q30/0208 (CN) 
G06Q30/0222 (CN) 
G06Q30/0226 (CN) 
G06Q30/0239 (CN) 
G06Q30/04 (CN) 
G06Q30/0601 (CN)";"2021-04-27";"2021-04-27";"075549449";
"711";"Enterprise information management system";"WANG JIANXIN";"WUJIANG JINGXIN TEXTILE CO LTD";"CN112613852A";"2020-12-30";"G06Q10/10";"G06Q10/103 (CN) 
G06Q10/105 (CN) 
G06Q10/1091 (CN)";"2021-04-06";"2021-04-06";"075249436";
"712";"BUSINESS OFFICIAL EMAIL BOX BASED B2B SERVICE SECURITY VERIFICATION METHOD, APPARATUS, AND SERVER";"SONG ZILIN [CN]";"SHENZHEN SEKORM COMPONENT NETWORK CO LTD [CN]";"US12118108B2 
US2022156397A1";"2020-11-17";"G06F21/42 
G06F21/62 
H04L51/42";"G06F21/42 (US) 
G06F21/445 (CN) 
G06F21/46 (CN) 
G06F21/6218 (US) 
H04L51/04 (EP) 
H04L51/42 (US) 
H04L63/083 (EP) 
H04L63/0838 (EP) 
H04L63/18 (EP)";"2022-05-19 
2024-10-15";"2021-04-02";"075183221";
"713";"Integrated system for tracing food safety information";"SHEN LAN";"HANGZHOU AIOUYI TECH CO LTD";"CN112561541A";"2020-12-08";"G06K17/00 
G06Q10/08 
G06Q30/00";"G06K17/0029 (CN) 
G06Q10/0833 (CN) 
G06Q30/018 (CN)";"2021-03-26";"2021-03-26";"075062825";
"714";"BUSINESS TO BUSINESS CREDIT FACILITY PROVISIONING AND PROCESSING SYSTEM WITH AUTOMATIC LIGHTWEIGHT MODULE AS A PAYMENT OPTION AT CHECKOUT";"TOMICH JOHN [US]";"TOMICH JOHN [US]";"US2021090164A1";"2019-09-20";"G06Q20/38 
G06Q40/02";"G06Q20/382 (US) 
G06Q40/03 (EP,US)";"2021-03-25";"2021-03-25";"074881951";
"715";"System and method for verifiable invoice and credit financing";"CHANG LING WEI [US]";"LEDGERFUNDING INC [US]";"US10956973B1";"2016-07-06";"G06Q30/00 
G06Q30/06 
G06Q40/02 
G06Q20/06";"G06Q20/065 (EP) 
G06Q20/389 (EP) 
G06Q30/0611 (EP,US) 
G06Q30/0633 (EP,US) 
G06Q40/03 (EP,US) 
G06Q20/065 (US)";"2021-03-23";"2021-03-23";"074882580";
"716";"Asset estimation method and device based on financial data";"PHILIP PRETT";"APM MONACO JEWELRY GUANGZHOU CO LTD 
APM MONACO CO LTD";"CN112529675A 
CN112529675B";"2020-12-21";"G06Q10/08 
G06Q40/00 
G06F16/9038 
G06F16/906 
G06N3/04 
G06Q10/087 
G06Q40/12";"G06F16/9038 (CN) 
G06F16/906 (CN) 
G06Q10/087 (CN) 
G06Q40/125 (CN) 
G06N3/04 (CN) 
Y02P90/30 (EP)";"2021-03-19 
2024-10-15";"2021-03-19";"075002132";
"717";"DISTRIBUTION BMS COOPERATION TYPE ELECTRONIC ORDER SYSTEM";"MATSUI HIDEO 
MUNEKAZU YUTAKA";"OKI KK";"JP2021043627A 
JP7369570B2";"2019-09-10";"G06Q10/08 
G06Q30/06 
G06Q10/087";"";"2021-03-18 
2023-10-26";"2021-03-18";"074864114";
"718";"B2B platform processing order quotation method taking standard man-hour as measurement basis";"LIU LANTIAN";"LIU LANTIAN";"CN112508637A";"2020-11-23";"G06Q30/06";"G06Q30/0611 (CN) 
G06Q30/0635 (CN)";"2021-03-16";"2021-03-16";"074959498";
"719";"B2B A business social media platform system based B2B";"KIM HYUN SEOK [KR]";"KIM HYUN SEOK [KR]";"KR102226307B1";"2020-07-03";"G06Q10/06 
G06Q10/10 
G06Q50/00 
G06Q50/30";"G06Q10/0631 (KR) 
G06Q10/101 (KR) 
G06Q10/103 (KR) 
G06Q10/105 (KR) 
G06Q10/40 (KR) 
G06Q30/0241 (KR) 
G06Q40/06 (KR) 
G06Q50/40 (KR)";"2021-03-10";"2021-03-10";"075147792";
"720";"Method and System for Receiving Prescription Pharmaceuticals Using Regional Base Pharmacy";"HONG BYUNG JIN [KR]";"LEMON HEALTHCARE LTD [KR]";"KR20210025819A";"2019-08-28";"G06Q10/08 
G06Q20/12 
G16H20/10";"G06Q10/0836 (KR) 
G06Q10/087 (KR) 
G06Q20/12 (KR) 
G16H20/10 (KR)";"2021-03-10";"2021-03-10";"075147921";
"721";"Design method of customer relationship management system";"XIE XIONGFU";"WUHAN CHUKE NETWORK TECH CO LTD";"CN112465462A";"2020-12-02";"G06Q10/10 
G06Q30/00 
G06Q30/06";"G06Q10/103 (CN) 
G06Q30/016 (CN) 
G06Q30/0601 (CN)";"2021-03-09";"2021-03-09";"074806491";
"722";"Big data integrated management system";"ZHANG ZHILI";"GUANGZHOU HUANCHAO TECH CO LTD";"CN112465326A";"2020-11-20";"G06Q10/06 
G06Q10/08 
G06Q10/10 
G06Q40/00";"G06Q10/06313 (CN) 
G06Q10/087 (CN) 
G06Q10/103 (CN) 
G06Q40/125 (CN)";"2021-03-09";"2021-03-09";"074837865";
"723";"Data acquisition and recording method and system for purchase-sales-stock management system";"WANG JIN";"JILIN YULIN INFORMATION TECH CO LTD";"CN112446667A 
CN112446667B";"2020-12-02";"G06Q10/08 
G06Q10/087";"G06Q10/087 (CN)";"2021-03-05 
2024-05-24";"2021-03-05";"074738970";
"724";"B2B Methods of membership management of purchasers and sellers between companies b2b related to equipment and materials on the Internet";"KMH";"NARA BUILDING MAT CO LTD [KR]";"KR20210023384A";"2019-08-23";"G06Q10/06 
G06Q10/10 
G06Q50/08";"G06Q10/063114 (KR) 
G06Q10/063118 (KR) 
G06Q10/06398 (KR) 
G06Q10/10 (KR) 
G06Q50/08 (KR)";"2021-03-04";"2021-03-04";"075174909";
"725";"Dental images processed with artificial intelligence";"RICCI RICHARD [US] 
CAMBRIA ANDREA [US]";"RICCI RICHARD [US] 
CAMBRIA ANDREA [US]";"US10937160B1";"2019-12-30";"G06T7/00 
G06T7/11 
G16H10/60 
G16H40/67 
G16H50/20 
G16H70/60 
G16H80/00";"G06F18/2178 (US) 
G06Q30/0282 (EP) 
G06Q30/0631 (US) 
G06Q50/22 (EP) 
G06T7/0012 (EP,US) 
G06T7/0014 (US) 
G06T7/11 (US) 
G16H10/60 (US) 
G16H30/20 (US) 
G16H30/40 (EP) 
G16H40/20 (US) 
G16H40/67 (EP,US) 
G16H50/20 (EP,US) 
G16H70/20 (US) 
G16H70/60 (US) 
G16H80/00 (US) 
G06T2207/10 (US) 
G06T2207/20081 (EP,US) 
G06T2207/20084 (EP,US) 
G06T2207/20101 (US) 
G06T2207/30036 (EP,US)";"2021-03-02";"2021-03-02";"074683065";
"726";"APPARATUS AND METHOD OF PROVIDING DATA PRODUCT BASED ON FOREST BIG DATA PLATFORM";"CHOI JEONG IM 
AHN MI JU 
LEE SEUNG SUB 
KIM JUN SU 
CHAE DA SOL 
LEE HAENG SOO 
HWANG SEON OOK";"NEMO PARTNERS BA [KR]";"KR102220791B1";"2019-12-13";"G06F16/22 
G06Q10/04 
G06Q30/02 
G06Q50/02 
G06Q50/14 
G06Q50/26";"G06F16/22 (KR) 
G06Q10/04 (KR) 
G06Q30/0201 (KR) 
G06Q30/0202 (KR) 
G06Q30/0282 (KR) 
G06Q50/02 (KR) 
G06Q50/14 (KR) 
G06Q50/26 (KR)";"2021-03-02";"2021-03-02";"075169276";
"727";"Commercial sterile intelligent washing system device capable of remotely managing handcart and saving labor";"LYU WENQIAN";"YUTIANYUAN IND AND TRADE XIAMEN CO LTD";"CN112426116A 
CN112426116B";"2019-08-26";"A47L15/00 
A47L15/42 
A47L15/50 
A61L2/07";"A47L15/0023 (CN) 
A47L15/0026 (CN) 
A47L15/0028 (CN) 
A47L15/0036 (CN) 
A47L15/42 (CN) 
A47L15/4217 (CN) 
A47L15/4234 (CN) 
A47L15/4236 (CN) 
A47L15/4272 (CN) 
A47L15/4285 (CN) 
A47L15/4293 (CN) 
A47L15/4295 (CN) 
A47L15/50 (CN) 
A61L2/07 (CN) 
Y02B40/00 (EP)";"2021-03-02 
2024-03-22";"2021-03-02";"074690478";
"728";"Medical credit granting management method, device and system and computer storage medium";"MA WENJIE 
LAI WEIWEI";"SHENZHEN QIANHAI WEBANK CO LTD";"CN112396518A";"2020-12-04";"G06Q20/40 
G06Q30/00 
G06Q40/02";"G06Q20/403 (CN) 
G06Q30/018 (CN) 
G06Q40/03 (CN)";"2021-02-23";"2021-02-23";"074604426";
"729";"Seafood online standardized supply chain system";"GU DONGJUN";"BEIJING WECOOK TECH CO LTD";"CN112381487A";"2020-11-25";"G06Q10/08 
G06Q30/00 
G06Q30/02 
G06Q30/06";"G06Q10/087 (CN) 
G06Q30/0185 (CN) 
G06Q30/0201 (CN) 
G06Q30/0207 (CN) 
G06Q30/0601 (CN)";"2021-02-19";"2021-02-19";"074588379";
"730";"General query system for cigarette related indexes";"SHI YUJUN 
YE XIAOTONG";"INSPUR SOFTWARE CO LTD";"CN112380233A";"2020-10-19";"G06F16/242 
G06F16/25 
G06Q10/06";"G06F16/242 (CN) 
G06F16/252 (CN) 
G06Q10/0639 (CN)";"2021-02-19";"2021-02-19";"074581617";
"731";"Agricultural product co-production distribution and joint exhibition and joint sale e-commerce platform";"WANG JINGPING 
CAO YIPING 
XIA TAO";"YIYANG VOCATIONAL & TECHNICAL COLLEGE";"CN112365311A";"2020-10-29";"G06Q30/00 
G06Q30/02 
G06Q30/06 
G06Q50/02";"G06Q30/0185 (CN) 
G06Q30/0226 (CN) 
G06Q30/0641 (CN) 
G06Q50/02 (CN)";"2021-02-12";"2021-02-12";"074513796";
"732";"WEBSITE ANALYSIS SYSTEM, WEBSITE ANALYSIS METHOD, WEBSITE ANALYSIS DEVICE, AND PROGRAM";"KAKIUCHI YUI";"WACUL INC";"JP2021015511A 
JP7422990B2";"2019-07-12";"G06Q50/10";"";"2021-02-12 
2024-01-29";"2021-02-12";"074531610";
"733";"PLATFORM SERVICE SYSTEM AND METHOD FOR GOODS DEALING BETWEEN COMPANIES ADJUSTING THE ESTIMATED VALUE LOW";"LEE JUNG RYUL 
KANG JONG HO";"WOO WON ENG CO LTD [KR]";"KR102214455B1";"2020-07-31";"G06Q30/02 
G06Q30/06 
G06Q50/04";"G06Q30/0206 (KR) 
G06Q30/0283 (KR) 
G06Q30/0609 (KR) 
G06Q30/0613 (KR) 
G06Q50/04 (KR) 
Y02P90/30 (EP)";"2021-02-09";"2021-02-09";"074559435";
"734";"Urban-to-rural supply chain system platform";"TANG ZONGQU";"TANG ZONGQU";"CN112330389A";"2020-10-14";"G06Q30/06";"G06Q30/0601 (CN)";"2021-02-05";"2021-02-05";"074313070";
"735";"Method and system for constructing agricultural enterprise big data portraits";"SUN TONG 
HUANG GUIHENG";"BRIC AGRICULTURE BIG DATA TECH GROUP CO LTD";"CN112330183A";"2020-11-18";"G06F16/36 
G06F40/295 
G06F40/30 
G06K9/62 
G06N5/02 
G06Q10/06 
G06Q50/02";"G06F16/367 (CN) 
G06F18/22 (CN) 
G06F40/295 (CN) 
G06F40/30 (CN) 
G06N5/02 (CN) 
G06Q10/0637 (CN) 
G06Q50/02 (CN)";"2021-02-05";"2021-02-05";"074322642";
"736";"COLLATION PROGRAM USED IN M&A PLATFORM";"TSUCHIYA RYOTARO 
TANAKA SHUNTARO";"SUMITOMO MITSUI BANKING CORP 
JAPAN RES INSTITUTE LTD";"JP2021012536A 
JP6889209B2";"2019-07-05";"G06Q30/02";"";"2021-02-04 
2021-06-18";"2021-02-04";"074226104";
"737";"Method for combining smart moving logistics and smart outfit recommendations to assist distributors in promotion and marketing allowing distributers to skip procedures of self-packaging and self-delivery, thereby achieving the effect of zero inventory";"CHEN PI-YUN [TW]";"MYSTYLE TECHNOLOGY CO  LTD [TW]";"TW202105289A";"2019-07-18";"G06Q30/02";"";"2021-02-01";"2021-02-01";"075745145";
"738";"Credit investigation management system based on block chain";"FANG JINLI";"FANG JINLI";"CN112287024A";"2020-10-19";"G06F16/23 
G06F16/27 
G06F21/60 
G06F21/62 
G06Q40/02";"G06F16/23 (CN) 
G06F16/27 (CN) 
G06F21/602 (CN) 
G06F21/6245 (CN) 
G06Q40/03 (CN)";"2021-01-29";"2021-01-29";"074424017";
"739";"Convenient payment method and system for electronic commerce";"ZHAN JUNKUN";"CHONGQING SEAMLESS SPLICING INTELLIGENT TECH CO LTD";"CN112288438A";"2020-11-18";"G06Q20/38 
G06Q20/40 
G06Q30/06";"G06Q20/382 (CN) 
G06Q20/40145 (CN) 
G06Q30/0601 (CN)";"2021-01-29";"2021-01-29";"074399654";
"740";"APPARATUS AND SYSTEM OF MILEAGE MANAGEMENT USING POINT CODE";"KIM DONG HYUN [KR]";"KIM DONG HYUN [KR] 
KIM SEONG YOON [KR] 
KIM JUNG HYE [KR] 
KIM JAE YOON [KR]";"KR102410470B1 
KR20210010400A";"2019-07-17";"G06Q30/02";"G06Q30/0208 (KR) 
G06Q30/0239 (KR)";"2021-01-27 
2022-06-20";"2021-01-27";"074239054";
"741";"E-commerce service mode description method based on element analysis";"YIN JIANWEI 
CHEN JINTAO 
DENG SHUIGUANG 
XI MENG 
WEI YONGNA 
TAN SIWEI";"UNIV ZHEJIANG";"CN112270583A";"2020-10-22";"G06Q30/06";"G06Q30/0601 (CN)";"2021-01-26";"2021-01-26";"074341671";
"742";"Agricultural big data price early warning management system and method";"SUN TONG 
HUANG GUIHENG";"BRIC AGRICULTURAL BIG DATA TECH GROUP CO LTD";"CN112269912A 
CN112269912B";"2020-11-18";"G06F16/215 
G06F16/2457 
G06F16/28 
G06F16/951 
G06Q50/02";"G06F16/215 (CN) 
G06F16/2457 (CN) 
G06F16/287 (CN) 
G06F16/951 (CN) 
G06Q50/02 (CN)";"2021-01-26 
2021-07-27";"2021-01-26";"074340360";
"743";"Factory intelligent management system";"SONG YUETAO 
SHANG JIYONG 
SHANG YONGFENG 
JIANG CHAO 
LI JIANQING 
LI XUEZHI 
XU XINGGUO 
ZHAO YIDONG 
CUI FURUN 
LIU HAIBO 
SUN JINYIN";"WANDA GROUP CO LTD 
SHANDONG WANDA BOTO TIRE CO LTD";"CN112269357A";"2020-09-28";"G05B19/418";"G05B19/41865 (CN) 
G05B2219/32252 (CN) 
Y02P90/02 (EP) 
Y02P90/60 (EP)";"2021-01-26";"2021-01-26";"074349716";
"744";"A System for Managing a Wholesale Business";"HAN HYANG WON [KR]";"HAN HYANG WON [KR]";"KR102329237B1 
KR20210008907A";"2017-05-19";"G06Q10/08 
G06Q30/02 
G06Q30/06";"G06Q10/08 (KR) 
G06Q30/0206 (KR) 
G06Q30/0605 (KR) 
G06Q30/0619 (KR)";"2021-01-25 
2021-11-18";"2021-01-25";"074238122";
"745";"Wholesale market freight settlement system and vehicle end used for system";"YANG CHENGYU 
XIE XIAOLEI 
PAN GUOJIE 
LI FANGCHI 
ZHOU XU";"XIAN HORZITS INFORMATION TECH CO LTD";"CN212379881U";"2020-08-18";"B62K5/027 
B62K7/04 
G01G19/08 
G01G19/414 
G01G19/415 
G06Q10/08 
G06Q20/10 
G06Q40/04 
G07G1/12";"";"2021-01-19";"2021-01-19";"074173208";
"746";"Method for assisting dealer in popularizing and selling by combining intelligent mobile logistics and intelligent wearing and matching recommendation";"CHEN BIYUN";"MAIFENGGE TECH CO LTD";"CN112241897A";"2019-07-18";"G06Q30/00 
G06Q30/02 
G06Q30/06";"G06Q30/0185 (CN) 
G06Q30/0229 (CN) 
G06Q30/0601 (CN)";"2021-01-19";"2021-01-19";"074168247";
"747";"New wholesale mode and rural fresh food e-commerce platform";"HUANG DAMING";"SHANDONG VOCATIONAL COLLEGE IND";"CN112232895A";"2020-07-03";"G06Q10/08 
G06Q30/06 
G06Q50/02";"G06Q10/0832 (CN) 
G06Q10/087 (CN) 
G06Q30/0611 (CN) 
G06Q30/0635 (CN) 
G06Q50/02 (CN)";"2021-01-15";"2021-01-15";"074111683";
"748";"Firework wholesale and retail risk monitoring and early warning system";"LI QIAN 
WANG GUANGCHAO";"CHANGZHOU RUIDE INFORMATION TECH CO LTD";"CN112184081A";"2020-11-03";"G06Q10/06 
G06Q10/08 
G06Q10/10 
G06Q50/26";"G06Q10/063114 (CN) 
G06Q10/0635 (CN) 
G06Q10/087 (CN) 
G06Q10/103 (CN) 
G06Q50/26 (CN)";"2021-01-05";"2021-01-05";"073916333";
"749";"SYSTEM AND METHOD FOR CARRIER SETTLEMENT USING BLOCKCHAIN";"QAUDEER MOHAMMED A [US] 
RAHEEM ABDUL [US] 
TRASK JASON [US] 
RANGARAJAN JAGANNATH K [US] 
WASSEROTT CHARLES G [US] 
KHAN AHMED A [US] 
RANJAN RASMI SAMAL [IN] 
SYED DAWOOD A [US]";"VERIZON PATENT & LICENSING INC [US]";"US11151621B2 
US2020410559A1";"2019-06-25";"G06Q30/04 
H04M15/00 
H04W4/24 
H04L29/08";"G06Q30/04 (EP,US) 
H04M15/00 (EP) 
H04M15/41 (EP) 
H04M15/47 (EP) 
H04M15/50 (EP) 
H04M15/51 (EP,US) 
H04M15/73 (EP) 
H04W4/24 (US) 
H04L67/10 (EP,US)";"2020-12-31 
2021-10-19";"2020-12-31";"074043685";
"750";"Whole industry chain new retail wholesale service platform";"ZHENG ZHENG";"SHANGHAI QIKE INFORMATION TECH CO LTD";"CN112150065A";"2020-08-31";"G06Q10/08 
G06Q30/06";"G06Q10/087 (CN) 
G06Q30/0601 (CN)";"2020-12-29";"2020-12-29";"073889774";
"751";"DECENTRALIZED TRAINING AND RECURITMENT MODEL FOR UNEMPLOYMENT USING BLOCKCHAIN TECHNOLOGY";"BHEEMESWARA SASTRY JANGAM 
GUPTA BANIK BARNALI";"BANIK BARNALI GUPTA DR [IN] 
SASTRY JANGAM BHEEMESWARA [IN]";"AU2020103001A4";"2020-10-24";"A63F13/00 
G06Q10/06 
G07F17/32 
H04L9/00";"G06N20/00 (AU) 
G06N3/02 (AU) 
G06Q50/26 (AU) 
H04L9/32 (AU) 
A63F13/352 (AU) 
A63F13/40 (AU) 
A63F13/77 (AU) 
A63F13/79 (AU) 
A63F13/798 (AU) 
A63F13/95 (AU) 
G06V40/10 (AU) 
G06V40/107 (AU) 
G06V40/15 (AU) 
G06V40/16 (AU) 
G06V40/176 (AU) 
G06V40/20 (AU) 
G10L17/26 (AU) 
H04L9/50 (AU)";"2020-12-24";"2020-12-24";"073838797";
"752";"Petrochemical logistics waterway transportation management method and system, storage medium and terminal";"SUN GUOHUA 
LIU XINRONG 
SUN ZHENHUA 
WANG XIFU 
MA JUNCHI 
ZHANG WENYING";"SHANDONG XINXING GROUP CO LTD";"CN112101861A 
CN112101861B";"2020-09-01";"G06Q10/04 
G06Q10/06 
G06Q10/08";"G06Q10/04 (CN) 
G06Q10/06312 (CN) 
G06Q10/06315 (CN) 
G06Q10/083 (CN)";"2020-12-18 
2021-09-24";"2020-12-18";"073756971";
"753";"Dual touchscreen kiosk";"RYU JI CHANG [KR] 
KIM SUNG WOOK [KR] 
OH YOUNG HWAN [KR] 
KO EUN YOUNG [KR]";"DAMDAA CO LTD [KR]";"KR102191103B1";"2019-10-21";"G06F3/0481 
G06F3/0488 
G06Q20/18 
G06Q30/06 
G07F17/40 
G07F9/00 
G07F9/02";"G06F3/04817 (KR) 
G06F3/0488 (KR) 
G06Q20/18 (KR) 
G06Q30/0633 (KR) 
G07F17/40 (KR) 
G07F9/006 (KR) 
G07F9/02 (KR) 
G07G1/00 (EP)";"2020-12-15";"2020-12-15";"073780276";
"754";"E-commerce platform docking device, method, equipment and medium";"ZHAO SHIMENG";"SHANDONG INSPUR GENESOFT INF TECH CO LTD";"CN112035156A";"2020-07-16";"G06F8/71 
G06F9/445 
G06Q30/06";"G06F8/71 (CN) 
G06F9/44505 (CN) 
G06Q30/0613 (CN)";"2020-12-04";"2020-12-04";"073579550";
"755";"Agricultural and commercial interconnection supply chain finance implementation method and device";"HOU ZHAODONG 
HOU HAOWEI 
HOU FENGHONG";"BEIJING YANHUANG MEDICAL TECH CO LTD";"CN112037031A";"2020-09-02";"G06Q40/02";"G06Q40/02 (CN)";"2020-12-04";"2020-12-04";"073592192";
"756";"SYSTEM AND METHOD FOR MANAGING VETERINARIAN PHARMACY TRANSACTIONS";"SURILOV MIKLE [US] 
PRINOS CHRISTOPHER JOHN [US] 
PERRY STEPHEN WILLIAM [US]";"CHEWY INC [US]";"US2022164861A1";"2019-05-30";"G06Q10/08 
G06Q30/06 
G16H20/10";"G06Q10/083 (EP) 
G06Q10/087 (EP,US) 
G06Q30/0601 (EP) 
G06Q30/0603 (US) 
G06Q30/0637 (EP) 
G06Q30/0641 (US) 
G06Q30/0643 (EP) 
G16H20/10 (US) 
G16H40/20 (EP)";"2022-05-26";"2020-12-03";"073553001";
"757";"System & Method For On-Line Auction Of A Trade-In Of A Customer Product Incident To Real-Time Negotiation Of A Replacement Product";"CLARK JERRY W [US] 
CLARK LYNNETTE S [US]";"CLARK JERRY W [US] 
CLARK LYNNETTE S [US]";"US2020380589A1";"2019-05-27";"G06Q20/22 
G06Q30/02 
G06Q30/06";"G06Q20/223 (EP,US) 
G06Q30/0278 (EP,US) 
G06Q30/0609 (EP,US) 
G06Q30/0613 (EP,US) 
G06Q30/0641 (EP,US)";"2020-12-03";"2020-12-03";"073549618";
"758";"Marketing method based on B2C2F e-commerce platform";"YANG DIYUN";"ZHEJIANG TUBO NETWORK TECH CO LTD";"CN112016970A";"2020-08-31";"G06Q30/02";"G06Q30/0207 (CN)";"2020-12-01";"2020-12-01";"073503513";
"759";"Community new retail supply chain finance implementation method and device";"HOU ZHAODONG";"SHANDONG ZHENDA COMMUNITY COMMERCIAL CENTER CO LTD";"CN112017036A";"2020-09-02";"G06Q20/12 
G06Q20/32 
G06Q40/02 
G06Q40/04 
G06Q40/08";"G06Q20/12 (CN) 
G06Q20/3276 (CN) 
G06Q40/03 (CN) 
G06Q40/04 (CN) 
G06Q40/08 (CN)";"2020-12-01";"2020-12-01";"073515670";
"760";"Equipment without sorting supply system and implementation method thereof";"XIAO LINGJUN";"XIAO LINGJUN";"CN112001682A";"2020-09-09";"G06Q10/08 
G07G1/00";"G06Q10/083 (CN) 
G06Q10/087 (CN) 
G07G1/0072 (CN)";"2020-11-27";"2020-11-27";"073469038";
"761";"Electric power transaction multi-market collaborative management and control method and system";"CAI HUAXIANG 
ZHANG MAOLIN 
CHEN RAN 
WANG BANGCAN 
ZHAO WEIHUA 
DING WENJIAO 
ZHANG JIABEI 
WANG RUICHEN 
WU DIANNING 
LIU SHUANGQUAN 
YANG YIJING";"KUNMING ELECTRIC POWER TRANSACTION CENTER CO LTD";"CN111985958A";"2020-07-23";"G06Q30/02 
G06Q40/04 
G06Q50/06";"G06Q30/0201 (CN) 
G06Q40/04 (CN) 
G06Q50/06 (CN)";"2020-11-24";"2020-11-24";"073438842";
"762";"Method for treating organic garbage by using earthworms";"WU JUE";"SHANGHAI YANGSHENG ECOLOGICAL AGRICULTURE CO LTD 
SHANGHAI CITY FENGXIAN DISTRICT VEGETABLE TECH PROMOTION STATION";"CN111974783A";"2020-08-05";"A01K67/033 
B09B3/00 
C05F3/00";"A01K67/33 (CN) 
B09B3/00 (CN) 
C05F3/00 (CN) 
Y02A40/20 (EP)";"2020-11-24";"2020-11-24";"073445195";
"763";"METHOD AND APPARATUS FOR PROVIDING SMART JEWELRY SERVICE PLATFORM";"CHANG KWANG YOUNG [KR]";"IL INC [KR]";"KR102473589B1 
KR20210098900A";"2020-11-06";"G06Q30/06";"G06Q30/0619 (KR) 
G06Q30/0621 (KR) 
Y02P90/30 (EP)";"2021-08-11 
2022-12-05";"2020-11-23";"073680252";
"764";"Wholesale market freight settlement system and vehicle end used for the wholesale market freight settlement system";"YANG CHENGYU 
XIE XIAOLEI 
PAN GUOJIE 
LI FANGCHI 
ZHOU XU";"XIAN HEZHI DIGITAL FINANCE INFORMATION TECH CO LTD";"CN111950962A";"2020-08-18";"B62K5/027 
B62K7/04 
G01G19/08 
G01G19/414 
G01G19/415 
G06Q10/08 
G06Q20/10 
G06Q40/04 
G07G1/12";"B62K5/027 (CN) 
B62K7/04 (CN) 
G01G19/086 (CN) 
G01G19/4144 (CN) 
G01G19/415 (CN) 
G06Q10/083 (CN) 
G06Q20/102 (CN) 
G06Q40/04 (CN) 
G07G1/12 (CN)";"2020-11-17";"2020-11-17";"073342521";
"765";"B2B MACHINE PARTS FAILURE PREDICTION AND LIFE PREDICTION SYSTEM AND B2B DISTRIBUTION SERVICE SYSTEM BASED ON THE SAME";"KIM KWANG SOON";"KOREA CONVEYOR CO LTD [KR]";"KR102247013B1 
KR20200127719A";"2019-05-03";"G05B19/4065 
G05B23/02 
G08C17/02";"G05B19/4065 (KR) 
G05B23/0283 (KR) 
G06Q30/0202 (KR) 
G08C17/02 (KR)";"2020-11-11 
2021-04-30";"2020-11-11";"073451624";
"766";"Consumable B2B cloud collection platform based on big data";"ZHANG YANFEN 
CHEN LIFENG";"HANGZHOU XIDAO TECH CO LTD";"CN111901997A 
CN111901997B";"2020-08-06";"G06Q30/06 
G06Q30/08 
H05K5/02 
H05K7/20";"H05K5/0217 (CN) 
H05K7/20145 (CN) 
G06Q30/0611 (CN) 
G06Q30/08 (CN)";"2020-11-06 
2021-05-07";"2020-11-06";"073246031";
"767";"Intelligent supply chain logistics information platform based on AIOT and blockchain";"LIU TIANQIONG";"SHENZHEN CITY AIYUN INFORMATION TECH CO LTD";"CN111882292A";"2020-07-03";"G06F16/25 
G06Q10/08 
G06Q10/10";"G06F16/25 (CN) 
G06Q10/087 (CN) 
G06Q10/103 (CN)";"2020-11-03";"2020-11-03";"073150859";
"768";"Analysis Method for Closed-Loop Supply Chain with Dual Recycling Channels";"BAI SHIZHEN [CN] 
ZHANG XUELIAN [CN]";"UNIV HARBIN COMMERCE [CN]";"US2022027864A1";"2020-07-27";"G06Q10/00 
G06Q10/06 
G06Q30/02";"G06Q10/06315 (EP,US) 
G06Q10/30 (EP,CN,US) 
G06Q30/0201 (CN) 
G06Q30/0206 (EP,CN,US) 
Y02W90/00 (EP)";"2022-01-27";"2020-11-03";"073200680";
"769";"Novel pork metadata acquisition method";"LU SHAN 
DENG FANG 
WANG CONG 
LIN JIN 
FAN HONGQIANG 
ZHANG YI 
MIAO JIANSONG 
WANG XIAODONG 
WANG DASHAN 
ZHAO ANPING 
JIN SHOUYE 
WANG YONGHAN 
WANG QI 
XU ZHAOYUAN 
LAI XINXUE 
GUO DEXUAN 
LI RUNTIAN";"UNIV BEIJING POSTS & TELECOMM 
INFORMATION CENTER BEIJING MUNICIPAL BUREAU OF AGRICULTURE AND RURAL AFFAIRS";"CN111861511A";"2020-07-22";"G06K17/00 
G06Q30/00 
G06Q50/02 
G06Q50/26";"G06K17/0029 (CN) 
G06Q30/0185 (CN) 
G06Q50/02 (CN) 
G06Q50/265 (CN)";"2020-10-30";"2020-10-30";"072949616";
"770";"ONLINE DEALERSHIPS AND LOYALTY REWARDS";"KUMAR AMIT [IN] 
BANDAGI BALAJI [IN] 
JAIN PRERIT [IN] 
JAIN SHUBHAM [IN] 
JUKANTI APOORVA [IN] 
LANKA PAVANI [IN]";"NRC CORP [US]";"US2020342486A1";"2019-04-29";"G06Q30/02 
G06Q30/06";"G06Q30/0222 (EP,US) 
G06Q30/0227 (EP,US) 
G06Q30/0605 (EP,US)";"2020-10-29";"2020-10-29";"072917164";
"771";"Camera module dispensing system based on turntable";"HE GAOMING";"CHONGQING SHENGTAI PHOTOELECTRIC CO LTD";"CN111822256A";"2020-07-30";"B05C11/10 
B05C5/02";"B05C11/10 (CN) 
B05C5/02 (CN)";"2020-10-27";"2020-10-27";"072920637";
"772";"A CHILDREN'S TOY RENTAL PLATFORM";"PAN MENG 
DAI JINPENG";"DAI JINPENG [AU] 
PAN MENG [AU]";"AU2019202129A1";"2019-03-27";"A63H33/00 
G06Q10/08 
G06Q30/06";"G06Q30/0283 (AU) 
G06Q30/0645 (AU)";"2020-10-15";"2020-10-15";"072750400";
"773";"物流施設管理システム";"";"";"JP2022527416A";"2019-04-12";"B65G1/00 
B65G1/04 
B65G1/137 
G06Q10/08";"B60K35/60 (EP,US) 
B60K35/80 (EP,US) 
B60L53/12 (US) 
B66F9/063 (EP) 
B66F9/07504 (EP) 
B66F9/0755 (EP) 
B66F9/195 (EP) 
B66F9/24 (EP) 
G01C21/206 (US) 
G05B19/41895 (EP) 
G05D1/021 (US) 
G06Q10/08 (EP,US) 
G05B2219/40294 (EP) 
G05B2219/40298 (EP) 
G05B2219/45045 (EP) 
Y02P90/02 (EP) 
Y02T10/70 (EP) 
Y02T10/7072 (EP) 
Y02T90/14 (EP)";"2022-06-01";"2020-10-15";"072751776";
"774";"Edge-cloud collaborative user load prediction control and transaction system and implementation method thereof";"LIANG HAIWEN 
HUANG BIN";"MING YANG SMART ENERGY GROUP CO LTD";"CN111754023A";"2020-05-22";"G06F21/64 
G06Q10/04 
G06Q30/06 
G06Q50/06";"G06F21/64 (CN) 
G06Q10/04 (CN) 
G06Q30/06 (CN) 
G06Q50/06 (CN) 
Y04S10/50 (EP) 
Y04S50/10 (EP)";"2020-10-09";"2020-10-09";"072673702";
"775";"Shared cold chain infrastructure operation method";"GU DONGYUAN 
MING CHENG 
HOU WENFENG 
FENG JIANYUAN 
ZHONG WEITAO 
SU YE";"SINOTRANS COLD CHAIN LOGISTICS CO LTD";"CN111724103A";"2020-05-12";"G06Q10/06 
G06Q10/08 
G07F17/10";"G06Q10/0631 (CN) 
G06Q10/083 (CN) 
G07F17/10 (CN)";"2020-09-29";"2020-09-29";"072564373";
"776";"BLOCKCHAIN TECHNOLOGY-BASED INTELLIGENT LOGISTICS DISTRIBUTION SYSTEM";"SUN ZIYANG [CN]";"NANJING TOTORO BUSINESS INTELLIGENCE SCIENCE AND TECH CO LTD [CN]";"WO2021253820A1";"2020-06-18";"G06Q10/08";"G06F21/602 (CN) 
G06F21/6245 (CN) 
G06F21/64 (CN) 
G06F9/44505 (CN) 
G06F9/44526 (CN) 
G06F9/44594 (CN) 
G06K17/00 (CN) 
G06Q10/083 (CN) 
G06Q10/0875 (CN) 
G06Q30/0185 (CN) 
G06Q30/0611 (CN) 
G06Q30/08 (CN)";"2021-12-23";"2020-09-29";"072567383";
"777";"Integration of Disparate Shipping Aggregation, Commerce, and Locker Platforms";"MERLE JEFFREY [US]";"SHIPPROMO LLC [US]";"US11715061B2 
US2020302388A1";"2019-03-19";"G06Q10/08 
G07C9/00 
G07C9/28 
G06Q10/0833 
G06Q10/0834 
G06Q10/0835 
G06Q10/0836";"G06Q10/0833 (EP,US) 
G06Q10/08345 (EP,US) 
G06Q10/08355 (EP,US) 
G06Q10/0836 (US) 
G06Q10/08365 (EP) 
G07C9/00571 (EP,US) 
G07C9/00896 (EP,US) 
G07C9/28 (US) 
G07C2009/0092 (US) 
G07C2009/00936 (US)";"2020-09-24 
2023-08-01";"2020-09-24";"072515567";
"778";"The FARM represents an innovation in the cultivation methodology traditionally practiced around the globe. The innovative methodology provides a sustainable, high yield environment, which can be adapted to almost any climate and region";"CRAIG MATTHEW";"CRAIG MATTHEW MR [AU]";"AU2020101672A4";"2020-08-05";"G06Q30/06 
G06Q50/02";"G06Q50/02 (AU) 
G06Q10/0631 (AU)";"2020-09-24";"2020-09-24";"072513324";
"779";"B2B+ B2C CSVCreating Shared Value B2B+B2C Smart CSV Creating Shared Value Partnership Business Operation Platform";"CHOI BONG JOON [KR]";"CHOI BONG JOON [KR]";"KR20200108807A";"2020-08-31";"G06Q10/06 
G06Q10/10 
G06Q30/02 
G06Q30/06 
G06Q30/08 
G06Q40/00 
G06Q50/18";"G06Q10/0631 (KR) 
G06Q10/0637 (KR) 
G06Q10/0639 (KR) 
G06Q10/067 (KR) 
G06Q10/103 (KR) 
G06Q30/02 (KR) 
G06Q30/0601 (KR) 
G06Q30/08 (KR) 
G06Q40/12 (KR) 
G06Q50/18 (KR)";"2020-09-21";"2020-09-21";"072708118";
"780";"B2B ORDERS, DELIVERY AND PAYMENT SYSTEM WITH QR-PAY TECHNOLOGY";"TUSSUNBAYEV DAULET [KZ] 
OSPANOV BOLATBEK [KZ]";"SMART SATU GLOBAL PTE LTD [SG]";"WO2020183400A1";"2019-03-11";"G06Q10/00";"G06Q10/00 (EP)";"2020-09-17";"2020-09-17";"070228383";
"781";"SYSTEMS AND METHODS FOR MANAGING DIRECT EXCHANGE";"VAN DER BAAN MELODIE [US] 
BODSTROM MORGAN HATIN [US] 
CIARELLI DAMON [US]";"VAN DER BAAN MELODIE [US] 
BODSTROM MORGAN HATIN [US] 
CIARELLI DAMON [US] 
SWAPRETAIL INC [US]";"US11188960B2 
US2020294107A1";"2019-03-15";"G06Q30/06 
G06Q10/08";"G06Q10/087 (US) 
G06Q30/0607 (EP,US) 
G06Q30/0613 (EP,US) 
G06Q30/0637 (EP,US)";"2020-09-17 
2021-11-30";"2020-09-17";"072423327";
"782";"METHODS, APPARATUS AND SYSTEMS FOR ANNOTATION OF TEXT DOCUMENTS";"POTTS CHRISTOPHER [US] 
LIN EVEN [US] 
MAAS ANDREW [US] 
ITHARAJU ABHILASH [US] 
RESCHIKE KEVIN [US] 
VINCENT JORDAN [US] 
LIN EVAN [US] 
RESCHKE KEVIN [US]";"POTTS CHRISTOPHER [US] 
LIN EVEN [US] 
MAAS ANDREW [US] 
ITHARAJU ABHILASH [US] 
RESCHIKE KEVIN [US] 
VINCENT JORDAN [US] 
PAREXEL INT LLC [US]";"US11263391B2 
US2020293712A1";"2019-03-11";"G06F3/0484 
G06F40/169 
G16H10/60 
G06F3/04842";"G06F16/36 (EP) 
G06F3/04842 (US) 
G06F40/169 (EP,US) 
G06F40/279 (EP) 
G16H10/60 (EP,US) 
G16H15/00 (EP) 
G16H50/20 (EP)";"2020-09-17 
2022-03-01";"2020-09-17";"072424710";
"783";"Electronic component wholesale packaging device";"DING HUA";"GUANGZHOU KUAIYUN INFORMATION TECH CO LTD";"CN211494710U";"2019-12-16";"B65B1/06 
B65B43/52 
B65B43/54 
B65B51/06";"";"2020-09-15";"2020-09-15";"072416137";
"784";"Resource sharing platform based on supply chain and sharing management method thereof";"LIANG WU";"ZHONGZHEN BLOCKCHAIN SHENZHEN CO LTD";"CN111652543A";"2020-05-19";"G06Q10/08 
G06Q30/06";"G06Q10/083 (CN) 
G06Q30/0601 (CN)";"2020-09-11";"2020-09-11";"072348362";
"785";"POWER SUPPLY AND DEMAND PREDICTION AUTOMATION SYSTEM AND POWER SUPPLY AND DEMAND PREDICTION AUTOMATION METHOD";"KURENUMA HIROKI 
YANG CHAO";"EPUKO KK";"JP2020145910A";"2019-03-07";"G06Q50/06 
H02J13/00 
H02J3/00";"Y02A30/00 (EP) 
Y04S10/50 (EP)";"2020-09-10";"2020-09-10";"072353794";
"786";"CLOUD BROKER FOR CONNECTING WITH ENTERPRISE APPLICATIONS";"DINH HUNG [US] 
PIDUGU KIRAN KUMAR [IN] 
SYED SABU [US] 
SEKHAR PANGULURU VIJAYA [IN] 
IMRAN VELLORE MOHAMMED [IN] 
MUTTIL SANITHA [IN] 
CREEDON SEAN [IE]";"DELL PRODUCTS LP [US]";"US10999393B2 
US2020287982A1";"2019-03-06";"G06N20/20 
H04L29/08";"G06N20/20 (US) 
G06N3/0442 (EP) 
G06N3/09 (EP) 
H04L67/10 (EP,US) 
H04L67/562 (EP,US) 
G06N20/10 (EP) 
G06N3/044 (EP) 
G06N5/01 (EP)";"2020-09-10 
2021-05-04";"2020-09-10";"072334815";
"787";"- Method System and Computer-readable Medium for Providing Delivery Sharing Service for Medicine";"KIM SEUL KI [KR]";"KIM SEUL KI [KR]";"KR102153449B1";"2019-09-04";"G06Q10/08 
G06Q10/10 
G06Q30/06";"G06Q10/0832 (KR) 
G06Q10/0835 (KR) 
G06Q10/087 (KR) 
G06Q10/10 (KR) 
G06Q30/0621 (KR)";"2020-09-09";"2020-09-09";"072469170";
"788";"B2B SYSTEM FOR SUPPORTING BUSINESS-TO-BUSINESS OF FILM INDUSTRY";"KANG SEON YOUNG";"SYCOMAD [KR]";"KR102151459B1";"2020-08-03";"G06Q50/10 
H04N21/466 
H04N21/845";"G06Q50/10 (KR) 
H04N21/4666 (KR) 
H04N21/8456 (KR)";"2020-09-03";"2020-09-03";"072469609";
"789";"METHOD AND SYSTEM FOR GENERATING SUPER-SOVEREIGN CURRENCY";"XU ZHIJIA [CN] 
XU HAIXIN [CN] 
LIU LI [CN]";"XU ZHIJIA [CN] 
XU HAIXIN [CN] 
LIU LI [CN]";"US2020279232A1";"2019-02-28";"G06Q20/06 
G06Q20/38 
G06Q30/02 
H04L9/06";"G06Q20/065 (EP,US) 
G06Q20/108 (EP) 
G06Q20/381 (EP,US) 
G06Q20/3827 (US) 
G06Q30/0283 (EP,US) 
H04L9/3239 (EP) 
H04L9/50 (EP) 
H04L2209/56 (EP,US) 
H04L9/50 (US)";"2020-09-03";"2020-09-03";"072235976";
"790";"Algorithmic generation, qualification, and ranking of potential sales leads for human consumable nondurable goods";"ZIAEE ASHKAN [US] 
HAMILTON FELIX SKYLAR [US]";"ZIAEE ASHKAN [US] 
HAMILTON FELIX SKYLAR [US] 
LIQUID VINE INC [US]";"US2020279280A1";"2019-03-01";"G06F16/2457 
G06N20/00 
G06N5/02 
G06Q30/02";"G06F16/24578 (US) 
G06N20/00 (EP,US) 
G06N5/025 (US) 
G06Q30/0201 (EP,US) 
G06Q30/0202 (EP,US)";"2020-09-03";"2020-09-03";"072236742";
"791";"Big data tourism cloud warehouse system";"MA LONG 
MENG JIANHAO 
XIAO XINGHAO 
MA ZHE";"SHENZHEN MOFANG NETWORK TECH CO LTD";"CN111612534A 
CN111612534B";"2020-05-18";"G06Q30/02 
G06Q30/06 
H04L29/08 
G06F21/60 
G06Q10/02 
G06Q50/14 
G06Q30/0207 
G06Q30/0601 
H04L67/10";"G06F21/602 (CN) 
G06Q10/02 (CN) 
G06Q30/0207 (CN) 
G06Q30/0633 (CN) 
G06Q50/14 (CN) 
H04L67/10 (CN) 
Y02D10/00 (EP)";"2020-09-01 
2023-04-18";"2020-09-01";"072203459";
"792";"// Method for managing integration market in wholesale/retail/purchase and system for managing the same";"LEE SUNG WOONG [KR]";"LEE SUNG WOONG [KR]";"KR102243434B1 
KR20200102221A";"2019-02-21";"G06Q10/10 
G06Q30/06";"G06Q10/10 (KR) 
G06Q30/0605 (KR) 
G06Q30/0619 (KR) 
G06Q30/0633 (KR)";"2020-08-31 
2021-04-22";"2020-08-31";"072234144";
"793";"Warehouse site selection method, device and equipment and storage medium";"TANG CHUNFENG 
LIU QIANGQIANG 
LI QUAN 
LI ZHIWEI 
ZHENG MINGHUA 
WEI SHUAICHAO 
ZHAN ZIZHI 
CHEN TIANJIAN";"SHENZHEN QIANHAI WEBANK CO LTD";"CN111598603A 
CN111598603B";"2020-03-03";"G06K9/62 
G06Q30/02 
G06F16/29 
G06F18/23 
G06Q30/0204";"G06F16/29 (CN) 
G06F18/23 (CN) 
G06Q30/0205 (CN)";"2020-08-28 
2024-08-02";"2020-08-28";"072191168";
"794";"B2B BizMeeting Professional Platform System for Business to Business Cooperation and Collaboration";"KIM JU A";"BIZC CO LTD [KR]";"KR20200100953A";"2019-02-19";"G06Q10/06 
G06Q10/10 
G06Q30/06 
G06Q30/08";"G06Q10/06311 (KR) 
G06Q10/103 (KR) 
G06Q30/0619 (KR) 
G06Q30/08 (KR)";"2020-08-27";"2020-08-27";"072237293";
"795";"Lightweight privately-deployed tourism e-commerce platform system";"MENG JIANHAO 
MA LONG 
XIAO XINGHAO 
MA ZHE";"GUANGDONG FANGJIA INT TOURISM CO LTD";"CN111582995A";"2020-05-18";"G06Q30/02 
G06Q30/06 
G06Q50/14";"G06Q30/0239 (CN) 
G06Q30/0601 (CN) 
G06Q30/0635 (CN) 
G06Q50/14 (CN)";"2020-08-25";"2020-08-25";"072123043";
"796";"Wholesale market transaction payment rejection prevention and control system and method based on biological recognition technology";"ZHOU CHONG";"XIAMEN XIANPINLIAN TECH CO LTD";"CN111582881A";"2020-04-20";"G06Q30/00 
G06Q50/18";"G06Q30/01 (CN) 
G06Q50/18 (CN)";"2020-08-25";"2020-08-25";"072118060";
"797";"Sharing platform for certificate wholesale identification and verification";"WU YI 
ZHAO HANG 
DENG ZUPING 
HUANG MINGFENG 
ZHANG LELE 
ZHOU CHENGXI 
FENG QING";"GUIZHOU PLANNING & DESIGN INST OF POSTS & TELECOMMUNICATIONS CO LTD";"CN111581177A 
CN111581177B";"2020-05-07";"G06F16/176 
G06F16/182 
G06Q10/10 
G06Q50/26";"G06F16/176 (CN) 
G06F16/182 (CN) 
G06Q10/103 (CN) 
G06Q50/26 (CN)";"2020-08-25 
2023-05-09";"2020-08-25";"072115314";
"798";"Machine learning of dental images for E-commerce";"RICCI RICHARD [US] 
CAMBRIA ANDREA [US]";"RICCI RICHARD [US] 
CAMBRIA ANDREA [US]";"US10748650B1";"2019-07-17";"A61B6/00 
G06N3/08 
G06Q30/06 
G06T7/00 
G06V10/764 
G16H30/20 
G16H30/40";"A61B6/469 (US) 
G06N3/0464 (EP) 
G06N3/08 (US) 
G06N3/09 (EP) 
G06N3/096 (EP) 
G06Q30/0605 (EP,US) 
G06T7/0014 (EP,US) 
G06T7/11 (EP) 
G06V10/764 (EP,US) 
G06V10/82 (EP,US) 
G16H30/20 (EP,US) 
G16H30/40 (EP,US) 
A61B6/469 (EP) 
A61B6/51 (EP) 
G06N3/045 (EP) 
G06N3/08 (EP) 
G06N5/01 (EP) 
G06T2207/20081 (EP) 
G06T2207/20084 (EP) 
G06T2207/30036 (EP) 
G06T2210/12 (US) 
G06T2210/41 (US) 
G06V2201/033 (EP)";"2020-08-18";"2020-08-18";"072045785";
"799";"Online agricultural product wholesale transaction platform and method";"ZHANG SHIZU";"BEIJING SHUNSHITONG TECH CO LTD";"CN111539798A";"2020-06-18";"G06Q10/08 
G06Q30/00 
G06Q30/06";"G06Q10/0833 (CN) 
G06Q30/018 (CN) 
G06Q30/06 (CN)";"2020-08-14";"2020-08-14";"071980863";
"800";"Construction method of evaluation index system based on electric power spot market transaction";"WU YIFENG 
ZHANG SI 
HUANG YUANPING 
LI YANG 
CHEN JINGWEI 
HUANG JIANFENG 
LYU LEIYAN 
LI ZHANG 
YANG JINGPING 
XU JIANPING 
LYU QIN 
HU JIHENG 
HOU JIAXUAN 
JIANG YICHENG 
YU JIAMIAO 
JIANG XINYUE 
ZHANG ZHI 
LIN ZHENZHI 
YANG LI";"STATE GRID ZHEJIANG ELECTRIC POWER CO LTD 
JINHUA POWER SUPPLY COMPANY STATE GRID ZHEJIANG ELECTRIC POWER CO LTD";"CN111523772A";"2020-04-01";"G06Q10/06 
G06Q50/06";"G06Q10/0639 (CN) 
G06Q10/06393 (CN) 
G06Q10/06395 (CN) 
G06Q50/06 (CN) 
Y04S10/50 (EP)";"2020-08-11";"2020-08-11";"071902357";
"801";"MESSAGE-LESS B2B TRANSACTION PROCESSING";"CARPENTER DONAL [IE] 
RODRIGUES CARLOS MARTINS [IE] 
LOKAS TOMISLAV [IE]";"EMC IP HOLDING CO LLC [US]";"US11593799B2 
US2020250662A1";"2019-02-01";"G06Q20/38 
G06Q30/04 
G06Q30/06 
G06Q30/0601";"G06Q20/389 (US) 
G06Q30/04 (EP,US) 
G06Q30/0635 (EP,US) 
G06Q2220/00 (US)";"2020-08-06 
2023-02-28";"2020-08-06";"071836588";
"802";"CONNECTED CAR BIG DATA ACQUISITION DEVICE, AND SYSTEM AND METHOD OF COLLECTING CONNECTED CAR BIG DATA USING THE SAME";"CHOI HYOSUB [KR] 
KANG JEONGHOON [KR] 
KO JAEJIN [KR] 
KIM CHANGWOO [KR]";"KOREA ELECTRONICS TECHNOLOGY [KR]";"US11609922B2 
US2020242115A1";"2019-01-25";"G06F16/2458 
G06F9/38 
G06F9/50 
H04W4/44 
G06F16/00";"B60R16/023 (KR) 
G06F16/2465 (US) 
G06F16/25 (EP,KR) 
G06F9/3871 (US) 
G06F9/5016 (EP,US) 
H04L67/12 (KR) 
H04L69/162 (KR) 
H04W4/40 (EP) 
H04W4/44 (US) 
G06F2209/5011 (EP)";"2020-07-30 
2023-03-21";"2020-07-30";"071732621";
"803";"Способ воздействия создаваемого ""Кросс-отраслевого биржевого консорциума"" на ""Сферу малых и средних крестьянских хозяйств""";"";"";"RU2019102325A";"2019-01-28";"G06Q30/04";"";"2020-07-28";"2020-07-28";"071949956";
"804";"An integrated points-based e-commerce system and a business dealing method for it";"LIM JEONG DO [KR] 
LIM JAE SEUNG [KR] 
IM YOUN SUNG [KR]";"LIM JEONG DO [KR] 
LIM JAE SEUNG [KR] 
IM YOUN SUNG [KR]";"KR102136948B1";"2019-02-21";"G06Q10/06 
G06Q20/38 
G06Q30/02 
G06Q50/06";"G06Q10/067 (KR) 
G06Q20/387 (KR) 
G06Q30/0226 (KR) 
G06Q50/06 (KR)";"2020-07-24";"2020-07-24";"071892822";
"805";"METHODS AND SYSTEMS FOR DISPLAYING ON MAP CURRENT OR NEAREST AND NEARBY OR SEARCHED AND SELECTED LOCATION(S), GEO-FENCE(S), PLACE(S) AND USER(S) AND IDENTIFYING ASSOCIATED PAYMENTS AND ACCOUNT INFORMATION FOR ENABLING TO MAKE AND RECEIVE PAYMENTS";"RATHOD YOGESH [IN]";"RATHOD YOGESH [IN]";"WO2020148658A2 
WO2020148658A3 
WO2020148658A4";"2019-01-18";"G06F16/9535 
G06F3/0484 
G06Q30/00 
H04W4/02 
H04W64/00";"G06F16/535 (EP) 
G06F16/538 (EP) 
G06Q10/40 (EP) 
G06Q20/102 (US) 
G06Q20/203 (EP) 
G06Q20/227 (US) 
G06Q20/42 (US) 
G06Q30/0201 (EP) 
G06Q30/0241 (EP) 
G06Q30/06 (EP) 
G07F9/026 (EP) 
G07G1/0036 (EP) 
G07G1/0054 (EP) 
H04W4/029 (US)";"2020-07-23 
2020-11-26 
2021-01-14";"2020-07-23";"071614074";
"806";"E-commerce product classification system and classification method thereof";"WANG GUOYONG";"ANHUI HUOJI XUNZONG SUPPLY CHAIN MAN CO LTD";"CN111429179A";"2020-03-23";"G06K9/62 
G06Q30/02 
G06Q30/06";"G06F18/24 (CN) 
G06Q30/0201 (CN) 
G06Q30/0202 (CN) 
G06Q30/0631 (CN)";"2020-07-17";"2020-07-17";"071548550";
"807";"Enabling blockchain agricultural product quality credible traceability system based on nondestructive detection technology";"WANG JINXIAO";"WANG JINXIAO";"CN111429162A";"2020-04-16";"G06Q30/00 
G06Q50/02 
G06Q50/26";"G06Q30/018 (CN) 
G06Q50/02 (CN) 
G06Q50/26 (CN)";"2020-07-17";"2020-07-17";"071551852";
"808";"Optimal ordering period prediction system and method for seasonal and periodic commodities";"LI JINGQUAN";"CMST NANJIANG SMART LOGISTICS TECH CO LTD";"CN111415207A 
CN111415207B";"2020-03-27";"G06Q10/08 
G06Q30/00 
G06Q30/02 
G06Q30/06 
G06Q30/04 
G06Q10/0875 
G06Q30/016 
G06Q30/0201 
G06Q30/0202 
G06Q30/0601";"G06Q10/0875 (CN) 
G06Q30/016 (CN) 
G06Q30/0201 (CN) 
G06Q30/0202 (CN) 
G06Q30/0254 (CN) 
G06Q30/0271 (CN) 
G06Q30/04 (CN) 
G06Q30/0635 (CN) 
Y02P90/30 (EP)";"2020-07-14 
2023-04-18";"2020-07-14";"071493331";
"809";"Finance and tax transaction system based on blockchain and big data";"LIU HUAIJIAN 
TAN ZHIGANG";"SHENZHEN SUCCESS EXPRESS TECH CO LTD";"CN111402051A";"2020-03-11";"G06F21/62 
G06F21/64 
G06Q40/00 
G06Q40/04";"G06F21/6218 (CN) 
G06F21/64 (CN) 
G06Q40/04 (CN) 
G06Q40/123 (CN)";"2020-07-10";"2020-07-10";"071430637";
"810";"MEAT TRADING STATE ESTIMATION SYSTEM, MEAT TRADING STATE ESTIMATION SERVER, MEAT TRADING STATE ESTIMATION METHOD, AND MEAT TRADING STATE ESTIMATION PROGRAM";"KAMBAYASHI TAKASHI [JP] 
MAKINO TSUYOSHI [JP]";"ECO PORK CO LTD [JP]";"PH12022551154A1";"2019-12-16";"G06Q10/04 
G06Q30/02 
G06Q50/02";"G06Q10/04 (EP) 
G06Q30/02 (EP) 
G06Q30/06 (EP) 
G06Q50/02 (EP)";"2023-10-02";"2020-07-01";"071131624";
"811";"Scanning device for commodity wholesale";"CHEN TING";"GUANGZHOU SHENGMENG TRADE CO LTD";"CN210895472U";"2020-01-16";"G06K7/10";"";"2020-06-30";"2020-06-30";"071315541";
"812";"Warehouse visualization method, device and equipment and storage medium";"LIU QIANGQIANG 
TANG CHUNFENG 
LI QUAN 
LI ZHIWEI 
ZHENG MINGHUA 
WEI SHUAICHAO 
ZHAN ZIZHI 
CHEN TIANJIAN";"SHENZHEN QIANHAI WEBANK CO LTD";"CN111353743A 
CN111353743B";"2020-03-03";"G06Q10/08 
G06Q10/087";"G06Q10/087 (CN)";"2020-06-30 
2024-06-07";"2020-06-30";"071194329";
"813";"School catering quality safety protection system based on social co-governance";"TAO GUANGCAN 
WANG NI 
LIU ZOUNA 
CHEN WENSONG";"FOOD SAFETY AND NUTRITION GUIZHOU INFORMATION TECH CO LTD 
GUIZHOU ACAD OF TESTING AND ANALYSIS";"CN111353700A";"2020-02-27";"G06Q10/06 
G06Q30/00 
G06Q50/12 
G06Q50/26";"G06Q10/0635 (CN) 
G06Q30/018 (CN) 
G06Q50/12 (CN) 
G06Q50/26 (CN)";"2020-06-30";"2020-06-30";"071194146";
"814";"SYSTEM FOR TRANSPORTING, TRANSFERRING, AND/OR STORING GOODS";"KOCH HILKO [DE]";"KOCH HILKO [DE]";"US12091074B2 
US2022055675A1";"2018-12-19";"B62B3/14 
B62B3/16 
B62B5/00";"B62B3/1476 (EP,US) 
B62B3/16 (EP,US) 
B62B5/0093 (EP,US) 
B62B2202/12 (EP,US) 
B62B2203/44 (EP,US) 
B62B2207/02 (EP,US)";"2022-02-24 
2024-09-17";"2020-06-24";"064870332";
"815";"Auction system that can distribute by beef part";"JEONG KYU [KR]";"JEONG KYU [KR]";"KR102189903B1 
KR20200071833A";"2018-12-03";"G06Q30/08 
G06Q50/02";"G06Q30/08 (KR) 
G06Q50/02 (KR)";"2020-06-22 
2020-12-11";"2020-06-22";"071142464";
"816";"Способ воздействия создаваемого ""Кросс-отраслевого биржевого консорциума"" на ""Сферу малых и средних фермерских хозяйств""";"";"";"RU2018145374A";"2018-12-20";"G06Q30/04";"";"2020-06-22";"2020-06-22";"071135479";
"817";"Control system and method for market leaving order checking";"YE YAOHUA";"ZHEJIANG HEPING DATA TECH CO LTD";"CN111311801A";"2020-02-26";"G06K17/00 
G06Q30/02 
G07C9/22 
G07G1/00";"G06K17/0022 (CN) 
G06Q30/0229 (CN) 
G07G1/0072 (CN)";"2020-06-19";"2020-06-19";"071145232";
"818";"Method for realizing automatic management of enterprise control sales and anti-control sales";"DING JIFENG 
ZHANG LAIQING 
PANG YANDONG";"ZHUHAI HENGQIN SHENGDA ZHAOYE TECH INVESTMENT CO LTD";"CN111292145A";"2018-12-08";"G06Q30/06";"G06Q30/0621 (CN) 
G06Q30/0635 (CN)";"2020-06-16";"2020-06-16";"071027805";
"819";"Method and system for constructing agricultural product network retail price index";"HAN TAO";"SHANDONG AICHENGSHI NETWORK INFORMATION TECH CO LTD";"CN111275498A";"2020-02-28";"G06Q30/02 
G06Q50/02 
G06Q50/26";"G06Q30/0283 (CN) 
G06Q50/02 (CN) 
G06Q50/26 (CN)";"2020-06-12";"2020-06-12";"071004125";
"820";"Flower wholesale and retail distribution management system";"KIM SUNG SOO [KR]";"KIM SUNG SOO [KR]";"KR20200065548A";"2018-11-30";"G06Q30/00 
G06Q30/06";"G06Q30/018 (KR) 
G06Q30/0609 (KR) 
G06Q30/0619 (KR) 
G06Q30/0621 (KR) 
G06Q30/0625 (KR) 
G06Q30/0633 (KR) 
G06Q30/0641 (KR)";"2020-06-09";"2020-06-09";"071082959";
"821";"Platform coupon settlement price estimation method";"";"LIANNONG SHENZHEN INFORMATION TECH CO LTD";"CN111242681A";"2020-01-04";"G06Q30/02 
G06Q50/02";"G06Q30/0208 (CN) 
G06Q30/0213 (CN) 
G06Q50/02 (CN)";"2020-06-05";"2020-06-05";"070880423";
"822";"Method for realizing salesman sales commission summary based on Internet store system";"CHEN LIN 
ZHANG LAIQING 
PANG YANDONG 
WEN XIN";"ZHUHAI HENGQIN SHENGDA ZHAOYE TECH INVESTMENT CO LTD";"CN111242756A";"2018-11-29";"G06F16/248 
G06Q30/02 
G06Q40/00";"G06Q30/02 (CN) 
G06Q40/125 (CN)";"2020-06-05";"2020-06-05";"070865370";
"823";"Method to turn digital rental buyer into subscriber and an apparatus to secure access & trade the rental item";"HUO SHU YA [US]";"HUO SHU YA [US]";"US2020175590A1";"2018-11-29";"G06F21/10 
G06Q40/04 
H04L9/08";"G06F21/105 (EP,US) 
G06F21/64 (EP) 
G06Q40/04 (EP,US) 
H04L9/0816 (US) 
H04L9/3239 (EP) 
H04L9/50 (EP) 
G06F21/1075 (US) 
H04L2209/56 (US) 
H04L2209/603 (EP)";"2020-06-04";"2020-06-04";"070849701";
"824";"Real-time calculation query system and method based on B2B mall";"CUI SUFANG 
ZHONG CHAO 
PENG XIAO";"GUANGZHOU UNI PRESIDENT ENTPR CORP";"CN111221837A";"2019-12-18";"G06F16/24 
G06F16/25 
G06F16/27";"G06F16/24 (CN) 
G06F16/252 (CN) 
G06F16/27 (CN)";"2020-06-02";"2020-06-02";"070827812";
"825";"A DIGITAL COUPLING DATA MANAGEMENT SYSTEM";"KAYALAR METE [TR] 
KAYALAR BORA [TR]";"BAYRAMOGLU MECIT [TR]";"WO2020101609A2 
WO2020101609A3";"2018-08-28";"G06Q10/00 
G06F3/033 
G06K19/00";"G06F3/0304 (EP) 
G06F3/0321 (EP) 
G06F3/03545 (EP)";"2020-05-22 
2020-07-09";"2020-05-22";"070731619";
"826";"Electronic commerce related information transmission method based on mobile terminal and B2B management system";"ZHU BIN 
LIU XIAODONG 
ZENG ZHICONG";"SUZHOU SHENKUNTIANHENG INTELLIGENT TECH CO LTD";"CN111182478A";"2019-12-31";"G06F9/54 
G06Q30/06 
H04W4/12 
H04W52/36";"G06F9/542 (CN) 
G06F9/546 (CN) 
G06Q30/0601 (CN) 
H04W4/12 (CN) 
H04W52/365 (CN) 
H04W52/367 (CN)";"2020-05-19";"2020-05-19";"070648979";
"827";"Integrated management method of SAAS transaction platform";"ZHANG CHUGANG";"GUANGZHOU GUANGNONG SHULIAN INFORMATION TECH CO LTD";"CN111161018A";"2019-12-12";"G06Q10/10 
G06Q30/00 
G06Q30/06";"G06Q10/103 (CN) 
G06Q30/01 (CN) 
G06Q30/016 (CN) 
G06Q30/0601 (CN)";"2020-05-15";"2020-05-15";"070557045";
"828";"Agricultural product tracing system based on block chain";"ZHAO JUN 
JIA QINGXI";"ANHUI YISHANG DIGITAL TECH CO LTD";"CN111160930A";"2019-12-27";"G06Q30/00 
G06Q50/02";"G06Q30/016 (CN) 
G06Q30/0185 (CN) 
G06Q50/02 (CN)";"2020-05-15";"2020-05-15";"070558790";
"829";"Blockchain Enterprise Solution driven platform that run timely-stamped, traceability, transparency, enhanced security, choice of Public, Private or Hybrid Cloud-APIs on existing Blockchain, in improving current Blockchain database constraint and building-up 'Off-the-Chain' functionality; with Block database warehouse management centralised in Aerospace, separate and complete go Public data visualisation; tokenisation platform option available.";"ZHU WEINA";"ZHU WEINA MS [AU]";"AU2020100513A4";"2020-04-02";"G06F21/60 
G06Q20/38 
H04L9/34";"G06F21/6272 (AU) 
G06F21/645 (AU) 
G06Q30/02 (AU) 
G06Q40/06 (AU) 
H04L9/3236 (AU) 
H04L9/50 (AU)";"2020-05-14";"2020-05-14";"070526702";
"830";"High-speed transmission method of e-commerce information and B2B management system";"ZHU BIN 
LIU XIAODONG 
ZENG ZHICONG";"SUZHOU SHENKUNTIANHENG INTELLIGENT TECH CO LTD";"CN111148200A";"2019-12-31";"G06Q30/06 
H04W52/02 
H04W52/28";"G06Q30/0601 (CN) 
H04W52/0261 (CN) 
H04W52/282 (CN) 
Y02D30/70 (EP)";"2020-05-12";"2020-05-12";"070521703";
"831";"Cloud service platform based on block chain";"WANG JIAN 
ZHANG HUI";"JIANGSU RONGZER INF TECH CO LTD";"CN111125249A 
CN111125249B";"2019-12-18";"G06F16/21 
G06F16/27 
G06F21/60 
G06F8/20";"G06F16/21 (CN) 
G06F16/27 (CN) 
G06F21/602 (CN) 
G06F8/20 (CN)";"2020-05-08 
2022-06-14";"2020-05-08";"070499790";
"832";"Management platform capable of intelligent monitoring and operation method";"JIAN LUNA";"JIANGSU DAMO INFORMATION CONSULTING CO LTD";"CN111126721A";"2018-09-18";"G06Q10/06 
G06Q10/08";"G06Q10/06 (CN) 
G06Q10/083 (CN) 
G06Q10/087 (CN)";"2020-05-08";"2020-05-08";"070483999";
"833";"WHOLESALE SUPPLIER MARKETPLACE WITH THE ABILITIES TO HOST AUTONOMOUS SUPPLIER ONLINE ORDERING CENTERS";"";"2370642 ONTARIO INC [CA]";"CA3023370A1";"2018-11-07";"G06Q10/08 
G06Q30/00";"G06Q30/0603 (EP)";"2020-05-07";"2020-05-07";"070534981";
"834";"Operation digitization platform service system";"HUANG ZHIPING";"GUANGDONG FENDOUBA TECH CO LTD";"CN111091446A";"2019-12-06";"G06Q30/02 
G06Q30/06";"G06Q30/0222 (CN) 
G06Q30/0605 (CN) 
G06Q30/0609 (CN) 
G06Q30/0643 (CN)";"2020-05-01";"2020-05-01";"070396384";
"835";"DIGITAL COMPLIANCE PLATFORM";"THIRU KARTHIK [IN] 
NATARAJAN RAVI [IN] 
TRIPATHI PRATEEK [IN] 
DAS SOUMYA RANJAN [IN] 
JAIN ANKIT [IN] 
YARADI KISHAN RAO RAMESH [IN] 
MOHANDOSS VIJAYALAKSHMI [IN] 
BHASKAR AVINASH [IN] 
CHANDRA KARTIK [IN] 
THIAGARAJAN PAVITHRA [IN] 
TIWARI YATENDRA KUMAR [IN]";"SAP SE [DE]";"US11836468B2 
US2020272437A1";"2018-10-24";"G06F8/20 
G06F8/34 
G06F8/36";"G06F8/22 (US) 
G06F8/34 (US) 
G06F8/36 (EP,US) 
G06F8/38 (EP) 
G06F9/44505 (EP) 
G06F9/454 (EP)";"2020-08-27 
2023-12-05";"2020-04-30";"070328678";
"836";"Wine industry e-commerce management system";"LIU YUAN";"CHONGQING LANGZHOU SCIENCE AND TECH DEVELOPMENT CO LTD";"CN111080381A";"2018-10-18";"G06Q10/08 
G06Q30/02 
G06Q30/06";"G06Q10/083 (CN) 
G06Q10/087 (CN) 
G06Q30/0207 (CN) 
G06Q30/0601 (CN)";"2020-04-28";"2020-04-28";"070309343";
"837";"Wholesale market quality tracing method and device based on block chain, and medium";"LI JIA 
PANG SONGTAO 
SHANG GUANGYONG 
WANG WEIBING 
MA YANTANG 
ZHAO SHULIN 
JIANG XIN 
TAO XIN 
LIU WEIWEI";"SHANDONG AICHENGSHI NETWORK INFORMATION TECH CO LTD";"CN111080314A";"2019-11-27";"G06F16/25 
G06F16/27 
G06Q30/00";"G06F16/252 (CN) 
G06F16/27 (CN) 
G06Q30/0185 (CN)";"2020-04-28";"2020-04-28";"070311909";
"838";"Resident demand response model based on multi-dimensional factor game";"LU JIE 
LIU XIANGXIANG 
ZHOU QI 
YAN QIN 
LI HAOXIANG";"ELECTRIC POWER SCIENT RES INST STATE GRID JIANGXI ELECTRIC POWER CO LTD 
STATE GRID CORP CHINA";"CN111080069A";"2019-11-19";"G06Q10/06 
G06Q30/02 
G06Q50/06";"G06Q10/06312 (CN) 
G06Q10/06315 (CN) 
G06Q30/0201 (CN) 
G06Q50/06 (CN)";"2020-04-28";"2020-04-28";"070311008";
"839";"Order management method and device for wholesalers online sales";"TANG CHENLONG 
XU YINGYING 
LI GANG 
XIONG WEIJIE";"GUANGZHOU KUAIPI INFORMATION TECH CO LTD";"CN111080412A";"2019-12-19";"G06Q20/08 
G06Q30/06";"G06Q20/0855 (CN) 
G06Q30/0635 (CN)";"2020-04-28";"2020-04-28";"070316159";
"840";"Packing material order processing method using packing material shopping site management system";"LEE YONG KWAN [KR]";"LEE YONG KWAN [KR]";"KR102141628B1 
KR20200043307A";"2019-12-06";"G06Q30/06";"G06Q30/0621 (KR) 
G06Q30/0633 (KR) 
G06Q30/0643 (KR)";"2020-04-27 
2020-08-05";"2020-04-27";"070467884";
"841";"Method for quickly replenishing commodities during commodity stockout";"YUAN YUWEI";"GUANGDONG XIYUE NETWORK TECH CO LTD";"CN111047245A";"2019-10-17";"G06K17/00 
G06Q10/08 
G06Q30/02";"G06K17/0022 (CN) 
G06Q10/087 (CN) 
G06Q30/0202 (CN)";"2020-04-21";"2020-04-21";"070231794";
"842";"Visual management and risk early warning system for supply chain product quality based on Internet of Things";"HE TAO";"WENZHOU VOCATIONAL & TECHNICAL COLLEGE";"CN111047196A";"2019-12-13";"G06K7/00 
G06Q10/06";"G06K7/0008 (CN) 
G06Q10/0635 (CN) 
G06Q10/06395 (CN)";"2020-04-21";"2020-04-21";"070236057";
"843";"Double-layer two-stage demand response scheduling method and system based on load integrator";"WANG HAOHAO 
WANG YI 
ZHU TAO 
YANG JUNWEI 
HUANG YUANMING 
LU EN 
DUAN QINGANG 
WU MINGXING 
BIE PEI 
CHEN QING";"GUANGDONG ELECTRIC POWER TRANSACTION CENTER CO LTD";"CN111027739A";"2019-10-23";"G06F30/20 
G06Q10/04 
G06Q10/06 
G06Q50/06 
G06F111/06";"G06Q10/04 (CN) 
G06Q10/06315 (CN) 
G06Q50/06 (CN) 
Y04S50/16 (EP)";"2020-04-17";"2020-04-17";"070201456";
"844";"Intelligent new rural platform";"LU DAN";"BEIJING XINSANNONG NETWORK TECH CO LTD";"CN110969511A";"2019-12-02";"G06Q10/08 
G06Q30/06 
G06Q40/08 
G06Q50/02 
G06Q50/12 
G06Q50/20";"G06Q10/083 (CN) 
G06Q30/0601 (CN) 
G06Q30/0635 (CN) 
G06Q40/08 (CN) 
G06Q50/02 (CN) 
G06Q50/12 (CN) 
G06Q50/2057 (CN)";"2020-04-07";"2020-04-07";"070032580";
"845";"Power market transaction system for multi-type use subjects";"ZHOU RUI 
HU XIN 
HUANG JINGYIN 
XIANG DEJUN 
HUANG KANGQIAN";"GUANGDONG POWER EXCHANGE CENTER CO LTD";"CN110956550A";"2019-12-18";"G06Q40/04 
G06Q50/06";"G06Q40/04 (CN) 
G06Q50/06 (CN)";"2020-04-03";"2020-04-03";"069982418";
"846";"MAPPING AND FILTERING RECOMMENDATION ENGINE";"PIZZA GEORGE [US] 
TORRA MICHAEL J [US]";"SALESFORCE COM INC [US]";"US11049153B2 
US2020098020A1";"2018-09-24";"G06F16/9535 
G06N5/04 
G06Q30/02 
H04L29/08 
G06F40/30";"G06F16/9535 (US) 
G06F40/30 (US) 
G06N20/00 (EP) 
G06N5/04 (EP,US) 
G06Q30/0282 (EP,US) 
H04L67/535 (EP,US) 
G06F40/30 (EP) 
G06N5/02 (EP)";"2020-03-26 
2021-06-29";"2020-03-26";"069885016";
"847";"DYNAMIC LIVE CONNECTIONS FOR ON-DEMAND TECHNICAL SUPPORT";"PEIST NICHOLAS K [US]";"FANTAZTECH LLC [US]";"US11823103B2 
US2022284376A1";"2018-09-21";"G06Q10/06 
H04L67/025 
H04L9/40 
G06Q10/0631";"G06F3/14 (EP) 
G06Q10/063112 (EP,US) 
G06Q10/063114 (EP,US) 
G06Q10/06316 (EP,US) 
H04L63/083 (EP,US) 
H04L63/101 (US) 
H04L63/104 (EP) 
H04L67/025 (US)";"2022-09-08 
2023-11-21";"2020-03-26";"069883249";
"848";"Resource and commodity recommendation method, device and apparatus";"LIANG JIANFENG";"ALIBABA GROUP HOLDING LTD";"CN110889733A 
CN110889733B";"2018-09-10";"G06Q30/06 
G06F17/00";"G06Q30/0631 (CN)";"2020-03-17 
2024-04-05";"2020-03-17";"069745106";
"849";"Commodity information processing method and device and electronic equipment";"XU WEN 
PAN HUANGBIN 
XU JIANJI 
ZHAO RENXING 
LI GUANGCAI";"ALIBABA GROUP HOLDING LTD";"CN110874779A 
CN110874779B";"2018-08-31";"G06Q30/02 
G06Q30/06 
G06Q30/0282 
G06Q30/0601";"G06Q30/0282 (CN) 
G06Q30/0641 (CN)";"2020-03-10 
2023-05-12";"2020-03-10";"069715522";
"850";"Method and device for synchronizing commodity information of multi-type ERP system";"WAN YOUGANG 
WANG XIAOHAI 
WU QING 
ZHENG YIBO";"RONGZHI TECH WUHAN CO LTD";"CN110852831A";"2019-10-01";"G06Q30/06";"G06Q30/0627 (CN) 
G06Q30/0629 (CN)";"2020-02-28";"2020-02-28";"069596392";
"851";"Vehicle inventory auditing system";"WANG FEI 
WEI JUN";"SAIC GMAC AUTOMOTIVE FINANCE CO LTD";"CN110807617A 
CN110807617B";"2019-11-04";"G06Q10/06 
G06Q10/08 
G06Q10/10 
G06Q10/063 
G06Q10/087";"G06Q10/063 (CN) 
G06Q10/087 (CN) 
G06Q10/10 (CN)";"2020-02-18 
2023-08-08";"2020-02-18";"069501324";
"852";"Intelligent monitoring management platform and operation method thereof";"YANG HAIQIN";"YANG HAIQIN";"CN110796319A";"2018-06-11";"G06Q10/06 
G06Q10/08 
G06Q30/02 
G06Q30/06 
G06Q50/02";"G06Q10/0631 (CN) 
G06Q10/083 (CN) 
G06Q10/087 (CN) 
G06Q30/0207 (CN) 
G06Q30/0601 (CN) 
G06Q50/02 (CN)";"2020-02-14";"2020-02-14";"069424850";
"853";"Deriving and Presenting Real Time Marketable Content by Efficiently Deciphering Complex Data of Large Dynamic E-Commerce Catalogs";"TSAI BILLY CHI HSUN [TW] 
YANG MING-WEI [TW] 
TENG PING-TAI TENG [TW] 
TSAI YUNG-FU [TW]";"DIGITAL RIVER INC [US]";"US2020051147A1";"2018-08-10";"G06Q30/02 
G06Q30/06";"G06Q30/0222 (EP,US) 
G06Q30/0283 (EP,US) 
G06Q30/0603 (EP,US) 
G06Q30/0625 (EP,US)";"2020-02-13";"2020-02-13";"069406195";
"854";"SYSTEM FOR CONTROLLING AND MANAGING A CHAIN OF ENERGY PRODUCTS AND RELATED PROCESS";"MIGNANO VINCENZO [IT]";"MIGNANO VINCENZO [IT] 
SGM ENERGY S R L [IT]";"US11783249B2 
US2021312364A1";"2018-08-02";"G06Q10/06 
G06Q30/00 
G06Q40/00 
G06F16/25 
G06F9/54 
G06Q10/08 
G06Q40/04 
G06Q50/04 
G06Q10/0631 
G06Q30/018 
G06Q40/12";"G06F16/25 (US) 
G06F9/542 (US) 
G06Q10/06313 (US) 
G06Q10/06315 (US) 
G06Q10/08 (EP,US) 
G06Q10/30 (EP) 
G06Q30/018 (US) 
G06Q40/04 (US) 
G06Q40/123 (US) 
G06Q50/04 (US) 
G06Q50/26 (US) 
Y02W90/00 (EP)";"2021-10-07 
2023-10-10";"2020-02-02";"063762922";
"855";"Multi-platform display static page data synchronization method and B2B system";"ZHANG FANGJUN 
LI RUIFENG";"ZHONGSHAN BAXI COMPUTER NETWORK CO LTD";"CN110737853A 
CN110737853B";"2019-09-06";"H04L12/58 
H04L29/06 
H04L29/08 
G06F16/955 
G06F16/958 
H04L51/046 
H04L67/02 
H04L67/1095 
H04L9/40";"G06F16/955 (CN) 
G06F16/972 (CN) 
H04L51/046 (CN) 
H04L63/10 (CN) 
H04L67/02 (CN) 
H04L67/1095 (CN) 
Y02D10/00 (EP)";"2020-01-31 
2023-04-18";"2020-01-31";"069267803";
"856";"Shared warehouse super-operation mode and system";"CHEN JIJIANG";"YUNNAN JIANJI YIYING TECH CO LTD";"CN110738445A 
CN110738445B";"2019-09-29";"G06Q10/08 
G06Q30/00 
G06Q30/02 
G06Q30/04 
G06Q30/06 
G06Q30/08";"G06Q10/087 (CN) 
G06Q30/018 (CN) 
G06Q30/0241 (CN) 
G06Q30/04 (CN) 
G06Q30/0623 (CN) 
G06Q30/0635 (CN) 
G06Q30/08 (CN)";"2020-01-31 
2022-07-26";"2020-01-31";"069268360";
"857";"AGRICULTURAL BYPRODUCT WHOLESALE MARKET MANAGEMENT SYSTEM";"WANG SHIRONG [CN]";"NANTONG HAIXIN INFORMATION TECH CO LTD [CN]";"WO2020019181A1";"2018-07-25";"G06Q10/06 
G06Q10/10 
G06Q30/00";"G06Q10/06 (EP) 
G06Q10/10 (EP) 
G06Q30/00 (EP)";"2020-01-30";"2020-01-30";"069180284";
"858";"P2P SNS Dedicated Platform for Distribution of SNS Retail Sales Agents using Crowd Fund and P2P Fund";"PARK HYE WON [KR] 
PARK SUNG JUN [KR]";"PARK HYE WON [KR]";"KR20200009452A";"2018-07-19";"G06K19/06 
G06Q40/04 
G06Q40/06";"G06K19/06037 (KR) 
G06Q40/04 (KR) 
G06Q40/06 (KR)";"2020-01-30";"2020-01-30";"069321753";
"859";"Confidential live broadcast system";"HUANG YUANPING";"HANGZHOU HONGKEDOU DIGITAL TECH CO LTD";"CN110719492A";"2019-08-26";"H04N21/2187 
H04N21/254 
H04N21/258 
H04N21/441 
H04N21/4627 
H04N21/478";"H04N21/2187 (CN) 
H04N21/2541 (CN) 
H04N21/25875 (CN) 
H04N21/441 (CN) 
H04N21/4627 (CN) 
H04N21/478 (CN)";"2020-01-21";"2020-01-21";"069209468";
"860";"ELECTRIC POWER TRANSACTION PLATFORM";"TEZUKA HIROBUMI 
ICHIHARA SATORU";"SMART SOLAR CORP";"JP2020009334A 
JP6996746B2";"2018-07-11";"G06Q20/22 
G06Q50/06";"Y04S10/50 (EP) 
Y04S50/12 (EP)";"2020-01-16 
2022-01-17";"2020-01-16";"069151964";
"861";"SYSTEM AND METHOD FOR MANAGING THE AGGREGATED PURCHASE AND FRACTIONALIZED DISPERSAL OF ENERGY PRODUCTS FOR VEHICLES";"AYALA TERRENCE C [US]";"AYALA TERRENCE C [US]";"US2020020007A1";"2012-10-01";"G06Q30/06";"G06Q30/0607 (EP,US)";"2020-01-16";"2020-01-16";"069139197";
"862";"Split type intelligent sound box";"WANG BIN";"ANCHUANG ZHONGYI TECH CHENGDU CO LTD";"CN110691288A";"2019-09-29";"H04R1/02";"H04R1/02 (CN) 
H04R1/028 (CN) 
H04R2201/02 (CN)";"2020-01-14";"2020-01-14";"069110823";
"863";"Product purchase quantity analysis method";"CHEN JUN 
LI SONGBAI 
LI XUERONG";"CHENGDU JIUZHOU ELECTRONIC INF SYSTEM CO LTD";"CN110659946A 
CN110659946B";"2019-10-09";"G06Q10/06 
G06Q30/02 
G06Q10/067 
G06Q30/0201";"G06Q10/067 (CN) 
G06Q30/0206 (CN)";"2020-01-07 
2023-07-21";"2020-01-07";"069040363";
"864";"Meat and vegetable commodity tracing system";"LIN HUIZHU";"ZHONGZHUI GUANGDONG TECH CO LTD";"CN110619484A";"2019-09-29";"G06F16/955 
G06K17/00 
G06Q10/06";"G06F16/955 (CN) 
G06K17/0029 (CN) 
G06Q10/06395 (CN) 
G06Q30/0185 (CN)";"2019-12-27";"2019-12-27";"068925096";
"865";"BUSINESS-TO-BUSINESS ORDER PLACEMENT/RECEPTION SYSTEM";"KAWAUCHI AKIHIRO";"KAWAUCHI AKIHIRO";"JP2019220125A";"2018-06-22";"G06Q30/06";"";"2019-12-26";"2019-12-26";"069096820";
"866";"Novel business model";"RAN FENGNAN";"ZHEJIANG HUIRONG STATIONERY CO LTD";"CN110599286A";"2018-06-13";"G06Q30/06";"G06Q30/0601 (CN)";"2019-12-20";"2019-12-20";"068849180";
"867";"Agricultural Auction Price Prediction System Using Deep Learning";"KIM SUNG SOO [KR]";"KIM SUNG SOO [KR]";"KR102150966B1 
KR20190140528A";"2018-05-30";"G06Q10/04 
G06Q30/02 
G06Q30/08";"G06Q10/04 (KR) 
G06Q30/0206 (KR) 
G06Q30/08 (KR)";"2019-12-20 
2020-09-02";"2019-12-20";"069062991";
"868";"IDENTIFYING AND PROVIDING AGGREGATED PRESCRIPTION BENEFITS TO CONSUMERS OF PRESCRIPTION PRODUCTS AT THE POINT OF SALE";"WILEY II JOSEPH LEE [US]";"WILEY II JOSEPH LEE [US]";"US11475986B2 
US2019385722A1";"2018-06-18";"G06Q30/06 
G16H10/60 
G16H20/10";"G06Q30/0633 (EP,US) 
G16H10/60 (US) 
G16H20/10 (EP,US) 
G16H40/20 (EP)";"2019-12-19 
2022-10-18";"2019-12-19";"068840196";
"869";"SYSTEMS AND METHODS FOR DISTRIBUTION SYSTEM MARKETS IN ELECTRIC POWER SYSTEMS";"WONG JOSHUA [CA] 
OMARA HISHAM [CA] 
HARISUTHAN SUBRAMANIAM [CA] 
ULLMAN BEN [US] 
WALKER GERHARD [US] 
WANG CONG [CA] 
MACRAE DAVID [US]";"OPUS ONE SOLUTIONS ENERGY CORP [CA]";"US2020043106A1";"2018-06-15";"G06Q50/06 
H02J3/38";"G06Q10/06 (EP) 
G06Q30/06 (EP) 
G06Q50/06 (EP,US) 
H02J3/003 (EP) 
H02J3/381 (EP,US) 
H02J2101/20 (EP) 
Y04S10/50 (EP) 
Y04S50/10 (EP)";"2020-02-06";"2019-12-19";"068842368";
"870";"B2B online payment account layering method based on chemical field";"FEI XIAOCHUN";"SHANGHAI MOLBASE DATA TECH CO LTD";"CN110580620A";"2019-08-12";"G06Q20/08";"G06Q20/0855 (CN)";"2019-12-17";"2019-12-17";"068810549";
"871";"Intelligent monitoring management platform and operation method thereof";"YAO MIN";"YAO MIN";"CN110580558A";"2018-06-08";"G06Q10/06 
G06Q10/08";"G06Q10/063 (CN) 
G06Q10/087 (CN)";"2019-12-17";"2019-12-17";"068808908";
"872";"System for Integrated distribution management";"KIM BO SUNG [KR]";"KIM BO SUNG [KR]";"KR102055346B1";"2019-07-17";"G06Q10/06 
G06Q10/08 
G06Q30/02 
G06Q30/06";"G06Q10/0637 (KR) 
G06Q10/087 (KR) 
G06Q30/0201 (KR) 
G06Q30/06 (KR)";"2019-12-12";"2019-12-12";"069003971";
"873";"Autonomous Article Evaluating, Disposing and Repricing";"SHAMISS SENDER [US] 
HAYNIE DONALD T [US]";"THE RECON GROUP LLP [US]";"US2019370837A1";"2018-06-04";"G06Q10/08 
G06Q30/02";"G06N20/00 (US) 
G06N3/0464 (EP) 
G06N3/08 (EP) 
G06Q10/087 (US) 
G06Q10/0872 (EP) 
G06Q30/0206 (EP,US) 
G06Q30/0278 (US) 
G06T7/0002 (US) 
G06F16/22 (US) 
G06F9/54 (US) 
G06N3/044 (EP) 
G06N3/045 (EP) 
G06Q30/0185 (US) 
G06T2207/20081 (US)";"2019-12-05";"2019-12-05";"068692673";
"874";"Big data analysis method based on e-commerce platform";"SI ZHONGMING 
ZHANG WENBING";"JIANGSU IOT RES DEVELOPMENT CENTER";"CN110533486A";"2019-09-06";"G06F16/951 
G06Q30/02 
G06Q30/06 
H04L29/06";"G06F16/951 (CN) 
G06Q30/0201 (CN) 
G06Q30/0202 (CN) 
G06Q30/0601 (CN) 
H04L2463/102 (CN) 
H04L63/168 (CN)";"2019-12-03";"2019-12-03";"068667562";
"875";"SISTEMA DI COMMERCIO ELETTRONICO IN REALTÀ AUMENTATA PER ALIMENTI FRESCHI E CONFEZIONATI";"SECHI GIUSEPPE 
SECHI ELISABETTA";"";"IT201800005846A1";"2018-05-30";"";"G06Q30/0643 (EP)";"2019-11-30";"2019-11-30";"063684230";
"876";"Method and system for controlling printing by mobile terminal in wholesale scene";"YUN YANHUI 
DENG FEI 
SHEN ZHIQIANG";"SHENZHEN XIAOAIREN SOFTWARE CO LTD";"CN110515568A";"2019-08-23";"G06F3/12 
H04W4/80";"G06F3/1203 (CN) 
G06F3/1224 (CN) 
G06F3/1292 (CN) 
H04W4/80 (CN)";"2019-11-29";"2019-11-29";"068628067";
"877";"A bargaining system for wholesale scenarios";"DENG FEI 
SHEN ZHIQIANG 
LI CONG 
LIU GUOPING";"SHENZHEN XIAOAIREN SOFTWARE CO LTD";"CN110503524A";"2019-08-23";"G06Q30/02 
G06Q30/06";"G06Q30/0283 (CN) 
G06Q30/0611 (CN) 
G06Q30/0635 (CN)";"2019-11-26";"2019-11-26";"068589426";
"878";"Rice production operation platform and operation method based on intelligent agricultural technology";"YE TING 
ZENG XINGQIN 
ZENG ZAOYAN 
ZENG CHIQIANG 
LI SHUHU";"GUANGZHOU SIMOU INFORMATION TECH CO LTD";"CN110490757A";"2019-08-31";"A01G22/22 
B64D1/02 
G06F16/27 
G06Q50/02 
H04L29/08";"A01G22/22 (CN) 
B64D1/02 (CN) 
G06F16/27 (CN) 
G06Q50/02 (CN) 
H04L67/12 (CN)";"2019-11-22";"2019-11-22";"068555943";
"879";"Novel B2B agricultural product transaction system";"LONG ZHENGFEI";"LONG ZHENGFEI";"CN110473060A 
CN110473060B";"2019-08-01";"G06Q10/06 
G06Q30/02 
G06Q30/06 
G06Q40/04 
G06Q50/02 
H04L29/08";"G06Q10/06395 (CN) 
G06Q30/0278 (CN) 
G06Q30/0603 (CN) 
G06Q30/0639 (CN) 
G06Q40/04 (CN) 
G06Q50/02 (CN) 
H04L67/55 (CN)";"2019-11-19 
2021-08-24";"2019-11-19";"068509478";
"880";"B2B-based agricultural product management system";"LONG ZHENGFEI";"LONG ZHENGFEI";"CN110458659A 
CN110458659B";"2019-08-01";"G06Q10/08 
G06Q20/10 
G06Q20/20 
G06Q20/22 
G06Q20/32 
G06Q20/34 
G06Q30/06 
G06Q50/02";"G06Q10/08355 (CN) 
G06Q20/102 (CN) 
G06Q20/20 (CN) 
G06Q20/22 (CN) 
G06Q20/3278 (CN) 
G06Q20/341 (CN) 
G06Q30/0635 (CN) 
G06Q50/02 (CN)";"2019-11-15 
2021-08-24";"2019-11-15";"068484569";
"881";"TRADABLE OPTIONS FOR A PRODUCT, A COMMODITY, A SERVICE, OR A SPECIFIED TAX RATE";"KRUPP MARK JOSEPH [US]";"KRUPP MARK JOSEPH [US]";"US2019347724A1";"2018-05-10";"G06Q40/00 
G06Q40/04";"G06Q20/102 (EP) 
G06Q20/207 (EP) 
G06Q40/04 (EP,US) 
G06Q40/10 (EP,US) 
G06Q20/20 (US)";"2019-11-14";"2019-11-14";"068464919";
"882";"Printing publishing distribution and licensure management systems and rooms for books and digital contents based on block chain technology";"LEE SUN KYO [KR]";"LEE SUN KYO [KR]";"KR20190127499A";"2018-05-05";"G06Q20/36 
G06Q50/10 
G06Q50/18";"G06Q20/3678 (KR) 
G06Q50/10 (KR) 
G06Q50/184 (KR)";"2019-11-13";"2019-11-13";"068534896";
"883";"Community intelligent fresh food convenience store operation method";"YUAN LIREN";"YUAN LIREN";"CN110443688A";"2019-08-20";"G06Q30/02 
G06Q30/06";"G06Q30/0207 (CN) 
G06Q30/0281 (CN) 
G06Q30/06 (CN)";"2019-11-12";"2019-11-12";"068436705";
"884";"Method for accurately collecting and tracing transaction data";"SUN HAIJIAN 
NIE WENTING";"INSPUR GROUP CO LTD";"CN110428269A";"2019-08-05";"G06Q20/08 
G06Q20/32 
G06Q30/00 
G06Q30/06";"G06Q20/0855 (CN) 
G06Q20/3276 (CN) 
G06Q30/018 (CN) 
G06Q30/0635 (CN)";"2019-11-08";"2019-11-08";"068414198";
"885";"Green channel vehicle checking method based on big data analysis, research and judgement";"WANG XIANYOU 
SUN MINGSHAN 
LI FENG 
YIN YANMIN 
JI ZHENDONG 
QI YANFANG 
QU ZHE 
ZHANG TING 
LU QIYE 
LI JINGZHAN 
SHI QIANG";"SHIJIAZHUANG HANBON TECH CO LTD 
HEBEI PROVINCE EXPRESSWAY SHIHUANG MAN OFFICE";"CN110415369A";"2019-07-26";"G06F16/903 
G06Q50/26 
G07B15/04";"G06F16/903 (CN) 
G06Q50/26 (CN) 
G07B15/04 (CN)";"2019-11-05";"2019-11-05";"068363325";
"886";"Multifunctional cleaning vehicle";"CHEN ZHILIN";"CHEN ZHILIN";"CN209568396U";"2018-09-08";"E01H1/00 
E01H1/10";"";"2019-11-01";"2019-11-01";"068319454";
"887";"System and Method of Managing a Cryptocurrency-Based Portfolio";"KIM DONNIE [CA]";"KIM DONNIE [CA]";"US2019333149A1";"2018-04-27";"G06Q20/06 
G06Q20/36 
G06Q20/38 
G06Q40/04";"G06Q20/06 (EP) 
G06Q20/0658 (US) 
G06Q20/3678 (US) 
G06Q20/381 (EP) 
G06Q20/389 (US) 
G06Q40/04 (EP,US) 
G06Q2220/00 (US)";"2019-10-31";"2019-10-31";"068292678";
"888";"Electric power spot market transaction command system and working method";"JIANG KEYI 
LIU DIAN'AN 
MA YUHUA 
YU FEI 
RAO WEINIAN 
LI JUN 
LIANG LIQUAN 
LIU HAITAO 
HU CONGCONG";"SHENZHEN SHENDIANNENG ELECTRIC SALE & SERVICE CO LTD";"CN110363452A";"2019-08-19";"G06Q10/06 
G06Q30/02 
G06Q40/04 
G06Q50/06";"G06Q10/0631 (CN) 
G06Q10/0637 (CN) 
G06Q10/06393 (CN) 
G06Q30/0283 (CN) 
G06Q40/04 (CN) 
G06Q50/06 (CN)";"2019-10-22";"2019-10-22";"068225160";
"889";"Complete S2B2C e-commerce platform based on an online mode";"WU PENG";"HUITONGDA NETWORK CO LTD";"CN110348961A";"2019-07-08";"G06Q10/08 
G06Q30/06";"G06Q10/083 (CN) 
G06Q30/0601 (CN) 
G06Q30/0609 (CN) 
G06Q30/0643 (CN)";"2019-10-18";"2019-10-18";"068177940";
"890";"Method and system for enabling entity merchant based on SAAS system";"ZHANG CHUNMEI";"HANGZHOU CHENGDIAN NETWORK TECH CO LTD";"CN110348941A";"2019-05-28";"G06Q10/08 
G06Q30/02 
G06Q30/06 
G06Q40/04";"G06Q10/083 (CN) 
G06Q30/0239 (CN) 
G06Q30/0635 (CN) 
G06Q30/0639 (CN) 
G06Q40/04 (CN)";"2019-10-18";"2019-10-18";"068174079";
"891";"Industrial internet system based on multiple languages and multiple levels";"XIAO YONGGANG 
LIU MING 
YAN YUQIANG";"WEIFANG BINHAI ZHONGYIHE SUPPLY CHAIN CO LTD";"CN110322314A";"2019-05-29";"G06F9/451 
G06Q30/06";"G06F9/454 (CN) 
G06Q30/0601 (CN)";"2019-10-11";"2019-10-11";"068119154";
"892";"Real-time voice intercom system based on vehicle-mounted equipment and intercom method thereof";"HUANG CHAONAN 
YANG JINGSONG 
XIA YINSHENG 
XIONG CHAO 
WANG XIAOJUAN 
CHENG YONGZHAO 
LUO JING 
TAO XIAOLONG";"ANHUI FUHUANG TECH CO LTD";"CN110324792A";"2019-07-12";"G08B3/10 
H04L29/06 
H04W4/10 
H04W4/16 
H04W4/48";"G08B3/1025 (CN) 
H04L65/1045 (CN) 
H04L65/1066 (CN) 
H04L65/1104 (CN) 
H04L65/611 (CN) 
H04W4/10 (CN) 
H04W4/16 (CN) 
H04W4/48 (CN)";"2019-10-11";"2019-10-11";"068123339";
"893";"Medicine selling method based on cloud computing and big data";"XU ZHIYING";"XU ZHIYING";"CN110322331A";"2019-07-18";"G06Q30/06";"G06Q30/0601 (CN) 
G06Q30/0605 (CN) 
G06Q30/0621 (CN)";"2019-10-11";"2019-10-11";"068123954";
"894";"Agricultural Products Online Auction Transaction Platform and Online Auction Transaction Method using it";"CHOI SEUNG YEOL [KR]";"CHOI SEUNG YEOL [KR]";"KR102140334B1 
KR20190111215A";"2018-03-22";"G06Q30/06 
G06Q30/08";"G06Q30/0619 (KR) 
G06Q30/0635 (KR) 
G06Q30/08 (KR)";"2019-10-02 
2020-07-31";"2019-10-02";"068423023";
"895";"Commodity information updating method and system for e-commerce platform and storage medium";"HE JIANMIN 
ZHANG MIAOMIAO 
ZHANG HONG 
JIA YAN 
WU QICHAO";"UNIV HEFEI TECHNOLOGY";"CN110298726A 
CN110298726B";"2019-05-28";"G06Q30/06";"G06Q30/0601 (CN) 
G06Q30/0611 (CN) 
G06Q30/0621 (CN)";"2019-10-01 
2022-07-08";"2019-10-01";"068027192";
"896";"Rare metal B2B2C electronic financing cloud platform";"WANG XIA";"WANG XIA";"CN110298634A";"2019-07-01";"G06Q10/10 
G06Q40/06";"G06Q10/103 (CN) 
G06Q40/06 (CN)";"2019-10-01";"2019-10-01";"068029674";
"897";"B2B METHOD FOR PROVIDING INTEGRATED UNIFORM ORDERING SERVICE FROM VARIETY OF FRANCHISING MARKET BASED ON B2B E-MARKETPLACE";"KIM SUNG WON";"SUNGWON ISM CO LTD [KR]";"KR101987625B1";"2018-05-25";"G06Q30/06";"G06Q30/0617 (KR) 
G06Q30/0633 (KR)";"2019-09-30";"2019-09-30";"068098408";
"898";"Store pushing and price changing module, convenient cabinet selling system and use method";"CHEN GENFA";"SHANGHAI JIWANG IND CO LTD";"CN110288432A";"2019-06-11";"G06Q20/12 
G06Q30/06";"G06Q20/12 (CN) 
G06Q30/0601 (CN) 
G06Q30/0641 (CN)";"2019-09-27";"2019-09-27";"068003624";
"899";"Order management and B2B e-commerce platform based on Oracle ERP";"SI ZHONGMING 
QIN XIAOYI";"JIANGSU IOT RES DEVELOPMENT CENTER";"CN110276667A";"2019-06-28";"G06F16/25 
G06Q30/06 
H04L29/06 
H04L29/08";"G06F16/252 (CN) 
G06Q30/0635 (CN) 
H04L63/0428 (CN) 
H04L63/166 (CN) 
H04L67/025 (CN) 
H04L67/1095 (CN) 
H04L67/565 (CN) 
H04L67/568 (CN)";"2019-09-24";"2019-09-24";"067963720";
"900";"Smart transaction system based on SAAS platform";"CAO HUI 
LI LEI 
WANG HUIFENG 
JIAO CAN 
ZHOU BAOWEN";"ANHUI BENBEN TECH CO LTD";"CN110232625A";"2019-07-29";"G06Q10/06 
G06Q10/08 
G06Q30/06 
G06Q40/04";"G06Q10/06315 (CN) 
G06Q10/087 (CN) 
G06Q30/0601 (CN) 
G06Q30/0605 (CN) 
G06Q40/04 (CN)";"2019-09-13";"2019-09-13";"067859181";
"901";"Intelligent supply chain service integrated management platform system";"ZENG ZHI 
LIU YINGJUN";"SHENZHEN AILEI MENGDE IND INTERNET CO LTD";"CN110222939A";"2019-05-10";"G06Q10/06 
G06Q10/08";"G06Q10/0633 (CN) 
G06Q10/087 (CN)";"2019-09-10";"2019-09-10";"067820602";
"902";"Online fabric supplier qualification standard scoring method based on UGC information mining";"ZHOU JUNYAN 
XUE WENLIANG 
DING YI 
LIU YUNYING 
QIAN JINGFANG";"UNIV NATIONAL DONG HWA";"CN110222965A";"2019-05-28";"G06Q10/06 
G06Q30/02";"G06Q10/06393 (CN) 
G06Q30/0201 (CN)";"2019-09-10";"2019-09-10";"067818616";
"903";"B2B e-commerce transaction platform";"HUANG MINGHU";"MINGHU HUIZHOU NETWORK TECH CO LTD";"CN110210728A";"2019-05-16";"G06Q10/06 
G06Q30/06 
G06Q30/08";"G06Q10/0631 (CN) 
G06Q30/0601 (CN) 
G06Q30/0613 (CN) 
G06Q30/0635 (CN) 
G06Q30/08 (CN)";"2019-09-06";"2019-09-06";"067787319";
"904";"Commodity information processing method and device for B2B platform";"LI HAIYAN 
WEI HUA 
WANG DONGJIE";"SHUMAO TECH BEIJING CO LTD";"CN110210876A";"2019-05-28";"G06Q30/00 
G06Q30/06";"G06Q30/018 (CN) 
G06Q30/0605 (CN) 
G06Q30/0609 (CN)";"2019-09-06";"2019-09-06";"067789128";
"905";"COLLABORATIVE REAL ESTATE INVESTING SYSTEM AND METHODOLOGY";"HILL DIANA [US] 
ALBIN STEVEN [US] 
GALLIFORD GAYLENE [US]";"NEWPORT EXCHANGE HOLDINGS INC [US]";"US2019266672A1";"2018-02-28";"G06Q30/02 
G06Q40/04 
G06Q40/06 
G06Q50/16";"G06F16/24578 (US) 
G06Q30/0283 (EP,US) 
G06Q40/04 (EP,US) 
G06Q40/06 (EP,US) 
G06Q50/16 (EP,US)";"2019-08-29";"2019-08-28";"067685154";
"906";"Warehouse cargo management device for wholesale trade";"XIAO KUN";"GUANGZHOU BAILINGRUI TRADING CO LTD";"CN110155699A";"2018-03-02";"B65G41/00 
B65G47/90";"B65G41/02 (CN) 
B65G47/90 (CN)";"2019-08-23";"2019-08-23";"067635601";
"907";"Special equipment for wholesale of goods products";"XIAO KUN";"GUANGZHOU BAILINGRUI TRADING CO LTD";"CN110155917A";"2018-03-02";"B66F11/04";"B66F11/04 (CN)";"2019-08-23";"2019-08-23";"067635821";
"908";"Efficient supply and demand processing system";"YANG MAOLIN";"YANG MAOLIN";"CN110163727A";"2019-05-28";"G06Q30/06 
G06Q50/02";"G06Q30/0605 (CN) 
G06Q30/0635 (CN) 
G06Q50/02 (CN)";"2019-08-23";"2019-08-23";"067629793";
"909";"MARKET RESPONSE RELIABILITY MANAGEMENT DEVICE, ITS METHOD, AND MARKET MANAGEMENT SYSTEM";"KATO DAICHI 
OMI SHOTA 
YAMAZAKI JUN 
TAKEISHI MASARU";"HITACHI LTD";"JP2019139527A 
JP6886414B2";"2018-02-09";"G06Q50/06 
H02J3/00";"";"2019-08-22 
2021-06-16";"2019-08-22";"067694051";
"910";"Intelligent firework production, sale, transportation, and storage industrial chain monitoring system and method based on digital technology";"TANG LIANG 
TANG YOUMING";"LIUYANG HENGXIN FIREWORKS MFG CO LTD";"CN110149416A 
CN110149416B";"2019-06-28";"G06Q10/08 
H04L29/08 
F42B4/30 
G08B19/00 
H04N7/18 
H04W4/029 
G06Q10/0833 
G06Q10/087 
H04L67/12";"F42B4/30 (CN) 
G06Q10/0833 (CN) 
G06Q10/087 (CN) 
G08B19/00 (CN) 
H04L67/12 (CN) 
H04N7/18 (CN) 
H04W4/029 (CN)";"2019-08-20 
2023-08-01";"2019-08-20";"067596988";
"911";"Resource configuration method and system";"WANG WEI";"SHAANXI AISHANG IOT TECH CO LTD";"CN110147915A";"2018-02-11";"G06Q10/06 
H04L29/08";"G06Q10/0631 (CN) 
H04L67/51 (CN)";"2019-08-20";"2019-08-20";"067589137";
"912";"Global seafood B2B e-commerce platform";"WANG HUI";"HAITIANXIA NETWORK TECH CO LTD";"CN110134726A";"2018-02-09";"G06F16/2455 
G06F16/25 
G06F16/953 
G06F16/958 
G06Q10/08 
G06Q30/06";"G06F16/24552 (CN) 
G06F16/252 (CN) 
G06F16/951 (CN) 
G06F16/958 (CN) 
G06Q10/083 (CN) 
G06Q30/0601 (CN) 
G06Q30/0635 (CN)";"2019-08-16";"2019-08-16";"067567736";
"913";"Virtual simulation real training platform for business studies";"CHEN JING";"JIANGSU MARITIME INST";"CN110136523A";"2019-05-09";"G06Q50/20 
G09B7/00 
G09B9/00";"G06Q50/20 (CN) 
G09B7/00 (CN) 
G09B9/00 (CN)";"2019-08-16";"2019-08-16";"067577051";
"914";"Product code scanning retrieval method and system based on B2B e-commerce platform";"WENG JUNHONG 
WENG QIUCHANG";"GUANGZHOU REDPONY WINE & SPIRITS TECH CO LTD";"CN110084673A";"2019-04-23";"G06K17/00 
G06K7/14 
G06Q30/06";"G06K17/0022 (CN) 
G06K7/1417 (CN) 
G06Q30/0625 (CN)";"2019-08-02";"2019-08-02";"067416315";
"915";"Agricultural product detection task allocation method and platform";"LI QIAN 
NING SHANGGUO 
LI DENGLIANG";"ZRD INSTRUMENT TECH NANTONG CO LTD";"CN110084523A 
CN110084523B";"2019-05-01";"G06Q10/06 
G06Q50/02 
G06Q10/0631";"G06Q10/0631 (CN) 
G06Q10/06316 (CN) 
G06Q50/02 (CN)";"2019-08-02 
2024-01-19";"2019-08-02";"067418419";
"916";"Data Security System";"CHAZAN MARK MERVYN [AU]";"EFTSURE PTY LTD [AU]";"US20260057092A1";"2018-01-23";"G06F21/62";"G06F16/213 (US) 
G06F21/6218 (US) 
G06Q10/10 (EP,US) 
G06Q10/103 (EP) 
G06Q10/20 (US) 
G06Q30/016 (US) 
G06Q30/0185 (US) 
G06Q30/02 (EP) 
G06Q30/0201 (US) 
G06Q30/0282 (US) 
G06Q30/06 (EP) 
G06Q30/0605 (AU,US) 
G06Q30/0609 (EP,AU,US) 
G06Q30/0611 (AU) 
G06Q30/0631 (EP) 
G06Q40/02 (US) 
G06Q40/12 (US)";"2026-02-26";"2019-08-01";"067395142";
"917";"Offline-to-online-based wholesale operation management system";"LI JUNMIAN 
ZHOU HUSHUN";"LI JUNMIAN 
ZHOU HUSHUN";"CN110060123A";"2019-04-01";"G06Q30/06";"G06Q30/0601 (CN) 
G06Q30/0635 (CN)";"2019-07-26";"2019-07-26";"067318090";
"918";"Commercial method for ordering and processing agricultural products and agricultural and sideline products by customers";"LI JUN";"LI JUN";"CN110046947A";"2018-01-15";"G06Q30/06 
G06Q50/02";"G06Q30/0621 (CN) 
G06Q30/0635 (CN) 
G06Q50/02 (CN)";"2019-07-23";"2019-07-23";"067272770";
"919";"A DIGITAL PLATFORM THAT ENABLES THE MEETING OF TEXTILE MANUFACTURERS AND WHOLESALE BUYERS AND INCREASES THE BUSINESS VOLUME OF THE INDUSTRY";"DURMAZ SIBEL [TR]";"TEKSGO INTERNET HIZMETLERI VE DANISMANLIGI TICARET LTD SIRKETI [TR]";"WO2021010914A1";"2019-07-18";"G06Q30/00";"G06Q30/0601 (EP) 
G06Q30/08 (EP)";"2021-01-21";"2019-07-22";"067900799";
"920";"ELECTRONIC CERTIFICATE SWAP METHOD AND SYSTEM";"ASLAN MEMDUH [TR]";"ASLAN MEMDUH [TR]";"US2022253928A1";"2019-05-22";"G06Q20/38 
G06Q20/40 
G06Q30/06 
G06Q30/08";"G06Q20/00 (EP) 
G06Q20/10 (EP) 
G06Q20/3821 (EP,US) 
G06Q20/4014 (US) 
G06Q30/0613 (EP,US) 
G06Q30/08 (EP,US) 
G06Q50/18 (EP)";"2022-08-11";"2019-07-22";"067901503";
"921";"International logistics online invoicing method";"MA ZHEN 
WU GE";"TIANJIN EZSHIPPING INFORMATION TECH CO LTD";"CN110033334A";"2018-08-02";"G06Q10/08 
G06Q20/30 
G06Q30/04 
G06Q30/06";"G06Q10/083 (CN) 
G06Q20/30 (CN) 
G06Q30/04 (CN) 
G06Q30/0635 (CN)";"2019-07-19";"2019-07-19";"067234642";
"922";"International logistics online payment method";"MA ZHEN 
WU GE";"TIANJIN EZSHIPPING INFORMATION TECH CO LTD";"CN110033248A";"2018-08-02";"G06Q20/02 
G06Q20/10 
G06Q20/12";"G06Q20/02 (CN) 
G06Q20/10 (CN) 
G06Q20/12 (CN)";"2019-07-19";"2019-07-19";"067234641";
"923";"Textile industry enterprise credit risk assessment method and system";"QIAN MIN 
LYU YA";"SUZHOU QIANLIAN ELECTRONIC COMMERCE CO LTD";"CN110020796A";"2019-03-26";"G06Q10/06";"G06Q10/0635 (CN) 
G06Q10/06393 (CN) 
G06Q10/067 (CN)";"2019-07-16";"2019-07-16";"067190017";
"924";"MAP BASED VISUALIZATION OF USER INTERACTION DATA";"MAUGANS III HARRY RUSSELL [US] 
CARRELL CODY ALAN [US]";"CLICKAGY LLC [US]";"US2019213612A1";"2015-06-09";"G06F16/29 
G06N20/00 
G06Q20/20 
G06Q30/02";"G06F16/29 (EP,US) 
G06F16/9537 (EP,US) 
G06N20/00 (US) 
G06Q20/20 (US) 
G06Q30/0203 (EP,US)";"2019-07-11";"2019-07-11";"067140962";
"925";"Method for order management computer program for executing the method and ordering system";"ROH CHANG HYUN";"WISEFASHION INC [KR]";"KR20190081935A";"2017-12-29";"G06Q30/06";"G06Q30/0605 (KR) 
G06Q30/0633 (KR)";"2019-07-09";"2019-07-09";"067261417";
"926";"Ordered product information processing method and device";"ZHOU XINRONG";"ALIBABA GROUP HOLDING LTD";"CN109992191A 
CN109992191B";"2017-12-29";"G06F3/0488 
G06Q10/08 
G06Q30/06";"G06F3/0488 (CN) 
G06Q10/087 (CN) 
G06Q30/0633 (CN) 
G06Q30/0641 (CN)";"2019-07-09 
2022-06-21";"2019-07-09";"067110022";
"927";"Operator traffic wholesale method and system";"WANG BIAO 
REN YAN";"NANCHANG HONGWEI ENTERPRISE MAN CO LTD";"CN109978641A";"2017-12-28";"G06Q30/06 
H04W8/18 
H04W8/20";"G06Q30/0621 (CN) 
H04W8/18 (CN) 
H04W8/20 (CN)";"2019-07-05";"2019-07-05";"067071248";
"928";"Online transaction account system and online transaction method based on B2B platform";"ZHANG YONGQIANG 
CHEN MALIANG";"NANTONG CO OP TEXTILE TRANSACTION MARKET CO LTD";"CN109978521A 
CN109978521B";"2019-03-18";"G06Q20/10 
G06Q20/40";"G06Q20/10 (CN) 
G06Q20/108 (CN) 
G06Q20/401 (CN) 
Y02D10/00 (EP)";"2019-07-05 
2023-07-04";"2019-07-05";"067079367";
"929";"Wholesale and retail medical infusion support";"LIU JING";"JINING HAILUO ELECTRONIC COMMERCE CO LTD";"CN109954184A";"2017-12-25";"A61M5/14 
A61M5/44";"A61M5/1415 (CN) 
A61M5/1417 (CN) 
A61M5/445 (CN) 
A61M2005/1401 (CN)";"2019-07-02";"2019-07-02";"067020388";
"930";"An electronic product B2B transaction platform and a use method";"";"LINGXIAN WEILAI TECH GROUP CO LTD";"CN109949130A";"2019-03-14";"G06Q20/08 
G06Q30/06 
G06Q30/08";"";"2019-06-28";"2019-06-28";"067009826";
"931";"Eleutheria (Freedom), Digital Cryptocurrency for Virtual Electricity Trading Platform";"KIM TAESUNG [US]";"KIM TAESUNG [US]";"US2019197635A1";"2017-12-22";"G06Q20/06 
G06Q40/04 
G06Q50/06";"G06Q20/06 (EP) 
G06Q20/065 (US) 
G06Q20/308 (EP) 
G06Q20/381 (EP) 
G06Q40/04 (EP,US) 
G06Q50/06 (EP,US) 
G07F15/003 (EP) 
G07F15/008 (EP) 
G06Q2220/00 (EP,US)";"2019-06-27";"2019-06-27";"066950489";
"932";"SERVER FOR STORE MANAGEMENT HAVING ADVANCED ONLINE ORDER SYSTEM";"GWAK SU HWAN [KR] 
KWAK GEUN KYU";"KWAK GEUN KYU [KR]";"KR20190063516A";"2017-11-30";"G06Q10/06 
G06Q30/06";"G06Q10/067 (KR) 
G06Q30/0635 (KR)";"2019-06-10";"2019-06-10";"066848483";
"933";"Random multi-code authentication traceability anti-counterfeiting method";"WANG XUNLIANG";"SHANXI BAILUN INFORMATION TECH CO LTD";"CN109858920A";"2017-11-29";"G06K17/00 
G06Q30/00";"";"2019-06-07";"2019-06-07";"066887538";
"934";"A product quality tracing management system";"YAN XIAODAN 
ZHANG JIWEI";"BEIJING ANDAYOU TECH CO LTD";"CN109816400A";"2019-01-11";"G06K7/10 
G06Q30/00";"";"2019-05-28";"2019-05-28";"066603406";
"935";"Adjustable load decision-making method and system for electricity seller";"LI DEZHI 
SHI KUN 
CHEN SONGSONG 
DONG MINGYU 
BU FANPENG 
PAN MINGMING 
LANGYIZIHE 
GAO CIWEI 
LI YANG 
NIU GANG 
ZHOU MEI";"CHINA ELECTRIC POWER RES INST CO LTD 
STATE GRID CORP CHINA 
STATE GRID NINGXIA ELECTRIC POWER COMPANY ELECTRIC POWER RES INSTITUTE 
UNIV SOUTHEAST";"CN109784594A 
CN109784594B";"2017-11-10";"G06Q10/06 
G06Q30/02 
G06Q50/06 
G06Q10/0635 
G06Q30/0283";"";"2019-05-21 
2024-01-19";"2019-05-21";"066484391";
"936";"A fresh grape supply chain quality safety tracing method and system";"MU WEISONG 
LI YUE 
CHU XIAOQUAN 
GONG SHAOQI 
FENG JIANYING 
TIAN DONG";"UNIV CHINA AGRICULTURAL";"CN109784935A 
CN109784935B";"2018-12-04";"G06K17/00 
G06Q30/00 
G06Q50/02";"";"2019-05-21 
2021-07-06";"2019-05-21";"066496684";
"937";"A medicine selling system based on cloud computing and big data";"ZHAO LINDU 
WANG MIN 
SUN SHENGNAN 
XUE WEILI";"UNIV SOUTHEAST";"CN109767157A 
CN109767157B";"2018-12-19";"G06Q10/08 
G06Q30/02 
G06F16/2458 
G06Q10/083 
G06Q10/087 
G06Q30/0202";"Y02P90/30 (EP)";"2019-05-17 
2023-07-28";"2019-05-17";"066451378";
"938";"Processing machine remote control method, device and system based on cloud platform";"ZENG PENGCHENG 
CHEN XIN 
XU QIFENG";"SHENZHEN UPCERA BIOLOGICAL MAT CO LTD";"CN109753012A 
CN109753012B";"2017-11-02";"G05B19/05";"";"2019-05-14 
2021-10-19";"2019-05-14";"066397894";
"939";"Membership system chain supermarket system";"LUO YONG";"JIANGMEN BIANLIDUO TECH CO LTD";"CN109754138A";"2017-11-06";"G06Q10/06 
G06Q30/06";"";"2019-05-14";"2019-05-14";"066400806";
"940";"An intelligent tourism big data platform";"LIANG KAI";"HENAN HUAJING LEYOU ELECTRONIC TECH CO LTD";"CN109739842A";"2018-12-18";"G06F16/215 
G06F16/25 
G06F16/26 
G06Q50/14";"";"2019-05-10";"2019-05-10";"066360499";
"941";"A method for opening a store";"QIN DEYU";"QIN DEYU";"CN109741130A";"2018-12-24";"G06Q30/06";"";"2019-05-10";"2019-05-10";"066359622";
"942";"An agricultural product quality supervision traceability system based on a block chain";"JIA SHIJIAN";"GUIZHOU QIANHAO AGRICULTURAL TECH DEVELOPMENT CO LTD";"CN109741081A";"2019-02-27";"B01D46/10 
B08B17/02 
B08B5/04 
F16M13/02 
G06Q30/00 
G06Q50/02 
H04N5/225 
H04N7/18";"";"2019-05-10";"2019-05-10";"066368525";
"943";"SYSTEM AND METHOD FOR IMPLEMENTING AN INTEGRATED B2B DIGITAL MOBILE CUSTOMER EXPERIENCE";"DEEGALLA KRISHAN [AU] 
RAMACHANDRAN GIRI [AU]";"DEEGALLA KRISHAN [AU] 
RAMACHANDRAN GIRI [AU]";"US2019138994A1";"2017-09-27";"G06Q10/10";"G06Q10/103 (EP,US) 
H04L67/12 (EP,US) 
H04W88/02 (US)";"2019-05-09";"2019-05-09";"066328758";
"944";"An intelligent agricultural big data service platform";"SONG SHUHUA 
HE XIAOJUN 
LI BIN 
WANG XIA 
CHEN LING";"JIANGSU ZHITU TECH CO LTD 
SONG SHUHUA";"CN109726848A";"2018-11-20";"G06K17/00 
G06Q10/04 
G06Q10/06 
G06Q30/00 
G06Q40/00 
G06Q50/02 
G06Q50/26";"";"2019-05-07";"2019-05-07";"066294636";
"945";"A city-wide commodity information sharing system";"ZOU JUNWEI";"ZOU JUNWEI";"CN109727063A";"2018-12-14";"G06Q30/02 
G06Q30/06";"";"2019-05-07";"2019-05-07";"066296313";
"946";"A middleware engine frame system applicable to an e-commerce B2B transaction platform";"SHI JUN";"ANHUI TONGHUI INFORMATION TECH CO LTD";"CN109710228A 
CN109710228B";"2018-11-09";"G06F8/20 
G06F8/30 
G06Q30/06";"";"2019-05-03 
2022-05-31";"2019-05-03";"066254891";
"947";"A commodity supply method and a commodity supply platform suitable for modern e-commerce";"ZHOU YUNXIAN";"ZHUHAI HENGQIN BRINGBUYS NETWORK TECH CO LTD";"CN109711938A";"2018-12-26";"G06Q30/06";"";"2019-05-03";"2019-05-03";"066257733";
"948";"A cyclic sales method and system for renewable resources";"ZHANG XUELI";"ZHANG XUELI";"CN109711494A";"2018-12-24";"G06K17/00 
G06Q30/00";"";"2019-05-03";"2019-05-03";"066257365";
"949";"Electronic commerce business start teaching management system";"WU WEIBIN";"GUANGZHOU SANHUA INFORMATION TECH CO LTD";"CN109686151A";"2018-11-19";"G06Q50/20 
G09B5/08";"G06Q50/205 (CN) 
G09B5/08 (CN)";"2019-04-26";"2019-04-26";"066185366";
"950";"Security information platform for intelligent detection and maintenance equipment";"LIANG WENQING";"HEBEI GOLDEN LOCK SAFETY ENG CO LTD";"CN109686065A";"2019-02-14";"G06Q10/00 
G06Q40/08 
G06Q50/26 
G08B25/00";"G06Q10/20 (CN) 
G06Q40/08 (CN) 
G06Q50/265 (CN) 
G08B25/00 (CN) 
G08B25/006 (CN)";"2019-04-26";"2019-04-26";"066195795";
"951";"A marine product offshore B2B transaction platform and transaction method based on an order mode";"HE MING 
LIU BAOLU";"GUANGZHOU ZHOUZHIYI ELECTRONIC TECH CO LTD";"CN109670915A";"2018-12-18";"G06Q30/06 
G06Q40/04";"G06Q30/0605 (CN) 
G06Q40/04 (CN)";"2019-04-23";"2019-04-23";"066144573";
"952";"Business-to-business supply chain integration system platform without relaying on layers of traders and capable of enhancing the efficiency";"WANG QIAN-WEN [TW]";"ALL ACCOMPLISHMENT INT CORP [TW]";"TW201915852A";"2017-10-13";"G06Q10/00 
G06Q10/08 
G06Q50/28";"";"2019-04-16";"2019-04-16";"066992304";
"953";"The invention discloses an iIntelligent farm trade marketizationproduct marketization management platform";"SUN HONGPING 
SUN WANCHANG 
LIU DONGMEI 
WEI WEI";"HEFEI JINYUTANG CULTURE MEDIA CO LTD";"CN109615438A";"2018-12-19";"G06Q30/02 
G06Q30/06";"G06Q30/02 (CN) 
G06Q30/0601 (CN)";"2019-04-12";"2019-04-12";"066009812";
"954";"Material conveyer of wholesale usefulness";"LU ZHONGHUA";"HANGZHOU TAIRUYUAN TECH CO LTD";"CN208731014U";"2018-08-17";"B62B3/00 
B62B5/00";"";"2019-04-12";"2019-04-12";"066031259";
"955";"Industrial management platform and an industrial management method";"ZOU WEIHUA";"ZOU WEIHUA";"CN109615294A";"2018-08-13";"G06Q10/08";"G06Q10/083 (CN)";"2019-04-12";"2019-04-12";"066007878";
"956";"Balance system is traceed back to intelligence electron";"DENG QINGPING";"SUZHOU YOUHUA INTELLIGENT TECH CO LTD";"CN208737535U";"2018-09-12";"G06F21/32 
G06K17/00 
G06Q30/00 
G07G1/00 
G07G1/12 
G07G5/00";"";"2019-04-12";"2019-04-12";"066033429";
"957";"INDIVIDUALLY CUSTOMIZED ALLERGY CREAM FOR INDIVIDUAL PATIENT PROFILE";"STRADER JAMES [US] 
PULITZER JOVAN [US]";"ROCA MEDICAL LTD [GB]";"WO2019069114A1";"2017-10-07";"A61K39/35 
G16H20/10";"A61K39/35 (EP) 
G16H20/10 (EP) 
A61K2039/577 (EP) 
A61K2121/00 (EP) 
A61K9/0014 (EP)";"2019-04-11";"2019-04-11";"061163733";
"958";"Multi-system navigation signal processing platform in centralized distribution";"YANG WENJIN 
YU BAOGUO 
ZHENG XIAODONG 
ZHAO SHENG 
WEI LIANG 
ZHANG ZHIXIN 
YANG LIYUN";"54TH RES INST CHINA ELECTRONICS TECH GROUP CORP";"CN109581440A";"2018-12-18";"G01S19/25 
G01S19/29 
G01S19/37";"G01S19/258 (CN) 
G01S19/29 (CN) 
G01S19/37 (CN)";"2019-04-05";"2019-04-05";"065930583";
"959";"An SDM-based product full-life-cycle cooperative system";"YANG LINGYUN 
WEN JIE 
HOU WEI 
DENG SHENGXIONG 
WANG FEIFEI";"GUIZHOU CLOUD BIG DATA IND DEVELOPMENT CO LTD";"CN109583646A 
CN109583646B";"2018-11-29";"G06Q10/04 
G06Q10/06 
G06Q30/02";"G06Q10/04 (CN) 
G06Q10/06315 (CN) 
G06Q30/0201 (CN)";"2019-04-05 
2020-09-01";"2019-04-05";"065925682";
"960";"Cavity filter tuner of telescopic batch of first subassembly and applied this subassembly";"LI YANXUE";"SHENZHEN XINGHE INTELLIGENT TECH CO LTD";"CN208706824U";"2018-08-07";"H01P1/207";"";"2019-04-05";"2019-04-05";"065941629";
"961";"A method and a system for realizing online wholesale";"WANG YEREN 
MENG FAN 
ZHONG LIQING 
SHENG YAWEN 
LIU ZHIMIN 
CHEN JIAN 
SHEN ZHIQIANG 
LI CONG 
LI HONG'EN 
TANG XING 
DENG FEI 
XU HUI 
YUN YANHUI 
TAO SHIHAO 
LI XIAOJIE";"SHENZHEN FORWOR TECH CO LTD";"CN109544289A 
CN109544289B";"2018-11-15";"G06K17/00 
G06Q10/02 
G06Q10/08 
G06Q30/06";"G06K17/0029 (CN) 
G06Q10/02 (CN) 
G06Q10/087 (CN) 
G06Q30/0601 (CN) 
G06Q30/0611 (CN) 
G06Q30/0631 (CN) 
G06Q30/0643 (CN)";"2019-03-29 
2020-12-18";"2019-03-29";"065847611";
"962";"Automatic dispensing method, electronic device and storage medium";"MA XU 
KONG XIANGKAI";"GUANGZHOU KP INFORMATION TECH CO LTD";"CN109544056A";"2018-10-12";"G06Q10/08";"G06Q10/0875 (CN)";"2019-03-29";"2019-03-29";"065844067";
"963";"Automatic replenishment method, electronic device and storage medium";"MA XU 
CHEN WEI";"GUANGZHOU KP INFORMATION TECH CO LTD";"CN109544057A";"2018-10-12";"G06Q10/06 
G06Q10/08";"G06Q10/06315 (CN) 
G06Q10/0875 (CN)";"2019-03-29";"2019-03-29";"065843826";
"964";"SYSTEMS AND METHODS FOR OPERATING EXCHANGE CONTROLLED NETWORK HANDLING DIGITIZED ASSET BACKED MEDIUMS OF EXCHANGE";"ROHLFS MICHAEL B [US]";"DEARBORN FINANCIAL INC [US]";"US2019095995A1";"2017-12-13";"G06Q20/06 
G06Q20/38 
G06Q40/04";"G06Q20/065 (CN,US) 
G06Q20/36 (EP,US) 
G06Q20/367 (CN) 
G06Q20/3825 (US) 
G06Q20/3829 (CN,US) 
G06Q20/389 (US) 
G06Q20/4014 (CN) 
G06Q20/405 (EP,US) 
G06Q40/04 (EP,CN,US) 
H04L63/0428 (CN) 
H04L63/0807 (CN) 
G06Q2220/00 (EP,US)";"2019-03-28";"2019-03-28";"065806766";
"965";"T -2 toxin quick quantitative detection system in food or fodder";"WU JUNQING 
ZHANG JIAN 
WU GUANYING 
WANG ZEZHOU 
LI MINGWEI";"CHENGDU WELLRAY BIO TECH CO LTD";"CN208654173U";"2017-11-01";"G01N33/68";"";"2019-03-26";"2019-03-26";"065770016";
"966";"A method and system for concurrently operate wholesale and retail business";"MAO RUOJIANG";"CHANGSHA XISHANG NETWORK TECH CO LTD";"CN109509059A";"2018-10-25";"G06Q30/06";"G06Q30/0601 (CN)";"2019-03-22";"2019-03-22";"065745973";
"967";"POWER TRANSACTION SUPPORT DEVICE AND POWER TRANSACTION SUPPORT METHOD";"YAMAGUCHI NAOYA";"UNIV KYUSHU";"JP2019046467A 
JP7101403B2";"2017-08-29";"G06Q10/04 
G06Q30/08 
G06Q50/06";"";"2019-03-22 
2022-07-15";"2019-03-22";"065814481";
"968";"Entity economy and Internet combined business platform";"DIAO XINGYAO";"DIAO XINGYAO";"CN109493140A";"2018-11-09";"G06Q30/02 
G06Q30/06";"G06Q30/0207 (CN) 
G06Q30/0222 (CN) 
G06Q30/0601 (CN)";"2019-03-19";"2019-03-19";"065694226";
"969";"A method and system for managing an online wholesale market and an operator";"SHENG YAWEN 
ZHONG LIQING 
CHEN JIAN 
YUN YANHUI";"SHENZHEN FORWOR TECH CO LTD";"CN109472557A";"2018-11-15";"G06Q10/10 
G06Q30/06";"G06Q10/103 (CN) 
G06Q30/0635 (CN)";"2019-03-15";"2019-03-15";"065673594";
"970";"Automatic beat screw device";"WANG CHENCHEN 
ZHANG PENG 
YE ZENGLIN 
TONG ZHEN 
ZHANG JIE";"ANHUI HISEED ROBOT CO LTD";"CN208601003U";"2018-04-03";"B23P19/06";"";"2019-03-15";"2019-03-15";"065660308";
"971";"Industrial standardization activity management method, apparatus and system";"HOU ZHAODONG 
HOU HAOWEI 
HOU FENGHONG";"BEIJING YANHUANG MEDICAL TECH CO LTD";"CN109460866A 
CN109460866B";"2018-11-01";"G06Q10/04 
G06Q10/06 
G06Q50/26";"G06Q10/04 (CN) 
G06Q10/06315 (CN) 
G06Q10/0637 (CN) 
G06Q50/26 (CN)";"2019-03-12 
2022-03-18";"2019-03-12";"065609319";
"972";"Enterprise Business and Communication system Using Cloud-Computing";"NA HEE JOUNG [KR]";"JEFEKO [KR]";"KR20190025802A";"2017-09-02";"G06Q10/10 
G06Q20/38 
G06Q30/06";"G06Q10/10 (KR) 
G06Q20/382 (KR) 
G06Q30/0635 (KR)";"2019-03-12";"2019-03-12";"065800136";
"973";"Electronic Commerce System of Animal Products and Method thereof";"CHO KYU YONG";"TAEWOO GREEN FOOD [KR]";"KR102269331B1 
KR20190025528A";"2017-09-01";"G06Q30/06 
G06Q50/02 
H04N7/18";"G06Q30/0619 (KR) 
G06Q50/02 (KR) 
H04N7/18 (KR)";"2019-03-11 
2021-06-28";"2019-03-11";"065758547";
"974";"An animal product information tracing method based on an animal product market access management system";"LIU HUIYONG 
ZHANG BING 
MAO JIANHUI 
WANG JUNMIN";"LIU HUIYONG";"CN109447657A";"2018-08-31";"G06K17/00 
G06Q30/00";"G06K17/0029 (CN) 
G06Q30/0185 (CN)";"2019-03-08";"2019-03-08";"065530778";
"975";"sns b2c export platform which is used with facebook";"KIM WAN SEOK [KR]";"KIM WAN SEOK [KR]";"KR20190024000A";"2017-08-30";"G06Q10/06 
G06Q10/08";"G06Q10/067 (KR) 
G06Q10/08 (KR) 
G06Q10/40 (KR) 
G06Q30/0601 (KR)";"2019-03-08";"2019-03-08";"065800438";
"976";"ELECTRONIC SELLING DOCUMENT MANAGEMENT SYSTEM FOR AUCTION OF AGRICULTURAL AND MARINE PRODUCTS AND METHOD THEREOF";"KIM JI HOON [KR]";"KIM JI HOON [KR]";"KR20190021633A";"2017-08-23";"G06Q30/08 
G06Q50/02";"G06Q30/08 (KR) 
G06Q50/02 (KR)";"2019-03-06";"2019-03-06";"065761099";
"977";"Unloader of electronic product wholesale usefulness";"CHEN PING 
LIU LU 
YING WANMING 
WANG XUQUAN 
WANG YULONG 
WANG ZHIHUA";"MAANSHAN YOUSHENGHUO NETWORK CULTURE TECH CO LTD";"CN208560832U";"2018-06-23";"B65G47/74";"";"2019-03-01";"2019-03-01";"065488300";
"978";"Storage management device of B2B transaction platform";"HAN RUI";"CHAYOU QIANQI DUOMENGDE TRANSP CO LTD";"CN208531520U";"2018-07-12";"B65G43/00";"";"2019-02-22";"2019-02-22";"065387722";
"979";"A smart restaurant management platform based on big data";"XIA HU 
TAO GUANGCAN 
WANG PENG 
LIN DAN 
YI DIAO 
HUANG YONG";"FOOD SAFETY AND NUTRITION GUIZHOU INFORMATION TECH CO LTD";"CN109377035A";"2018-10-12";"G06K17/00 
G06Q10/06 
G06Q30/00 
G06Q30/02 
G06Q30/06 
G06Q50/12";"G06K17/0022 (CN) 
G06Q10/0631 (CN) 
G06Q10/06398 (CN) 
G06Q30/0185 (CN) 
G06Q30/0201 (CN) 
G06Q30/0207 (CN) 
G06Q30/0631 (CN) 
G06Q50/12 (CN)";"2019-02-22";"2019-02-22";"065403510";
"980";"An application integration basic platform for urban rail transit";"XU LIBIN 
WANG YING 
WANG KEKE 
BAN YONG 
GUAN JIANBO";"NINGBO RAIL TRANSIT GROUP CO LTD";"CN109377005A";"2018-09-24";"G06Q10/06 
G06Q50/30";"G06Q10/0631 (CN) 
G06Q50/40 (CN)";"2019-02-22";"2019-02-22";"065401616";
"981";"Block-Chain based Electricity power trading system Method thereof and Computer readable Storage medium having the method";"PARK JUNG SUNG [KR] 
KWON SEONG CHUL [KR] 
KIM DONG JOO [KR] 
SHIN CHANG HOON [KR] 
YOON JI HOON [KR] 
LEE JONG UK [KR]";"KOREA ELECTRIC POWER CORP [KR]";"KR101976401B1 
KR20190019422A";"2017-08-17";"G06Q20/36 
G06Q30/06 
G06Q50/06";"G06Q20/36 (EP) 
G06Q20/3678 (KR) 
G06Q30/06 (EP) 
G06Q30/0619 (KR) 
G06Q50/06 (EP,KR)";"2019-02-27 
2019-05-09";"2019-02-21";"065361962";
"982";"An electronic trading platform for wholesale market of agricultural products based on internet of things";"ZHOU YI";"BEIJING LEFUTONG TECH CO LTD";"CN109359981A";"2018-12-25";"G06Q20/38 
G06Q30/06 
G06Q50/02";"G06Q20/389 (CN) 
G06Q30/0601 (CN) 
G06Q50/02 (CN)";"2019-02-19";"2019-02-19";"065329316";
"983";"Teaching information inputting system";"XIA KAILAN";"HUAYING YANGHE PRIMARY SCHOOL";"CN109325686A";"2018-09-21";"G06Q10/06 
G06Q50/20";"G06Q10/06 (CN) 
G06Q50/205 (CN)";"2019-02-12";"2019-02-12";"065265874";
"984";"Design of an information-based network commerce system for agricultural products wholesale market";"";"CHANGSHA YUEKONG NETWORK TECH CO LTD";"CN109308640A";"2017-07-26";"G06Q30/02 
G06Q30/06 
G06Q50/02";"G06Q30/0201 (CN) 
G06Q30/0601 (CN) 
G06Q50/02 (CN) 
G06F21/6218 (CN)";"2019-02-05";"2019-02-05";"065201824";
"985";"A method and system for mutual assistance and share of enterprise network resources";"FENG JUN";"FENG JUN";"CN109308597A";"2017-07-27";"G06Q10/10 
G06Q30/02";"G06Q10/103 (CN) 
G06Q30/0214 (CN)";"2019-02-05";"2019-02-05";"065201741";
"986";"THREE-PARTY TYPE CROWD FUNDING SYSTEM USING POINT SYSTEM";"NAMIKI MASAO";"ROAD FRONTIER CO LTD";"JP2019067362A 
JP6462169B1";"2018-06-13";"G06Q20/06 
G06Q30/02 
G06Q30/06 
G06Q50/10 
G06Q40/06";"";"2019-04-25 
2019-01-30";"2019-01-30";"065228946";
"987";"Self -align lock screw machine";"DU JINTUAN 
LAI XIONGHUA 
RAO FULIN 
LIAN SHANLIANG";"XIAMEN CONTROL ELECTRONIC TECH CO LTD";"CN208427945U";"2017-12-06";"B23P19/06";"";"2019-01-25";"2019-01-25";"065104752";
"988";"APPLICATION SALES MANAGEMENT SERVER SYSTEM";"TERADA AKIHIRO [JP] 
YAMANAKA KATSUYUKI [JP] 
ODA MASARU [JP]";"FANUC CORP [JP]";"US10740811B2 
US2019026807A1";"2017-07-19";"G06Q30/06 
H04L29/06 
H04L29/08 
G06Q30/00 
H04W12/08 
H04W4/35";"G06Q30/0601 (CN) 
G06Q30/0613 (US) 
G06Q30/0617 (US) 
G06Q30/0619 (EP,US) 
G06Q30/0641 (US) 
G06Q50/04 (CN) 
H04L63/10 (EP,US) 
H04L67/10 (US) 
H04L67/12 (EP,US) 
H04W12/08 (EP,US) 
H04W4/35 (EP,US) 
H04L63/083 (EP,US)";"2019-01-24 
2020-08-11";"2019-01-24";"064951476";
"989";"Applikationsverkaufsverwaltungsserversystem und Edge-Server";"TERADA AKIHIRO [JP] 
YAMANAKA KATSUYUKI [JP] 
ODA MASARU [JP]";"FANUC CORP [JP]";"DE102018208733A1";"2017-07-19";"G06Q30/06";"G06F21/105 (EP,US) 
G06Q20/12 (EP,US) 
G06Q20/1235 (EP,US) 
G06Q20/145 (EP,US) 
G06Q30/0603 (EP,US) 
G06Q30/0635 (CN) 
G06Q30/0641 (CN) 
H04L63/10 (CN) 
H04L67/06 (CN) 
H04L67/125 (US) 
H04L67/53 (CN) 
G06Q30/0627 (CN)";"2019-01-24";"2019-01-24";"064951491";
"990";"A commodity tracing method based on a subject two-dimensional code and a system thereof";"SUN WEI 
LU JING";"BEIJING NEW WORLD INTELLIGENT TRACEABILITY TECH CO LTD";"CN109242505A";"2018-07-27";"G06Q30/00";"G06Q30/018 (CN)";"2019-01-18";"2019-01-18";"065073168";
"991";"A block chain-based agricultural product traceability system and a working method thereof";"DING LEI 
ZHANG HAIXIAO 
JIANG ZHIWEN 
FENG YONGJIN";"GUANGDONG BLUEBEE INFORMATION TECH CO LTD";"CN109191146A";"2018-08-07";"G06K17/00 
G06Q20/32 
G06Q20/38 
G06Q20/42 
G06Q30/00";"G06K17/0025 (CN) 
G06Q20/3276 (CN) 
G06Q20/38215 (CN) 
G06Q20/42 (CN) 
G06Q30/0185 (CN)";"2019-01-11";"2019-01-11";"064920840";
"992";"A method for identifying commodity names applied in the field of international trade";"CUI ZHIJIE 
PANG ZHENHUAN 
XU CHENG";"SHANGHAI TEND INFORMATION AND TECH CO LTD";"CN109190122A 
CN109190122B";"2018-09-03";"G06F17/27 
G06F40/295";"G06F40/295 (CN) 
Y02D10/00 (EP)";"2019-01-11 
2023-04-18";"2019-01-11";"064912166";
"993";"Pressure switch automatic voltage regulation check out test set";"HUANG TENGBIN 
MEI GUANG'AN";"TAIZHOU KERUI AUTOMATION EQUIPMENT CO LTD";"CN208350270U";"2018-06-21";"G01L7/00";"";"2019-01-08";"2019-01-08";"064880615";
"994";"A consumable wholesale system based on internet of things";"CHEN PING 
LIU LU 
YING WANMING 
CHEN YUN 
CAO YAN";"MAANSHAN YOUSHENGHUO NETWORK CULTURE TECH CO LTD";"CN109146620A";"2018-08-02";"G06Q30/06";"G06Q30/0601 (CN) 
G06Q30/0609 (CN) 
G06Q30/0613 (CN) 
G06Q30/0623 (CN)";"2019-01-04";"2019-01-04";"064798733";
"995";"A method for realizing automatic price comparison of medicines based on an Internet platform";"DING JIFENG 
ZHANG LAIQING 
PANG YANDONG";"ZHUHAI HENGQIN SHENGDA ZHAOYE TECH INVESTMENT CO LTD";"CN109145192A";"2018-09-17";"G06F16/9532 
G06F16/9535 
G06Q30/02";"G06Q30/0201 (CN) 
G06Q30/0206 (CN)";"2019-01-04";"2019-01-04";"064814304";
"996";"Enterprise internal risk management early warning system";"JIA HAIXIA";"TAICANG GUOKUN TECH INFORMATION CONSULTATION SERVICE CO LTD";"CN109146225A";"2018-06-26";"G06Q10/06 
G06Q10/10 
G06Q50/18";"G06Q10/0635 (CN) 
G06Q10/105 (CN) 
G06Q50/18 (CN)";"2019-01-04";"2019-01-04";"064802354";
"997";"Intelligent unmanned freight vehicle, shared system and business model";"JIANG ZHENGYUN 
SUN QIHONG 
BAI TIANPENG";"WISDOM TYPE HOLDING CO LTD";"CN109146361A";"2018-07-25";"G06Q10/08 
G06Q30/06";"G06Q10/083 (CN) 
G06Q30/0645 (CN)";"2019-01-04";"2019-01-04";"064799171";
"998";"Furazolidone metabolite quick quantitative detection system in aquatic products";"ZHANG JIAN 
WU JUNQING 
WU GUANYING 
LI ZHAOXIN 
WANG ZEZHOU 
WANG ZHENGCAI";"HANGZHOU WEIRUI TECH CO LTD";"CN208313997U";"2017-11-01";"G01N33/68";"";"2019-01-01";"2019-01-01";"064724586";
"999";"Reddish brown aspertoxin A ration fast detection system in food or fodder";"WU JUNQING 
ZHANG JIAN 
WU GUANYING 
WANG ZEZHOU 
LI MINGWEI";"CHENGDU WELLRAY BIO TECH CO LTD";"CN208313996U";"2017-11-01";"G01N33/533 
G01N33/543 
G01N33/558 
G01N33/577";"";"2019-01-01";"2019-01-01";"064730961";
"1000";"Malachite green quick quantitative detection system in aquatic products";"ZHANG JIAN 
WU JUNQING 
WANG ZEZHOU 
LI ZHAOXIN 
WU GUANYING";"HANGZHOU WEIRUI TECH CO LTD";"CN208313994U";"2017-11-01";"G01N33/533 
G01N33/558 
G01N33/58";"";"2019-01-01";"2019-01-01";"064731078";
"1001";"A method and a system for cross-shipment of different purchase orders in B2B electronic commerce";"ZUO JIE 
YANG GAOJIAO";"SHANGHAI ZHANLAI INFORMATION TECH CO LTD";"CN109102345A 
CN109102345B";"2017-06-20";"G06Q30/06 
G06Q30/0601";"G06Q30/0605 (CN) 
G06Q30/0607 (CN) 
G06Q30/0635 (CN) 
G06Q30/0637 (CN)";"2018-12-28 
2023-12-19";"2018-12-28";"064795668";
"1002";"A fuzzy decision-making method for the production of output products with capacity constraints";"HE JIANMIN 
LIU YONG 
LIU YAJIE 
ZHANG SHUJUN 
LIU YEZHENG";"UNIV HEFEI TECHNOLOGY";"CN109087025A";"2018-08-28";"G06Q10/06 
G06Q30/06";"G06Q10/0637 (CN) 
G06Q30/0605 (CN)";"2018-12-25";"2018-12-25";"064795007";
"1003";"Automatic lock attaches screw device";"WANG KE 
XU HENG";"CHICONY SUZHOU ELECT CO LTD";"CN208276486U";"2018-05-29";"B23P19/06";"";"2018-12-25";"2018-12-25";"064706361";
"1004";"Third party B2B electronic commerce trusteeship service platform based on saaS mode";"ZHANG JIANXU";"SHANGHAI JINGYI NETWORK TECH CO LTD";"CN208268734U";"2018-05-18";"F16M11/04 
F16M11/08 
F16M13/02";"";"2018-12-21";"2018-12-21";"064684065";
"1005";"Method and system for traceability verification of agricultural product information based on block chain";"CHEN SHUIBAO";"SUZHOU KUWAI CULTURE MEDIA CO LTD";"CN109034849A 
CN109034849B";"2018-08-08";"G06Q20/38 
G06Q30/00";"G06Q20/389 (CN) 
G06Q30/018 (CN)";"2018-12-18 
2021-11-02";"2018-12-18";"064632294";
"1006";"An intelligent electronic traceability scale system";"DENG QINGPING";"SUZHOU YOUHUA INTELLIGENT TECH CO LTD";"CN109003105A";"2018-09-12";"G06F21/32 
G06K17/00 
G06Q30/00 
G07G1/00 
G07G1/12 
G07G5/00";"G06F21/32 (CN) 
G06K17/0022 (CN) 
G06Q30/0185 (CN) 
G07G1/0018 (CN) 
G07G1/0072 (CN) 
G07G1/0081 (CN) 
G07G1/12 (CN) 
G07G5/00 (CN)";"2018-12-14";"2018-12-14";"064591087";
"1007";"Automatic screw locking device";"LIANG SHUFEN 
HUANG HUI 
JIANG SHUHANG 
LIU ZHIJIAN 
XIE XIAOSHAN 
LYU PEILUN 
YANG FANGCHEN";"UNIV WUYI";"CN208231224U";"2018-03-28";"B23P19/06";"";"2018-12-14";"2018-12-14";"064585850";
"1008";"Electronic system of signature card and processing method of signature card information";"GE RENLAN";"NANTONG YILIAN ENTERPRISE MAN CO LTD";"CN108986895A";"2018-06-24";"G06Q10/08 
G16H40/20 
H04L29/06";"G06Q10/087 (CN) 
G16H40/20 (CN) 
H04L63/08 (CN)";"2018-12-11";"2018-12-11";"064538472";
"1009";"A distribution resource planning management system";"JIANG WENLONG";"HAINAN TIANHUA HENGJI TECH CO LTD";"CN108985825A";"2018-06-29";"G06Q30/02";"G06Q30/0206 (CN) 
G06Q30/0273 (CN)";"2018-12-11";"2018-12-11";"064539014";
"1010";"Commodity trading method and system for B2B electronic commerce";"YANG GAOJIAO 
ZUO JIE";"SHANGHAI ZHANLAI INFORMATION TECH CO LTD";"CN108960943A 
CN108960943B";"2017-05-17";"G06Q10/06 
G06Q30/06 
G06Q10/0637 
G06Q30/0601";"G06Q10/0637 (CN) 
G06Q30/0635 (CN)";"2018-12-07 
2023-12-19";"2018-12-07";"064462599";
"1011";"Intelligent integrated grid energy service system";"MA HAOCHENG";"HANGZHOU XINRONGFANG TECH CO LTD";"CN108964035A";"2018-07-18";"H02J3/00";"H02J3/008 (CN)";"2018-12-07";"2018-12-07";"064495914";
"1012";"Paint sheet metal component scraper blade test platform control system";"HUANG YUHANG 
LI LIANGLIANG 
WANG YEQING";"CHANGZHOU COLLEGE INF TECH";"CN208206027U";"2018-06-06";"G01B7/34 
G01L1/18 
G05B19/042";"";"2018-12-07";"2018-12-07";"064496659";
"1013";"Paint sheet metal component scraper blade pressure sensor for test platform";"HUANG YUHANG 
SONG HEMING 
LI LIANGLIANG";"CHANGZHOU COLLEGE INF TECH";"CN208206353U";"2018-06-06";"G01L1/18";"";"2018-12-07";"2018-12-07";"064496647";
"1014";"Multifunctional cleaning vehicle";"CHEN ZHILIN";"CHEN ZHILIN";"CN108951486A";"2018-09-08";"E01H1/00 
E01H1/10";"E01H1/005 (CN) 
E01H1/10 (CN)";"2018-12-07";"2018-12-07";"064475646";
"1015";"B2B Construction method thereof of Electronic commerce";"NA YONG SUN [KR]";"NA YONG SUN [KR]";"KR101979442B1 
KR20180129119A";"2017-05-25";"G06Q30/06";"G06Q30/0619 (KR) 
G06Q30/0623 (KR)";"2018-12-05 
2019-05-17";"2018-12-05";"064743715";
"1016";"Method for intermediating between wholesale and retail based on stock data of wholesale and system using the same";"KIM JANG HEE [KR] 
HAN JUN HEE [KR] 
LEE WOO KEUN [KR] 
KIM SUNG JOONG [KR] 
KIM MI JUNG [KR] 
AHN JI SUN [KR]";"LINKSHOPS INC [KR]";"KR102516200B1 
KR20180129498A";"2017-05-26";"G06Q10/08 
G06Q30/06";"G06Q10/087 (KR) 
G06Q30/0619 (KR) 
G06Q30/0635 (KR) 
G06Q30/0641 (KR)";"2018-12-05 
2023-03-30";"2018-12-05";"064743652";
"1017";"Agricultural product wholesale market management system";"XU YINGWEN 
WANG AIDONG";"HAIAN RUNSIDA FOOD CO LTD";"CN108932590A";"2018-07-10";"G06Q10/06 
G06Q50/02";"G06Q10/06395 (CN) 
G06Q50/02 (CN)";"2018-12-04";"2018-12-04";"064447181";
"1018";"Handheld type equipment for B2B (Business to Business) transaction management platform";"HAN RUI";"WUHU CITY UNETPAY ELECTRONIC TECH CO LTD";"CN108916563A";"2018-07-12";"F16M11/04 
F21V33/00 
F21Y115/10";"F16M11/041 (CN) 
F21V33/00 (CN) 
F21Y2115/10 (CN)";"2018-11-30";"2018-11-30";"064415119";
"1019";"Intelligent contract invocation and contract transaction verification method based on blockchain";"JIN FENGLIAN";"GUANGZHOU YOUPU NETWORK TECH CO LTD";"CN108921696A 
CN108921696B";"2018-06-26";"G06F21/60 
G06F21/62 
G06Q40/04";"G06F21/602 (CN) 
G06F21/6218 (CN) 
G06Q40/04 (CN) 
G06F2221/2107 (CN)";"2018-11-30 
2020-10-16";"2018-11-30";"064423086";
"1020";"DITIGAL METHOD FOR PURCHASE CENTRALISATION, OPTIMISATION AND NEGOTIATION";"DA COSTA CRISTÓVÃO CAIADO ANÍBAL JORGE [PT] 
DA SILVA RIBEIRO JÚLIO MIGUEL [PT]";"GSBS CONSULTING LDA [PT]";"US11334930B2 
US2020118183A1";"2017-05-24";"G06Q10/08 
G06Q20/10 
G06Q20/20 
G06Q20/40 
G06Q30/02 
G06Q30/06 
G06Q40/04 
G06Q50/18 
G06Q30/00";"G06Q10/087 (US) 
G06Q20/10 (US) 
G06Q20/20 (US) 
G06Q20/40 (US) 
G06Q30/02 (US) 
G06Q30/0281 (EP) 
G06Q30/0601 (US) 
G06Q30/0605 (EP) 
G06Q30/0633 (EP) 
G06Q40/04 (US) 
G06Q50/188 (US)";"2020-04-16 
2022-05-17";"2018-11-26";"062981299";
"1021";"Supply chain optimization method based on random demand and service level constraint";"SONG SHIJI 
ZHAO HAN";"UNIV TSINGHUA";"CN108876020A";"2018-05-31";"G06Q10/04 
G06Q10/08 
G06Q30/02";"G06Q10/04 (CN) 
G06Q10/087 (CN) 
G06Q30/0202 (CN)";"2018-11-23";"2018-11-23";"064336312";
"1022";"Agricultural product circulation management system and management method";"LI QIAN";"ZRD INSTRUMENT TECH NANTONG CO LTD";"CN108876261A";"2018-08-23";"G06Q10/08";"G06Q10/0833 (CN)";"2018-11-23";"2018-11-23";"064321396";
"1023";"Regional grain and oil market price monitoring analysis and prediction system and monitoring method";"XIE ZHIYONG 
WU WEIJI 
YANG GUANGJING 
ZHAI LIN 
QIN BAOQIANG 
LIU XUHUI 
YANG CHAO 
MENG ZHI";"CHINA TIANJIN GRAIN AND OIL WHOLESALE TRADE MARKET";"CN108846691A";"2018-06-04";"G06Q10/06 
G06Q30/02 
G06Q50/26";"G06Q10/06395 (CN) 
G06Q30/0206 (CN) 
G06Q50/26 (CN)";"2018-11-20";"2018-11-20";"064210182";
"1024";"Solenoid valve integration test mechanism";"GAN KEJIN 
WU ZHIFENG 
YANG ZHENG";"SUZHOU CENTURY AUTOMATION EQUIPMENT CO LTD";"CN208125344U";"2018-01-25";"G01M3/28 
G01N21/88 
G01V8/10";"";"2018-11-20";"2018-11-20";"064206183";
"1025";"Improved B2C and B2B E -commerce system with real -time audio and video shopping guide";"ZHANG JIANXU";"SHANGHAI HUOSU NETWORK INFORMATION SERVICE CO LTD";"CN208110497U";"2018-05-18";"G06F1/18 
G06F1/20 
G06Q30/02";"";"2018-11-16";"2018-11-16";"064114343";
"1026";"Warehouse cargo management system";"SHI QING";"GUANGZHOU REGENTSOFT TECH CO LTD";"CN108830530A";"2018-06-20";"G06Q10/08";"G06Q10/087 (CN)";"2018-11-16";"2018-11-16";"064142863";
"1027";"Auto -screwdriving machine is used in computer hardware processing";"HAN WENLI";"SHENZHEN ZHONGHEHE TECH CO LTD";"CN208099775U";"2018-01-05";"B23P19/06";"";"2018-11-16";"2018-11-16";"064128328";
"1028";"SYSTEMS AND METHODS FOR MOBILE APPLICATION, WEARABLE APPLICATION, TRANSACTIONAL MESSAGING, CALLING, DIGITAL MULTIMEDIA CAPTURE, PAYMENT TRANSACTIONS, AND ONE TOUCH PAYMENT, ONE TAP PAYMENT, AND ONE TOUCH SERVICE";"ZHOU TIAN XING [US] 
ZHOU (TIGER) TIAN GE [US]";"ZHOU TIAN XING [CN] 
ZHOU TIGER TIAN GE [CN]";"WO2018207057A1";"2017-05-08";"G06F3/00 
G06Q20/32 
H04W4/00";"G06F3/0482 (EP) 
G06F3/04883 (EP) 
G06F3/04886 (EP) 
G06Q20/321 (EP,US) 
G06Q20/322 (EP) 
G06Q20/326 (EP,US) 
G06Q20/386 (EP) 
G06Q20/40145 (EP) 
H04W12/06 (EP) 
H04W12/33 (EP,US) 
H04W12/63 (EP,US) 
H04W12/65 (EP) 
H04W4/12 (EP) 
H04W4/80 (EP)";"2018-11-15";"2018-11-15";"064104444";
"1029";"Storage management device of B2B transaction platform";"HAN RUI";"WUHU UNETPAY ELECTRONIC TECH CO LTD";"CN108792509A";"2018-07-12";"B65G43/00";"B65G43/00 (CN)";"2018-11-13";"2018-11-13";"064076240";
"1030";"Electronic wholesale market order distribution system";"ZHOU JIAN 
ZHOU ZHIJUN";"HANGZHOU LIANGJU NETWORK TECH CO LTD";"CN108776906A";"2018-05-30";"G06Q30/02 
G06Q30/06";"G06Q30/0208 (CN) 
G06Q30/0222 (CN) 
G06Q30/0635 (CN)";"2018-11-09";"2018-11-09";"064028079";
"1031";"New-type user registration system and method based on B2B platform";"HUO SHENGJUN 
LIU PENGFEI 
QIN JUN";"QINGDAO MENGDOU NETWORK TECH CO LTD";"CN108764744A";"2018-06-05";"G06Q10/06 
G06Q30/00";"G06Q10/0631 (CN) 
G06Q30/01 (CN) 
G06Q50/18 (CN)";"2018-11-06";"2018-11-06";"063998973";
"1032";"Wholesaler and retailer logistics distribution reception and delivery system and method";"FENG ZHANRONG 
GUO ZHENGHUA 
ZOU AN 
WANG JIE 
ZHANG SHUGUO 
WANG LIXIA 
CUI JUNHUA 
ZHAO YINGJIE";"UNIV NANCHANG HANGKONG";"CN108764793A";"2018-05-25";"G06K17/00 
G06Q10/08 
G07F17/12";"G06K17/0029 (CN) 
G06Q10/083 (CN) 
G07F17/12 (CN)";"2018-11-06";"2018-11-06";"064006589";
"1033";"Method of automatically authenticating value-added-tax special invoices";"FU LIKU 
ZHAO TIEHU 
GUO DONGMING";"BEIJING PIAOTONG INFORMATION TECH CO LTD";"CN108710678A 
CN108710678B";"2018-05-18";"G06K17/00 
G06Q40/00 
G06F16/2455 
G06F16/25";"G06K17/00 (CN) 
G06Q40/10 (CN)";"2018-10-26 
2022-03-15";"2018-10-26";"063869025";
"1034";"Entrepreneurial information inputting system";"MA JING";"CHENGDU ZHONGYUE VENTURE INCUBATOR CO LTD";"CN108694568A";"2018-07-28";"G06Q10/10";"G06Q10/103 (CN)";"2018-10-23";"2018-10-23";"063850962";
"1035";"Export business platform system with B2B exclusive global trade support platform for switching trading volume service providing method using it";"BAE JUN [KR]";"PLANETA CO LTD [KR]";"KR101908912B1";"2017-09-11";"G06Q10/06 
G06Q10/10 
G06Q30/06";"G06Q10/0631 (KR) 
G06Q10/0637 (KR) 
G06Q10/10 (KR) 
G06Q30/0619 (KR)";"2018-10-17";"2018-10-17";"064099432";
"1036";"Seller-centered export business platform system with B2B exclusive global trade support platform for switching trading volume service providing method using it";"BAE JUN [KR]";"PLANETA CO LTD [KR]";"KR101908908B1";"2018-04-27";"G06Q10/08 
G06Q30/02";"G06Q10/083 (KR) 
G06Q30/0219 (KR)";"2018-10-17";"2018-10-17";"064099545";
"1037";"Seller-centered B2B exclusive global trade support platform expanding EAI area and export business system with the same";"BAE JUN [KR]";"PLANETA CO LTD [KR]";"KR101908911B1";"2018-04-27";"G06Q30/06 
G06Q30/08";"G06Q30/0619 (KR) 
G06Q30/0641 (KR) 
G06Q30/08 (KR)";"2018-10-17";"2018-10-17";"064099393";
"1038";"B2B exclusive global trade support platform expanding EAI area and export business system with the same";"BAE JUN [KR]";"PLANETA CO LTD [KR]";"KR101908909B1";"2017-09-11";"G06Q10/10 
G06Q30/06";"G06Q10/10 (KR) 
G06Q30/0619 (KR)";"2018-10-17";"2018-10-17";"064099364";
"1039";"Automatic explosion -proof lock screw machine";"";"LISHUI QINGLAN ENV PROT TECH CO LTD";"CN207971648U";"2018-03-02";"B23P19/06";"";"2018-10-16";"2018-10-16";"063764287";
"1040";"O4O O4O e-Commerce System And Method Using Smart Device";"PARK HO JIN [KR] 
HA SEUNG GYU [KR] 
SIM GI CHUL [KR]";"ONLINEK CO LTD [KR]";"KR20180110894A";"2017-03-30";"G06Q30/02 
G06Q30/06";"G06Q30/0255 (KR) 
G06Q30/0619 (KR) 
G06Q30/0633 (KR) 
G06Q30/0641 (KR)";"2018-10-11";"2018-10-11";"063865300";
"1041";"PC end management system based on mobile cloud distribution";"YU MANYOU";"HUNAN YISHANG POWER NETWORK TECH CO LTD";"CN108632303A";"2017-03-16";"G06Q30/02 
G06Q30/06 
H04L29/06 
H04L29/08";"G06Q30/0222 (CN) 
G06Q30/0601 (CN) 
H04L63/02 (CN) 
H04L63/1441 (CN) 
H04L67/1097 (CN)";"2018-10-09";"2018-10-09";"063687428";
"1042";"Intelligent information service platform for managing distribution period";"SEOMUN SANSEONG [KR] 
KIM BYOUNG CHUL [KR]";"JEONJU IT·CT IND PROMOTION AGENCY [KR] 
BIGSTONE HOUSE [KR]";"KR101904750B1";"2017-04-12";"G06Q30/00 
G06Q30/02 
G06Q50/10 
G08B21/18";"G06Q30/01 (KR) 
G06Q30/02 (KR) 
G06Q50/10 (KR) 
G08B21/182 (KR)";"2018-10-05";"2018-10-05";"063878200";
"1043";"B2B E-commerce platform-based member management system";"YU MANYOU";"HUNAN YISHANG POWER NETWORK TECH CO LTD";"CN108596633A";"2017-03-16";"G06Q30/00 
G06Q30/06";"G06Q30/01 (CN) 
G06Q30/0601 (CN)";"2018-09-28";"2018-09-28";"063632925";
"1044";"Chinese herbal medicine B2B2C electronic intelligent transaction platform";"HUAI HUA";"BOZHOU CHINESE MEDCINE EXCHANGE CO LTD";"CN108596740A";"2018-05-08";"G06Q30/06 
G06Q30/08";"G06Q30/0601 (CN) 
G06Q30/08 (CN)";"2018-09-28";"2018-09-28";"063635776";
"1045";"Food material supply and management system";"SHIN DONG HO [KR]";"UGBOSS CO LTD [KR]";"KR20180105382A";"2017-03-15";"G06Q10/06 
G06Q10/08 
G06Q50/12";"G06Q10/0631 (KR) 
G06Q10/087 (KR) 
G06Q50/12 (KR)";"2018-09-28";"2018-09-28";"063721649";
"1046";"B2B2C electronic smart trading system for traditional Chinese medicinal materials";"HUAI HUA";"BOZHOU CHINESE MEDCINE EXCHANGE CO LTD";"CN108596739A";"2018-05-08";"G06Q30/06 
G06Q30/08";"G06Q30/0601 (CN) 
G06Q30/08 (CN)";"2018-09-28";"2018-09-28";"063636317";
"1047";"Smart transaction system of traditional Chinese medicine decoction pieces";"HUAI HUA";"BOZHOU CHINESE MEDCINE EXCHANGE CO LTD";"CN108573440A";"2018-05-08";"G06Q30/08 
G06Q40/04";"G06Q30/08 (CN) 
G06Q40/04 (CN)";"2018-09-25";"2018-09-25";"063571915";
"1048";"Flexible printing service based on configuration of self-defining conditions, template and physical machine";"YAN ZIJUN 
HUANG JIANCHENG 
ZHANG JIAZHONG 
SUN JINGKAI 
ZHAO ZILI 
LI CHUAN 
HU BIN 
HU FENG 
FEI XIAOLONG 
ZHANG HENGHUI 
WU HAO 
ZHANG LIN";"BAOZUN INC";"CN108563408A";"2018-04-13";"G06F3/12";"G06F3/1206 (CN) 
G06F3/1222 (CN) 
G06F3/1243 (CN) 
G06F3/1288 (CN)";"2018-09-21";"2018-09-21";"063534926";
"1049";"Launch angle can self -adjusting launcher";"LI BING";"CHONGQING YIZHISHENG GENERAL AVIATION IND CO LTD";"CN207890005U";"2018-01-18";"B64F1/04";"";"2018-09-21";"2018-09-21";"063545018";
"1050";"Physical wholesale market purchase order pushing platform system and method";"HE YUYUAN";"HANGZHOU MICROANTS TECH CO LTD";"CN108537641A";"2018-04-18";"G06Q30/06";"G06Q30/0605 (CN) 
G06Q30/0635 (CN)";"2018-09-14";"2018-09-14";"063477749";
"1051";"METHOD AND SYSTEM FOR RECORDING POINT TO POINT TRANSACTION PROCESSING";"BERGNER REBECCA ANN [US] 
MURPHY ANTHONY PAUL [SG] 
D'ERIZANS RICHARD DAVID [US] 
JOSHI GOPINATHA [US] 
JANSSON CARL D [US] 
RICE MARIA [US]";"MASTERCARD INTERNATIONAL INC [US]";"US2018260811A1";"2017-03-07";"G06Q20/38 
G06Q30/06";"G06Q20/3825 (US) 
G06Q20/3829 (EP,US) 
G06Q30/0633 (EP,US) 
G06Q30/0635 (EP,US) 
H04L63/0428 (US) 
H04L63/08 (US) 
H04L63/0876 (US) 
H04L9/0637 (US) 
H04L9/0861 (US) 
H04L9/0866 (US) 
H04L9/14 (US) 
H04L9/30 (US) 
H04L9/3242 (US) 
H04L9/3247 (US) 
G06Q2220/00 (EP,US)";"2018-09-13";"2018-09-13";"061750536";
"1052";"Purchase alliance-based community commercial strong control and chain operation method and system";"YAO HUIWEN 
JIANG SHU";"YAO HUIWEN";"CN108510225A";"2018-03-20";"G06Q10/08";"G06Q10/083 (CN) 
G06Q10/087 (CN)";"2018-09-07";"2018-09-07";"063376696";
"1053";"Internet public service platform system";"WANG JUSEN";"WANG JUSEN";"CN108510135A 
CN108510135B";"2017-02-27";"G06Q10/06 
G06Q30/00 
G06Q30/06 
G06Q10/10 
G06Q10/0637 
G06Q30/018 
G06Q30/0601";"G06Q10/0637 (CN) 
G06Q10/103 (CN) 
G06Q30/018 (CN) 
G06Q30/0601 (CN) 
Y04S10/50 (EP)";"2018-09-07 
2023-07-07";"2018-09-07";"063374155";
"1054";"Examination flow monitoring system and realization method";"MA YICHAO 
ZHANG TAO 
LU HAO";"NANJING HONGSONG INFORMATION TECH CO LTD";"CN108510416A";"2018-03-28";"G06F11/30 
G06Q50/20";"G06F11/302 (CN) 
G06F11/3051 (CN) 
G06F11/3065 (CN) 
G06Q50/205 (CN)";"2018-09-07";"2018-09-07";"063379155";
"1055";"A box transfer device that is used for production of knitting vamp to be authorized for dispatch";"JIANG HAIYANG";"ANHUI JIAFENG MACHINERY TECH CO LTD";"CN207826308U";"2017-10-17";"B62B3/04 
B62B3/065";"";"2018-09-07";"2018-09-07";"063385107";
"1056";"Examination system for online learning and implementation method thereof";"MA YICHAO 
ZHANG TAO 
LU HAO";"NANJING HONGSONG INFORMATION TECH CO LTD";"CN108509572A";"2018-03-27";"G06Q50/20";"G06Q50/205 (CN)";"2018-09-07";"2018-09-07";"063378648";
"1057";"Food quality safety tracking management system based on Internet of Things";"GAO LIBING 
SU JUNDE 
GAO NINGNING 
QIN JUN 
ZHOU JIANJI 
TIAN JIANRONG";"GANSU VOCATIONAL &TECHNICAL COLLEGEOF NONFERROUSMETALLURGY";"CN108492116A";"2018-03-22";"G06K17/00 
G06Q30/00 
H04L29/08 
H04W4/38";"G06K17/0022 (CN) 
G06Q30/018 (CN) 
H04L67/02 (CN) 
H04L67/06 (CN) 
H04L67/12 (CN) 
H04W4/38 (CN)";"2018-09-04";"2018-09-04";"063317283";
"1058";"Screw machine is made to online panel light";"MENG JIAN 
ZHANG YUEMING";"SHENZHEN TALENT AUTOMATION CO LTD";"CN207807081U";"2018-02-05";"B23P19/06";"";"2018-09-04";"2018-09-04";"063323519";
"1059";"Online dynamic credit evaluation method based on seller credit point value";"WANG HAN 
GUO JING 
SUN YUCHEN";"UNIV YANSHAN";"CN108470307A";"2018-03-29";"G06Q30/06";"G06Q30/0609 (CN)";"2018-08-31";"2018-08-31";"063262285";
"1060";"FACILITATING MOBILE DEVICE PAYMENTS USING PRODUCT CODE SCANNING";"ZHOU (TIGER) TIAN GE [US] 
ZHOU (ANDREW) HAI BIN [US] 
ZHOU TIAN XING [US]";"ZHOU TIGER TIAN GE [CN] 
ZHOU ANDREW HAI BIN [CN] 
ZHOU TIAN XING [CN]";"WO2018154525A1";"2017-02-24";"G06Q20/36";"G06Q20/20 (EP) 
G06Q20/3274 (EP)";"2018-08-30";"2018-08-30";"063252474";
"1061";"Integrated nature logistics platform in wholesale market";"LU YAPENG";"LU YAPENG";"CN207764838U";"2017-08-04";"G06Q10/08";"";"2018-08-24";"2018-08-24";"063179288";
"1062";"E-commerce shopping guide system";"YU LIQIN";"GUANGZHOU HULUOBOCUN NETWORK TECH CO LTD";"CN108446966A";"2018-04-16";"G06Q30/00 
G06Q30/06";"G06Q30/01 (CN) 
G06Q30/0601 (CN)";"2018-08-24";"2018-08-24";"063200582";
"1063";"Business methodology for setting up new energy retailer based on the latest hi-tech technology on blockchain and smart contract utilization, by awarding endeavor for planet savings with carbon credits monetization, creating new green energy production facilities and developing sustainable residential Net-Zero dwellings (estates).";"SARIC ADI 
NEIMAR-SARIC ELMA";"AUSET PACIFIC PTY LTD [AU]";"AU2018101013A4";"2018-07-22";"G06Q50/06";"";"2018-08-23";"2018-08-23";"063207418";
"1064";"A kind of E-commerce trading system platform consist of the manufacturer's M shop, the dealer's D shop and the consumer using functions";"LI DONGKAI [CN]";"SHANGHAI VALCA IND CO LTD [CN]";"US2021358016A1";"2018-02-12";"G06Q30/06";"G06Q30/0185 (EP,CN) 
G06Q30/0605 (EP,CN,US) 
G06Q30/0611 (EP,CN,US) 
G06Q30/0635 (EP,CN,US) 
Y02P90/30 (EP)";"2021-11-18";"2018-08-21";"063156982";
"1065";"Methods and systems for an automated utility marketplace platform";"BAIN NICHOLAS JORDAN 
CRAIG GREGORY 
CASS DAVID ROBERT 
DALLAFIOR LUKE 
RUDDER JASON 
ZAROWITZ JEREMY 
CIPES EMILY 
ROHAN ANWAR 
KEYVANI BARDIA 
SHUKLA KABIR 
CELLA CHARLES";"GRIDDY HOLDINGS LLC [US]";"AU2018219961A1";"2017-02-13";"G06Q30/02 
G06Q30/06 
G06Q40/06 
G06Q50/06";"G06Q30/0601 (EP) 
G06Q50/06 (EP,US) 
H02J3/008 (US) 
H02J3/381 (US) 
H02J3/003 (US) 
Y02P90/90 (EP)";"2019-09-19";"2018-08-16";"063108332";
"1066";"Foreign trade industry talent ability evaluation method covering all levels of post roles";"WANG MINYI 
YAO JUN 
CHEN JING";"JIANGSU ZHONGQI EDUCATION TECH CO LTD";"CN108399502A";"2018-03-06";"G06Q10/06";"G06Q10/06398 (CN)";"2018-08-14";"2018-08-14";"063092007";
"1067";"PC terminal and mobile terminal integrated mall system based on mobile cloud distribution";"TANG JINHUA";"CHANGSHA LIURENXING NETWORK TECH PARTNERSHIP LIMITED PARTNERSHIP";"CN108399557A";"2017-02-05";"G06Q30/02 
G06Q30/06";"G06Q30/0214 (CN) 
G06Q30/0601 (CN)";"2018-08-14";"2018-08-14";"063093404";
"1068";"MANAGEMENT SYSTEM for CONTROLLING TOOL INVENTORY AND METHOD THEREOF";"LEE SEUNG HYOUNG [KR]";"LEE SEUNG HYOUNG [KR]";"KR101930519B1 
KR20180090630A";"2017-02-03";"G06K17/00 
G06K19/06 
G06Q10/06 
G06Q10/08 
G06Q30/06";"G06K19/06037 (KR) 
G06Q10/06312 (KR) 
G06Q10/06314 (KR) 
G06Q10/087 (KR) 
G06Q30/0619 (KR) 
G06V20/95 (KR)";"2018-08-13 
2019-03-11";"2018-08-13";"063250855";
"1069";"Multi-shop synchronous manager based mall system";"TANG JINHUA";"CHANGSHA LIURENXING NETWORK TECH PARTNERSHIP ENTERPRISE LIMITED PARTNERSHIP";"CN108389093A";"2017-02-03";"G06Q30/06";"G06Q30/0601 (CN)";"2018-08-10";"2018-08-10";"063076008";
"1070";"ONE-SCAN AND ONE-TOUCH PAYMENT AND BUYING USING HAPTIC CONTROL VIA MESSAGING AND CALLING MULTIMEDIA SYSTEM ON MOBILE AND WEARABLE DEVICE, CURRENCY TOKEN INTERFACE, POINT OF SALE DEVICE, AND ELECTRONIC PAYMENT CARD";"ZHOU (TIGER) TIAN GE [US] 
ZHOU (ANDREW) HAI BIN [US] 
ZHOU TIAN XING [US]";"ZHOU TIGER TIAN GE [CN] 
ZHOU ANDREW HAI BIN [CN] 
ZHOU TIAN XING [CN]";"WO2018142248A1";"2017-01-31";"G06Q20/10 
G06Q20/40";"G06Q20/321 (EP,US) 
G06Q20/3223 (EP,US) 
G06Q20/3226 (EP) 
G06Q20/3276 (EP) 
G06Q20/3278 (EP) 
G06Q20/386 (EP) 
G06Q20/40 (EP) 
G06Q20/40145 (EP)";"2018-08-09";"2018-08-09";"063039390";
"1071";"Technological realization based on B2B e-commerce platform management system";"";"HUNAN YISHANG POWER NETWORK TECH CO LTD";"CN108376062A";"2016-11-21";"G06F8/20 
G06F8/30 
G06F8/34";"G06F8/24 (CN) 
G06F8/313 (CN) 
G06F8/34 (CN)";"2018-08-07";"2018-08-07";"063016174";
"1072";"INVENTORY MANAGEMNET APPARATUS FOR MEDICAL CENTER USING BIG-DATA AND AUTOMATIC ORDERING METHOD THEREOF";"KIM CHANG HYUN [KR]";"SI MEDICAL CO LTD [KR]";"KR101886177B1";"2017-12-21";"G06Q10/06 
G06Q10/08";"G06Q10/0631 (KR) 
G06Q10/08 (KR) 
G06Q10/087 (KR) 
G16H40/40 (KR)";"2018-08-07";"2018-08-07";"063251928";
"1073";"Dress structure is hung to shingle nail slotting structure's assembled shingle nail";"LI JI 
LI TAO 
GE WENJIN 
HUANG HUIMING";"SHANGHAI CONJOINT BUILDING TECH CO LTD";"CN207700595U";"2017-05-23";"E04F13/23";"";"2018-08-07";"2018-08-07";"063020073";
"1074";"Screw machine is paid to automatic locking with vibration dish";"WU HUIYONG";"JIANGMEN MACRO MACHINERY TAIWAN CO LTD";"CN207681884U";"2017-09-12";"B23P19/06";"";"2018-08-03";"2018-08-03";"062986896";
"1075";"SYSTEMS AND METHODS FOR MOBILE APPLICATION, WEARABLE APPLICATION, TRANSACTIONAL MESSAGING, CALLING, DIGITAL MULTIMEDIA CAPTURE, PAYMENT TRANSACTIONS, AND ONE TOUCH SERVICE";"ZHOU (TIGER) TIAN GE [US] 
ZHOU (ANDREW) HAI BIN [US] 
XING ZHOU TIAN [US]";"ZHOU TIGER TIAN GE [CN] 
ZHOU ANDREW HAI BIN [CN] 
XING ZHOU TIAN [CN]";"WO2018138655A1";"2017-01-30";"G06Q20/32 
H04N7/18 
H04W4/12";"G06Q20/321 (EP) 
G06Q20/3224 (EP) 
G06Q20/3276 (EP) 
G06Q20/3278 (EP) 
G06Q20/363 (EP) 
G06Q20/38215 (EP) 
G06Q20/385 (EP) 
G06Q20/386 (EP) 
G06Q20/40145 (EP) 
H04W4/35 (EP) 
H04W4/02 (EP) 
H04W4/80 (EP)";"2018-08-02";"2018-08-02";"062979361";
"1076";"A close appearance and return batch system for sample of the gathering and processing";"HUANG ZHIKUN 
ZHANG ZHONGTAO";"HUNAN SUNDY SCIENCE & TECH CO LTD";"CN207671241U";"2017-12-18";"B65G47/46 
B65G47/69 
B65G47/82";"";"2018-07-31";"2018-07-31";"062967810";
"1077";"Cloud-based distribution e-commerce system";"SU JIE";"HUNAN YIFENXIAO E COMMERCE CO LTD";"CN108335126A";"2017-01-20";"G06F8/60 
G06Q30/02 
G06Q30/06";"G06F8/60 (CN) 
G06Q30/02 (CN) 
G06Q30/0601 (CN)";"2018-07-27";"2018-07-27";"062922798";
"1078";"Mobile e-commerce based whole-network unlimited distribution mall system";"CHEN MINGJIE";"HUNAN JUBAOPEN NETWORK TECH CO LTD";"CN108335156A";"2017-01-18";"G06F8/30 
G06Q30/06";"G06F8/30 (CN) 
G06Q30/0601 (CN) 
G06Q30/0641 (CN)";"2018-07-27";"2018-07-27";"062921565";
"1079";"Single-variety operating supply/demand manner with wholesale market as node";"LU YAPENG";"LU YAPENG";"CN108335073A";"2018-02-07";"E04H14/00 
G06Q10/08 
G06Q30/00 
G06Q30/06 
G06Q50/02";"E04H14/00 (CN) 
G06Q10/087 (CN) 
G06Q30/0185 (CN) 
G06Q30/0645 (CN) 
G06Q50/02 (CN)";"2018-07-27";"2018-07-27";"062929627";
"1080";"A B2C2C mall system based on a channel distribution mode";"SU JIE";"HUNAN YIFENXIAO E COMMERCE CO LTD";"CN108335154A";"2017-01-18";"G06F8/20 
G06Q30/06";"G06F8/22 (CN) 
G06Q30/0601 (CN)";"2018-07-27";"2018-07-27";"062921695";
"1081";"Automatic retractable sprocket -type strip adjusting device";"ZHENG KAIWEN 
ZHENG KAIYUAN";"SHANGHAI MOTEX HEALTHCARE CO LTD 
MOTEX HEALTHCARE ANHUI CO LTD 
HUAYI ENTPR CO LTD";"CN207645185U";"2017-11-02";"B65G23/44 
B65G43/02 
B65G43/06";"";"2018-07-24";"2018-07-24";"062884065";
"1082";"Whole network-based cloud site building mall system";"HUANG GONGPING";"HUNAN XIAOKE YUNSHANG NETWORK TECH CO LTD";"CN108304171A";"2017-01-13";"G06F17/30 
G06F8/30 
G06Q30/06";"G06F16/25 (CN) 
G06F8/30 (CN) 
G06Q30/0601 (CN)";"2018-07-20";"2018-07-20";"062872384";
"1083";"Construction platform system for MEC mobile shopping mall";"YANG ZHIGUO";"CHANGSHA HISHOP NETWORK TECH CO LTD";"CN108287691A";"2017-01-10";"G06F8/20 
G06Q30/06";"G06F8/20 (CN) 
G06Q30/0601 (CN)";"2018-07-17";"2018-07-17";"062819449";
"1084";"Retail mall system based on PHP technology";"SU JIE";"HUNAN YIFENXIAO E COMMERCE CO LTD";"CN108287715A";"2017-01-09";"G06F8/38 
G06Q30/06";"G06F8/31 (CN) 
G06Q30/0601 (CN)";"2018-07-17";"2018-07-17";"062819266";
"1085";"Cloud shopping mall B2B (Business to Business) multi-store management system software";"YANG ZHIGUO";"CHANGSHA HISHOP NETWORK TECH CO LTD";"CN108279870A";"2017-01-05";"G06F8/20 
G06Q30/06";"G06F8/24 (CN) 
G06Q30/0641 (CN)";"2018-07-13";"2018-07-13";"062800518";
"1086";"Designer brand B2C2B wholesale and community retail platform";"FAN ZHIWEI 
HUA WENLONG";"SHANGHAI YIFU TRADING CO LTD";"CN108280691A";"2018-01-31";"G06Q30/02 
G06Q30/06";"G06Q30/02 (CN) 
G06Q30/0601 (CN)";"2018-07-13";"2018-07-13";"062807365";
"1087";"B2B2C (Business to Business to Customer)-based micro-mall electronic commerce platform system";"YANG ZHIGUO";"CHANGSHA HISHOP NETWORK TECH CO LTD";"CN108279871A";"2017-01-05";"G06F8/20 
G06Q30/06";"G06F8/22 (CN) 
G06Q30/0601 (CN)";"2018-07-13";"2018-07-13";"062800548";
"1088";"Cross-border mall e-commerce solving processing system";"CHEN MINGJIE";"HUNAN JUBAOPEN NETWORK TECH CO LTD";"CN108280735A";"2017-01-06";"G06Q10/08 
G06Q30/06";"G06Q10/087 (CN) 
G06Q30/0635 (CN)";"2018-07-13";"2018-07-13";"062801020";
"1089";"Wholesale market transaction method and system";"ZHONG XUEGENG 
LI YIYONG 
AN XING";"SHENZHEN AGRICULTURAL PRODUCTS E COMMERCE CO LTD";"CN108280606A";"2017-01-06";"G06K17/00 
G06Q10/08";"G06K17/00 (CN) 
G06Q10/08 (CN)";"2018-07-13";"2018-07-13";"062801077";
"1090";"Whole network sale channel distribution system";"SU JIE";"HUNAN YIFENXIAO E COMMERCE CO LTD";"CN108280723A";"2017-01-05";"G06F17/30 
G06Q30/06";"G06F16/252 (CN) 
G06F16/284 (CN) 
G06F16/958 (CN) 
G06Q30/0601 (CN) 
Y04S50/10 (EP)";"2018-07-13";"2018-07-13";"062800637";
"1091";"Whole network marketing channel-based distribution mall system";"CHEN MINGJIE";"HUNAN JUBAOPEN NETWORK TECH CO LTD";"CN108280734A";"2017-01-06";"G06Q10/06 
G06Q30/06";"G06Q10/067 (CN) 
G06Q30/0601 (CN)";"2018-07-13";"2018-07-13";"062801012";
"1092";"Distribution subsite technology development based on mobile terminal";"";"HUNAN YISHANG POWER NETWORK TECH CO LTD";"CN108280704A";"2017-01-04";"G06F8/20 
G06Q30/06";"G06F8/20 (CN) 
G06Q30/0601 (CN)";"2018-07-13";"2018-07-13";"062800583";
"1093";"Development for mall management system based on whole-network distribution";"YANG ZHIGUO";"CHANGSHA HISHOP NETWORK TECH CO LTD";"CN108268246A";"2016-12-29";"G06F8/20";"G06F8/24 (CN)";"2018-07-10";"2018-07-10";"062753600";
"1094";"O2O SaaS Intelligent O2O service and open SaaS platform";"CHO YONG MAN [KR]";"INTERFO CO LTD [KR]";"KR20180076398A";"2016-12-27";"G06F17/30 
G06Q10/10 
G06Q30/06 
H04L29/08";"G06F16/2365 (KR) 
G06Q10/10 (KR) 
G06Q30/0601 (KR) 
H04L67/51 (KR)";"2018-07-06";"2018-07-06";"062920972";
"1095";"Electronic commerce operation system based on cloud distribution and method thereof";"SU JIE";"HUNAN YIFENXIAO E COMMERCE CO LTD";"CN108256951A";"2016-12-29";"G06Q30/06";"G06Q30/0601 (CN)";"2018-07-06";"2018-07-06";"062721400";
"1096";"Mobile multi-terminal online distribution mall processing system";"SU JIE";"HUNAN YIFENXIAO E COMMERCE CO LTD";"CN108256952A";"2016-12-29";"G06Q30/02 
G06Q30/06";"G06Q30/0222 (CN) 
G06Q30/0601 (CN) 
G06Q30/0635 (CN) 
G06Q30/0641 (CN)";"2018-07-06";"2018-07-06";"062721285";
"1097";"Easy distribution processing system software";"YANG ZHIGUO";"CHANGSHA HISHOP NETWORK TECH CO LTD";"CN108256942A";"2016-12-29";"G06Q20/32 
G06Q30/06";"G06Q20/322 (CN) 
G06Q30/0601 (CN)";"2018-07-06";"2018-07-06";"062720502";
"1098";"Wholesale system of withdrawing money and control system";"";"BEIJING YINRONG TECH CO LTD";"CN207587094U";"2016-01-25";"G06Q20/28 
G07F19/00";"";"2018-07-06";"2018-07-06";"062717082";
"1099";"THREE-PARTY TYPE CROWD FUNDING SYSTEM USING POINT SYSTEM";"NAMIKI MASAO";"ROAD FRONTIER CO LTD";"JP2019067052A 
JP6351816B1";"2017-09-29";"G06Q30/02 
G06Q50/10";"";"2019-04-25 
2018-07-04";"2018-07-04";"062779895";
"1100";"Retail-based mall system";"";"CHANGSHA HISHOP NETWORK TECH CO LTD";"CN108241489A";"2016-12-27";"G06F8/20 
G06F8/38 
G06Q30/06";"G06F8/20 (CN) 
G06F8/38 (CN) 
G06Q30/0601 (CN)";"2018-07-03";"2018-07-03";"062701501";
"1101";"Electronic commerce platform technology based on mobile distribution";"";"YUNMOF INC";"CN108230061A";"2016-12-14";"G06F17/30 
G06F8/20 
G06Q30/06";"G06F16/245 (CN) 
G06F16/958 (CN) 
G06F8/24 (CN) 
G06Q30/0625 (CN)";"2018-06-29";"2018-06-29";"062638715";
"1102";"AN ELECTRONIC SALES SYSTEM THAT ALLOWS CONSUMERS TO BE INTEGRATED INTO THE MARKETING CHAIN TO GET THE PRODUCT THEY NEED ALONG WITH GAINING PROFIT FROM SUCH TRADE";"KUMCU CENGIZ [TR]";"MODATEVEKKUL TEKSTIL ELEKTRONIK MAGAZACILIK VE TICARET LTD SIRKETI [TR]";"WO2019212437A2 
WO2019212437A3";"2018-05-03";"G06Q30/06 
G06Q30/02";"G06Q30/0601 (EP)";"2019-11-07 
2019-12-05";"2018-06-21";"066999384";
"1103";"COMMERCE SUPPORT SYSTEM";"HIDAKA HIROAKI 
SAWADA MASAHIRO 
UEDA TAKASHI";"KIRIN BREWERY";"JP2018097475A 
JP6779771B2";"2016-12-09";"G06Q10/08 
G06Q30/06";"";"2018-06-21 
2020-11-04";"2018-06-21";"062633620";
"1104";"SAFETY STOCK OR THE LIKE CALCULATION DEVICE, SAFETY STOCK OR THE LIKE CALCULATION METHOD, AND SAFETY STOCK OR THE LIKE CALCULATION PROGRAM";"KUSUHARA KAZUAKI 
SHIOIRI AKANE 
SERIZAWA KUNIAKI";"OBIC CO LTD";"JP2018097570A";"2016-12-13";"B65G61/00 
G06Q10/08 
G06Q30/06";"";"2018-06-21";"2018-06-21";"062632990";
"1105";"SYSTEM FOR IDENTIFYING AND APPLYING OFFERS TO USER TRANSACTIONS";"MOCK ED [US] 
WUERCH RYAN [US]";"DOSH HOLDINGS INC [US]";"WO2018111759A2 
WO2018111759A3";"2016-12-12";"G06Q30/02 
G06Q30/06";"G06Q30/02 (EP) 
G06Q30/06 (EP)";"2018-06-21 
2018-08-23";"2018-06-21";"062559162";
"1106";"B2B Tour Platform";"KIM IN SOO [KR] 
ZANG SU MOON [KR] 
SUL HO GYU [KR]";"AVATAR COMMUNICATION CO LTD [KR]";"KR20180065634A";"2016-12-08";"G06Q10/10 
G06Q50/10 
G06Q50/14 
G06Q50/30";"G06Q10/10 (KR) 
G06Q10/103 (KR) 
G06Q10/40 (KR) 
G06Q50/10 (KR) 
G06Q50/14 (KR)";"2018-06-18";"2018-06-18";"062765584";
"1107";"Rural e-commerce platform system";"LIU ZHONGSHENG 
ZHU GUANGYUAN 
YU SHUNSEN 
YANG FUXING 
LI DAYONG";"QINGDAO RURAL COMMERCIAL BANK CO LTD";"CN108171580A 
CN108171580B";"2017-12-27";"G06Q30/06 
G06Q40/04 
G06Q50/02 
G06F16/22";"G06Q30/0601 (CN) 
G06Q40/04 (CN) 
G06Q50/02 (CN)";"2018-06-15 
2019-12-03";"2018-06-15";"062518633";
"1108";"Internet-based community small and micro financial service system";"JIA CHENGGANG 
ZHU GUANGYUAN 
WANG LIPING 
YU SHUNSEN 
YANG FUXING 
WANG JUAN 
SUN LI";"QINGDAO RURAL COMMERCIAL BANK CO LTD";"CN108171598A";"2017-12-27";"G06Q40/02";"G06Q40/02 (CN)";"2018-06-15";"2018-06-15";"062518353";
"1109";"Multi -functional automatic batch processing operation and maintenance system";"XU YONGLIANG 
YANG XIANGJUN 
YANG DINGNAN";"SHENZHEN RUIRONGXIN INFORMATION TECH CO LTD";"CN207473476U";"2017-12-08";"G06F1/16 
G06Q40/02";"";"2018-06-08";"2018-06-08";"062257928";
"1110";"Automatic screw -stuffing machine";"LIU WEIZHAO";"HUIZHOU RUICHENG AUTOMATIC EQUIPMENT CO LTD";"CN207464640U";"2017-09-11";"B23P19/06";"";"2018-06-08";"2018-06-08";"062268687";
"1111";"METHODS AND SYSTEM FOR CUSTOM APPLICATION DEVELOPMENT";"LIU BING [US] 
YU HONGTAO [US] 
WU JIANFENG [US]";"LIU BING [US] 
YU HONGTAO [US] 
WU JIANFENG [US] 
CYBEYE INC [US]";"US10303443B2 
US2018160254A1";"2016-12-06";"H04W4/00 
G06Q30/02 
H04L29/08 
G06F8/30 
H04L29/06 
H04W4/60";"G06F8/30 (US) 
G06Q30/0267 (EP,US) 
H04L65/611 (EP,US) 
H04L67/30 (EP,US) 
H04L67/34 (EP,US)";"2018-06-07 
2019-05-28";"2018-06-07";"062243595";
"1112";"B2B e-commerce precision marketing method based on SKU information list";"FENG LIPING 
GAO HAIBIN 
YANG NAIKE";"SHANDONG AUTO CHINA UNITE ELECTRONIC COMMERCE CO LTD";"CN108109018A 
CN108109018B";"2018-01-12";"G06Q30/02";"G06Q30/0202 (CN)";"2018-06-01 
2022-05-17";"2018-06-01";"062219944";
"1113";"Equipment management information system based on mobile intelligent platform";"";"CHANGSHA YOUGANHUO NETWORK TECH CO LTD";"CN108108363A";"2016-11-24";"G06F17/30 
G06Q10/08";"G06F16/211 (CN) 
G06Q10/0875 (CN)";"2018-06-01";"2018-06-01";"062204774";
"1114";"Reation kettle is used in production of watermelon ketone";"ZENG LINGGUI 
LIAO GUORONG 
ZENG SHUYAN";"JIANGXI KAIYUAN SPICE CO LTD";"CN207430307U";"2017-11-13";"B01J19/18";"";"2018-06-01";"2018-06-01";"062288991";
"1115";"DRP distribution system based on mobile terminal";"";"CHANGSHA HISHOP NETWORK TECH CO LTD";"CN108090780A";"2016-11-21";"G06Q30/02 
G06Q30/06";"G06Q30/0207 (CN) 
G06Q30/0633 (CN) 
G06Q30/0641 (CN)";"2018-05-29";"2018-05-29";"062169489";
"1116";"B2B2C online distribution shopping mall system";"";"CHANGSHA YUNHAO INF TECH CO LTD";"CN108090067A";"2016-11-22";"G06F17/30 
G06Q30/02";"G06F16/958 (CN) 
G06Q30/02 (CN)";"2018-05-29";"2018-05-29";"062168435";
"1117";"Technology development based on whole network distribution shopping mall system";"";"CHANGSHA XIANGPEI NETWORK TECH CO LTD";"CN108089855A";"2016-11-21";"G06F17/30 
G06F8/38";"G06F16/958 (CN) 
G06F8/38 (CN)";"2018-05-29";"2018-05-29";"062168126";
"1118";"Member management B2B e-commerce platform-based member management system method";"";"HUNAN YISHANG POWER NETWORK TECH CO LTD";"CN108074099A";"2016-11-07";"G06Q30/00";"G06Q30/01 (CN)";"2018-05-25";"2018-05-25";"062154013";
"1119";"Information acquisition device is examined and approve to purchase order";"LIU YUEBIN";"CHONGQING JINSHENG SCIENCE AND TECH CO LTD";"CN207408993U";"2017-11-03";"G06Q10/08 
G06Q10/10 
H04N1/04";"";"2018-05-25";"2018-05-25";"062318322";
"1120";"ENHANCED LOCAL DATA SERVICES";"JIANG JOHN YUE [US]";"GLOBETOUCH INC [US]";"US2018146361A1";"2016-11-21";"H04W12/04 
H04W4/02 
H04W8/02 
H04W8/18";"H04M15/61 (EP) 
H04M15/8038 (EP) 
H04W12/04 (EP,US) 
H04W12/35 (EP,US) 
H04W4/02 (EP) 
H04W4/24 (EP) 
H04W8/02 (US) 
H04W8/183 (EP,US) 
H04W88/16 (EP,US)";"2018-05-24";"2018-05-24";"062147469";
"1121";"CABLE DRIVE HAVING A SHEATHED TRACTION ELEMENT";"SCHOEPKE DANIEL [CH] 
REIMERS CHRISTOPH [CH]";"BRUGG DRAHTSEIL AG [CH]";"WO2018091470A1";"2016-11-16";"B66C1/12 
B66D1/36";"B66C1/12 (EP) 
B66D1/36 (EP) 
D07B1/0673 (EP) 
D07B1/162 (EP) 
D07B1/22 (EP) 
D07B2201/1016 (EP) 
D07B2201/102 (EP) 
D07B2201/1036 (EP) 
D07B2201/1044 (EP) 
D07B2201/2087 (EP) 
D07B2501/2007 (EP) 
D07B2501/2015 (EP)";"2018-05-24";"2018-05-23";"057345776";
"1122";"Intelligent whole-industrial-chain management platform and operation method thereof";"HE PENG 
SHI DONGPING 
LEI FUCHEN";"SHENZHEN QIANHAI MEITAILIAN HAPPINESS TECH CO LTD";"CN108062717A";"2018-02-10";"G06Q50/02";"G06Q50/02 (CN)";"2018-05-22";"2018-05-22";"062134688";
"1123";"Logistics vehicle dispatching method, dispatching management platform and dispatching management system";"LI BO 
REN LIYONG";"BEIJING YUECHANG TECH CO LTD";"CN108062650A";"2017-12-29";"G06Q10/08 
G07B15/04";"G06Q10/083 (CN) 
G07B15/04 (CN)";"2018-05-22";"2018-05-22";"062140989";
"1124";"Vomitoxin detecting system in quick quantitative detection food or fodder";"WU JUNQING 
ZHANG JIAN 
WU GUANYING 
WANG ZEZHOU 
LI LINHUI";"CHENGDU WELLRAY BIO TECH CO LTD";"CN207396504U";"2017-11-01";"G01N33/68";"";"2018-05-22";"2018-05-22";"062327923";
"1125";"Full-process tracing system based on UCL tag";"ZHANG CHANGJIANG 
ZHENG BIN 
ZHANG JIZHONG";"BEIJING DAYOU ZHONGCHENG TECH CO LTD";"CN108052996A";"2017-12-06";"G06K17/00 
G06Q30/00";"G06K17/0025 (CN) 
G06Q30/0185 (CN)";"2018-05-18";"2018-05-18";"062122551";
"1126";"Commodity tracing data service platform node data management system based on block chain";"CHEN ERDONG";"CHENGDU DONGZHE SCIENCE & TECH CO LTD";"CN108038697A";"2017-12-04";"G06F17/30 
G06Q30/00";"G06F16/252 (CN) 
G06Q30/0185 (CN)";"2018-05-15";"2018-05-15";"062095081";
"1127";"Automatic lock nut device";"SU JIMING 
ZHANG JINGBO 
ZUO HONGHUI";"SHENZHEN OPTIMUMNANO ENERGY CO LTD";"CN207358532U";"2017-08-30";"B23P19/06";"";"2018-05-15";"2018-05-15";"062350988";
"1128";"Food box distribution and recovery method with wholesale market as center";"LU YAPENG";"LU YAPENG";"CN108022069A";"2017-10-24";"G06Q10/00 
G06Q10/08";"G06Q10/0833 (CN) 
G06Q10/30 (CN) 
Y02W90/00 (EP)";"2018-05-11";"2018-05-11";"062080347";
"1129";"ELECTRIC POWER DEMAND SUPPLY SUPPORTING SYSTEM, INFORMATION PROCESSING APPARATUS, INFORMATION PROCESSING METHOD AND INFORMATION PROCESSING PROGRAM";"TAGAWA SHUSAKU";"OPTIMIZER INC";"JP2018077571A 
JP6464129B2";"2016-11-07";"G06Q50/06";"G06Q50/06 (EP)";"2018-05-17 
2019-02-06";"2018-05-11";"062075789";
"1130";"Automatic lock screw machine is criticized to two electricity";"SU XING 
LIU XIA 
MAO FUGEN 
YANG SHUANG 
ZHU CHEN 
JI JIANQIU 
CHEN HONG";"NANJING NUGGET INTELLIGENT TECH CO LTD";"CN207326368U";"2017-09-18";"B23P19/06";"";"2018-05-08";"2018-05-08";"062368866";
"1131";"Intelligence wiring machine people";"JIANG HAIRU 
ZHAO YUPENG 
ZHONG XIAOXUN 
WANG ZHICHEN 
ZHAO YAO 
MENG FANDONG";"HUNAN SHIYOU ELECTRIC PUBLIC CO LTD";"CN207339099U";"2017-11-07";"H02G1/06";"";"2018-05-08";"2018-05-08";"062427398";
"1132";"Whole-network distribution mall system and using method thereof";"";"HUNAN YIFENXIAO ELECTRONIC COMMERCE CO LTD";"CN107993116A";"2016-10-27";"G06Q30/02 
G06Q30/06";"G06Q30/0207 (CN) 
G06Q30/0239 (CN) 
G06Q30/0601 (CN) 
G06Q30/0613 (CN) 
G06Q30/0623 (CN) 
G06Q30/0641 (CN)";"2018-05-04";"2018-05-04";"062028718";
"1133";"Photo -cured 3D printer";"GUI JINGTAO";"BEIJING ZHONGDING HAOSHUO TECH CO LTD";"CN207310527U";"2017-03-07";"B29C64/129 
B29C64/20 
B29C64/232 
B29C64/245 
B33Y30/00";"";"2018-05-04";"2018-05-04";"062436635";
"1134";"Shopping mall system based on network distribution";"UNANNOUNCED";"HUNAN YIFENXIAO E COMMERCE CO LTD";"CN107977871A";"2016-10-21";"G06Q30/06";"G06Q30/0601 (CN) 
G06Q30/0633 (CN) 
G06Q30/0641 (CN)";"2018-05-01";"2018-05-01";"062003766";
"1135";"B2B2C (Business to Business to Customer) selling tool based on WeChat platform";"";"CHANGSHA HAISHANG NETWORK TECH CO LTD";"CN107967636A";"2016-10-20";"G06Q30/02 
G06Q30/06";"G06Q30/0214 (CN) 
G06Q30/0225 (CN) 
G06Q30/0601 (CN) 
G06Q30/0635 (CN) 
G06Q30/0643 (CN)";"2018-04-27";"2018-04-27";"061996453";
"1136";"Heater hook equipment";"LI JINDI";"SHENZHEN XINGHONGCHANG ELECTRIC CO LTD";"CN207272035U";"2017-09-28";"B21F1/00";"";"2018-04-27";"2018-04-27";"061988262";
"1137";"Intercorporate mediating System And Method of Thereof";"KIM JAE JUN [KR] 
LEE DONG HEE [KR] 
KIM BO YEON [KR]";"LG UPLUS CORP [KR]";"KR102614316B1 
KR20180043023A";"2016-10-19";"G06Q10/06 
G06Q30/02 
G06Q30/06 
H04L9/32";"G06Q10/0631 (KR) 
G06Q10/0637 (KR) 
G06Q30/0201 (KR) 
G06Q30/0282 (KR) 
G06Q30/0619 (KR) 
H04L9/32 (KR)";"2018-04-27 
2023-12-14";"2018-04-27";"062081491";
"1138";"A METHOD FOR ANALYZING BIG DATA BASED ON CLOUD SERVICE AND AN APPARATUS THEREFORE";"PARK HYEON [KR] 
KIM SE HAN [KR] 
LEE EUN JU [KR] 
PARK DAE HEON [KR] 
EUN JEE SOOK [KR]";"ELECTRONICS & TELECOMMUNICATIONS RES INST [KR]";"KR20180042726A";"2016-10-18";"G06F15/16 
G06F17/30 
G06Q10/10";"G06F15/16 (KR) 
G06F16/2219 (KR) 
G06F16/2462 (KR) 
G06Q10/10 (KR) 
G06Q50/02 (KR)";"2018-04-26";"2018-04-26";"062082450";
"1139";"Authoring Tool for being applied to Gamification and Authoring Method using the same";"JEONG CHANG JIN [KR]";"GAMEBIN INC [KR]";"KR20180041284A";"2016-10-13";"G06F17/24 
G06F3/048 
G06Q30/02 
G06Q50/10";"G06F3/048 (KR) 
G06Q30/0202 (KR) 
G06Q50/10 (KR)";"2018-04-24";"2018-04-24";"062084942";
"1140";"Gamification Service based on Widget and Service Method using the same";"JEONG CHANG JIN [KR]";"GAMEBIN INC [KR]";"KR20180041283A";"2016-10-13";"A63F13/61 
G06Q30/02 
G06Q50/10";"A63F13/61 (KR) 
G06Q30/02 (KR) 
G06Q30/0207 (KR) 
G06Q30/0242 (KR) 
G06Q30/0277 (KR) 
G06Q50/10 (KR) 
G05B2219/23246 (KR)";"2018-04-24";"2018-04-24";"062087484";
"1141";"Information-based high-throughput double traceability certificate management system for edible agricultural products";"LIU ZHAOBU 
ZHANG MIN 
ZHENG HUI";"LIU ZHAOBU";"CN107944893A";"2017-12-29";"G06K17/00 
G06Q30/00 
G06Q50/02";"G06K17/0022 (CN) 
G06Q30/018 (CN) 
G06Q50/02 (CN)";"2018-04-20";"2018-04-20";"061937006";
"1142";"B2B e-commerce marketing system";"ZHANG YANHUI";"SAITUO INFORMATION TECH CO LTD";"CN107918906A";"2017-12-05";"G06Q30/06";"G06Q30/0601 (CN)";"2018-04-17";"2018-04-17";"061898358";
"1143";"Method for combining commodity finance and consumption centering on wholesale market";"LU YAPENG";"LU YAPENG";"CN107909423A";"2017-09-29";"G06Q10/06 
G06Q10/08 
G06Q30/02 
G06Q30/06 
G06Q50/02 
G06Q50/04";"G06Q10/06313 (CN) 
G06Q10/083 (CN) 
G06Q30/0279 (CN) 
G06Q30/0601 (CN) 
G06Q30/0635 (CN) 
G06Q50/02 (CN) 
G06Q50/04 (CN) 
Y02P90/30 (EP)";"2018-04-13";"2018-04-13";"061841277";
"1144";"Agricultural material management platform based on Internet SaaS (Software as a Service) mode";"ZHANG MIN 
JIANG YONG 
ZHANG YANG 
MU KUN 
LI YINGKUN 
FANG XIGANG";"ANHUI QIANMO NETWORK TECH CO LTD";"CN107909434A";"2017-11-14";"G06Q20/24 
G06Q30/06 
G06Q50/02";"G06Q20/24 (CN) 
G06Q30/0609 (CN) 
G06Q50/02 (CN)";"2018-04-13";"2018-04-13";"061844084";
"1145";"Water purifier sales and maintenance management system based on Internet of things";"CHEN HONGSHENG";"ZHENGZHOU YUELONG ELECTRONIC TECH CO LTD";"CN107909167A";"2017-12-25";"G06Q10/00 
G06Q30/00 
G06Q30/06 
G06Q50/06";"G06Q10/20 (CN) 
G06Q30/016 (CN) 
G06Q30/0601 (CN) 
G06Q50/06 (CN)";"2018-04-13";"2018-04-13";"061871102";
"1146";"Online store chain operation management service system";"ZHENG WEI";"GUANGAN RUITIAN NETWORK TECH CO LTD";"CN107886229A";"2017-10-31";"G06Q10/06 
G06Q30/06";"G06Q10/0637 (CN) 
G06Q30/0601 (CN)";"2018-04-06";"2018-04-06";"061783225";
"1147";"Civil aviation passenger transportation shared seat operation management system and method";"";"CHINA NORTH AIRLINES CO LTD 
ZHAO YUN";"CN107886211A";"2017-09-15";"G06Q10/02 
G06Q10/06 
G06Q30/02 
G06Q50/14 
G06Q50/30";"G06Q10/02 (CN) 
G06Q10/06315 (CN) 
G06Q10/067 (CN) 
G06Q30/0206 (CN) 
G06Q50/14 (CN) 
G06Q50/40 (CN)";"2018-04-06";"2018-04-06";"061780687";
"1148";"A ceramic tile handling device for wholesale";"LIU SHANGLIANG";"TAI BAOLONG";"CN207191119U";"2017-07-11";"B62B3/04";"";"2018-04-06";"2018-04-06";"061784529";
"1149";"Full -automatic interchangeable tool bit lock screw machine";"CHEN LIGUO 
SUN BING 
WU XUAN 
GAO YONGJIANG";"SUZHOU DINA PREC EQUIPMENT CO LTD";"CN207189134U";"2017-08-02";"B23P19/06";"";"2018-04-06";"2018-04-06";"061799865";
"1150";"Quick -action oil pressure relay calibration system";"XU JING 
LI ZHENGWEN 
XIANYU WAN 
SUN YUJIE 
YAO YUAN 
LIU JINGSONG 
MA ZHIJIE 
FAN YOUZI 
SUN ZHIJUN 
ZHANG TIANFANG 
LI JIANJUN 
LI GEN 
WANG HONGKAI 
ZHANG QIANG 
BI DEZHONG 
XIN YAN 
SONG SHENGJUN";"ELECTRIC POWER RES INSTITUTE OF STATE GRID LIAONING ELECTRIC POWER CO LTD 
STATE GRID LIAONING ELECTRIC POWER SUPPLY CO LTD 
STATE GRID CORP CHINA";"CN207181630U";"2017-08-30";"G01M3/00 
G01R31/327";"";"2018-04-03";"2018-04-03";"061738366";
"1151";"Deep hole screw machine";"LIN BUXIAN 
LI HAIBO 
LIU PENG";"KINGSTONE AUTOMATION TECH CORP";"CN207171454U";"2017-09-08";"B23P19/06";"";"2018-04-03";"2018-04-03";"061743528";
"1152";"Whole process tracking method for logistics distribution by taking wholesale market as center";"LU YAPENG";"LU YAPENG";"CN107862495A";"2017-10-24";"G06Q10/08";"G06Q10/083 (CN) 
G06Q10/0833 (CN)";"2018-03-30";"2018-03-30";"061696904";
"1153";"Joint ordering interval value variable weight Shapley value cost apportionment method";"FEI WEI 
YE YINFANG 
LI DENGFENG 
YU GAOFENG";"UNIV FUZHOU";"CN107862496A";"2017-10-31";"G06Q10/08 
G06Q30/02";"G06Q10/087 (CN) 
G06Q30/0283 (CN)";"2018-03-30";"2018-03-30";"061698007";
"1154";"Agricultural industrial chain based circulation service integrated system and method";"LIU NING";"YOUYIGONGLI BEIJING NETWORK TECH CO LTD";"CN107862591A";"2017-12-22";"G06Q30/06 
G06Q50/02";"G06Q30/0601 (CN) 
G06Q50/02 (CN)";"2018-03-30";"2018-03-30";"061707155";
"1155";"Mobile wholesale and retail site vehicle rent and sale transporting management system and method";"JU DONG";"SICHUAN SHANCHONG XINNENG TECH CO LTD";"CN107845026A 
CN107845026B";"2017-11-20";"G06Q30/06";"G06Q30/0639 (CN) 
G06Q30/0645 (CN)";"2018-03-27 
2021-09-14";"2018-03-27";"061679102";
"1156";"Operation management method";"LIANG ZHANWEN";"WUHUA HUACHUANGHUI TECH INVESTMENT DEVELOPMENT CO LTD";"CN107832938A";"2017-11-01";"G06Q10/06 
G06Q10/08 
G06Q30/02 
G06Q30/06";"G06Q10/067 (CN) 
G06Q10/087 (CN) 
G06Q30/0201 (CN) 
G06Q30/0635 (CN)";"2018-03-23";"2018-03-23";"061651293";
"1157";"Multi-product centralized distribution method with wholesale markets adopted as nodes";"LU YAPENG";"LU YAPENG";"CN107808266A";"2017-09-16";"G06Q10/08";"G06Q10/083 (CN)";"2018-03-16";"2018-03-16";"061584407";
"1158";"Electrician B2B exchange";"PAVRI RAYOMAND JAL";"ELECTRICIANXCHANGE PTY LTD [AU]";"AU2018100189A4";"2018-02-09";"G06Q10/06 
G06Q50/10";"G06Q10/1053 (AU) 
G06Q50/10 (AU)";"2018-03-15";"2018-03-15";"061568929";
"1159";"Business to business supply chain integration system platform";"WANG QIANWEN";"MEIFANG GENERAL ASSEMBLY INT CO LTD";"CN107784450A";"2017-11-09";"G06Q10/06";"G06Q10/06 (CN)";"2018-03-09";"2018-03-09";"061431541";
"1160";"MICRO GRID OPERATION SCHEDULING SYSTEM AND METHOD";"KAWAMURA TSUTOMU 
TAKAHASHI HIROTAKA 
TOMITA YASUSHI 
AKATSU TORU";"HITACHI LTD";"JP2018036926A 
JP6775360B2";"2016-09-01";"G06Q50/06 
H02J13/00 
H02J3/00 
H02J3/38 
H02J3/46";"Y02E40/70 (EP) 
Y02P80/10 (EP) 
Y04S10/123 (EP) 
Y04S10/50 (EP)";"2018-03-08 
2020-10-28";"2018-03-08";"061566352";
"1161";"Internet based intelligent project transaction credit reference system";"WANG CHANGYONG";"XIAMEN YIXIEZUO NETWORK TECH CO LTD";"CN107767135A 
CN107767135B";"2017-10-10";"G06Q20/38";"G06Q20/38215 (CN) 
G06Q20/3825 (CN) 
G06Q20/3829 (CN)";"2018-03-06 
2020-10-02";"2018-03-06";"061267035";
"1162";"Optimization method based on B2B auction settlement";"WANG XIAOFENG";"BEIJING XUNBANG RUNZE LOGISTICS CO LTD";"CN107749026A";"2017-10-17";"G06Q30/08";"G06Q30/08 (CN)";"2018-03-02";"2018-03-02";"061253912";
"1163";"Photocuring 3D printer driver device";"GUI JINGTAO";"BEIJING ZHONGDING HAOSHUO TECH CO LTD";"CN207059227U";"2016-04-18";"B29C64/129 
B29C64/20 
B29C64/232 
B29C64/245 
B33Y30/00";"";"2018-03-02";"2018-03-02";"061501042";
"1164";"Automatic screw machine";"ZHAO YONG 
ZHAO HUAQIANG 
YANG WEIHUA 
CHEN MINJUN";"SHAOXING BAOFENG TEXTILE & GARMENT CO LTD";"CN207058010U";"2017-07-01";"B23P19/00 
B23P19/06";"";"2018-03-02";"2018-03-02";"061507824";
"1165";"SYSTEMS AND METHODS FOR CREATING VOLUME/MARKET WEIGHTED AVERAGE PRICE BENCHMARK INDICES FOR FRESH FOODS";"MANGIN MAXENCE G [US]";"AXI SYSTEM INC [US]";"US2018060771A1";"2016-08-25";"G06F17/18 
G06F17/30 
G06Q10/04 
G06Q10/06";"G06F16/29 (EP,US) 
G06F17/18 (US) 
G06Q10/04 (EP,US) 
G06Q10/0631 (EP,US)";"2018-03-01";"2018-03-01";"061242976";
"1166";"Simple method for establishing cooperation relationship between enterprises for non-specific B2B platform";"ZHANG XINRU 
FENG BO 
TANG YIMENG";"GUANGDONG HANGCHENG TECH CO LTD";"CN107742189A";"2017-11-13";"G06Q10/06 
G06Q30/00";"G06Q10/0637 (CN) 
G06Q30/018 (CN)";"2018-02-27";"2018-02-27";"061234482";
"1167";"Industrial internet cloud platform";"LI FUSHENG 
YU JIHUA 
SUN NENGLIN 
CHEN LUCHENG 
ZHANG WEIJIE";"HAIER IND HOLDING CO LTD 
HAIER DIGITAL TECH SHANGHAI CO LTD";"CN107734059A 
CN107734059B";"2017-11-10";"G06Q10/06 
G06Q30/02 
G06Q30/06 
G06Q50/10 
H04L12/24 
H04L29/08";"G06Q10/0631 (CN) 
G06Q10/06395 (CN) 
G06Q30/0202 (CN) 
G06Q30/0635 (CN) 
G06Q50/10 (CN) 
H04L41/5041 (CN) 
H04L67/02 (CN) 
H04L67/12 (CN) 
H04L67/51 (CN)";"2018-02-23 
2020-08-04";"2018-02-23";"061214948";
"1168";"Foodstuff circulation tracing back platform and realization method thereof";"LIU BOHOU 
LIU KAIMING 
XU RONGTING 
XU MEIMING 
DENG PEIJI";"GUANGZHOU ANSHITONG INFORMATION TECH CO LTD";"CN107730273A";"2017-09-30";"G06Q30/00";"G06Q30/018 (CN)";"2018-02-23";"2018-02-23";"061209670";
"1169";"A screw lock pair mechanism for automatic assembly robot";"CUI YUXIANG";"SUZHOU BEST ASSEMBLY AUTOMATION TECH CO LTD";"CN207026917U";"2017-05-18";"B23P19/06";"";"2018-02-23";"2018-02-23";"061480016";
"1170";"Cell -phone medium plate remove batch peak machine";"CAI JINGZHONG";"GUANGDONG FUSHENGDA INTELLIGENT TECH CO LTD";"CN207026232U";"2017-06-08";"B21D28/00 
B21D43/00 
B21D43/14";"";"2018-02-23";"2018-02-23";"061470839";
"1171";"Food safety detection supervision and tracing terminal method";"XIONG KEMING";"HUBEI ZHIKANG BIOLOGICAL TECH CO LTD";"CN107730268A";"2016-08-11";"G06K7/14 
G06Q30/00";"G06K7/1417 (CN) 
G06Q30/0185 (CN)";"2018-02-23";"2018-02-23";"061201582";
"1172";"Portable equipment operation post";"CAO JIAN 
YAO HE 
LI WENBIN";"SHANGHAI FANGDE SHANGDONG NEW ENERGY TECH CO LTD";"CN207027420U";"2017-05-02";"B25H1/00 
H02B1/52";"";"2018-02-23";"2018-02-23";"061479866";
"1173";"Automatic machine of tearing open of two nuts";"WANG PING";"GUANGZHOU PANYU KEHANG CASTER FACTORY";"CN206998805U";"2017-08-02";"B25B27/14";"";"2018-02-13";"2018-02-13";"061457403";
"1174";"B2B-based pre-sale method";"WANG XIAOFENG";"BEIJING SRS RUNZE LOGISTIC CO LTD";"CN107679963A";"2017-10-17";"G06Q20/28 
G06Q30/06";"G06Q20/28 (CN) 
G06Q30/0601 (CN)";"2018-02-09";"2018-02-09";"061140508";
"1175";"Block chain electricity transaction peak shaving and frequency modulating system based on distributed electric storage facilities";"CUI HUA 
YANG YUSEN 
XU BO 
TAN ZHI 
CHEN HUI";"HEMPEL TECH DEVELOPMENT BEIJING CO LTD";"CN107681675A";"2017-09-27";"H02J1/14 
H02J1/16 
H02J3/00 
H02J3/30 
H02J3/32";"H02J1/14 (CN) 
H02J1/16 (CN) 
H02J3/008 (CN) 
H02J3/30 (CN) 
H02J3/32 (CN) 
Y02E60/16 (EP)";"2018-02-09";"2018-02-09";"061138378";
"1176";"Automatic assembly of assembling of oil pump shell";"LUO FEI";"SUZHOU GENER MACHINERY & ELECTRONICS TECH CO LTD";"CN206982139U";"2017-07-27";"B23P21/00";"";"2018-02-09";"2018-02-09";"061417429";
"1177";"TRUSTED PLATFORM AND INTEGRATED BOP APPLICATIONS FOR NETWORKING BOP COMPONENTS";"LANE EOIN [IE] 
BHATTACHARYYA ANJANA [US] 
NIU YUAN [US] 
YUAN XIN [US] 
BASU NIPA [US]";"DUN & BRADSTREET CORP [US]";"US10762516B2 
US2018040007A1";"2016-08-08";"G06Q10/06 
G06Q20/38 
G06Q30/02 
G06Q40/00 
G06Q50/00 
G06Q10/00";"G06Q10/0637 (EP,US) 
G06Q10/40 (US) 
G06Q10/42 (EP) 
G06Q20/382 (US) 
G06Q30/0201 (EP,US) 
G06Q40/12 (EP,US)";"2018-02-08 
2020-09-01";"2018-02-08";"061069557";
"1178";"NETWORK-BASED AUTOMATED PREDICTION MODELING";"GRIGG ALASTAIR [NZ] 
KEMKA MARTIN [AU]";"XERO LTD [US]";"SG11201900979VA";"2016-08-04";"G06Q30/00";"G06F3/0481 (EP,US) 
G06N5/022 (EP,US) 
G06N5/04 (US) 
G06Q20/10 (EP,US) 
G06Q20/382 (EP,US) 
G06Q20/4016 (EP,US) 
G06Q30/0244 (EP) 
G06Q40/03 (EP,US) 
H04L41/145 (EP,US) 
H04L41/147 (EP,US) 
H04L41/22 (EP,US) 
G06F3/0482 (US) 
G06N20/00 (EP,US) 
H04L43/16 (EP,US)";"2019-02-27";"2018-02-08";"061069621";
"1179";"Cell -phone metal die casting spare removes automatic flexiblesystem of batch cutting edge of a knife or a sword";"LI HONGCHAO 
YU JIANBIN 
CHEN ZHENWEI 
MA HONGBIN 
HE WANRU";"CITY COLLEGE OF DONGGUAN UNIV OF TECHNOLOGY";"CN206967197U";"2017-03-24";"B24B41/02 
B24B51/00 
B24B9/04 
G05B19/418";"Y02P90/02 (EP)";"2018-02-06";"2018-02-06";"061414901";
"1180";"E-commerce platform developed based on asp.net";"YU MANYOU";"CHANGSHA HAISHANG NETWORK TECH CO LTD";"CN107657495A";"2016-07-26";"G06Q30/02 
G06Q30/06";"G06Q30/0201 (CN) 
G06Q30/0207 (CN) 
G06Q30/0239 (CN) 
G06Q30/0277 (CN) 
G06Q30/0601 (CN) 
G06Q30/0635 (CN) 
G06Q30/0641 (CN)";"2018-02-02";"2018-02-02";"061126288";
"1181";"Seed industry data system";"ZHANG CHUNJIANG";"WIIMEDIA SOFTWARE CO LTD";"CN107657385A";"2017-09-29";"G06Q10/06 
G06Q30/00 
G06Q50/02";"G06Q10/06 (CN) 
G06Q30/00 (CN) 
G06Q50/02 (CN)";"2018-02-02";"2018-02-02";"061115999";
"1182";"Secure Lockers for Use as Item Exchange Points";"DOTTERWEICH ANDREW [US] 
COOPER JEFFREY [US]";"UNITED PARCEL SERVICE AMERICA INC [US]";"US11625971B2 
US2018033235A1";"2016-07-27";"G07F17/12 
G06F17/12 
G06Q10/08 
G07C9/00 
G06Q10/0836 
G06Q30/06";"G07C9/00896 (EP,US) 
G07F17/12 (EP,US) 
G06Q10/0836 (EP,US) 
G06Q10/0837 (EP) 
G06Q30/06 (EP,US) 
G07C9/00912 (EP,US)";"2018-02-01 
2023-04-11";"2018-02-01";"061009952";
"1183";"Purchase quotation information query system based on B2B platform";"YANG ZHIGUO";"HUNAN YIFENXIAO E COMMERCE CO LTD";"CN107644040A";"2016-07-22";"G06F17/30 
G06Q30/06";"";"2018-01-30";"2018-01-30";"061108758";
"1184";"Goods sale promotion method based on B2B electronic business platform";"YU MANYOU";"CHANGSHA HISHOP NETWORK TECH CO LTD";"CN107644345A";"2016-07-21";"G06Q30/02";"";"2018-01-30";"2018-01-30";"061108742";
"1185";"Cloud calculating-based retail shopping mall system and usage method thereof";"YU MANYOU";"CHANGSHA HISHOP NETWORK TECH CO LTD";"CN107644357A";"2016-07-20";"G06Q20/12 
G06Q30/02 
G06Q30/06";"";"2018-01-30";"2018-01-30";"061108864";
"1186";"two-stage supply chain coordination method based on quantity discount contract under information symmetry condition";"HE TING";"HARBIN INST TECHNOLOGY";"CN107644351A";"2017-08-24";"G06F17/15 
G06Q30/02";"";"2018-01-30";"2018-01-30";"061110610";
"1187";"Electronic commerce and crowdsourcing combined transaction system and detecting and logistics transaction method";"YANG JUN 
BAI JINCHENG 
LIN MENGZE 
TANG JINSHENG 
SHI LEI";"KOCEL INTELLIGENT FOURNDRY IND INNOVATION CENTER CO LTD";"CN107633412A";"2017-09-25";"G06Q10/08 
G06Q30/00 
G06Q30/06";"";"2018-01-26";"2018-01-26";"061101480";
"1188";"Outdoor advertisement media B2B cloud service platform";"XIE SHIMING";"GUANGDONG BOMEI ADVERTISEMENT PROPAGATION CO LTD";"CN107622422A";"2017-09-30";"G06Q30/02";"";"2018-01-23";"2018-01-23";"061091816";
"1189";"Intelligent engineering network transaction data management system based on block chain";"CHEN JINGLU 
WANG CHANGYONG 
GAO DONGWEI 
WANG YINGYING 
LIANG MUPING 
WANG DUANRONG";"XIAMEN YICAIGOU E COMMERCE CO LTD";"CN107609844A 
CN107609844B";"2017-10-10";"G06Q10/10 
G06Q20/38 
H04L29/06 
H04L9/32";"";"2018-01-19 
2021-03-23";"2018-01-19";"061068437";
"1190";"Digital resource transaction system and method for multiple channel users";"CHEN JIAN 
HUANG JINXU";"XIAMEN GEEBOO SCIENCE & TECH CO LTD";"CN107609926A 
CN107609926B";"2016-07-12";"G06Q30/06 
G06Q40/04";"";"2018-01-19 
2021-05-11";"2018-01-19";"061055391";
"1191";"System and method for realizing multielement selling of digital resources";"CHEN JIAN 
HUANG JINXU";"XIAMEN GEEBOO SCIENCE & TECH CO LTD";"CN107609355A 
CN107609355B";"2016-07-12";"G06F21/10 
G06F21/16 
G06Q30/06";"";"2018-01-19 
2020-11-10";"2018-01-19";"061054913";
"1192";"Digital resource distribution system and method for multiple publishing units";"CHEN JIAN 
HUANG JINXU";"XIAMEN GEEBOO SCIENCE & TECH CO LTD";"CN107609353A 
CN107609353B";"2016-07-12";"G06F21/10";"";"2018-01-19 
2019-11-15";"2018-01-19";"061055090";
"1193";"Digital resource selling system and method based on metadata";"CHEN JIAN 
HUANG JINXU";"XIAMEN GEEBOO SCIENCE & TECH CO LTD";"CN107609354A 
CN107609354B";"2016-07-12";"G06F21/10";"";"2018-01-19 
2020-11-10";"2018-01-19";"061054914";
"1194";"Auction delaying method and system used in auction process";"WANG XIAOFENG";"BEIJING XUNBANG RUNZE LOGISTICS CO LTD";"CN107609963A";"2017-10-17";"G06Q30/08";"";"2018-01-19";"2018-01-19";"061077372";
"1195";"Method, device and system for determining digital resource issuing data";"CHEN JIAN 
HUANG JINXU";"XIAMEN RUNFENG INVEST CO LTD";"CN113537755A 
CN113537755B";"2016-07-12";"G06Q10/06 
G06Q30/06 
G06F16/2458 
G06Q30/0201 
G06Q30/0601";"G06Q10/063 (CN) 
G06Q30/06 (CN) 
G06Q30/0601 (CN) 
G06Q30/0623 (CN)";"2021-10-22 
2023-11-14";"2018-01-19";"061055033";
"1196";"An electronic commerce client teaching management system";"CHEN GUOLIANG 
SHAO FENGHUA";"ZHEJIANG COMMERCIAL TECHNICIAN INST";"CN107578657A";"2016-07-05";"G06Q50/20 
G09B5/14";"";"2018-01-12";"2018-01-12";"061048892";
"1197";"Intelligent engineering internet transaction system by using partitioned data storage technology";"CHEN JINGLU";"XIAMEN YIGONGCHENG INFORMATION TECH CO LTD";"CN107580034A 
CN107580034B";"2017-08-25";"G06Q20/38 
H04L29/08";"";"2018-01-12 
2018-11-16";"2018-01-12";"061034798";
"1198";"PC+ promotion commission distribution shopping mall system and method";"YANG ZHIGUO";"HUNAN YIFENXIAO E COMMERCE CO LTD";"CN107578301A";"2016-07-04";"G06Q30/02 
G06Q30/06";"";"2018-01-12";"2018-01-12";"061048862";
"1199";"SYSTEMS AND METHODS FOR IMPLEMENTING MULTI-MODAL TRANSPORT";"KUMAR ASHISH ANDREW [US] 
KNAPP BURTON MATTHEW [US]";"ZUNUM AERO INC [US]";"US2020182637A1";"2016-07-07";"G01C21/34 
G06Q10/02 
G06Q10/04 
G06Q50/30";"G01C21/3423 (EP,US) 
G01C21/343 (EP,US) 
G06Q10/025 (EP,US) 
G06Q10/047 (US) 
G06Q50/14 (EP) 
G06Q50/40 (US)";"2020-06-11";"2018-01-11";"060913216";
"1200";"B2B Online platform system for information extraction based on B2B";"KONG MI SUN [KR]";"KONG MI SUN [KR]";"KR20180003042A";"2016-06-30";"G06F17/30 
G06Q10/06 
G06Q10/10 
G06Q30/02 
G06Q30/06";"G06F16/35 (KR) 
G06Q10/0637 (KR) 
G06Q10/067 (KR) 
G06Q10/10 (KR) 
G06Q30/0201 (KR) 
G06Q30/0621 (KR)";"2018-01-09";"2018-01-09";"061000649";
"1201";"Internet transaction information data storage method based on partition authentication technology";"GAO DONGWEI 
CHEN JINGLU 
WANG CHANGYONG 
WANG YINGYING 
XIE LINGLONG 
HE FENGLIAN";"XIAMEN YIXIEZUO NETWORK TECH CO LTD";"CN107566357A 
CN107566357B";"2017-08-25";"H04L29/06 
H04L29/08 
H04L9/06 
H04L9/08 
H04L9/32";"";"2018-01-09 
2018-11-16";"2018-01-09";"060976993";
"1202";"Buying-selling shopping platform based on xiangmaiwang online-shopping";"ZHANG YUYANG 
CHEN WEI";"SHANGHAI SHARPBAY IND CO LTD";"CN107545362A";"2017-08-15";"G06Q10/06 
G06Q30/02 
G06Q30/06";"";"2018-01-05";"2018-01-05";"060971469";
"1203";"Whole industry chain management network distribution mall system";"YANG ZHIGUO";"HUNAN YIFENXIAO E COMMERCE CO LTD";"CN107545479A";"2016-06-27";"G06Q30/02 
G06Q30/06";"";"2018-01-05";"2018-01-05";"060960194";
"1204";"Two electricity are criticized screw lock and are paid machine";"LUO LIUHUA";"DONGGUAN BABU ELECTRONIC TECH CO LTD";"CN206839554U";"2017-01-21";"B23P19/06";"";"2018-01-05";"2018-01-05";"060790537";
"1205";"Rafifinal cut deal board type straightener";"CHEN GUOSHENG 
ZHANG QIBU 
ZHAN KAIYAN 
RAN JILONG 
LIN XIN";"CHALCO RUIMIN CO LTD";"CN206824421U";"2017-05-23";"B21D1/00 
B21D37/16";"";"2018-01-02";"2018-01-02";"060772401";
"1206";"MOBILE OVERLAY VIRTUAL ENTERPRISE NETWORK AND VIRTUAL INTERNET FOR ENTERPRISES";"LANDAU JOHN [US] 
GALEAL ZINO [US]";"TATA COMMUNICATIONS AMERICA INC [US]";"SG11201809619UA";"2016-05-26";"G06F15/173 
H04L45/02 
H04L45/122 
H04L45/60 
H04L45/74";"G06F15/173 (EP,US) 
H04L45/02 (EP,US) 
H04L45/08 (US) 
H04L45/20 (US) 
H04L45/56 (US) 
H04L45/64 (EP,US) 
H04L45/74 (US) 
H04L65/102 (EP,US) 
H04L65/80 (EP,US) 
H04L45/08 (EP) 
H04L45/302 (EP) 
H04L45/74 (EP)";"2018-11-29";"2017-11-30";"060411607";
"1207";"PLATFORM/SYSTEM FOR THE MANAGEMENT OF THE SUPPLY OF ENGINEERING AND MAINTENANCE SERVICES";"MANGEOT JACQUES [GB]";"ACRELEC INT DEVELOPMENT LTD [GB]";"US2020327508A1";"2016-03-24";"G06Q10/00 
G06Q10/02 
G06Q10/06 
G06Q10/10 
G06Q30/00";"G06Q10/02 (US) 
G06Q10/063112 (US) 
G06Q10/087 (EP,US) 
G06Q10/1053 (GB,US) 
G06Q10/20 (EP,GB,US) 
G06Q30/016 (EP,US) 
G06Q30/0609 (EP,US)";"2020-10-15";"2017-09-28";"056027362";
"1208";"EVENT-TRIGGERED BUSINESS-TO-BUSINESS ELECTRONIC PAYMENT PROCESSING APPARATUSES, METHODS AND SYSTEMS";"POURFALLAH STACY [US] 
SUBRAMANIAN KAUSHIK KAUSHI [US]";"POURFALLAH STACY [US] 
SUBRAMANIAN KAUSHIK KAUSHI [US] 
VISA INT SERVICE ASS [US]";"US10115087B2 
US2018025334A1";"2011-04-01";"G06Q20/10 
G06Q20/32 
G06Q20/36 
G06Q20/40 
G06Q40/02 
G06Q50/22 
G06Q40/00 
G06V30/224";"G06Q10/10 (EP,US) 
G06Q20/02 (EP,US) 
G06Q20/102 (EP,US) 
G06Q20/14 (EP,US) 
G06Q20/223 (EP,US) 
G06Q20/3223 (EP,US) 
G06Q20/3274 (EP,US) 
G06Q20/3276 (EP,US) 
G06Q20/36 (EP,US) 
G06Q20/401 (EP,US) 
G06Q20/4012 (EP,US) 
G06Q20/405 (EP,US) 
G06Q40/02 (EP,US) 
G06V10/17 (EP,US) 
G06V30/224 (EP,US)";"2018-01-25 
2018-10-30";"2017-09-12";"059752853";
"1209";"POWER DEMAND SUPPLY SUPPORT SYSTEM, INFORMATION PROCESSING DEVICE, INFORMATION PROCESSING METHOD, AND INFORMATION PROCESSING PROGRAM";"TAGAWA SHUSAKU [JP]";"OPTIMIZER INC [JP]";"WO2018084301A1";"2016-11-07";"G06Q50/06 
H02J13/00 
H02J3/00 
H02J3/06 
H02J3/46";"G06Q50/06 (EP) 
H02J13/00 (EP,US) 
H02J3/00 (EP,US) 
H02J3/06 (EP,US) 
H02J3/466 (EP,US) 
Y04S10/50 (EP)";"2018-05-11";"2017-08-09";"059559138";
"1210";"Computer processing of financial product information and information about consumers of financial products";"RANFT JOSEPH THOMAS 
COLLINS SEAN 
MORIARTY KERRI ANN 
BAKER IV CHARLES F";"CONNECT FINANCIAL LLC [US]";"AU2018223023A1";"2016-01-07";"G06Q20/00 
G06Q20/42 
G06Q40/00";"";"2018-09-20";"2017-07-07";"059270771";
"1211";"SPEND ENGAGEMENT RELEVANCE TOOLS";"SHARMA ASHISH KAPATIA [US] 
NIGAM SANGARSH [US] 
BOSE ARNAB [US] 
SRINIVASAN MIRA [US] 
AHMAD FAISAL [US]";"AMERICAN EXPRESS TRAVEL RELATED SERVICES CO INC [US]";"US2019034943A1";"2015-11-23";"G06Q30/02";"G06Q30/0201 (EP,US)";"2019-01-31";"2017-05-25";"058720205";
"1212";"System and method for dynamically inserting tutorials in a mobile application";"CURTIS MATTHEW [US] 
CALDARONE MICHAEL C [US] 
PHAN QUYNH [US] 
FORGET NATHAN [US]";"AFTERSHOCK SERVICES INC [US]";"US9892658B1";"2013-08-30";"A63F13/30 
A63F13/35 
A63F13/533 
A63F13/85 
G07F17/32 
G09B19/22 
G09B5/02";"A63F13/30 (US) 
A63F13/332 (EP,US) 
A63F13/35 (US) 
A63F13/352 (EP,US) 
A63F13/533 (US) 
A63F13/5375 (EP,US) 
A63F13/60 (EP,US) 
A63F13/85 (US) 
G09B19/22 (US) 
G09B5/02 (US)";"2018-02-13";"2017-05-16";"058671213";
"1213";"METHOD AND ELECTRONIC SYSTEM FOR GENERATING JOB BOOKINGS";"VANDERSEE CHRISTIAN [AU] 
KING GEOFFREY [AU] 
SANDAVER DANIEL [AU]";"CODAFICATION PTY LTD [AU]";"US2018240058A1";"2015-08-24";"G06Q10/06";"G06Q10/06 (EP,US) 
G06Q10/06313 (EP,US) 
G06Q10/06315 (EP,US)";"2018-08-23";"2017-03-02";"058099312";
"1214";"SUSTAINABLE SOCIAL SECURITY SYSTEM";"VIJAYARAJ SREEJITH [IN]";"VIJAYARAJ SREEJITH [IN]";"US2018232834A1";"2015-08-10";"G06Q40/08 
G06Q50/26";"G06Q20/14 (EP,US) 
G06Q20/32 (US) 
G06Q20/36 (EP,US) 
G06Q40/00 (EP,US) 
G06Q40/08 (EP,US) 
G06Q50/26 (EP,US) 
G16H10/00 (US) 
G16H40/20 (EP,US) 
G16H50/50 (EP,US)";"2018-08-16";"2017-02-16";"057543084";
"1215";"Food quality supervision method and system";"CHEN YAYUN";"FUJIAN HONGTAI RENSHUN INFORMATION TECH CO LTD";"CN113284028A 
CN113284028B";"2016-02-06";"G06Q10/06 
G06F16/23 
G06F16/27 
G06Q50/26 
G06Q10/0639";"G06F16/2365 (CN) 
G06F16/27 (CN) 
G06Q10/06395 (CN) 
G06Q50/265 (CN)";"2021-08-20 
2024-06-18";"2016-07-06";"056241910";
"1216";"SYSTEM AND METHOD FOR INTEGRATING INTERMEDIARY AND END-USER ONLINE RETAIL EXPERIENCES";"FORGATCH GREGORY [US] 
FORGATCH LORRAINE [US] 
PRESTON KAREN [US] 
WENZLAU GRANT [US]";"FORGATCH GREGORY [US] 
FORGATCH LORRAINE [US] 
PRESTON KAREN [US] 
WENZLAU GRANT [US]";"US2019138979A1";"2014-11-17";"G06Q10/08 
G06Q30/02 
G06Q30/06";"G06Q10/087 (US) 
G06Q10/0874 (EP) 
G06Q30/0201 (EP,US) 
G06Q30/0643 (EP,US)";"2019-05-09";"2016-05-19";"055962031";
"1217";"COORDINATION OF THERMOSTATICALLY CONTROLLED LOADS";"LIAN JIANMING [US] 
KALSI KARANJIT [US] 
LI SEN [US] 
ZHANG WEI [US]";"BATTELLE MEMORIAL INSTITUTE [US] 
OHIO STATE INNOVATION FOUNDATION [US]";"US11810208B2 
US2020250770A1";"2014-09-26";"G06N7/00 
G05B13/04 
G06Q30/08 
G06Q40/04 
G06Q50/06 
H02J3/00 
H02J3/14 
G06N7/01 
H02J13/00";"G05B13/041 (US) 
G06N7/01 (US) 
G06Q30/08 (EP,US) 
G06Q40/04 (EP,US) 
G06Q50/06 (EP,US) 
H02J13/1323 (EP,US) 
H02J13/333 (EP,US) 
H02J3/008 (EP,US) 
H02J3/14 (EP,US) 
H02J2105/55 (EP,US) 
H02J3/00 (US) 
Y02B70/3225 (EP,US) 
Y02B90/20 (EP) 
Y04S10/50 (US) 
Y04S20/00 (EP) 
Y04S20/222 (EP,US) 
Y04S50/10 (EP,US)";"2020-08-06 
2023-11-07";"2016-03-31";"055584956";
"1218";"Network Functions Virtualization Interconnection Gateway";"FARGANO MICHAEL J [US] 
COOK CHARLES I [US] 
MCBRIDE KEVIN M [US] 
O'BRIEN JR  WILLIAM [US] 
MCMANUS JOHN [US] 
O'BRIEN JR WILLIAM [US]";"CENTURYLINK IP LLC [US]";"US11212159B2 
US2018198669A1";"2014-04-03";"H04L12/24 
H04L12/26 
H04L12/931 
H04L29/06 
H04L29/08 
G06F9/455 
G06F9/50 
H04L12/46";"G06F9/45558 (US) 
G06F9/50 (US) 
G06F9/5077 (US) 
G06F9/5088 (US) 
H04L12/4625 (EP,US) 
H04L12/4641 (EP,US) 
H04L41/0823 (EP,US) 
H04L41/0896 (US) 
H04L41/5054 (EP,US) 
H04L41/5096 (EP,US) 
H04L43/08 (US) 
H04L49/354 (US) 
H04L65/102 (US) 
H04L65/103 (EP,US) 
H04L67/1097 (US) 
H04L67/141 (US) 
G06F2009/45595 (US) 
Y04S40/00 (EP,US)";"2018-07-12 
2021-12-28";"2015-10-08";"054210716";
"1219";"WHOLESALE VIRTUAL INVENTORY AND RETAIL LEAD GENERATION";"HALLOWELL ZACHARY E [US] 
LORGULESCU ANDREW [US] 
IORGULESCU ANDREW [US]";"OPENLANE INC [US]";"US10817817B2 
US2019073621A1";"2009-02-27";"G06Q10/06 
G06Q30/02 
G06Q30/06 
G06Q30/00";"G06Q10/06315 (EP,US) 
G06Q30/0214 (EP,US) 
G06Q30/06 (EP,US) 
G06Q30/0601 (EP,US)";"2019-03-07 
2020-10-27";"2010-09-02";"042665967";