"Authors","Author full names","Author(s) ID","Title","Year","Source title","Volume","Issue","Art. No.","Page start","Page end","Cited by","DOI","Link","Abstract","Author Keywords","Index Keywords","Document Type","Publication Stage","Open Access","Source","EID"
"Shahabi A.","Shahabi, Ali (57200114303)","57200114303","A white-box decision support model for evaluating the suppliers based on the customer-based and viability dimensions: a case study of the e-commerce business","2025","Annals of Operations Research","","","","","","0","10.1007/s10479-025-06940-x","https://www.scopus.com/pages/publications/105022825734?origin=resultslist","With the significant intensification of competition in today’s global marketplace, the importance of supply chain management has been dramatically emphasized. Within this context, one of the most critical managerial tasks is the evaluation of potential suppliers’ performance. In recent years, the restrictions on in-person purchasing caused by the COVID-19 pandemic have further highlighted the growing importance of online shopping and e-commerce businesses. Therefore, this study focuses on the supplier evaluation process in the e-commerce sector by simultaneously considering two crucial perspectives: viability and customer-based dimensions. To achieve this goal, the main evaluation criteria and alternatives are first identified. Then, a white-box, machine learning–based decision support model is proposed by integrating the Random Forest Regression (RFR) and Particle Swarm Optimization (PSO) methods to assess suppliers’ performance based on the selected criteria. The applicability of the developed model is examined through a real-world case study. The obtained results indicate a significant relationship between the quality and robustness indicators. Furthermore, the most influential factors affecting supplier and vendor scores are found to be quality, delivery time, robustness, and cost. In addition, the performance of the proposed model is compared with other benchmark methods, and the results confirm its superior efficiency. Notably, the optimized RFR–PSO model achieves a prediction accuracy of 95.5%, outperforming conventional approaches such as Decision Tree and Artificial Neural Network. Finally, several managerial insights and practical implications are provided based on the findings. © The Author(s), under exclusive licence to Springer Science+Business Media, LLC, part of Springer Nature 2025.","E-commerce business; Machine learning-based decision-making; Supplier selection problem; Viability","","Article","Article in press","","Scopus","2-s2.0-105022825734"
"Gezgin Y.E.","Gezgin, Yusuf Erdem (57852429300)","57852429300","Electronıc Trade Transactıons in the Gold Sector and Its Fıqh Evaluatıon; [Altın Sektöründe Elektronik Ticaret İşlemleri ve Fıkhî Değerlendirmesi]","2022","Hitit Theology Journal","21","1","","259","280","0","10.14395/hid.1063249","https://www.scopus.com/pages/publications/85173820893?origin=resultslist","Trade reflects the relations of individuals in social life and provides information about the development processes of society. According to the commercial life, information is obtained about the socio-economic, socio-cultural structure of that society and, accordingly, the legal developments. Therefore, it is necessary to review the known and applied issues related to commercial law. Electronic commerce stands out as an entirely important example in this perspective. Electronic commerce or buying and selling transactions conducted via the internet, is one of the indispensable forms of shopping in the modern era. Briefly, e-commerce is actively used in the supply of many products that individuals need in parallel with the widespread usage of the internet. In the electronic environment, securities in the form of investment vehicles and jewellery are offered for sale in addition to electronic items, clothing, food, and cleaning products to be used in daily life. E-commerce has a very different structure compared to face-to-face shopping, such as the meeting of the shopping parties in the virtual environment and the delivery of the subject and price of the contract to the parties after a certain period of time. In this context, the parties can recognize the product subject to the contract within the framework of the information declared by the seller. Thus, commercial law has determined rules suitable for the structure of shopping carried out in electronic environments. When compared to other movable and immovable goods, the subject of gold, which is precious in essence, to e-commerce occurs at a later time. The fact that e-commerce has become a more functional and reliable structure naturally favors the sale of gold through this channel. Thus, Muslims are concerned about issues resulting from both the structure of e-commerce and the legal nature of gold. At the beginning of these problems, the legal nature of gold is money and it is necessary to exchange it within the framework of the spending contract. This opinion of the majority of the classical period jurists and the majority of contemporary Islamic jurists was adopted in the study and evaluations were made accordingly. According to this opinion, it is considered problematic to adhere to the rules of the consumption contract in gold transactions in the electronic environment. Within the framework of this basic starting point and different views on details, our research aimed to evaluate the electronic commerce of the gold sector. Jewellers, or the gold industry more generally, seek to sell in a virtual environment as well as in person. They not only sell through their own social media accounts and websites but also through intermediary platforms where a large number of products are offered for sale at the same time, known as marketplaces. Since the asset subject to sale is gold, it is seen that there are different applications within its internal structure. It is the subject of this study whether the terms of the contract of consumption are fulfilled within the context of these various applications. Additionally, another important issue in fiqh evaluations is the methods used in the payments made by the customer to the gold seller company and the way the company delivers the gold products subject to sale to the customer. All these details have been declared in our research. Gold is now used as a financial instrument in the over-the-counter, money, and capital markets. Producers (mines, refineries, mints and workshops), intermediaries (wholesalers and handbags) and jewellers/exchangers who sell gold retail in the over-the-counter markets are all included in the term “gold sector” used in the title of our study. In this sense, the transactions of establishments that sell gold through electronic commerce will be included in the study, taking into account the production stages of gold and the exchanges realized at these stages. Furthermore, gold trades in money and capital markets will not be considered directly as electronic gold trade. However, the Jeweller’s Gold Valuation System (KAD-SIS), which is one of the joint transactions of over-the-counter and financial market aspects, has been particularly examined. The study’s sources are divided into two sections, one dealing with the system’s functioning and the other with fiqh evaluation. Information about the operation was obtained from the e-commerce web pages of the sector representatives and the face-to-face interviews. In the fiqh sense, different sects have been utilized rather than a sectarian system. The sources associated with the operation were compared among themselves and the information obtained was provided. Thus, it is aimed to reveal fiqh evaluations accurately. This approach aims to guide both business representatives and taxpayers who have religious sensitivities and decide to buy gold through e-commerce. Therefore, the permissible and illegal forms of gold exchanges made with modern tools such as e-commerce and KAD-SIS were presented to the researchers. © 2022, Hitit University. All rights reserved.","Bank Cards; Electronic Commerce; Gold; Islamic Law; Jewellery","","Article","Final","All Open Access; Gold Open Access; Green Open Access","Scopus","2-s2.0-85173820893"
"Gallico D.","Gallico, Dalia (57200207119)","57200207119","Design best. An integrated E-commerce and E-learning innovative platform to promote education for Italian design system (product & process)","2017","Proceedings of the International Conference on ICT, Society and Human Beings 2017 - Part of the Multi Conference on Computer Science and Information Systems 2017","","","","103","110","0","","https://www.scopus.com/pages/publications/85040199191?origin=resultslist","DesignBest concept is born as response to the necessity to create a virtual community (a square) about italian design matters. The extraordinary achievement of communities demonstrated the enormous potentials of technologies in supporting communication and self-production of contents to create strong communities. The program proposes to apply technologies to support a marketplace and to build a community around the education of Italian design. Leveraging the development of ITC technologies, the program integrates innovative web technologies 2.0, in order to: 1) Create, applying the most advanced web technologies 2.0, an environment where all active users (designers, design students, etc..), vendors or buyers, can develop ideas, concepts, events, opinions, about Made in Italy Design, joining potentials of vendors, designers, students, amateurs and curious; 2) Explain Culture of Project, display products' characteristics, allowing the user/buyer to interact to capture the extra value of the product; 3) Use buyer's auto profiling and geo localization data to increase the offer and create feed-back flows which could be translated into networking; 4) Create data exchange with the logistic platform to assure the quality of logistic performance expected from the market; 5) Enable the sale of Design objects between the Italian SMEs (small, medium enterprises) and the potential buyers around the world (the business will focus mainly on the following markets: Brazil, Russia, India, China, Canada, USA, Mexico, Japan, Arab Emirates) trying to support Design SMEs in: - Reach the ""critical mass"" needed to build a wide catalogue of ""Made in Italy"" Design learning corses - Have access to an alternative sales channel, since they cannot bear investments in IT by themselves - Take advantage of DesignBest international visibility to reach new markets - Have access to e-commerce in an easy way (without problems related information technology structure, order management, invoicing, payment and shipment, returns and complaints management) - Leverage some supporting services to international sales and marketing(information, advice, training, data bank, market analysis, etc) - Spread the Italian Design culture through a platform of e-learning addressed to foreign companies and universities. Critical success factors of the project are: - A wide adhesion of Italian design schools to the marketplace, where they can offer part of their own catalogue (also ad hoc courses) exploiting a new channel (e-commerce) and entering on new markets; - The ability to attract the Design community (lovers, designer, students). © 2017.","Design of societal systems - rethinking; E-commerce; E-Learning Models; Higher Education; Learning Theories and Approaches; Managed Learning Environments (MLEs)","Commerce; Computer aided instruction; Curricula; E-learning; Education computing; Electronic commerce; Electronic data interchange; Engineering education; Information management; Investments; Online systems; Product design; Sales; Students; Teaching; Virtual reality; E-learning models; Higher education; Learning Theory; Managed learning environments; Societal systems; Education","Conference paper","Final","","Scopus","2-s2.0-85040199191"
"Zhang D.; Jia Z.","Zhang, Dan (59364781500); Jia, Zhiyang (56669163700)","59364781500; 56669163700","E-Commerce Logistics Software Package Tracking and Route Planning and Optimization System of Embedded Technology Based on the Intelligent Era","2024","IET Computers and Digital Techniques","2024","1","6687853","","","3","10.1049/2024/6687853","https://www.scopus.com/pages/publications/85206216763?origin=resultslist","In the Internet era, the e-commerce industry has risen, its development scale continues to expand, cross-border e-commerce (CBEC) has also been born, and it is now in the stage of sustainable development. The rapid development of CBEC also needs the strong support of logistics, the two are inseparable, and today, the development scale of CBEC is constantly expanding. The existing e-commerce logistics (ECL) model is also gradually unable to meet the increasingly diverse needs of users, and new logistics models need to be actively explored. To change this situation, this paper carried out a specific analysis of CBEC logistics model, and applied embedded technology to ECL, which also built a logistics tracking system. At the same time, combined with the ant colony algorithm, the paper carried out experimental research on the logistics package distribution route planning problem. From the experimental results, in terms of average delivery time, the algorithm’s result was 25.95 hr, while the traditional algorithm was 32.53 hr; in terms of average distribution freight cost, the algorithm’s result was 163.3 yuan, while the traditional algorithm was 257.7 yuan; in terms of average distribution cost, this algorithm’s result was 131.53 yuan, while the traditional algorithm was 211.68 yuan. To sum up, this algorithm could effectively optimize the distribution route of logistics packages and improve the efficiency of package transportation. Copyright © 2024 Dan Zhang and Zhiyang Jia.","","Ant colony optimization; Embedded software; Software packages; Cross-border; Distribution route; E- commerces; Embedded technology; Logistics model; Logistics package; Logistics software; Optimization system; Route optimization; Route planning system; Marketplaces","Article","Final","All Open Access; Gold Open Access; Green Open Access","Scopus","2-s2.0-85206216763"
"Correia D.M.; Teixeira L.; Marques J.L.","Correia, Diogo Mendes (57226055790); Teixeira, Leonor (22434117100); Marques, João Lourenço (55600379800)","57226055790; 22434117100; 55600379800","The hourglass model: From consumer’s behavior to delivery","2021","Proceedings of the International Conference on Industrial Engineering and Operations Management","","","","1357","1386","2","","https://www.scopus.com/pages/publications/85114238225?origin=resultslist","Through an empirical study of 74 Portuguese e-commerce brands, from the fashion, cosmetics, supplements, jewelry, beverages, utilities, orthopedics, book, sports, technology, decoration, pet, printing, and flowers’ sectors, it was noticed that consumers still do not have the possibility to personalize their products neither to request immediate deliveries or choose an exact delivery time. Nowadays, the Industry is striving to allow consumers to buy the product they want, as they wish, and be delivered in the time and place they choose. The purchase personalization and the supply chain’s arrangement to attend to the demand are expected to be increasingly based on predictive analytics. Prediction shall guide the definition of the supply chain. Moreover, the collaboration between stakeholders through an open marketplace is required to fulfill clients’ needs and desires. Given the observed facts and empirical evidence, this paper highlights the importance of integrating manufacturing and delivery, supported by an Hourglass shared economy prediction-oriented supply chain model. © IEOM Society International.","And Smart Cities; Hourglass Model; Industry 4.0; Smart Manufacturing; Supply Chain","","Conference paper","Final","","Scopus","2-s2.0-85114238225"
"Sturiale L.; Scuderi A.","Sturiale, Luisa (57442738500); Scuderi, Alessandro (55621175200)","57442738500; 55621175200","The marketplaces and the integration between physic and virtual in the business models of fruit and vegetables e-commerce","2017","CEUR Workshop Proceedings","2030","","","79","90","6","","https://www.scopus.com/pages/publications/85040367252?origin=resultslist","The Information and Communication Technologies (ICTs) have become the global platform for exchange, the space where an economic force of global dimensions operates, which has radically modified social and economic behavior. The new ""e-commerce"" frontier is represented by logistics adaptations for sale at Km zero of fresh products and same-day delivery. Amazon fresh (delivering in an hour in some urban areas of the USA) is the most prominent example, but there are other examples in several European countries. The objective of this study is to provide a first contribution to the knowledge of the recent phenomenon of the presence of e-marketplaces in the Italian agri-food economy and the analysis of the new e-commerce models for the fresh fruit and vegetables in Italy. The research is divided into two complementary phases aimed to highlight the propensity to buy fruit and vegetable online and the variables that influence the act of purchase. Copyright © 2017 for this paper by its author","E-commerce models; E-logistic; E-retailer; O2O commerce; Vertical platform","Agriculture; Electronic commerce; Fruits; Vegetables; E-commerce model; e-Logistics; European Countries; Fresh fruit and vegetables; Fruit and vegetables; Global dimension; Information and Communication Technologies; Vertical platform; Commerce","Conference paper","Final","","Scopus","2-s2.0-85040367252"
"Fu T.; Li S.; Li Z.","Fu, Ting (59682163900); Li, Sheng (59917353800); Li, Zhi (57195739262)","59682163900; 59917353800; 57195739262","Research on Collaborative Delivery Path Planning for Trucks and Drones in Parcel Delivery","2025","Sensors","25","10","3087","","","2","10.3390/s25103087","https://www.scopus.com/pages/publications/105006727794?origin=resultslist","With the rapid development of e-commerce, the logistics industry faces multiple challenges, including high delivery costs, long delivery times, and a shortage of delivery personnel. Truck–drone collaborative delivery combines the high load capacity of trucks with the flexibility and speed of drones, offering an innovative and practical solution. This paper proposes the Truck–Drone Collaborative Delivery Routing Problem (TDCRPTW) and develops a multi-objective optimization model that minimizes delivery costs and maximizes time reliability under capacity and time window constraints in multi-truck, multi-drone scenarios. To solve the model, an innovative two-stage solution strategy that combines the adaptive k-means++ clustering algorithm with temperature-controlled memory simulated annealing (TCMSA) is proposed. The experimental results demonstrate that the proposed model reduces delivery costs by 10% to 50% and reduces delivery time by 15% to 40%, showcasing the superiority of the truck–drone collaborative delivery model. Moreover, the proposed algorithm demonstrates outstanding performance and reliability across multiple dimensions. Therefore, the proposed approach provides an efficient solution to the truck–drone collaborative delivery problem and offers valuable insights for enhancing the efficiency and reliability of e-commerce logistics systems. © 2025 by the authors.","e-commerce platform; logistics delivery; route optimization; truck–drone collaborative delivery","Algorithms; Humans; Models, Theoretical; Motor Vehicles; Transportation; Multiobjective optimization; Simulated annealing; Commerce platforms; Delivery costs; Delivery path; Delivery time; E- commerces; E-commerce platform; Logistics delivery; Parcel delivery; Route optimization; Truck–drone collaborative delivery; algorithm; human; motor vehicle; theoretical model; traffic and transport; Marketplaces","Article","Final","All Open Access; Gold Open Access; Green Open Access","Scopus","2-s2.0-105006727794"
"Ma P.; Zhang C.; Dou Y.; Ling H.","Ma, Pengfei (59934553100); Zhang, Cheng (56316550200); Dou, Yifan (35193702700); Ling, Hong (54903491900)","59934553100; 56316550200; 35193702700; 54903491900","AS TASTY AS IT LOOKS: EXPLORING THE IMPACT OF IMAGE AESTHETICS ON FOOD DELIVERY SALES","2025","Journal of Electronic Commerce Research","26","2","","117","143","1","","https://www.scopus.com/pages/publications/105007517709?origin=resultslist","Visual presentation is critical in online marketplaces where customers rely on images to evaluate products without physical interaction. This study examines the primary and contingent effects of image aesthetics on product sales by analyzing 5,074 dish images and 506,553 orders from 71 merchants on a leading food delivery platform. We classify signals into promotional and reputational types, with product images serving as promotional signals that help reduce customers’ product uncertainty. Our hypothesis posits that additional information provided by the platform or merchants may either substitute or complement the value of these images, depending on the signal type (i.e., promotional or reputational). To address limitations associated with subjective ratings or low-level image features, we employ a deep learning algorithm to quantify image aesthetics more effectively. Our results show that image aesthetics positively influence sales. This effect is further strengthened by reputational signals (e.g., platform certification) but weakened by other promotional signals (e.g., advertisements). These findings highlight complementary and substitutive effects between different signal types, offering both theoretical insights and practical guidance for visual design strategies in e-commerce. © (2024), (California State University, Long Beach). All Rights Reserved.","Complementarity; Image aesthetics; Moderating effect; Product sales; Product uncertainty","","Article","Final","","Scopus","2-s2.0-105007517709"
"Sasikumar S.; Rishith C.; Rupa Sree S.; Jayasree K.","Sasikumar, S. (57212950391); Rishith, Cheemalapati (58769662300); Rupa Sree, S. (58144082700); Jayasree, K. (58769724600)","57212950391; 58769662300; 58144082700; 58769724600","E-marketplace for farm products","2024","Artificial Intelligence, Blockchain, Computing and Security - Proceedings of the International Conference on Artificial Intelligence, Blockchain, Computing and Security, ICABCS 2023","2","","","376","381","0","10.1201/9781032684994-60","https://www.scopus.com/pages/publications/85186765152?origin=resultslist","The agriculture industry is starting to feel the effects of e-commerce. It is really worrying to see how consumers buy food and other agricultural items. Customers often have to go to great lengths to purchase agricultural goods, and even then, they can’t always count on receiving what they need. Our project’s primary objective is to facilitate the computerized purchase and sale of agricultural goods, both for farmers and their clients. The website will show the farmers how much money they made from their sales. Through direct interaction with customers, the website provides a means for farmers to increase their income. When it comes to agro-marketing, the website will provide a one-of-a-kind and safe option. Through e-farming, farmers who have a rudimentary understanding of the Internet may market and sell their goods locally. In this concept, customers may browse through available goods and then buy what they need right away via secure online transactions or cash on delivery.they can either choose in between deliverable or non deliverable with their flexibility and users can choose various location to connect with that locality farmers so that the delivery of the products can be easy. © 2024, CRC Press/Balkema. All rights reserved.","agricultural goods; e-commerce; e-farming; farmers","Electronic commerce; Farms; Sales; Agricultural good; Agriculture industries; Direct interactions; E- commerces; E-farming; E-marketplaces; Farmer; One of a kind; Online transaction; Primary objective; Websites","Conference paper","Final","","Scopus","2-s2.0-85186765152"
"Deep A.; Kattamuru S.C.; Negi M.; Mathew J.; Sathyanarayana J.","Deep, Akash (58654373900); Kattamuru, Sri Charan (58198426600); Negi, Meghana (57271621200); Mathew, Jose (57221671293); Sathyanarayana, Jairaj (57219793811)","58654373900; 58198426600; 57271621200; 57221671293; 57219793811","DyCOD - Determining Cash on Delivery Limits for Real-Time E-commerce Transactions via Constrained Optimisation Modelling","2023","Lecture Notes in Computer Science","14174 LNAI","","","51","65","0","10.1007/978-3-031-43427-3_4","https://www.scopus.com/pages/publications/85174442988?origin=resultslist","Paying for deliveries using cash after the delivery is made is a popular mode of payment employed by customers transacting online for the first time or those that prefer to have more control, especially in emerging economies like India. While the cash (or pay)-on-delivery (COD or POD) option helps e-commerce platforms, for example in our food delivery platform, tap into new customers, it also opens up substantial risk in the form of fraud and abuse. A common risk mitigation strategy is to impose a limit on the order value that can be paid using COD. In our experience and survey, these limits are typically blunt (a single limit for a city or zip code) and set by business teams using heuristics and primarily from a risk-management-backwards view. This one-size-fits-all approach means we leave money on the table on customer groups where the limits are too strict and lose money on groups where they are lax. We need to balance the risk-management and the customer-preference angles simultaneously and dynamically. Note that this is different from a typical credit-scoring approach due to at least two major reasons - 1) the information available in e-commerce, especially online food delivery, is much sparser, 2) the limit needs to be calculated dynamically in real-time depending on the transaction value, restaurant and marketplace constraints and network effects. To this end, we present a framework called DyCOD that maps this to a non-linear constrained optimisation problem. To the best of our knowledge there are no published results in this area and our work is the first. We solve this using both heuristic and model driven approaches and run large-scale A/B experiments. Our approaches delivered a 2.1% lift in margin per order vs. the baseline while not increasing any risk metrics, which is highly significant at our scale. © 2023, The Author(s), under exclusive license to Springer Nature Switzerland AG.","Cash on Delivery; Constrained Optimization; Fraud and abuse; Propensity modelling","Crime; Electronic commerce; Human resource management; Risk management; Sales; Taps; Cash-on-delivery; E- commerces; E-commerce transactions; Emerging economies; Food delivery; Fraud and abuse; Optimization models; Propensity modeling; Real- time; Risks management; Constrained optimization","Conference paper","Final","","Scopus","2-s2.0-85174442988"
"Dai W.; Li M.; Zhao K.; Jiang W.; Zhou W.; Zou D.; Jin H.","Dai, Weiqi (36701085200); Li, Ming (57193352053); Zhao, Kexuan (59540152000); Jiang, Wenchao (55483589800); Zhou, Weilin (58127497800); Zou, Deqing (8935128200); Jin, Hai (56434989100)","36701085200; 57193352053; 59540152000; 55483589800; 58127497800; 8935128200; 56434989100","Blockchain Marketing Label Trading System for E-Commerce Alliance; [面向电商联盟的区块链营销标签交易系统]","2024","Jisuanji Yanjiu yu Fazhan/Computer Research and Development","62","1","","269","280","0","10.7544/issn1000-1239.202330217","https://www.scopus.com/pages/publications/85216766382?origin=resultslist","In the era of big data e-commerce, data trading can enable collaborative sharing and value utilization of isolated data resources. As the main form of data trading in e-commerce business, marketing tags have enormous potential value. However, the traditional data trading market faces three main problems: 1) The opaque information of the centralized platform leads to trust crisis and malicious bidding ranking; 2) Lack of reasonable incentive mechanism to break the data island leads to data non-circulation and sharing difficulties; 3) Data security threats lead to privacy disclosure and data reselling and theft. In order to solve these problems, a blockchain marketing label trading mechanism for e-commerce alliance is designed, and the upper consensus incentive mechanism is designed based on decentralization, and all data transactions and computing businesses of the system are completed in combination with the trusted execution environment, thus realizing a safe and complete data transaction ecosystem. The authenticity verification mechanism is designed to ensure the effectiveness of marketing labels, the consensus incentive mechanism is designed to enable users to actively share data, and the smart contract is used to effectively constrain the role behavior according to the system design specification; Then key transmission and data security storage are realized through SGX remote authentication, and smart contract security call is realized to ensure user privacy and data security; Finally, the reliable delivery of data transaction results is realized through the trusted computer system and system design idea. In order to verify the security and practicability of the system, 350 000 pieces of real data provided by an e-commerce company are used for performance testing. The test results show that the system can guarantee the security and performance requirements at the same time, and its additional costs mainly come from the remote authentication module and are within the acceptable range. © 2024 Science Press. All rights reserved.","blockchain; consensus mechanism; data transaction; e-commerce alliance; trusted execution environment","Authentication; Blockchain; Block-chain; Collaborative sharing; Consensus mechanism; Data transaction; E- commerces; E-commerce alliances; Incentive mechanism; Remote authentication; Trading systems; Trusted execution environments; Marketplaces","Article","Final","","Scopus","2-s2.0-85216766382"
"Blancaflor E.; Jocson A.","Blancaflor, Eric (57208326489); Jocson, Archie (59410882400)","57208326489; 59410882400","LocaleCommerce: Empowering Local Markets with NopCommerce an open-source e-commerce platform","2024","ACM International Conference Proceeding Series","","","","94","99","0","10.1145/3695652.3695655","https://www.scopus.com/pages/publications/85209117038?origin=resultslist","The existing e-commerce applications in the Philippines need to be highlighted on promoting and selling products from local public or traditional markets. This will allow stall sellers/owners to post and sell their products online in similar way mainstream e-commerce application does. This will also create linkage between sellers and motor bike delivery services which could potentially add economic stimuli and income. The lack of multi-vendor e-commerce in local public or conventional markets in the Philippines presents a significant opportunity to enhance promotion and profitability for sellers, while also introducing a new business model to the local market ecology as it continues to develop. There is a free open-source e-commerce application that can be implemented on mobile devices and web browsers. This application can be customized to align with the operations and transactions of local public markets in the Philippines. It can incorporate features such as bargaining, coupons, discounts, and fostering customer loyalty. This study offers a comprehensive overview of the key characteristics and operational process that distinguish the system, specifically designed to facilitate local public market interaction between customers and vendors for certain targeted objectives. This study does not provide an in-depth analysis of each individual feature and function. Instead, it focuses on highlighting the various components and their interconnectedness. This text does not delve into the complexities of the full development process. Instead, it focuses on showcasing user interfaces that are in line with the key features.  © 2024 ACM.","local markets; nopCommerce; open-source e-commerce","Mobile commerce; Sales; Web browsers; Commerce platforms; E- commerces; E-Commerce applications; It focus; Local markets; Nopcommerce; Open-source; Open-source e-commerce; Philippines; Public markets; Marketplaces","Conference paper","Final","","Scopus","2-s2.0-85209117038"
"Densinger C.; Dekhil M.; Ghosh R.; Jain J.; Hsu M.","Densinger, Chuck (36699489300); Dekhil, Mohamed (57190129950); Ghosh, Riddhiman (13407015800); Jain, Jhilmil (7102269814); Hsu, Meichun (7202370982)","36699489300; 57190129950; 13407015800; 7102269814; 7202370982","Transforming retail customer shopping experiences using mobile devices, open architectures, and operational business intelligence","2010","HP Laboratories Technical Report","","36","","","","1","","https://www.scopus.com/pages/publications/78650538382?origin=resultslist","The past 2 decades have witnessed the rapid and widespread adoption of three transformational technologies which are profoundly changing how we work and live: the Internet and internetworked devices, mobile technologies, and advanced data analytics. But despite their ubiquity, none of these technologies has had a significant impact on the in-store retail shopping experience. Aside from the products they sell, the inside of a Target, WalMart or Best Buy store is much the same today as it was in the early '90's. In fact, since the introduction of UPC scanning and computer-generated product signs and shelf tags, there has been almost no significant change to the customer-facing technologies in most retail stores. A few are using wireless checkout (e.g., Apple), self-checkout (e.g., Home Depot), or interactive kiosks (Best Buy, Target), but none of these features significantly leverage the Internet, mobile devices or advanced data analytics. Further, retailers' systems are frequently siloed; data for e-commerce sites is often separate from that for store systems, and CRM systems are not fully integrated across channels. Recent advances in service-oriented architectures (SOA), master data management (MDM) techniques and message-based architectures which de-couple components are enabling evolutionary approaches to more effective integration. But these advances have not moved fast enough to enable a rich mobile shopping experience leveraging an integrated platform. In this white paper, we will explore how it is now possible for retailers to create programs which deliver transformational changes to customer experiences in the store, integrating those experiences across channels, and doing so in a way that is based on modest investments and evolution of IT assets - not wholesale replacement in a ""big bang"" approach. © 2010 Hewlett-Packard Development Company, L.P.","Business intelligence; Customer experience; Mobile; Open architecture; Operational; Personalized actionable insight; Retail","Computer architecture; Customer satisfaction; Information services; Integration; Internet; Mobile devices; Portable equipment; Retail stores; Sales; Technology; Business intelligence; Customer experience; Mobile; Open architecture; Operational; Personalized actionable insight; Retail; Service oriented architecture (SOA)","Article","Final","","Scopus","2-s2.0-78650538382"
"Sürücü B.","Sürücü, Bilgin (59073422900)","59073422900","The evolution of e-commerce, its impact on supply chain innovations, and significance in the pandemic era and beyond","2024","Strategic Innovations for Dynamic Supply Chains","","","","103","122","3","10.4018/979-8-3693-3575-8.ch005","https://www.scopus.com/pages/publications/85192452253?origin=resultslist","Commerce, evolving from primitive barter systems to sophisticated global networks, has embraced the digital age, ushering in an era of e-commerce where individuals and businesses across the globe interact and transact in a virtual marketplace. This transformation has not only revolutionized how consumers purchase goods and services but has also led to innovative changes in supply chain mechanisms. The agility and resilience of supply chains have been tested and improved, with e-commerce driving advancements in logistics, inventory management, and delivery systems to meet the demands of a 24/7 global marketplace. This chapter aims to highlight the rise of the e-commerce sector, outline its broad framework, assess its critical role during the pandemic, and evaluate its current standing and implications for supply chain innovations post-pandemic. © 2024, IGI Global. All rights reserved.","","","Book chapter","Final","","Scopus","2-s2.0-85192452253"
"Ibrahim A.A.; Jiddah S.A.; Buhari M.","Ibrahim, Ahmed Abdullahi (58278038600); Jiddah, Salihu Adam (59320413100); Buhari, Muhammed (60357120400)","58278038600; 59320413100; 60357120400","Logistics management and e-commerce performance: A PLS-SEM analysis of Jumia operations, Abuja-Nigeria","2025","International Journal of Management and Sustainability","14","4","","1302","1318","0","10.18488/11.v14i4.4650","https://www.scopus.com/pages/publications/105028886208?origin=resultslist","E-commerce performance is increasingly crucial in Nigeria’s rapidly expanding digital marketplace, yet logistics challenges persist, threatening the sustainability and competitiveness of leading firms like Jumia. Despite market growth, a gap exists in understanding how specific logistics management practices, particularly order processing and information flow, impact e-commerce performance in Abuja. This study aims to assess the effects of order processing and information flow on Jumia’s operational outcomes in Abuja, FCT. Employing a survey research design, data were collected from all 187 Jumia employees in Abuja using structured questionnaires. A partial least squares structural equation modeling (PLS-SEM) was used. Among the key findings, it is notable that the efficient processing of orders has a strong positive influence on Jumia's performance, increasing customer satisfaction and repeat purchases. Conversely, information flow within this study had a highly negative effect on performance, attributed to information overload and inefficiencies. It is not about the quantity or speed of information flow but its quality and management, contrasting traditional expectations. This observation indicates that Jumia’s logistics operations urgently need enhancement in information filtering and processing to maximize performance. Based on these insights, the study proposes that Jumia Nigeria should adopt new order management systems, streamline warehouse activities, and provide specialized staff training. Additionally, it is important to establish effective information filtering systems and communication channels to report incidents. These steps are likely to improve operational effectiveness, customer satisfaction, and the company's competitive position in Nigeria’s e-commerce industry. © 2025 Conscientia Beam. All Rights Reserved.","Abuja-Nigeria; Information flow; Jumia; Logistics management; Order processing","","Article","Final","All Open Access; Gold Open Access","Scopus","2-s2.0-105028886208"
"Akahome J.E.; Ogodo S.; Fomina Y.","Akahome, Joy Eghonghon (57220164610); Ogodo, Sidney (59296829300); Fomina, Yulia (60177075400)","57220164610; 59296829300; 60177075400","""What I Ordered vs. What I Got Syndrome"" Challenges of Online Shopping and Sustainable Solutions","2025","Products, Brands, and Labels in the Light of Ethical and Ecological Issues","","","","3","25","0","","https://www.scopus.com/pages/publications/105021392162?origin=resultslist","The advent of online shopping has engendered a paradigm shift in consumer behavior, offering unparalleled convenience and access to a vast array of products. Notwithstanding this benefit, a significant issue in the e-commerce industry is the inconsistency between the items customers order and what they receive. This study sought to investigate the intricate nature of this problem, with the objective of comprehending its underlying causes and proposing sustainable solutions to mitigate its repercussions. The primary objectives of this study were threefold: first, to identify the various types of order discrepancies; second, to assess their impact on customer satisfaction and environmental sustainability; and third, to propose effective strategies for retailers to better align customer expectations with the products delivered. This research employed a qualitative case study approach, focusing on in-depth interviews with customers and retailers. The data collection phase entailed a case study involving a diverse sample of five customers who frequently shopped online and five retailers from the fashion sector. The sustainable solutions that emerged from this study addressed the issue of order discrepancies between customers and retailers. The study's findings suggest that retailers should consider allocating resources to technological and operational enhancements to address the disparity between customer expectations and the reality of product delivery. Enhanced transparency within the supply chain, coupled with customer education on sustainable practices, is identified as a pivotal element in addressing these issues. Furthermore, retailers are advised to cultivate a culture of sustainability by integrating eco-friendly practices across their operations. Collaboration with industry stakeholders to establish standards and best practices for minimizing discrepancies is recommended to drive collective progress in the e-commerce sector. © 2025 by Nova Science Publishers, Inc. All rights reserved.","customer satisfaction; environmental impact of returns; Nigeria; online shopping discrepancies; supply chain transparency; sustainable e-commerce solutions","Consumer behavior; Economic and social effects; Electronic commerce; Environmental impact; Environmental protection; Marketplaces; Sales; Supply chains; Sustainable development; Transparency; Customer expectation; Customers' satisfaction; E- commerces; Environmental impact of return; Nigeria; Online shopping; Online shopping discrepancy; Supply chain transparency; Sustainable e-commerce solution; Sustainable solution; Customer satisfaction","Book chapter","Final","","Scopus","2-s2.0-105021392162"
"Ezmigna I.; Alghizzawi M.; Alqsass M.; Abu-Alsondos I.A.; Abualfalayeh G.; Aldulaimi S.H.","Ezmigna, Ibrahim (58524879600); Alghizzawi, Mahmoud (57998843800); Alqsass, Mohammad (58552913800); Abu-Alsondos, Ibrahim A. (57218494511); Abualfalayeh, Ghaith (59002444900); Aldulaimi, Saeed Hameed (57160200600)","58524879600; 57998843800; 58552913800; 57218494511; 59002444900; 57160200600","The Impact of AI Tools on Last-Mile Delivery in the E-Commerce Sector in Saudi Arabia","2024","2024 International Conference on Decision Aid Sciences and Applications, DASA 2024","","","","","","9","10.1109/DASA63652.2024.10836527","https://www.scopus.com/pages/publications/85217205792?origin=resultslist","In Saudi Arabia, the e-commerce sector has witnessed an impressive growth spurt as a result of advancements in technology and changes in consumer behavior. Last-mile delivery, the last step in the delivery process is a key yet most difficult aspect as it contributes to higher share out of total transport cost and critical function for customer satisfaction. This study explores the influence of Artificial Intelligence (AI) tools within KSA's e-commerce last-mile delivery ecosystem, particularly examining how technologies like route optimization, demand forecasting and even autonomous vehicles are changing logistics. Bearing this in mind, a third approach was adopted comprised of performing research to conduct an exploratory study based on mixed-methods: literature review; interviews with professionals from the branch and quantitative data analysis about whether AI tools significantly help improve efficiency for making deliveries as well satisfaction delivered to customers. Conclusions: The results reflect the significant competitive edge that e-commerce businesses in Saudi Arabia can harness by embracing AI strategically.  © 2024 IEEE.","Artificial Intelligence; Autonomous Delivery; E-commerce; Last-Mile Delivery; Logistics; Route Optimization; Saudi Arabia","Marketplaces; Artificial intelligence tools; Autonomous delivery; Delivery process; E- commerces; Growth spurt; Last mile; Last-mile delivery; Route optimization; Saudi Arabia; Transport costs; Customer satisfaction","Conference paper","Final","","Scopus","2-s2.0-85217205792"
"Belk M.; Germanakos P.; Constantinides A.; Samaras G.","Belk, Marios (24469552600); Germanakos, Panagiotis (23389317300); Constantinides, Argyris (7005541683); Samaras, George (7003437264)","24469552600; 23389317300; 7005541683; 7003437264","A human cognitive processing perspective in designing E-Commerce checkout processes","2015","Lecture Notes in Computer Science","9296","","","523","530","5","10.1007/978-3-319-22701-6_38","https://www.scopus.com/pages/publications/84945583540?origin=resultslist","Designing a usable checkout process is of paramount importance for both E-Commerce and M-Commerce success. Aiming to understand human-computer interactions during checkout and improve the usability and user experience of checkout tasks, this research work investigates the relation among users’ cognitive styles, and alternative checkout designs in terms of user preference and task performance. A controlled user study with 38 participants was conducted which entailed a psychometric-based survey for highlighting the users’ cognitive styles, combined with a real usage scenario with two variations of checkout designs that were deployed on standard desktop computers and mobile touch-based devices. Results suggest that human cognitive differences could play an important role in designing E-Commerce and M-Commerce checkout processes, and particularly users’ cognitive styles may affect the way users perceive and perform during such tasks. © IFIP International Federation for Information Processing 2015.","E-Commerce; Human cognitive factors; Usability; User study","Human computer interaction; Personal computers; Usability engineering; Cognitive factors; Cognitive processing; Cognitive styles; Computer interaction; Human cognitive factor; M-commerce; Usability; User study; User's preferences; Users' experiences; Marketplaces","Conference paper","Final","All Open Access; Bronze Open Access; Green Open Access","Scopus","2-s2.0-84945583540"
"Fortino G.; Garro A.; Russo W.","Fortino, Giancarlo (6602895297); Garro, Alfredo (57202448198); Russo, Wilma (6603513760)","6602895297; 57202448198; 6603513760","E-Commerce Services Based on Mobile Agents","2006","Encyclopedia of E-Commerce, E-Government, and Mobile Commerce","","","","319","326","2","10.4018/978-1-59140-799-7.ch053","https://www.scopus.com/pages/publications/105011422988?origin=resultslist","The Internet offers a unique opportunity for e-commerce to take central stage in the rapidly growing online economy. With the advent of the Web, the first generation of business-to-consumer (B2C) applications was developed and deployed. Classical examples include virtual shops, on-demand delivery of contents, and e-travel agency. Another facet of e-commerce is represented by business-to-business (B2B), which can have even more dramatic economic implications since it far exceeds B2C in both the volume of transactions and rate of growth. Examples of B2B applications include procurement, customer relationship management (CRM), billing, accounting, human resources, supply chain, and manufacturing (Medjahed, Benatallah, Bouguettaya, Ngu, & Elmagarmid, 2003). Although the currently available Web-based and object-oriented technologies are well-suited for developing and supporting e-commerce services, new infrastructures are needed to achieve a higher degree of intelligence and automation of e-commerce services. Such a new generation of e-commerce services can be effectively developed and provided by combining the emerging agent paradigm and technology with new Web-based standards such as ebXML (2005). Agents have already been demonstrated to retain the potential for fully supporting the development lifecycle of large-scale software systems which require complex interactions between autonomous distributed components (Luck, McBurney, & Preist, 2004). In particular, e-commerce has been one of the traditional arenas for agent technology (Sierra & Dignum, 2001). Agent-mediated e-commerce (AMEC) is concerned with providing agent-based solutions which support different stages of the trading processes in e-commerce, including needs identification, product brokering, merchant brokering, contract negotiation and agreement, payment and delivery, and service and evaluation. In addition, the mobility characteristic of peculiar agents (a.k.a. mobile agents), which allows them to move across the nodes of a networked environment, can further extend the support offered by the agents by featuring advanced e-commerce solutions such as location-aware shopping, mobile and networked comparison shopping, mobile auction bidding, and mobile contract negotiation (Kowalczyk, Ulieru, & Unland, 2003; Maes, Guttman, & Moukas, 1999). To date, several agent- and mobile agent-based e-commerce applications and systems have been developed which allow for the creation of complex e-marketplaces-that is, e-commerce environments which offer buyers and sellers new channels and business models for trading goods and services over the Internet. However, the growing complexity of agent-based marketplaces demands for proper methodologies and tools supporting the validation, evaluation, and comparison of: (1) models, mechanisms, policies, and protocols of the agents involved in such e-marketplaces; and (2) aspects concerned with the overall complex dynamics of the e-marketplaces. The use of such methodologies and tools can actually provide the twofold advantage of: 1. analyzing existing e-marketplaces to identify the best reusable solutions and/or identify hidden pitfalls for reverse engineering purposes; and 2. analyzing new models of e-marketplaces before their actual implementation and deployment to identify, a priori, the best solutions, thus saving reverse engineering efforts. This article presents an overview of an approach to the modeling and analysis of agent-based e-marketplaces (Fortino, Garro, & Russo, 2004a, 2005). The approach centers on a Statecharts-based development process for agent-based applications and systems (Fortino, Russo, & Zimeo, 2004b) and on a discrete event simulation framework for mobile and multi-agent systems (MAS) (Fortino et al, 2004a). A case study modeling and analyzing a real consumer-driven e-commerce service system based on mobile agents within an agent-based e-marketplace on the Internet (Bredin, Kotz, & Rus, 1998; Wang, Tan, & Ren, 2002) is also described to demonstrate the effectiveness of the proposed approach. © 2006 by Idea Group Inc. All rights reserved.","","Agents; Autonomous agents; Complex networks; Costs; Distributed computer systems; Intelligent agents; Life cycle; Mobile commerce; Object oriented programming; Personnel; Supply chain management; Supply chains; Virtual corporation; Virtual reality; Web services; Websites; Agent based; Agent-based e-marketplace; Agents technology; Business to Consumer; Contract negotiation; E- commerces; E-commerce services; E-marketplaces; Service-based; Virtual shops; Mobile agents","Book chapter","Final","","Scopus","2-s2.0-105011422988"
"Ahmad A.Y.A.B.; Allahham M.; Almajali W.I.; Ayasrah F.T.; Sabra S.","Ahmad, Ahmad Y. A. Bani (58480930900); Allahham, Mahmoud (58784860500); Almajali, Wasef Ibrahim (59232228000); Ayasrah, Firas Tayseer (57216162328); Sabra, Samar (58694749800)","58480930900; 58784860500; 59232228000; 57216162328; 58694749800","From Interaction to Action: How User Input Shapes Logistics and Decisions in Jordan's E-Industry","2024","2024 25th International Arab Conference on Information Technology, ACIT 2024","","","","","","2","10.1109/ACIT62805.2024.10877225","https://www.scopus.com/pages/publications/86000002059?origin=resultslist","The main purpose of this research is to investigate how logistics affect the decision-making cascade of Jordan's e-industry through user interaction. The research investigates the impact of logistics performance through different user interaction stages, from seeking information to purchasing decisions, boosting interaction and communicating with users. Methodology: This research has followed a quantitative approach based on data collected from selected e-commerce businesses in Jordan. The research explores the effect that logistical considerations, including delivery speed, shipping accuracy, and cost efficiency combined with user experience elements, have on consumers' decision processes within a digital market space. It shows that in e-commerce, the most important factor that affects your decision-making is logistics. Making matters worse is that user interaction also mediates this relationship. Effective and transparent logistics, engaged through channels to make communication and responsiveness easy. Makes it much easier for the user to transact faster. The findings of this study could also deepen the understanding of logistics in digital industries and enhance decision-making by integrating user interaction. Practical implications. The study's findings offer practical implications for Jordan's e-commerce companies and logistics providers. This trust results in repeat purchases and improved customer experience: the service is quicker, and the results are more reliable. This work's practical contribution is in helping practitioners formulate their logistics and interaction strategies. © 2024 IEEE.","Decision-Making Process; Stock Optimization; Timely Delivery; Tracking; User Interaction","Commerce; Marketplaces; Purchasing; Sales; Decision-making process; Decisions makings; E- commerces; Logistic performance; Optimisations; Stock optimization; Timely delivery; Tracking; User input; User interaction","Conference paper","Final","","Scopus","2-s2.0-86000002059"
"Montero-Vega M.; Estrada M.; Thigulla D.T.","Montero-Vega, Mariana (59712762400); Estrada, Miquel (7102245693); Thigulla, Divya Teja (59768877300)","59712762400; 7102245693; 59768877300","Understanding the impact of socio-demographic differences on acceptance of last-mile delivery technologies: A comparative analysis","2025","Journal of Transport Geography","126","","104244","","","3","10.1016/j.jtrangeo.2025.104244","https://www.scopus.com/pages/publications/105004181881?origin=resultslist","In recent years, we have witnessed the global growth of e-commerce, which has significant implications for last-mile distribution. This study examines the impact of factors such as gender, age, urbanity level, and household size on delivery preferences, including night and weekend deliveries, parcel locker usage, and the acceptance of autonomous delivery robots (ADRs). This study presents findings from a global survey conducted across Europe, Asia, and North America of a total of 1344 responses. The survey focused on the socio-demographic characteristics of users and their preferences for last-mile logistics, including e-commerce platform usage and delivery options. The ordered logit models helped identify significant influences on consumers' delivery choices, offering insights into evolving trends in last-mile logistics and the adoption of new urban logistic initiatives. Key findings include that older individuals are less likely to prefer night deliveries, while employed respondents preferred it. Gender, while not consistently a significant factor in all delivery methods, did influence parcel locker usage and willingness to give personal data. Younger people and those in urban settings show a greater openness to ADRs. Education levels positively influence the use of parcel lockers and the use of faster delivery options. Graphical analysis shows gender-based differences in online shopping habits. The use of commercialization platforms (local shops, international marketplaces, local marketplaces) was largely similar across genders; however, it exhibited more pronounced geographical differences. The overall trend shows an average home availability of between four and five hours per day for home deliveries. The most frequent purchase are food-related products and small deliveries, like books and electronics. These findings reflect potential implications for delivery preferences. © 2025 The Authors","City logistics; Gender-gap; Last mile delivery","Asia; Europe; North America; comparative study; electronic commerce; gender disparity; logistics; robotics","Article","Final","All Open Access; Green Open Access; Hybrid Gold Open Access","Scopus","2-s2.0-105004181881"
"Bhatia G.J.","Bhatia, Gagan J. (60578627700)","60578627700","E-Commerce Category B2C: Consumer Challenges in Sustainable Online Grocery Shopping","2025","Digital Horizons: Innovating Public Administration, Engineering, and Sustainable Business","","","","187","203","0","","https://www.scopus.com/pages/publications/105035968639?origin=resultslist","Online grocery shopping in India has experienced significant growth, driven by increasing digital adoption and the ease it offers compared to traditional stores. Platforms like Bigbasket, Zepto, Amazon, and Swiggy Instamart are gaining popularity, yet this shift hasn’t been seamless for consumers. Despite extensive research on online retail, there remains a clear gap in studies that focus on the specific challenges customers face in the e-grocery space—particularly concerning delivery reliability, product quality, grievance redressal, and return policies. This study aims to bridge that gap by identifying the major pain points affecting consumers in the B2C online grocery segment and examining how these issues influence their purchase decisions. Using a descriptive cross-sectional design, data was collected from 120 respondents through convenience sampling, with a questionnaire comprising nominal and ordinal scales. Analytical tools such as the Chi-Square test and Cronbach’s Alpha were applied, revealing consistently high internal reliability and significant patterns linking service shortcomings to customer behavior. Findings indicate that unresolved complaints, unclear return systems, delivery inefficiencies, and order inaccuracies considerably impact consumer trust and loyalty. These insights could prove valuable for e-grocery businesses aiming to refine their customer service, streamline logistics, and foster long-term user satisfaction and retention. © 2026 Nova Science Publishers, Inc.  ","consumer behaviour; e-commerce category B2C; e-grocery; product delivery","Customer satisfaction; Electronic commerce; Marketplaces; Purchasing; Sales; Delivery reliability; E- commerces; E-commerce category B2C; E-grocery; Grocery shopping; Online retails; Product delivery; Products quality; Purchase decision; Return policy; Consumer behavior","Book chapter","Final","","Scopus","2-s2.0-105035968639"
"Kim H.; Woo J.; Hyun K.H.","Kim, Hwan (55148213900); Woo, Jongbum (57875212800); Hyun, Kyung Hoon (56236871600)","55148213900; 57875212800; 56236871600","PlicAR: Enhancing Online Product Evaluation and Shopping Experience through an Augmented Reality Based 3D Model Visualization Service; [PlicAR: 증강현실 기반 3D 모형 구축 기술을 통한 온라인 쇼핑 경험 증진]","2022","Archives of Design Research","35","3","","181","195","0","10.15187/adr.2022.08.35.3.181","https://www.scopus.com/pages/publications/85137289301?origin=resultslist","Background The online commerce (E-commerce) market has been growing steadily every year due to the convenience of allowing customers to purchase products without going to a brick-and mortar store. However, customers still visit offline stores to check the actual size, shape, and details of the product. In this context, augmented reality (AR) commerce using augmented reality technology is emerging as a new alternative to online and offline stores. Through several studies, AR commerce has been found to have a positive effect on the purchasing decision process of customers. However, few attempts have been conducted to understand the experience of using AR commerce services from the point of view of users, not customers. Therefore, this study finds user experience (UX) factors that AR commerce should consider supporting clear delivery of product information and users' universal shopping experience and suggests a method for improving them. Methods We collected participant opinions on AR commerce services through an online survey (sample size = 100) as a preliminary study to investigate the essential UX design components for AR commerce services. By extracting meaningful words and analyzing the word list from the participants’responses, we identified ‘3D model quality and ‘accessibility’as the essential UX components. In this respect, we developed PlicAR to enhance the AR commerce experience. Finally, an extensive online survey (sample size = 400) was conducted. It was confirmed that the experience of using PlicAR improved when compared to the existing AR commerce service. Results By comparing PlicAR and IKEA Place through the comparative experiment, ‘3D model quality’and ‘system accessibility’were revealed as unique advantages of PlicAR. From the results, it was confirmed that the improved 3D model quality and system accessibility enhanced the AR commerce experience. Conclusions In order to provide AR content, high-quality 3D model production is a prerequisite for an improved AR commerce experience. However, 3D model production requires time and resources. For this reason, such tasks can only be conducted by largely capitalized corporates. In this respect, we propose a PlicAR with a 3D model reconstruction method using neural rendering and web-based accessibility. The two key features of PlicAR allow small and medium-sized third party sellers to create and provide AR content to promote their products directly. © This is an Open Access article distributed under the terms of the Creative Commons Attribution Non-Commercial License (http://creativecommons. org/licenses/by nc/3.0/), which permits unrestricted educational and non-commercial use, provided the original work is properly cited","Ar commerce design; Automatic 3d model reconstruction; Online marketplace; Ux design","","Article","Final","All Open Access; Gold Open Access","Scopus","2-s2.0-85137289301"
"Ramineni V.; Ingole B.S.; Jayaram V.; Mehta G.; Krishnappa M.S.; Nagpal A.; Banarse A.R.","Ramineni, Vishnu (57193866408); Ingole, Balaji Shesharao (59362696700); Jayaram, Vivekananda (58978894100); Mehta, Gaurav (59720515500); Krishnappa, Manjunatha Sughaturu (59379329000); Nagpal, Akshay (59434660600); Banarse, Amey Ram (59379938900)","57193866408; 59362696700; 58978894100; 59720515500; 59379329000; 59434660600; 59379938900","Enhancing E-Commerce Accessibility Through a Novel Voice Assistant Approach for Web and Mobile Applications","2024","2024 3rd International Conference on Artificial Intelligence, Computational Electronics and Communication System, AICECS 2024","","","","","","0","10.1109/AICECS63354.2024.10956866","https://www.scopus.com/pages/publications/105004550702?origin=resultslist","As e-commerce platforms play a larger role in everyday transactions, it has grown important to ensure that users with disabilities can access them. This research introduces a new method for improving accessibility in web and mobile e-commerce applications by integrating intelligent voice assistants. The methodology utilizes natural language processing (NLP) together with machine learning techniques to facilitate navigation, product discovery, and transactions for people with visual, motor, or cognitive challenges. The system reduces the problems created by traditional graphical user interfaces (GUIs), which often restrict accessibility, by enabling users to interact with e-commerce platforms using voice commands. The study investigates the design of the voice assistant system, covering its combination with web and mobile applications, and assesses the advantages and disadvantages of voice interaction versus traditional input approaches. The user study investigates how the suggested solution performs and is usable, especially for the purpose of enhancing user experience for persons living with disabilities. The findings illustrate that the voice-based assistant greatly boosts accessibility, usability, and overall user satisfaction in multiple user groups. This research adds to the expanding literature on inclusive design for digital platforms, presenting insights into how voice technology might help close accessibility gaps in e-commerce. Future paths for improving voice interaction capabilities and broadening their use in other sectors are also part of the discussion.  © 2024 IEEE.","Accessibility Features; Cart Management; Cognitive Challenges; Command Efficiency; Command Recognition; E-commerce Accessibility; Hybrid Interfaces (Voice & Touch); Motor Impairments; Natural Language Processing (NLP); Order Management; Product Discovery; Speech Recognition; System Usability Scale (SUS); Task Completion Rates; User Satisfaction; User Study; Visual Impairments; Voice Assistants; Voice Interaction; Voice Navigation","Electronic money; Marketplaces; Mobile commerce; Speech enhancement; Speech recognition; Usability engineering; Accessibility feature; Cart management; Cognitive challenge; Command efficiency; Command recognition; E-commerce accessibility; Hybrid interface; Hybrid interface (voice & touch); Language processing; Motor impairments; Natural language processing; Natural languages; Orders management; Product discovery; System usability; System usability scale; Task completion rate; User study; Users' satisfactions; Visual impairment; Voice assistant; Voice interaction; Voice navigation; Graphical user interfaces","Conference paper","Final","","Scopus","2-s2.0-105004550702"
"Foomani M.; Awasthi A.; Alecsandru C.","Foomani, Matin (56084883100); Awasthi, Anjali (57203055159); Alecsandru, Ciprian (6507815848)","56084883100; 57203055159; 6507815848","Transportation sustainability in postal industry","2019","Sustainable City Logistics Planning: Methods and Applications. Volume 2","2","","","173","192","0","","https://www.scopus.com/pages/publications/85126074225?origin=resultslist","The mail delivery industry with conventional fossil-based complex ground and air international networks is a big sustainability criminal. However adding postal industry into the supply chain equation, with growing e-commerce in particular, may reduce the blame. Having merchandise delivered to consumers will not only bring comfort, but also reduce unnecessary trips and traffic especially in urbanized regions. On average, 22 parcels are shipped per person globally, and 2,300 parcels were shipped every second in 2017. While the consumer expectation is ""fast and free delivery,"" the service must be effective, seamless and fill up the gap between retailers and marketplaces. The ""last-mile deliveries"" are known to be one of the biggest challenges for postal services. The impact is not only to the environment and quality of life but also the business is striving to reduce costs by deployment of various technologies and initiatives. This challenge does not limit to underdeveloped countries, emerging countries also have difficulties to establish and implement alternatives to the conventional scope of fossil-based operations. This paper proposes a method to assess alternative strategies for the last-mile of parcel deliveries, in terms of social, environmental, and economic impacts and presents an application to assess the distribution strategy. The principal of sustainability will be reviewed in respect to the nature of the postal industry, then a few examples of creativity from Canadian Postal services will be briefly presented. Finally, potentials in sustainable transportation for collection, delivery and between depots will be discussed. © 2020 Nova Science Publishers, Inc.","Collection and delivery; Mail delivery services; Parcel and packet delivery; Pick ups and deliveries; Postal industry; Sustainability in postal services; Sustainable transport","","Book chapter","Final","","Scopus","2-s2.0-85126074225"
"Andy; Razaq A.; Erwin; Kristin D.M.","Andy (58000375900); Razaq, Ahmad (59562207000); Erwin (59562877900); Kristin, Desi Maya (57193380899)","58000375900; 59562207000; 59562877900; 57193380899","User Interface and User Experience Optimization in E-commerce: Exploring Factors to Increase Purchase Intention","2024","Proceedings of 2024 10th International HCI and UX Conference in Indonesia, CHIuXiD 2024","","","","1","6","1","10.1109/CHIuXiD64022.2024.10860382","https://www.scopus.com/pages/publications/85218085683?origin=resultslist","In today's digital era, e-commerce has become a crucial part of global retail, changing how consumers shop, and businesses operate. The convenience and accessibility of online shopping have made e-commerce platforms the preferred choice for millions of consumers worldwide. However, the success of these platforms depends on more than just product availability; it is deeply tied to the seamless integration of user interface (UI) and user experience (UX) design. Nearly 60% of e-commerce users abandon their shopping carts without completing their purchases, a problem caused by various factors, including user experience. Previous research has indicated that positive user experiences can increase society's willingness to make purchases. This article, which employs a qualitative descriptive approach along with a systematic literature review (SLR) methodology, aims to identify the key factors influencing UI and UX in e-commerce and their impact on consumers' purchase intentions. The information extracted from each study includes the researcher's background, problem, research gap, the purpose of the study, methodologies, research sector, country of publication, interviewee size, research model, framework, data analysis methods, variables tested, hypothesis test findings, research limitations, suggestions for future research, and recommended measures. The findings from this SLR highlight the complex nature of optimizing UI and UX in e-commerce to boost purchase intention. Ergonomics ensures the platform is user-friendly and intuitive, quality builds trust by maintaining high service and information standards, and user preference creates a personalized and engaging experience.  © 2024 IEEE.","e-commerce; purchase intention; user experience; user interface","Ergonomics; Purchasing; Sales; User experience; Commerce platforms; Digital era; E- commerces; Online shopping; Optimisations; Product availability; Purchase intention; Seamless integration; Systematic literature review; Users' experiences; Marketplaces","Conference paper","Final","","Scopus","2-s2.0-85218085683"
"Rajagopal D.","Rajagopal, Dr (23025659500)","23025659500","Architecting MexGro: introducing online experience for shopping ethnic products","2013","Emerald Emerging Markets Case Studies","3","5","","1","11","2","10.1108/EEMCS-10-2013-0196","https://www.scopus.com/pages/publications/85080988449?origin=resultslist","Subject area: Marketing plan; virtual shopping; consumer behavior. Study level/applicability: Undergraduate. Case overview: This case discusses the e-commerce plan of new online grocery company in Mexico, MexGro, which is planning to emerge as low-cost outlet as compared to the brick-and-mortar establishments in the market. MexGro is an online grocer with a round-the-clock call center to process phone-based orders and to provide customer support. The grocery online company is aimed at setting up a virtual grocery shop by the name of MexGro S.A de C.V to serve cross-cultural products to the Hispanic and Asian communities in Mexico. The MexGro, being a virtual shop, need not pay for checkout clerks; display cases, or parking lots, online grocers can drop prices below those of retail stores and remain profitable. This case explores online consumer-shopping behavior, the economics of online and offline grocery distribution, and the challenges of uniting a pure information business with a mundane package delivery service. Expected learning outcomes: This case may be discussed towards learning developing effective online marketing planning strategy for the niche markets. The specific learning objectives of the case are: to analyze the virtual marketing planning constituents for developing customer-centric marketing within a niche and explore the possibilities of sustainable business growth to encourage strategic thinking towards developing online marketing plan and develop effective communications among the consumers and to address the critical online planning issues, such as what are the prospects for grocery shopping on the internet. The case allows students to grapple with the strategic and tactical decisions on planning for the online marketing companies. Students will also become familiar with key questions/issues raised by the various executives of the company in formulating the online marketing plan for ethnic grocery in a niche business environment: the case challenges students to think about how online grocer creates the most value for customers and how grocer will likely be able to overcome the competition from the brick-and-mortar grocers. Should Wal-Mart be aggressive in launching its grocery brand? The case raises issues to debate on how the organizational and system decisions are faced by managers in developing a virtual shopping culture in Mexico as the company has the goal to move among more efficient competitors in the supermarket industry, and How the online marketing plan can be implemented within a niche. This case study would take students through the rise of a private brand to the strategies of its sustainability in the competitive marketplace. This case illustrates the importance of using new variables in developing an effective marketing plan when companies reinforce their products in the niche markets. The discussion in the case allows students an opportunity to evaluate online marketing planning and their brands in a niche as well as in a competitive marketplace. Supplementary materials: Teaching notes are available for educators only. Please contact your library to gain login details or email support@emeraldinsight.com to request teaching notes. © 2013, Emerald Group Publishing Limited.","Effective communication; Online marketing","","Article","Final","","Scopus","2-s2.0-85080988449"
"Singh S.","Singh, Satwinder (58730191600)","58730191600","UNCOVERING FACTORS INFLUENCING ONDC ADOPTION AMONG PROSPECTIVE SELLERS: A NATURAL LANGUAGE PROCESSING EXPLORATION","2023","Proceedings of International Conference on Computers and Industrial Engineering, CIE","2","","","1157","1166","0","","https://www.scopus.com/pages/publications/85184137828?origin=resultslist","The e-commerce market in India has grown quickly, and a duopoly with Amazon and Flipkart as its dominant players has emerged. These market leaders have consolidated their control via inventory-based business models, cost-cutting techniques, targeted advertising, and cutting-edge technology which directly violates the Market marketplace model, because of this, it is difficult for newcomers to the industry to have a big impact. The Open Network for Digital Commerce (ONDC) platform was created by the Department for Promotion of Industry & Internal Trade of the Government of India to address this issue and to create an equal level playing field. This private, nonprofit project with support from the government seeks to transform the e-commerce landscape in India to establish a marketplace model. The ONDC platform enables seamless online interactions and transactions between customers and sellers, independent of the app they are using, by offering open networks for e-commerce. The main determinants of the success of e-commerce platforms in India are examined in this study. The Study found the significance of online discoverability and hyperlocal search capabilities, which turned out to be important features of user profit and engagement. The study uses verbal data gathered from respondents and a Natural Language Processing – Topic Modelling and Generative Pre-trained Transformers technique to analyze and comprehend complicated consumer preferences in the e-commerce industry. © 2023 Computers and Industrial Engineering. All rights reserved.","Hyper-Local Delivery; Market-Place Model; ONDC; Online Discoverability","Competition; Electronic commerce; Natural language processing systems; Profitability; Commerce platforms; E- commerces; Hyper-local delivery; Local delivery; Market place; Market-place model; Natural languages; Online discoverability; Open network; Open network for digital commerce; Modeling languages","Conference paper","Final","","Scopus","2-s2.0-85184137828"
"Lim G.G.; Park S.H.; Kim J.","Lim, Gyoo Gun (7101940057); Park, Soo Hyun (55717197300); Kim, Jinhwa (23389788500)","7101940057; 55717197300; 23389788500","Modeling of the b-cart based agent system in B2B EC","2005","Lecture Notes in Artificial Intelligence (Subseries of Lecture Notes in Computer Science)","3398","","","279","288","2","10.1007/978-3-540-30585-9_31","https://www.scopus.com/pages/publications/26844552160?origin=resultslist","In B2B EC area, the need for agent based system for desktop purchasing is increasing. To simulate agent based B2B e-Commerce, we model the b-cart based B2B agent framework. B-cart implies a buyer's shopping cart which a buyer carries to the seller's sites. The modeled system is designed to provide an effective architecture for employee's direct desktop purchasing from external sellers' e-marketplaces. In this paper, we propose the thirteen features of b-cart based agent system in B2B EC; Identification, User Dialog, Collection, Trashing, Individual Purchase Decision Support, Organizational Purchase Decision Support, Negotiation, Ordering, Payment, Tracking, Recording, Record Transmission, Knowledge Maintenance. Based on these features, we design the buying process, the system architecture, and message interfaces. We simulate the effect of the system by making a performance evaluation model. From this research we show a possibility and efficiency of the b-cart based agent system. © Springer-Verlag Berlin Heidelberg 2005.","","Computer simulation; Interfaces (computer); Mathematical models; Personnel; Purchasing; B-cart based agent system; B2B e-Commerce; Desktop purchasing; Trashing; Electronic commerce","Conference paper","Final","","Scopus","2-s2.0-26844552160"
"Tafakkori K.; Tavakkoli-Moghaddam R.; Siadat A.","Tafakkori, Keivan (57219028657); Tavakkoli-Moghaddam, Reza (57207533714); Siadat, Ali (24438293900)","57219028657; 57207533714; 24438293900","A data-driven sustainable scheduling model for dispatch-steerable last-mile delivery systems with negotiable time windows","2025","Engineering Applications of Artificial Intelligence","156","","111280","","","2","10.1016/j.engappai.2025.111280","https://www.scopus.com/pages/publications/105007003362?origin=resultslist","With the surge in e-commerce, last-mile delivery (LMD) faces challenges in meeting the dynamic arrival of large-scale customer demand. Existing research considers traditional, static, single or two-echelon, and inflexible vehicle routing-based dispatch strategies, yielding inefficiencies while the sustainability impacts remain unclear. This paper proposes a novel tri-objective mathematical model for dispatch-steerability in sustainable LMD systems by integrating insourced and crowdsourced transport modes with heterogeneous capacities. Deliveries originate from main dispatch points (MDPs) or dynamically generated alternative dispatch points (ADPs), adapting to stakeholder, driver, and customer preferences via negotiable timing through temporary rejections or incentives. The model optimizes economic efficiency (minimizing routing, rejection, and negotiation costs), environmental impact (reducing underutilization of transport modes), and social responsibility (balancing driver workload and just-in-time deliveries). A data-driven density-based spatial clustering of applications with noise (DBSCAN) algorithm identifies ADP locations, enhancing the adaptability of the decisions. Scalability is achieved via a rolling horizon strategy, an improved augmented epsilon-constraint method, and multi-objective meta-heuristics, including a genetic algorithm (GA) and simulated annealing (SA) featuring an archive and grid mechanism with a tailored representation scheme. Results show a 200 % increase in Pareto-optimal solutions as demand rises, and that a dispatch steerable LMD system with ADPs offers 150 % more diverse delivery options than MDP-only systems. Pareto surface analysis underscores LMD adaptation trends and the need for multi-criteria decision-making in sustainable LMD systems. © 2025 The Authors","Last-mile delivery; Machine learning; Meta-heuristics; Multi-objective programming; Order acceptance scheduling; Sustainability","Cluster analysis; Decision making; Marketplaces; Multi-task learning; Multiobjective optimization; Multiprogramming; Data driven; Delivery systems; Last mile; Last-mile delivery; Machine-learning; Metaheuristic; Multiobjective programming; Order acceptance; Order acceptance scheduling; Transport modes; Simulated annealing","Article","Final","All Open Access; Hybrid Gold Open Access","Scopus","2-s2.0-105007003362"
"Kumar A.; Gupta S.; Sahu A.; Kant M.","Kumar, Aditya (57226020659); Gupta, Sneh (57879146300); Sahu, Ankit (57227127300); Kant, Mayank (57879465600)","57226020659; 57879146300; 57227127300; 57879465600","Deriving Customer Experience Implicitly from Social Media","2022","WWW 2022 - Companion Proceedings of the Web Conference 2022","","","","131","135","2","10.1145/3487553.3524219","https://www.scopus.com/pages/publications/85137437892?origin=resultslist","Organizations that focus on maximizing satisfaction, a consistent and seamless experience throughout the entire customer journey are the ones who dominate the market. Net Promoter Score (NPS) is a widely accepted metric to measure the customer experience, and the most common way to calculate it to date is by conducting a survey. But this comes with a bottleneck. The whole process can be costly, low-sample, responder-biased, and issues could be limited to the questionnaire used for the survey. We have devised a mechanism to approximate it implicitly from the mentions extracted from the four major social media platforms - Twitter, Facebook, Instagram, and YouTube. Our Data Cleaning pipeline discards the viral and promotional content (from brands, sellers, marketplaces, or public figures), and the Machine Learning pipeline captures the different customer journey nodes specific to e-commerce (like discovery, delivery, pricing) with their appropriate sentiment. Since the framework is generic and relies only on publicly available social media data, any organization can estimate its NPS after making suitable adjustments depending on the industry and geography. Our NPS model has a Mean absolute percentage error (MAPE) of 1.9%, Pearson correlation of 79%, and enables us to understand the actual drivers at the weekly level.  © 2022 ACM.","Aspect-based sentiment analysis (ABSA); Customer Experience; E-Commerce; Ensembles; Information Extraction (IE); Machine Learning (ML); Natural Language Processing (NLP); Net Promoter Score (NPS); Social Media; Transformer-based model - T5; XGBoost","Correlation methods; Customer satisfaction; Electronic commerce; Learning algorithms; Sales; Sentiment analysis; Social networking (online); Surveys; Aspect-based sentiment analyse; Customer experience; Ensemble; Information extraction; Language processing; Machine learning; Machine-learning; Natural language processing; Natural languages; Net promoter score; Sentiment analysis; Social media; Transformer-based model - t5; Xgboost; Pipelines","Conference paper","Final","All Open Access; Bronze Open Access","Scopus","2-s2.0-85137437892"
"Pal A.; Singh U.P.; Kumar A.","Pal, Abhimanyu (58481915800); Singh, Upendra Pratap (57203063804); Kumar, Ashish (58073139200)","58481915800; 57203063804; 58073139200","INVESTIGATING THE DETERMINANTS OF ONLINE SHOPPING REPURCHASE INTENTION IN GENERATION Z CUSTOMERS IN INDIA: AN EXPLORATORY STUDY","2024","Interdisciplinary Journal of Information, Knowledge, and Management","19","","33","1","10","1","10.28945/5389","https://www.scopus.com/pages/publications/85209248978?origin=resultslist","Aim/Purpose This study investigates the factors that affect the repurchase intentions of Generation Z consumers in India’s online shopping industry, focusing on combining the Expectation-Confirmation Model (ECM) and Extended Technology Acceptance Model (E-TAM). The aim is to understand the intricate behaviors that shape technology adoption and sustained usage, which are essential for retaining customers in e-commerce. Background Social media and other online platforms have significantly influenced daily life and become essential communication tools owing to technological advancements. Online shopping is no exception, offering a range of product choices, information, and convenience compared with traditional commerce. Indian retailers recognize this trend as an opportunity to promote their brands through e-shopping platforms, leading to increased competition. Generation Z comprises 32% of the world’s population and is a significant emerging customer base in India. Numerous studies have been conducted to study customers’ repurchase intention in the online shopping domain, but few studies have explicitly focused on Generation Z as a customer base. This study aims to comprehensively understand the topic and investigate the variables that impact consumers’ online repurchase intention by examining their post-adoption behavioral processes. Methodology The study employed a quantitative research design with structural equation modeling using AMOS to analyze responses from 410 participants. This method thoroughly examined hypotheses regarding factors affecting repurchase intention (security, ease of use, privacy, and internet self-efficacy) and the mediating role of e-satisfaction. Contribution This study makes a unique contribution to the field of e-commerce by focusing on Generation Z in India, a rapidly growing demographic in the e-commerce industry. The results on the mediating role of e-satisfaction have significant implications for e-retailers seeking to enhance customer retention strategies and gain a competitive edge in the market. Findings The research findings underscore the significant influence of security, ease of use, and internet self-efficacy on repurchase intentions, with e-satisfaction playing a pivotal role as a mediating factor. Notably, while privacy concerns did not directly impact repurchase intentions, they displayed considerable influence when mediated by e-satisfaction, highlighting the intricate interplay between these variables in the context of online shopping, which is the unique finding of this study. Recommendations This study has several significant implications for practitioners. Effectively ad-for Practitioners dressing computer-related individual differences, such as computer self-efficacy, is crucial for boosting online customers’ repurchase intention. For instance, if an e-retailer intends to target Generation Z customers, they should collaborate with IT professionals and develop various computer literacy programs on online streaming platforms, such as YouTube. These programs will enhance target customers’ confidence in online shopping portals and increase their online repeat purchases. Additionally, practitioners should strive to improve the online shopping experience by making the portal user-friendly. Generation Z is accustomed to a fast Internet experience, so they prefer that the process of completing online transactions is swift with fewer clicks. The search for products, payments, and redress should not be tedious. Furthermore, the primary objective of the e-retailer should be to satisfy customers, as satisfied customers repeat their purchases and increase overall profitability. Recommendations The current study was conducted in the Delhi-NCR region of India, and its for Researchers findings could serve as a basis for future research. For instance, the scale devised in this study could be utilized to examine the impact of cash-on-delivery as a payment method on purchase intention across the country. Alternatively, a comparative analysis could be conducted to compare cash-on-delivery effects in various countries. Impact on Society The study’s findings enable stakeholders in the online shopping industry to comprehend the post-adoption behavior of Generation Z users and augment existing literature by establishing a correlation between determinants that impact repurchase intention and e-satisfaction, which serves as a mediator. Future Research This study examines the factors that impact the propensity of Generation Z shoppers to engage in repeat online purchases. This study focuses on India, where the Generation Y (millennial) customer base is also substantial within the online shopping market. Future research could compare the shopping habits of Generation Z and Generation Y customers, as the latter may place greater importance on privacy and security. Additional studies could broaden the scope of this research and explore the comparative viewpoints of both generations. Also, it would be advantageous to conduct in-depth interviews and longitudinal studies to acquire a more in-depth comprehension of the evolving digitalization of shopping. © 2024 Informing Science Institute. All rights reserved.","e-commerce; e-satisfaction; ease of use; Generation Z; internet self-efficacy; privacy concerns; repurchase intention; security","Commerce; Competition; Customer satisfaction; Differential privacy; Marketplaces; Customerbase; E- commerces; E-satisfaction; Ease-of-use; Generation Z; Internet self-efficacy; Online shopping; Privacy concerns; Repurchase intention; Security; Sales","Article","Final","All Open Access; Gold Open Access","Scopus","2-s2.0-85209248978"
"Tian X.; Yan B.; Zhou X.; Yan Y.","Tian, Xin (58678497400); Yan, Bochao (58061092000); Zhou, Xiaohui (59900112500); Yan, Yinyun (59170622100)","58678497400; 58061092000; 59900112500; 59170622100","Impact of logistics delivery performance on consumers’ future purchase behavior: Evidence from an e-commerce platform in China","2025","Electronic Commerce Research and Applications","72","","101509","","","4","10.1016/j.elerap.2025.101509","https://www.scopus.com/pages/publications/105005255735?origin=resultslist","Logistics plays a crucial role in the operations of e-commerce platforms, but few studies have directly investigated its influence on consumer purchase frequency. While some research indicates a significant positive relationship between logistics performance and consumer satisfaction, relying solely on satisfaction scores to predict future purchasing behavior may lead to the “customer satisfaction trap.” This study empirically examines the impact of logistics performance on consumer purchase frequency using data from e-commerce platforms specializing in cross-border luxury goods. Leveraging detailed consumer purchase data, we circumvent the pitfalls of the “customer satisfaction trap.” Our analysis reveals surprising insights into how cross-border shipping times affect future purchasing behavior and how the rigorous quality inspection processes for luxury goods influence consumer decisions. By linking consumer order records with logistics completion and merchant processing efficiency, we uncover the nuanced effects of logistics performance on consumer behavior. Our findings suggest that delivery delays and extended transit times negatively impact purchase frequency, particularly when coupled with increased shipping costs, although this negative effect is somewhat attenuated in the context of cross-border shipping. Intriguingly, we observe a positive relationship between increased order processing time and consumer purchase frequency, indicating that consumers prioritize quality assurance, even if it entails longer wait times for product inspection. © 2025 Elsevier B.V.","Cross-border e-commerce; Instrumental variable regression; Logistics tracking; Order processing times; Purchase behavior; Shipment delay","Consumer behavior; Customer satisfaction; Damage detection; Electronic money; Failure analysis; Linear regression; Mobile commerce; Negative bias temperature instability; Reliability analysis; Sales; Consumer purchase; Cross-border; Cross-border e-commerce; E- commerces; Instrumental variable regression; Instrumental variables; Logistic tracking; Order processing time; Purchase behavior; Shipment delay; Marketplaces","Article","Final","","Scopus","2-s2.0-105005255735"
"Cheng H.","Cheng, Haoyu (59561333200)","59561333200","Supply Chain Management and Influencing Factors Based on E-commerce Delivery Data","2025","Proceedings of 2024 5th International Conference on Computer Science and Management Technology, ICCSMT 2024","","","","14","19","0","10.1145/3708036.3708039","https://www.scopus.com/pages/publications/85218007262?origin=resultslist","This paper examines the impact of e-commerce on supply chain management by analyzing delivery times and generating insights for consumer preferences and product prioritization for suppliers.Utilizing datasets from a ten-day period in 2021, the research employs regression modeling and machine learning to evaluate and predict delivery performance across various factors.Insights derived from this analysis aim to optimize e-commerce operations and improve consumer experiences by identifying strategic improvements in delivery processes. © 2024 Copyright held by the owner/author(s). Publication rights licensed to ACM.","Consumer preferences; Delivery times; E-commerce operations","Chain management; Consumers' preferences; Delivery performance; Delivery time; E- commerces; E-commerce operations; Machine-learning; Model learning; Prioritization; Regression modelling; Marketplaces","Conference paper","Final","All Open Access; Gold Open Access","Scopus","2-s2.0-85218007262"
"Putra A.H.P.K.","Putra, Aditya Halim Perdana Kusuma (57205115491)","57205115491","Learning from the Past Bridging Digital and Physical Markets: A Guidelines for Future Research Agenda of Online-to-Offline (O2O) Marketing Strategy","2024","International Review of Management and Marketing","14","3","","82","96","5","10.32479/irmm.16145","https://www.scopus.com/pages/publications/85194164251?origin=resultslist","This bibliometric study comprehensively analyses the scholarly landscape surrounding Online-to-Offline (O2O) commerce from 2006 to 2023. Through a systematic review of existing literature with a bibliometric analysis approach, this research identifies pivotal themes, methodologies, and findings that characterize the evolution and impact of O2O strategies across various sectors. The study begins by tracing the conceptual foundation of O2O commerce, emphasizing its role in integrating digital and physical consumer experiences in response to the changing dynamics of consumer behaviour and market demands. It highlights the strategic adoption of O2O models by e-commerce entities and brick-and-mortar stores, aiming to create a seamless shopping journey by leveraging the strengths of both online and offline platforms. The analysis focuses on the strategic implications for businesses, including the decision-making processes regarding market coverage, delivery costs, and inventory management to enhance profitability and sustainability. The research further delves into consumer behaviour, examining factors influencing the preference for online or offline purchasing, such as demographic characteristics, product types, price levels, and perceived service quality. The findings reveal a dynamic evolution of O2O strategies, underpinned by a growing emphasis on customer engagement, technological innovation, and the strategic management of online and offline synergies. The research underscores the transformative potential of O2O commerce in bridging the gap between digital and physical marketplaces, enhancing consumer experiences, and fostering sustainable business practices. In conclusion, this bibliometric study sheds light on the multifaceted dimensions of O2O commerce, offering valuable insights for academics, practitioners, and policymakers interested in the strategic integration of digital and physical retail environments. It calls for continued research and innovation to harness the full potential of O2O models in meeting the complex needs of consumers and businesses in the digital era. © 2024, Econjournals. All rights reserved.","Bibliometric Analysis; Consumer Behavior; Digital Marketing; E-commerce Strategies; Market Integration; Online-to-Offline (O2O) Commerce; Retail Innovation","","Article","Final","All Open Access; Gold Open Access","Scopus","2-s2.0-85194164251"
"Sari A.; Ramelan M.R.; Safitri D.; Inas N.","Sari, Aida (57469977900); Ramelan, Mudji Rachmat (57469611400); Safitri, Dina (57469611500); Inas, Nuzul (57469124200)","57469977900; 57469611400; 57469611500; 57469124200","Trust Perception and Payment Method on Marketplace in Indonesia (Study on Shopee)","2022","WSEAS Transactions on Business and Economics","19","","","62","73","2","10.37394/23207.2022.19.7","https://www.scopus.com/pages/publications/85125389006?origin=resultslist","The rapid development of e-commerce in Indonesia has led to the emergence of competition. One of the e-commerce platforms that is aggressive in promoting and widely used by Indonesian consumers is Shopee. Shopee conducts promotions in Indonesia to bring new shopping experiences to facilitate easy sales and provide shoppers with secure payment processes and integrated logistics arrangements.The research purpose is to determine reputation’s effect, privacy, size, safeguard, web familiarity, and ease in creating a positive effect on confidence; and trust variable will have a positive effect on payment methods using the electronic payment system (EPS), credit cards and cash on delivery on product purchases at online shops in Indonesia. The research methodology uses quantitative methods with a cross-sectional research design by distributing questionnaires online with a Google Form, with 248 respondents. The study led to the findings of the perceptions of trust significantly influenced by security, benefits, and convenience, while reputation, privacy, size, and web familiarization do not affect trust. Furthermore, trust affects the electronic payment method (EPS), credit card, and cash on delivery. The limitation of the study is in the sampling method which covers not all regions in Indonesia. Contribution: as a company, Shopee should maintain security, the benefits, and convenience to develop strategies using electronic payment methods. © 2022, World Scientific and Engineering Academy and Society. All rights reserved.","E-commerce; Online Shop; Trust and method of payment","","Article","Final","All Open Access; Gold Open Access","Scopus","2-s2.0-85125389006"
"Olarinde E.S.; Anwana E.O.; Idem U.J.","Olarinde, Elisabeta Smaranda (6504082880); Anwana, Emem O. (57219208414); Idem, Udosen Jacob (58140316800)","6504082880; 57219208414; 58140316800","E-commerce and e-health in Nigeria: Prospects and Challenges of Effective Legislative Framework for Sustainable Development","2024","2024 International Conference on Decision Aid Sciences and Applications, DASA 2024","","","","","","0","10.1109/DASA63652.2024.10836439","https://www.scopus.com/pages/publications/85217209007?origin=resultslist","The rapid advancement of technology has significantly impacted global transactions, with e-commerce driving economic growth in Nigeria. Despite this progress, Nigeria's healthcare sector struggles with inadequate services, more especially in rural areas. E-health solutions offer a promising avenue to improve healthcare delivery and access. Still, their successful implementation faces challenges, such as the need for a robust legislative framework and effective integration with existing healthcare systems. This paper adopts a doctrinal and desktop content analysis approach. It examines existing literature and legal frameworks governing e-commerce and e-health in Nigeria, highlighting the importance of an enabling legal framework. Such a framework could address the challenges and unlock the potential of e-health and e-commerce to drive economic growth, improve healthcare outcomes, and enhance the overall well-being of Nigerians, particularly in achieving the United Nations (UN) Sustainable Development Goals (SDGs) 1 (no poverty), 3 (good health and well-being), and 8 (decent work and economic growth).  © 2024 IEEE.","e-commerce; e-health; legislative framework; Nigeria; SDGs; sustainable development; technology","Marketplaces; Sustainable development goals; E health; E- commerces; Economic growths; Ehealth; Healthcare sectors; Legal frameworks; Legislative frameworks; Nigeria; Technology; Well being; Electronic health record","Conference paper","Final","","Scopus","2-s2.0-85217209007"
"Mitrea I.A.; Zenezini G.; De Marco A.; Ottaviani F.M.; Delmastro T.; Botta C.","Mitrea, Ionut Alexandru (57219604028); Zenezini, Giovanni (57188725218); De Marco, Alberto (57206895554); Ottaviani, Filippo Maria (57219132458); Delmastro, Tiziana (56856744000); Botta, Cristiana (57219599400)","57219604028; 57188725218; 57206895554; 57219132458; 56856744000; 57219599400","Estimating e-Consumers' Attitude towards Parcel Locker Usage","2020","Proceedings - 2020 IEEE 44th Annual Computers, Software, and Applications Conference, COMPSAC 2020","","","9202738","1731","1736","19","10.1109/COMPSAC48688.2020.000-5","https://www.scopus.com/pages/publications/85094111867?origin=resultslist","The widespread diffusion of the online channel in the retail marketplace is impacting modern society considerably in recent years. Given the growing demand, Business to Consumer (B2C) e-commerce entails a much higher complexity of the delivery process due to significant fragmentation of parcel shipments in the last mile, especially in urban areas, where traffic and congestion problems are arising together with environmental issues. All these aspects rise interest not only from companies - which strive to maintain a high target service level for their customers - but also for public administrations, that aim to foresee the implications of this phenomenon. In this context, the purpose of the study is to investigate the potential of an alternative solution to the traditional home delivery, namely the self-collection delivery service through automated parcel lockers. The research study is based on data gathered from an online survey submitted to a sample of residents living in the metropolitan city of Turin, Italy. The potential of parcel lockers to capture the actual demand will be assessed to determine the feasibility of the delivery solution under consideration. © 2020 IEEE.","City Logistics; E-freight; Online Consumers; Parcel Locker; Survey","Public administration; Traffic congestion; Alternative solutions; Business to consumer (B2C) E commerces; Congestion problem; Delivery service; Environmental issues; Metropolitan cities; Research studies; Retail marketplace; Application programs","Conference paper","Final","","Scopus","2-s2.0-85094111867"
"Gupta A.; Jha D.","Gupta, Aryan (59997443300); Jha, Deepak (57867012500)","59997443300; 57867012500","The Rise of Quick Commerce: Redefining Retail Through Digital Innovation and Sustainable Practices","2025","Sustainable Digitalization Strategies in Business and Healthcare","","","","93","115","2","10.4018/979-8-3373-5087-5.ch004","https://www.scopus.com/pages/publications/105010660934?origin=resultslist","There has been a sea change in retail with the new wave of consumers who are looking to get instant access to products, which is leading to Q- commerce. Q- commerce can be defined as Quick Commerce, a means through which retailers/retailing can attempt to be different by delivering products within a minute. This chapter is an elaboration of how Q- commerce affects consumer behaviour and retail strategies. The COVID- 19 pandemic really speeded up the transition from traditional retail to e- commerce and placed convenience at a new standard that challenges traditional retailing practices.In that regard, technological developments are the bedrock of Q- commerce, but at the same time, operational efficiency is enhanced through artificial intelligence, real- time analytics, and well- improved logistics. While delivery becomes faster through innovations, increasing customer loyalty, it creates ethical and sustainability concerns. The section highlights how the retailers should align rapid growth with responsible practices to manage the adverse environmental effects caused by fast delivery. Copyright © 2025 by IGI Global Scientific Publishing. All rights reserved.","","Artificial intelligence; Consumer behavior; Electronic commerce; Marketplaces; Sustainable development; Customer loyalty; Digital innovations; E- commerces; Innovation practices; Operational efficiencies; Rapid growth; Real-time analytics; Sustainable practices; Technological development; Sales","Book chapter","Final","","Scopus","2-s2.0-105010660934"
"Singh A.; Bothra V.; Sen A.; Chakraborty D.","Singh, Amrit (60094851300); Bothra, Vansh (60094482000); Sen, Anirban (57194042879); Chakraborty, Dipanjan (7102946987)","60094851300; 60094482000; 57194042879; 7102946987","Navigating the Digital Marketplace: Understanding the E-Commerce Adoption Journey of Emergent Users in India","2025","Proceedings of the ACM on Human-Computer Interaction","9","5","MHCI022","","","2","10.1145/3743728","https://www.scopus.com/pages/publications/105015449909?origin=resultslist","Despite rapid mobile and Internet penetration in India, e-commerce adoption remains slow among emergent users. In this paper, we conduct a mixed-method study involving a two-phase user study and an analysis of app reviews posted on app stores. The findings reveal that emergent users often replicate offline shopping behaviours in digital contexts, struggle with product search and filtering, and prefer cash-on-delivery due to distrust in online payments. Many users misinterpret rating systems and lack confidence in post-purchase processes, further deterring adoption. Our research underscores the need for intuitive design, clearer communication of platform features, and trust-building mechanisms to enhance user engagement with e-commerce. We propose design recommendations to make e-commerce platforms more accessible, addressing the specific needs of this user group. © 2025 Copyright held by the owner/author(s)","E-commerce; emergent users; mobile applications; usability study; user experience","Human computer interaction; Human engineering; Information systems; Information use; Mobile applications; Mobile computing; Online systems; Purchasing; User experience; User interfaces; Digital marketplace; E- commerces; E-commerce adoption; Emergent user; Mixed method; Mobile applications; Two phase; Usability studies; User study; Users' experiences; Mobile commerce","Article","Final","All Open Access; Hybrid Gold Open Access","Scopus","2-s2.0-105015449909"
"He P.; Wen J.; Ye S.; Li Z.","He, Ping (36138563300); Wen, Jiaying (57219199460); Ye, Shun (55502960800); Li, Zhaoqiong (36617899500)","36138563300; 57219199460; 55502960800; 36617899500","Logistics service sharing and competition in a dual-channel e-commerce supply chain","2020","Computers and Industrial Engineering","149","","106849","","","84","10.1016/j.cie.2020.106849","https://www.scopus.com/pages/publications/85091624876?origin=resultslist","Logistics service plays an increasingly important role in e-commerce business. Logistics service sharing (LSS) among e-commerce firms provides more consumers with better service experience, but gives rise to new competition problem. In this paper, we study the LSS and the resulting competition problem in a dual-channel e-commerce supply chain consisting of a manufacturer and a retailer. The manufacturer wholesales products to the retailer who then retails them to consumers, and the manufacturer simultaneously sells the same products to consumers directly. The retailer owns superior logistics service resource, which can be shared with the manufacturer. We model two cases: without LSS and with LSS. For each case, we model the competition problem in this supply chain as a Stackelberg game, where the retailer acts as the leader and the manufacturer acts as the follower. Optimal decisions and profits of each firm as well as consumer surplus and social welfare in each case are provided. We find that compared to the case without LSS, in the case with LSS, the manufacturer's retail price always increases, but the retailer's retail price may increase or decrease, depending on the price of the shared logistics service. The profit change of the two firms also depends on the price of the shared logistics service. It is found that the two firms can be Pareto improved by LSS if this price lies in a certain range, which shrinks when the competition intensity increases. The social welfare with LSS will be greater than that without LSS when the price of the shared logistics service is less than a threshold. © 2020 Elsevier Ltd","Competition intensity; Delivery time; E-commerce; Logistics service sharing; Supply chain management","Competition; Electronic commerce; Manufacture; Profitability; Sales; Supply chains; Consumer surplus; Dual channel; E-commerce business; Logistics services; Optimal decisions; Service experience; Social welfare; Stackelberg Games; Service industry","Article","Final","","Scopus","2-s2.0-85091624876"
"Hofmann A.; Gwinner F.; Fuchs K.; Winkelmann A.","Hofmann, Adrian (57213149924); Gwinner, Fabian (57220836184); Fuchs, Kevin (57221355978); Winkelmann, Axel (22235897000)","57213149924; 57220836184; 57221355978; 22235897000","An industry-agnostic approach for the prediction of return shipments","2020","26th Americas Conference on Information Systems, AMCIS 2020","","","","","","4","","https://www.scopus.com/pages/publications/85097708426?origin=resultslist","Return shipments are a major problem in E-commerce not only economically for the companies selling the products, but also for the environment. We introduce a universally applicable Decision Support System (DSS) for the prediction of product returns. Most of the prediction algorithms used in the research were developed on datasets with high return rates and are product feature centric. However, these algorithms work best for fast-moving products with many features that can be found in the fashion industry. We tackle these challenges by using Design Science Research (DSR) to develop a prediction mechanism based on the current shopping cart of a customer. Using a dataset from a German technical wholesale company, we validate and demonstrate our approach. Thus, we identify consumption patterns within fulfillment datasets containing a low product return rate at sufficient accuracy. This allows supplying a broader industry with prediction algorithms that have low return rates. © 2020 26th Americas Conference on Information Systems, AMCIS 2020. All rights reserved.","Decision Support Systems; E-Commerce; Machine Learning; Prediction; Product Returns","Decision support systems; Information systems; Information use; Ships; Consumption patterns; Decision support system (dss); Design science researches (DSR); Fashion industry; Fast moving products; Prediction algorithms; Prediction mechanisms; Product feature; Forecasting","Conference paper","Final","","Scopus","2-s2.0-85097708426"
"Ratnapriya P.; Amrita K.; Pal P.; Seth I.; Pandey M.C.","Ratnapriya, Pratayaksha (59704076700); Amrita, Km (59703090800); Pal, Pooja (59703282200); Seth, Ishika (59703484600); Pandey, Manik Chandra (58930076400)","59704076700; 59703090800; 59703282200; 59703484600; 58930076400","Electronic - Commerce - Opportunites and Challenges in India","2024","Proceedings - IEEE 2024 1st International Conference on Advances in Computing, Communication and Networking, ICAC2N 2024","","","","830","833","0","10.1109/ICAC2N63387.2024.10895935","https://www.scopus.com/pages/publications/105000643639?origin=resultslist","The rapid growth of e-commerce has revolutionized business operations. Succeeding in the digital age requires efficient, scalable e-commerce platforms. This abstract summarizes an-e-commerce website-developed with the-MERN-stack: MongoDB, Express.js,-React,-and Node.js. This powerful, widely adopted technology stack supports full-stack web applications. It features a product catalog, user authentication, shopping cart functionality, order processing, and payment integration. The MERN stack's versatility allows developers to create dynamic, responsive user interfaces with React on the client side, while Node.js provides scalability and flexibility on the server side. © 2024 IEEE.","E-commerce; Inventory Management; Node.js; Product Listing; Shipping & Delivery; Shopping Cart; Stripe; Web Development","Commerce; Inventory control; Product development; Scalability; Web Design; E- commerces; Inventory management; Js; Node.; Product listing; Rapid growth; Shipping & delivery; Shopping carts; Stripe; Web development; Marketplaces","Conference paper","Final","","Scopus","2-s2.0-105000643639"
"Pasaribu F.; Sari W.P.; Ni Bulan T.R.; Astuty W.","Pasaribu, Fajar (57190028998); Sari, Warsani Purnama (57214222101); Ni Bulan, Tapi Rondang (57887722200); Astuty, Widia (57192807907)","57190028998; 57214222101; 57887722200; 57192807907","The effect of e-commerce service quality on customer satisfaction, trust and loyalty","2022","International Journal of Data and Network Science","6","4","","1077","1084","28","10.5267/j.ijdns.2022.8.001","https://www.scopus.com/pages/publications/85137890427?origin=resultslist","This study aims to explain the effect of service quality on satisfaction, service quality on trust, service quality on loyalty, satisfaction on loyalty and trust on loyalty. The population in this study are all consumers who have made transactions at an Indonesian marketplace, Shopee.co.id. The number of respondents used as a sample is 300 respondents. The results showed a significant influence between variables in the four interaction effects, namely service quality on satisfaction, service quality on trust, satisfaction with loyalty, and trust in loyalty. Meanwhile the insignificant effect was service quality on loyalty, the results of the total effect calculation also showed that Trust is a mediating variable between service quality and loyalty. marketing stimuli that can be carried out include maintaining cash on delivery services to increase customer trust, optimizing customer satisfaction through service improvement, providing more organized information so that consumers are easier and more comfortable in transacting, providing a 'tracking order' stage for customers, so that customers can monitor the progress of product orders. For further research, it is hoped that it can develop more variables under study and make comparisons of other e-commerce both in Indonesia and internationally. © 2022 by the authors; licensee Growing Science, Canada.","Customer loyalty; Customer satisfaction; Customer trust; Service quality","","Article","Final","All Open Access; Gold Open Access; Green Open Access","Scopus","2-s2.0-85137890427"
"Zou H.","Zou, Hefeng (59352883400)","59352883400","Simulation and Optimization System of Automated E-Commerce Logistics Warehouse Allocation Network Based on Intelligent Algorithm","2024","Procedia Computer Science","243","","","100","107","2","10.1016/j.procs.2024.09.014","https://www.scopus.com/pages/publications/85211382919?origin=resultslist","The prosperity of e-commerce has made our lives more convenient, but the logistics behind it has been silently paying. The e-commerce industry is expanding at an unprecedented rate, and with it comes explosive growth in logistics demand, especially in the warehouse distribution link. In order to meet this demand, the warehouse distribution system needs to be improved both in terms of technology and efficiency. This rapid development also brings a series of problems. First of all is the problem of logistics congestion. Due to the surge in orders, especially during peak shopping periods, logistics centers are often under great pressure. This not only affects the speed of delivery, but can also lead to damage or loss of goods. The purpose of this paper is to find an effective method to optimize the logistics warehouse allocation system of e-commerce, and to provide an efficient and reliable logistics optimization scheme for e-commerce enterprises. In this paper, data analysis and simulation methods are used to analyze. The experimental results show that PSO has the largest improvement in the order clerk operation efficiency (13%) and the smallest improvement in the order status (1%). © 2024 The Authors.","E-commerce logistics; intelligent algorithm; simulation optimization; system architecture; warehouse allocation network","Efficiency; E- commerces; E-commerce logistic; Intelligent Algorithms; Network-based; Optimization system; Simulation and optimization; Simulation optimization; Simulation systems; Systems architecture; Warehouse allocation network; Marketplaces","Conference paper","Final","All Open Access; Gold Open Access","Scopus","2-s2.0-85211382919"
"Jain S.; Jain B.","Jain, Sapna (59926085600); Jain, Bhupendra (60320630500)","59926085600; 60320630500","Navigating Virtual Finance: Expert Accounting and Tax Advice for Remote and Metaverse-Based Businesses","2026","Enterprise Metaverse: Crafting Competitive Advantage in Virtual Realities","","","","189","214","0","10.1108/978-1-83708-250-620251012","https://www.scopus.com/pages/publications/105029335529?origin=resultslist","This chapter analyzes the ever-changing finance management challenges presented to virtual firms operating in distant and digital-first settings, such as new entrants into the metaverse. Remote work and freelancing, accelerating e-commerce, and digital start-ups are taking businesses into newer client engagements, service delivery, and the global marketplace without physical boundaries. However, virtual companies create unusual financial dilemmas, such as uneven cash inflows, tax liabilities in more than one country, and modified accounting standards. Consider freelancers and e-commerce vendors as well as most businesses in the metaverse: revenues often are highly seasonable, dependent on the supply of customers, and project-based; such volatility creates increasingly precarious fluid cash management and budgeting. A business that does not have a fixed geographic location raises very complex tax issues since businesses easily create a “tax nexus” with several jurisdictions, both domestic and international. Businesses operating in the metaverse are likely to introduce novel tax and regulatory questions. For example, Goods and Service Tax on virtual assets, virtual goods, and some implications of income tax on virtual transactions. Thus, a host of rules that run the gamut from state to global obligations often align with tax compliance to avert threats of penalties and guarantee financial sustainability. It further enlists the necessity for cloud-based accounting tools as well as digital financial management for remote and metaverse-based businesses. As far as virtual and augmented environments are concerned, automation and digital solutions such as QuickBooks, Xero, or even blockchain enable easy tracking of inflow and outflow, automated invoicing, and financial reporting and accounting. © 2026 Surabhi Singh and Anjali Rai.","And digital economy; Cloud-based accounting; Global compliance; Metaverse; Transactions; Virtual business finance","Electronic commerce; Product liability; Taxation; Virtual reality; And digital economy; Business finance; Cloud-based; Cloud-based accounting; Digital economy; E- commerces; Global compliance; Metaverses; Transaction; Virtual business finance; Virtual corporation","Book chapter","Final","","Scopus","2-s2.0-105029335529"
"Kalifa D.; Singer U.; Guy I.; Rosin G.D.; Radinsky K.","Kalifa, Dan (57220046425); Singer, Uriel (57211760328); Guy, Ido (23103098100); Rosin, Guy D. (57211253433); Radinsky, Kira (26422389900)","57220046425; 57211760328; 23103098100; 57211253433; 26422389900","LeveragingWorld events to predict e-commerce consumer demand under anomaly","2022","WSDM 2022 - Proceedings of the 15th ACM International Conference on Web Search and Data Mining","","","","430","438","9","10.1145/3488560.3498452","https://www.scopus.com/pages/publications/85125761476?origin=resultslist","Consumer demand forecasting is of high importance for many e-commerce applications, including supply chain optimization, advertisement placement, and delivery speed optimization. However, reliable time series sales forecasting for e-commerce is difficult, especially during periods with many anomalies, as can often happen during pandemics, abnormal weather, or sports events. Although many time series algorithms have been applied to the task, prediction during anomalies still remains a challenge. In this work, we hypothesize that leveraging external knowledge found in world events can help overcome the challenge of prediction under anomalies. We mine a large repository of 40 years of world events and their textual representations. Further, we present a novel methodology based on transformers to construct an embedding of a day based on the relations of the day's events. Those embeddings are then used to forecast future consumer behavior. We empirically evaluate the methods over a large e-commerce products sales dataset, extracted from eBay, one of the world's largest online marketplaces. We show over numerous categories that our method outperforms state-of-the-art baselines during anomalies. © 2022 ACM.","Anomalies; E-commerce; Forecasting; World events","Consumer behavior; Data mining; Embeddings; Forecasting; Knowledge management; Large dataset; Sales; Supply chains; Time series; Anomaly; Consumer demands; Delivery speed; Demand forecasting; E- commerces; E-Commerce applications; Embeddings; Speed optimization; Supply chain optimization; World event; Electronic commerce","Conference paper","Final","All Open Access; Green Open Access","Scopus","2-s2.0-85125761476"
"Wang S.; Wang H.; Lin L.; Zhao X.; He T.; Shen D.; Xi W.","Wang, Shuai (59291767100); Wang, Hai (57202078487); Lin, Li (59050307500); Zhao, Xiaohui (57946715100); He, Tian (14019293900); Shen, Dian (56022330700); Xi, Wei (36505197000)","59291767100; 57202078487; 59050307500; 57946715100; 14019293900; 56022330700; 36505197000","HPST-GT: Full-Link Delivery Time Estimation Via Heterogeneous Periodic Spatial-Temporal Graph Transformer","2025","IEEE Transactions on Knowledge and Data Engineering","37","4","","1885","1901","1","10.1109/TKDE.2025.3533610","https://www.scopus.com/pages/publications/86000436865?origin=resultslist","A warehouse-distribution integration (WDI) e-commerce platform is an approach that combines warehousing and distribution processes, which is increasingly adopted in industry to enhance business efficiency. In the WDI e-commerce, one of the most important problems is to estimate the full-link delivery time for decision-making. Traditional methods designed for separate warehouse-distribution models struggle to address challenges in integrated systems. The difficulties stem from two main factors: (i) the contextual influence exerted by neighboring units within heterogeneous delivery networks, and (ii) the uncertainty in delivery times caused by dynamic and periodic temporal factors such as fluctuations in online sales volumes and the varying characteristics of different delivery units (e.g., warehouses and sorting centers). To address these challenges, we propose a novel full-link delivery time estimation framework called Heterogeneous Periodic Spatial-Temporal Graph Transformer (HPST-GT). First, we develop heterogeneous graph transformers to capture the hierarchical and diverse information of the warehouse-distribution network. Next, we design spatial-temporal transformers based on heterogeneous features to analyze the correlation between spatial and temporal information. Finally, we create a heterogeneous spatial-temporal graph prediction module to estimate full-link delivery time. Our method, evaluated on a one-month dataset from a leading e-commerce platform, surpasses current benchmarks across multiple performance metrics. © 2025 IEEE. All rights reserved.","Delivery time; heterogeneous graph; spatial-temporal graph transformer; warehouse-distribution integration","Commerce; Marketplaces; Commerce platforms; Delivery time; Distribution process; E- commerces; Heterogeneous graph; Spatial temporals; Spatial-temporal graph transformer; Temporal graphs; Time estimation; Warehouse-distribution integration; Distribution transformers","Article","Final","","Scopus","2-s2.0-86000436865"
"Suhana S.; Reddy V.H.; Yasmeen S.T.; Yashaswi V.S.; Pallavi L.","Suhana, Shaik (57694005700); Reddy, Vuyyuru Harshavanth (59696433300); Yasmeen, Shaik Taj (59697292800); Yashaswi, Vangala Sreekari (59696003100); Pallavi, Lanke (57205499886)","57694005700; 59696433300; 59697292800; 59696003100; 57205499886","E-Commerce Website Using Mern Stack","2024","2024 International Conference on Artificial Intelligence and Quantum Computation-Based Sensor Applications, ICAIQSA 2024 - Proceedings","","","","","","1","10.1109/ICAIQSA64000.2024.10882434","https://www.scopus.com/pages/publications/105000210153?origin=resultslist","The existing scenario witnesses a rising popularity of online shopping as opposed to physical store visits. Many people now prefer buying products online due to the widespread access to the internet. This has led to a significant increase in daily online transactions. Consumers find online shopping more convenient, allowing them to purchase items from their homes without physically going to a store. This allows them to make purchases from any location at any time of the day. The website development involves utilizing modern web technologies like React for the frontend, Node.js and Express.js for backend processes, and MongoDB for database management. Key features like user authentication, inventory management, shopping cart functionality and a smooth checkout process will be integrated. The main objective is to establish a flexible, responsive, and user- friendly platform that meets both customer and administrator requirements. This project entails a MERN Stack website creation, which is an effective tool for website development. Users can buy a variety of products effortlessly with just a few clicks. This initiative not only focuses on exploration but also represents a smart economic strategy. However, the specific problem this e-commerce platform aims to solve includes improving user interface intuitiveness, enhancing security with bio-metric authentication, and ensuring seamless updates and accurate order tracking which existing platforms have not fully addressed. © 2024 IEEE.","Artificial intelligence; Block Chain Technology; Cloud computing; deep learning; E-Commerce; Express.js; Framework; Library; Machine Learning; Mern Stack; MongoDB; Natural language processing; Node.js; React.js","Deep learning; Inventory control; Marketplaces; Web Design; Block chain technology; Block-chain; Cloud-computing; Deep learning; Express.; Framework; Js; Language processing; Machine-learning; Mern stack; MongoDB; Natural language processing; Natural languages; Node.; React.; Sales","Conference paper","Final","","Scopus","2-s2.0-105000210153"
"Wong W.Y.; Sam T.H.; Yu S.W.","Wong, Whee Yen (57203149088); Sam, Toong Hai (57202393048); Yu, Shu Wen (57216693913)","57203149088; 57202393048; 57216693913","An Innovative, Practical-based and Commercial-based Approach: Techno-Commerce Entrepreneurship Shaping the Outcome-based Learning","2020","Proceeding - 2020 IEEE 8th Conference on Systems, Process and Control, ICSPC 2020","","","9305778","140","145","4","10.1109/ICSPC50992.2020.9305778","https://www.scopus.com/pages/publications/85100342829?origin=resultslist","The revolution of Industrial Revolution 4.0 (IR4.0) shows massive advances in all disciplines, economies, industries and business transformation. New technologies advancement and changing demands are fusing the physical, digital, biological paradigms and engineering world; impacting, altering and changing numerous disciplines especially in the perception of the norm, culture as well as the way human and community lives, work and. The same should apply to the education industry. IR 4.0 has given new impetus to education transformation; we are expecting innovative changes in education. We foresee programme curriculum disciplined by digital physical frames, artificial intelligence; more profound changes in major aspects of content, delivery/pedagogy and structure of education is expected. However, there exist a 'dive-in' knowledge gap between 'technopreneurship' 'entrepreneurship' and 'digital commerce'. These three areas are somehow being delivered separately in most university programmes; is this 'change' meeting the industry changing demand? Malaysia's digital commerce education is critically far from meeting industry's expectation. This study initiates a successful paradigm shift of delivering techno-commerce entrepreneurship project to the undergraduate students emphasizing a broad range of practical skill-sets, knowledge, exposure and life-long learning in digital entrepreneurship revolution and transformation. The paradigm shift addresses the challenges and obstacles faced by most HLEs as well as giving a general broad overview transforming theory-based courses to a practical-based and thereafter commercialise the project in marketplaces with adoption of technological advances in digital business transformation.  © 2020 IEEE.","e-Commerce; Entrepreneurship; Innovative Teaching and Learning; Malaysia Education industry; Practicalbased; Technopreneurship","Artificial intelligence; Commerce; Process control; Students; Business transformations; Digital business; Education industry; Industrial revolutions; Life long learning; Technological advances; Technopreneurship; Undergraduate students; E-learning","Conference paper","Final","","Scopus","2-s2.0-85100342829"
"Chavan V.S.; Hake A.S.; Rao B.N.; Kotkar S.S.","Chavan, Vishal Subhash (58930756700); Hake, Ashok Shrimant (58929981300); Rao, Bhukya Nageswar (57221126281); Kotkar, Suyash Sanjay (59714643100)","58930756700; 58929981300; 57221126281; 59714643100","NearBySell : A Novel Approach to Localized E-Commerce with Focus on Seller-Customer Interaction and Enhanced Local Retail Network","2024","ICACC - International Conference on Advances in Computing and Communications","","2024","","","","0","10.1109/ICACC63692.2024.10845233","https://www.scopus.com/pages/publications/105001369729?origin=resultslist","This paper examines a novel online retail application optimized for local commerce via a location-based matching system. The application supports the sale of new and secondhand items, home goods, and vegetables, requiring users to register and input their locations. Transactions occur only when the buyer's and seller's locations align, reducing logistical challenges. The system features a review mechanism allowing customers to rate sellers, influencing future buyer decisions and seller reputation. Security is ensured through hand-to-hand payments and direct seller delivery, mitigating risks associated with digital payments and third-party delivery. Additionally, the application supports long-term relationships by maintaining permanent connections between customers and sellers. Technical aspects include the development of location-based matching algorithms, review systems, and security measures. Notably, the application incorporates advanced security features such as fake reviews detection and duplicate listings detection to protect both buyers and sellers from fraudulent activities. This study highlights how these components enhance local market efficiency and e-commerce reliability.  © 2024 IEEE.","E-commerce; Hand-to-hand payment; Online retail; Product delivery; Seller-customer interaction; Seller-preferred locations; Targeted selling; Transaction security","Electronic money; Marketplaces; Sales; Buyers and sellers; Customers interactions; Hand-to-hand payment; Location based; Online retails; Product delivery; Seller-customer interaction; Seller-preferred location; Targeted selling; Transaction security; Location","Conference paper","Final","","Scopus","2-s2.0-105001369729"
"Jantapoon K.","Jantapoon, Konpapha (58714089000)","58714089000","The Impact of Smart Warehousing and Last-Mile Delivery on E-commerce Supply Chain Performance: An Empirical Study Using Machine Learning-Enhanced SEM Analysis","2025","International Journal of Analysis and Applications","23","","101","","","2","10.28924/2291-8639-23-2025-101","https://www.scopus.com/pages/publications/105005556598?origin=resultslist","This study investigates the pivotal roles of smart warehousing and last-mile delivery in enhancing e-commerce supply chain performance, utilizing advanced machine learning-enhanced Structural Equation Modeling (SEM) for analysis. The findings reveal that the effective integration of smart warehousing solutions significantly improves operational efficiencies in inventory management, order fulfillment, and logistics responsiveness. Moreover, optimizing last-mile delivery emerges as a critical factor directly influencing customer satisfaction and competitive advantage within the digital marketplace. The study highlights practical implications for e-commerce practitioners, emphasizing the necessity for investments in innovative technologies and the development of strategic partnerships to optimize logistics processes. Additionally, this research encourages scholars to further explore the intersection of intelligent logistics solutions and supply chain performance through longitudinal studies and diverse methodological approaches. Ultimately, this research contributes to the understanding of supply chain dynamics in e-commerce and serves as a foundation for future inquiries into enhancing performance through the strategic deployment of advanced technologies. © 2025 the author(s).","competitive advantage; customer satisfaction; e-commerce; last-mile delivery; logistics optimization; machine learning; operational efficiency; smart warehousing; supply chain performance","","Article","Final","All Open Access; Gold Open Access","Scopus","2-s2.0-105005556598"
"Basu S.","Basu, Subhajit (15026064300)","15026064300","Direct Taxation and E-Commerce: Possibility and Desirability","2012","Digital Economy Innovations and Impacts on Society","","","","26","48","11","10.4018/978-1-4666-1556-4.ch003","https://www.scopus.com/pages/publications/105013382364?origin=resultslist","E-commerce poses significant challenges for existing tax rules. One of the most important effects of e-commerce has been to de-emphasise the significance of the place where economic activity is carried out, which makes it difficult to determine which jurisdiction has the right to tax. It has also blurred the traditional distinction between the form of delivery and the substance of what is delivered. Thus, the specific tax implications of e-commerce and the threat it imposes on the established tax systems can be examined by reference to how much e-commerce tends to disrupt the concepts and principles of direct taxation and international tax treaty rules. This article explores the effect of e-commerce on the principles of direct taxation. The question is should the tax system of the future be developed at a national or an international level? © 2012 by IGI Global. All rights reserved.","","Economics; Marketplaces; E- commerces; Economic activities; Tax systems; Traditional distinctions; Taxation","Book chapter","Final","","Scopus","2-s2.0-105013382364"
"Anon","Anon (1)","1","G-P, IP, Weyerhaeuser announce plan to create industry-based e-commerce exchange","2000","Pulp and Paper Week","22","12","","3pp","","0","","https://www.scopus.com/pages/publications/0033893644?origin=resultslist","US forest industry leaders announce plans to develop a global business to business electronic commerce marketplace that would allow the purchase and sales of paper and forest products over the Internet. The plan is a joint effort of International Paper Co., Georgia-Pacific Corp., and Weyerhaeuser Co., and is expected to be launched by the third quarter of year 2000. The companies expect the marketplace to simplify transaction processes, improve information flow, and increase the speed of delivery, thereby reducing costs.","","Electronic commerce; Internet; Marketing; Paper products; Electronic marketplace; Paper and pulp industry","Article","Final","","Scopus","2-s2.0-0033893644"
"","","","Proceedings - International Workshop on Advance Issues of E-Commerce and Web-Based Information Systems, WECWIS 1999","1999","Proceedings - International Workshop on Advance Issues of E-Commerce and Web-Based Information Systems, WECWIS 1999","","","","","","0","","https://www.scopus.com/pages/publications/85040081230?origin=resultslist","The proceedings contain 29 papers. The topics discussed include: a real-time protocol for stock market transactions; proposal .of application architecture in electronic commerce service between companies; customization rule generation for electronic sales promotion system in wholesale industry; business-to-business e-commerce with open .buying on the Internet; certifying e-commerce software for security; work in progress report: chemdex and the business to business marketmaker business model; a web-based information system for stock selection and evaluation; and digital catalog library: a shared repository of online catalogs for electronic commerce.","","","Conference review","Final","","Scopus","2-s2.0-85040081230"
"Weinstein A.T.; Anti K.; Ochoa E.","Weinstein, Art T. (26434975200); Anti, Kristen (57286376800); Ochoa, Esteban (57285445600)","26434975200; 57286376800; 57285445600","World’s biggest retailer launches Walmart Plus and customers have their say","2022","Journal of Business Strategy","43","6","","381","390","6","10.1108/JBS-07-2021-0133","https://www.scopus.com/pages/publications/85116505920?origin=resultslist","Purpose: The Covid crisis led to a huge worldwide shift in consumer behavior. In response, Walmart’s revised business strategy promoted their online delivery service known as Walmart Plus. This study aims to critique the potential of this new venture via a customer value analysis. Design/methodology/approach: Using the customer value funnel, Walmart’s market environment, organizational factors, customer perceptions and business performance are examined. An exploratory survey collected data from South Florida residents on awareness and interest in Walmart Plus. Findings: The changing marketplace forced Walmart to quickly adapt to online buyers and emphasize the value of their retail and grocery products. Walmart Plus is an alternative to Amazon Prime and can assist the company gain market share in regional grocery markets. Research limitations/implications: This work is largely conceptual and presents a case study featuring a limited sample in one metropolitan statistical area. While the findings are insightful, it may not be representative of the US market. Practical implications: Corporate executives and entrepreneurs must respond to changing market conditions and rethink their business models to deliver superior customer value. This requires introducing innovative services and digital initiatives to compete successfully. The paper concludes with recommendations for management and questions for consideration. Originality/value: Walmart is the dominant American retailer and a global leader. While there has been considerable research on this retail giant, there has been limited analysis of their digital initiatives such as Walmart Plus. © 2021, Emerald Publishing Limited.","Customer value; E-commerce; Grocery industry; Marketing strategy; Online shopping; Retail management; Walmart","","Article","Final","","Scopus","2-s2.0-85116505920"
"Stowers G.N.L.","Stowers, Genie N. L. (6506828129)","6506828129","Applications of E-Commerce in Government","2006","Encyclopedia of Digital Government: Volumes 1-3","1","","","73","79","0","10.4018/978-1-59140-789-8.ch011","https://www.scopus.com/pages/publications/105014036815?origin=resultslist","Electronic commerce, or e-commerce, is simply business that is conducted over the Internet. Government e-commerce applications are those e-commerce applications utilized by some level of government, whether it is federal, state, or local. In this article, we will distinguish between interactive transactions and e-commerce transactions. Strictly speaking, e-commerce applications are only those in which a financial transaction of some sort takes place. Interactive transactions would involve interaction with a Web survey or some other application like filing an online form requesting services or submitting a complaint, but financial transactions are not included. Electronic commerce applications are an important segment of the growing e-government service delivery field. Government e-commerce applications may involve G2B (government-to-business), G2G (government-to-government), or G2C (government-to-consumer or, in this case, citizen) mechanisms. Table 1 provides examples to illustrate the differences between e-government activities like information provision, non-e-commerce interactive transactions, and e-commerce transactions. © 2007 IGI Global. All rights reserved.","","e-government; Information services; Marketplaces; E- commerces; E-Commerce applications; E-commerce transactions; E-government services; Electronic commerce applications; Financial transactions; Government to business; Government to governments; Service delivery; Web surveys; Electronic commerce","Book chapter","Final","","Scopus","2-s2.0-105014036815"
"Seisenbekova A.Y.; Beisenovaa M.U.","Seisenbekova, Arman Y. (60354976200); Beisenovaa, Madina U. (56008866500)","60354976200; 56008866500","Digital Transformation of Courier Logistics in Kazakhstan: Drivers and Barriers; [Цифровая трансформация курьерской логистики в Казахстане: драйверы и барьеры]","2025","Economy: strategy and practice","20","4","","114","127","0","10.51176/1997-9967-2025-4-114-127","https://www.scopus.com/pages/publications/105028791884?origin=resultslist","In the context of accelerated digitalization of the economy, the growth of e-commerce and increasing requirements for sustainable development, courier logistics is becoming one of the key elements of the modernization of urban transport and logistics systems. The purpose of this article is to study the drivers and barriers of the digital transformation of courier logistics in Kazakhstan, as well as to develop conceptual directions for its sustainable development in the context of a smart city. The research methodology consists of an analysis of strategic and regulatory documents, a review of international scientific publications, and correlation and factor analyses. The empirical basis of the study is official statistical data from the Bureau of National Statistics and the World Bank, as well as primary sociological and expert materials. The results of the study showed that in 2023-2024, the volume of e-commerce in Kazakhstan increased from 1.60 to 2.44 trillion tenge, and the share of online marketplaces was about 85%. Correlation analysis revealed a strong positive relationship between the development of courier services and GDP per capita (r=0.946; p < 0.01), as well as with foreign trade turnover (r=0.897; p < 0.01). Based on the results, a matrix for digital transformation of courier logistics in Kazakhstan is proposed, and a set of strategic recommendations to improve the efficiency and sustainability of the last mile of delivery is formulated. The findings can be used to develop government policy, smart city urban programs, and digital development strategies for logistics companies. © 2025, Institute of Economics Committee of Science MSHE RK. All rights reserved.","Courier Logisti cs; Digital Economy; Digitalizati on; E-commerce; Logisti cs Strategy; Smart City; Smart Logisti cs; Urban Development","","Article","Final","All Open Access; Gold Open Access","Scopus","2-s2.0-105028791884"
"Thomas K.V.; Rattan P.; Nair R.R.","Thomas, K.V. (59915696900); Rattan, Punam (57224618501); Nair, Raji Ramakrishnan (59560907800)","59915696900; 57224618501; 59560907800","Greening the click-environmental initiatives in global e-commerce marketing","2025","Green Marketing Perspectives: Effective Messaging for Sustainable Practices","","","","261","272","4","10.1108/978-1-83608-772-420251021","https://www.scopus.com/pages/publications/105006501613?origin=resultslist","Convenience and accessibility are the features that drive today's consumers flocking to the retail market. This has given rise to widespread environmental impacts implying that the green concept includes sustainable strategic protocols committed to ethical consumerism and corporate social responsibility. The key operative word is sustainability in all aspects of business from design to delivery. An effective component of strategy is innovation, coupled with transparency. Education of the customers on environmental issues ensures their loyalty and enhances brand image. A Nielson report testifies that consumers are attracted more to products from companies behaving like good corporate citizens providing them with competitive advantages and leading to cost savings. Moreover, positive engagement in legal requirements keeps it ahead of risks associated with environmental laws. Two considerations on strategies are projected upfront. One is Green Branding, meaning thereby a strong and positive association with environmental responsibility in the minds of the buyers, boosting brand loyalty. The other, being Eco-labeling, is a visible proof of environmental benefits. Eco-labels are certifications awarded from recognized organizations. © 2025 Thomas K.V., Punam Rattan and Raji Ramakrishnan Nair. Published under exclusive licence by Emerald Publishing Limited. All rights reserved.","E-commerce; Eco-labeling; Green branding; Green marketing; Sustainability","Environmental impact; Environmental regulations; Green development; Sustainable development; Corporate social responsibility; Design to deliveries; Eco-labelling; Environmental initiatives; Environmental issues; Global e commerces; Green branding; Green marketing; IS innovations; Retail market; Marketplaces","Book chapter","Final","","Scopus","2-s2.0-105006501613"
"Alecsoiu O.-R.; Faruqui N.; Panagoret A.A.; Ionuţ C.A.; Panagoret D.M.; Nitu R.-V.; Mutu M.A.","Alecsoiu, Olivia-Roxana (57219197989); Faruqui, Nuruzzaman (57213822051); Panagoret, Andreea Anamaria (57964184700); Ionuţ, Ceauşescu Aurelian (59740022500); Panagoret, Dragoş Mihai (59740022600); Nitu, Rares-Vladimir (59740748100); Mutu, Miruna Angela (57221092646)","57219197989; 57213822051; 57964184700; 59740022500; 59740022600; 59740748100; 57221092646","EcoptiAI: E-Commerce Process Optimization and Operational Cost Minimization Through Task Automation Using Agentic AI","2025","IEEE Access","13","","","70254","70268","4","10.1109/ACCESS.2025.3560549","https://www.scopus.com/pages/publications/105002785618?origin=resultslist","The rapid expansion of e-commerce has increased the complexity of operational processes, making it challenging to manage tasks such as product cataloging, customer responses, delivery updates, and feedback collection efficiently. These challenges often result in elevated operational costs and decreased customer satisfaction. This paper introduces EcoptiAI, an agentic AI-powered framework leveraging a transformer-based model as an intelligent agent to automate essential e-commerce processes. EcoptiAI minimizes manual effort, streamlines workflows, and optimizes procedural costs by handling tasks such as product description generation, catalog updates, personalized customer communication, and empathetic delivery status updates. The system employs an empathetic tone for delay notifications, distinguishing itself from standard cold responses, and automates customer feedback analysis, ensuring an enhanced customer experience. The transformer model underlying EcoptiAI has been trained using a uniquely structured dataset created from diverse e-commerce-related sources, including product catalogs, customer reviews, and operational logs. The experimental analysis demonstrates that EcoptiAI reduces procedural costs by 52.7% on average and achieves high-performance metrics, with an accuracy of 92.42%, precision of 92.44%, recall of 92.40%, and an F1-score of 92.41%. The findings indicate the transformative potential of agentic AI in driving cost-effective, automated e-commerce operations while enhancing customer satisfaction. This paper provides a comprehensive evaluation of EcoptiAI’s design, implementation, and impact, paving the way for scalable and intelligent e-commerce automation solutions. ©2013 The Authors.","Agentic AI; customer experience optimization; e-commerce automation; operational cost reduction; transformer-based model","Commerce; Cost reduction; Marketplaces; Sales; Agentic AI; Costs reduction; Customer experience; Customer experience optimization; Customers' satisfaction; E- commerces; E-commerce automation; Operational cost reduction; Optimisations; Transformer-based model; Customer satisfaction","Article","Final","All Open Access; Gold Open Access; Green Open Access","Scopus","2-s2.0-105002785618"
"Sharif O.O.; Sudirman I.D.","Sharif, Osa Omar (56411847600); Sudirman, Ivan Diryana (57211852601)","56411847600; 57211852601","Investigating Trust Determinants in E-commerce Through User Experience and Delivery Satisfaction","2024","Proceeding of 2024 9th International Conference on Information Technology and Digital Applications, ICITDA 2024","","","","","","0","10.1109/ICITDA64560.2024.10809747","https://www.scopus.com/pages/publications/85216556698?origin=resultslist","E-commerce in Indonesia is growing very rapidly. One of the important things in e-commerce business is customer trust. Many things can disrupt customer trust, such as fraud, goods that do not match, long delivery times. Therefore, it is important to learn how customer trust can be formed. This study aims to study the influence of user experience and delivery satisfaction on shopping experience and how trust affects e- commerce platforms. Data were obtained from consumer surveys from e-commerce which were then analyzed using structural equation modeling PLS. This study focuses on studying the relationship between key contracts. The results show that UX has an important role in strengthening customer trust in e-commerce platforms by improving shopping experience. It turns out that delivery satisfaction also has a positive influence on customer trust, although the direct influence on shopping experience is minimal. The results of the study show that shopping experience has an important role in increasing customer trust in e-commerce as a whole. Shopping experience acts as an important mediator.  © 2024 IEEE.","Delivery Satisfaction; E-Commerce; Shopping Experience; Trust; User Experience","Sales; Commerce platforms; Customer trust; Delivery satisfaction; Delivery time; E- commerces; E-commerce business; Indonesia; Shopping experience; Trust; Users' experiences; Marketplaces","Conference paper","Final","","Scopus","2-s2.0-85216556698"
"Shilaskar S.; Gaikwad S.","Shilaskar, Swati (57189017229); Gaikwad, Shravani (59538608600)","57189017229; 59538608600","InstaShop Clothing: Web Development","2025","Proceedings of the 9th International Conference on Electronics, Communication and Aerospace Technology, ICECA 2025","","","","1623","1626","0","10.1109/ICECA66444.2025.11383519","https://www.scopus.com/pages/publications/105034892494?origin=resultslist","InstaShop is a next-generation e-commerce website that aims to change the face of clothing shopping by delivering clothes within 24 hours. It is different from the conventional online clothing websites in the sense that it fetches the products from neighborhood clothing stores close to the customer's place. The hyperlocal nature of InstaShop not only allows for fast delivery but also helps small and medium enterprises as it provides them with an online space. The platform enables customers to search, choose, and buy in-fashion outfits at local stores with current availability. By closing the loop between neighborhood retailers and online shoppers, it boosts convenience while stimulating local trade. The system features a simple user interface, geographic-based store listing, and safe payment methods. It also reduces delivery time and expenses by collaborating with local delivery networks. With its emphasis on speed, locality, and user satisfaction, InstaShop seeks to redefine the online apparel retailing experience. © 2025 IEEE.","Bootstrap; E-commerce; Fast Fashion Delivery; Hyperlocal Marketplace; Local Business Support; Local Stores; MERN Stack; Online Clothing; User Interface; Web Application","Artificial intelligence; Engineering research; Hosiery manufacture; Information management; Information systems; Information use; Retail stores; Sales; User experience; Websites; Bootstrap; Business support; Fast fashion delivery; Hyperlocal marketplace; Local business; Local business support; Local store; MERN stack; Online clothing; WEB application; Web applications; Electronic commerce; User interfaces","Conference paper","Final","","Scopus","2-s2.0-105034892494"
"Rathee R.; Singh M.; Maurya I.","Rathee, Rupa (57204020460); Singh, Monika (59565585100); Maurya, Inderjeet (60031498700)","57204020460; 59565585100; 60031498700","Decoding consumer emotions in quick commerce: A qualitative analysis","2025","Methods and Applications of Quick Commerce (Q-Commerce)","","","","51","74","1","10.4018/979-8-3373-1712-0.ch003","https://www.scopus.com/pages/publications/105012696308?origin=resultslist","Quick delivery,merging business model, with orders placed and delivered in a much shorter time frame than traditional e-commerce. Q-commerce growing instant gratification, convenience, and seamless experiences in shopping. This chapter looks at how Quick Commerce is a paradigm-changing business model spanning The chapter explore consumers' sentiments toward Q-commerce sites and how online reviews act upon their dispositions and preferences in the present time a qualitative method adopted in the chapter to analyze consumer behavior toward Q-commerce through web reviews. chapter does a sentiment analysis toward the sentiment of the consumers of Q-commerce, elucidating their main sentiments as negative, positive. The analysis providing reflective insights into customer expectations, and strategic barriers that Q-commerce companies experience in an environment with rapid changes and high competition. The survey discovers a mostly negative take by customers towards Q-commerce platforms, and complaints are about delivery experience, customer support, and reliability of service. © 2026, IGI Global Scientific Publishing. All rights reserved.","","Consumer behavior; Electronic commerce; Marketplaces; Sentiment analysis; Business models; Customer expectation; E- commerces; Instant gratification; Online reviews; Qualitative analysis; Qualitative method; Seamless experience; Sentiment analysis; Short time frames; Sales","Book chapter","Final","","Scopus","2-s2.0-105012696308"
"Suresh V.; Selvaraj R.; Karthick D.; Karthikeyan D.; Kaviya R.","Suresh, V. (57309628900); Selvaraj, R. (57773283600); Karthick, D. (57220011134); Karthikeyan, D. (60523057200); Kaviya, R. (57207457855)","57309628900; 57773283600; 57220011134; 60523057200; 57207457855","Cropcart-Emphasizes Freshness and Farm Produce","2025","Proceedings of 10th International Conference on Communication and Electronics Systems, ICCES 2025","","","","2075","2079","0","10.1109/ICCES67310.2025.11337127","https://www.scopus.com/pages/publications/105033522677?origin=resultslist","Agriculture continues to be the backbone of many economies today, yet operating in this field still presents farmers with challenges of unpredictable weather, crop disease, lack of market access and exploitation of crops by intermediaries. In this paper, we present an intelligent digital platform 'CropCart'; a system which supports farmers and consumers through AI crop advisory, disease diagnosis, weather prediction and e-commerce. CropCart uses machine-learning based crop recommendations, image-processing based disease detection and voice-assistance for low-literacy users. A real-time logistics module offers a means for delivery from farm to consumer ensuring transparency and fair pricing. Experimental analysis demonstrates CropCart reduces transaction or operation time by 90% and increases farmer profit margins by 25% when compared to traditional systems. Through the integration of technology in agriculture, CropCart promotes productivity, promotes sustainable farming practices and builds connections with rural farmers and modern digital markets. © 2025 IEEE.","effective smart farming; farm-to-consumer delivery logistics; marketplace for digital agriculture; peer-to-peer buyer-seller; plant disease detection; real-time weather prediction; smart crop advice; sustainable farming methods; voice-assisted service","Agricultural economics; Agricultural machinery; Artificial intelligence; Crops; Distributed computer systems; Electronic commerce; Electronic trading; Image processing; Learning systems; Plant diseases; Smart agriculture; Delivery logistics; Digital agriculture; Disease detection; Effective smart farming; Farm-to-consumer delivery logistic; Marketplace for digital agriculture; Peer to peer; Peer-to-peer buyer-seller; Plant disease; Plant disease detection; Real- time; Real-time weather prediction; Smart crop advice; Sustainable Farming; Sustainable farming method; Voice-assisted service; Weather prediction; Weather forecasting","Conference paper","Final","","Scopus","2-s2.0-105033522677"
"Ramanath R.; Keerthi S.S.; Pan Y.; Salomatin K.; Basu K.","Ramanath, Rohan (56349687000); Keerthi, S. Sathiya (35587002000); Pan, Yao (57222762808); Salomatin, Konstantin (35240561800); Basu, Kinjal (42760978100)","56349687000; 35587002000; 57222762808; 35240561800; 42760978100","Efficient Vertex-Oriented Polytopic Projection for Web-Scale Applications","2022","Proceedings of the 36th AAAI Conference on Artificial Intelligence, AAAI 2022","36","","","3821","3829","3","10.1609/aaai.v36i4.20297","https://www.scopus.com/pages/publications/85147700377?origin=resultslist","We consider applications involving a large set of instances of projecting points to polytopes. We develop an intuition guided by theoretical and empirical analysis to show that when these instances follow certain structures, a large majority of the projections lie on vertices of the polytopes. To do these projections efficiently we derive a vertex-oriented incremental algorithm to project a point onto any arbitrary polytope, as well as give specific algorithms to cater to simplex projection and polytopes where the unit box is cut by planes. Such settings are especially useful in web-scale applications such as optimal matching or allocation problems. Several such problems in internet marketplaces (e-commerce, ride-sharing, food delivery, professional services, advertising, etc.), can be formulated as Linear Programs (LP) with such polytope constraints that require a projection step in the overall optimization process. We show that in some of the very recent works, the polytopic projection is the most expensive step and our efficient projection algorithms help in gaining massive improvements in performance. Copyright © 2022, Association for the Advancement of Artificial Intelligence (www.aaai.org). All rights reserved.","","Artificial intelligence; Topology; Allocation problems; E- commerces; Empirical analysis; Food delivery; Incremental algorithm; Matching problems; Optimal allocation; Optimal matching; Polytopes; Ride-sharing; Linear programming","Conference paper","Final","All Open Access; Gold Open Access","Scopus","2-s2.0-85147700377"
"Tomar A.; Shukla A.; Singh B.P.; Gupta V.K.; Mohana R.; Verma H.","Tomar, Ankit (57169974000); Shukla, Anurag (58695144800); Singh, Brijendra Pratap (59455625900); Gupta, Vishan Kumar (56973059300); Mohana, Rajini (35107550600); Verma, Himanshu (56785426800)","57169974000; 58695144800; 59455625900; 56973059300; 35107550600; 56785426800","Flutter Technology-based Hyper-Local E-commerce Marketing Application","2024","2024 5th International Conference for Emerging Technology, INCET 2024","","","","","","0","10.1109/INCET61516.2024.10593582","https://www.scopus.com/pages/publications/85200958706?origin=resultslist","As the name suggests, Hyper-local focuses on the close-by region/marketplace. Hyper-local delivery is a concept where the delivery service provider concentrates on local (nearby geographical area) customers. A hyper-local business model integrates the offline and online marketplace and optimizes the workflow, increases efficiency, meets customer demand, and improves local business. By developing this app, our goal is to reduce the impact of Covid-19 (Corona Virus) on small-scale businesses and local stores. We aim to provide the local customer with the products they need in a timely and safe manner at their convenience. This application provides local shop owners and business owners an opportunity to expand. We will use a hybrid hyper-local model to reach our goal as it provides both quality assurance and the possibility to scale. Our app will be cross-platform compatible because of the use of the Flutter framework. Flutter is a user-interface software development framework de- developed by googled for developing high-performance applicationsusing Dart as a base programming language. © 2024 IEEE.","application; e-commerce; flutter; hyperlocal; local business; website","Quality assurance; Sales; Software design; User interfaces; Viruses; Delivery service; E- commerces; Flutter; Geographical area; Hyperlocal; Local business; Local delivery; Marketing application; Service provider; Technology-based; Electronic commerce","Conference paper","Final","","Scopus","2-s2.0-85200958706"
"Suprayogi M.S.","Suprayogi, Mohammad Sani (57193851904)","57193851904","Delivery zone application by using private expedition services in the online shop","2017","Proceedings - 2016 International Seminar on Application of Technology for Information and Communication, ISEMANTIC 2016","","","7873838","202","206","0","10.1109/ISEMANTIC.2016.7873838","https://www.scopus.com/pages/publications/85017112654?origin=resultslist","Internet and social media has attracted most users to earn extra income. Instagram originally used for visual storytelling, is now also used for a variety of things; such as to online shop. Instagram has convenience features like uploading photos and comments, that can make online seller can be successful in managing their business. But in the end, they realized that Instagram is not e-commerce that provides a standard feature for business. Dini Hari and Bale Bandeng is an online seller in Instagram, they plan to use e-commerce to assist business management, while using Instagram as media promotion. Their products are not suitable when sold in an online marketplace, such as BukaLapak or Tokopedia. Because they have a condition that the product must be directly up on the same day. The problem is, this private expedition determine shipping costs by regions, then these costs need to be integrated into the system. This research aims to solve the problem of delivery method, which is sometimes a problem for online sellers in Indonesia. pecifically applying e-commerce needs of the Dini Hari and Bale Bandeng, but only focused on the delivery of goods to find a solution that can connect between the seller's policies and shipping service policy. As a result, Dini Hari and Bale Bandeng can deliver products quickly, and buyers can order products through ecommerce applications and know the shipping costs according to the delivery zone predetermined.","Delivery zone; E-commerce; Postal code; Shipping method","Commerce; Contracts; Costs; Electronic commerce; Ships; Business management; Delivery of goods; Delivery zones; E-Commerce applications; On-line marketplaces; Postal code; Shipping methods; Visual storytellings; Problem solving","Conference paper","Final","","Scopus","2-s2.0-85017112654"
"Oyama Y.; Fukuda D.; Imura N.; Nishinari K.","Oyama, Yuki (56128028600); Fukuda, Daisuke (15519259900); Imura, Naoto (57274443000); Nishinari, Katsuhiro (7006662684)","56128028600; 15519259900; 57274443000; 7006662684","Do people really want fast and precisely scheduled delivery? E-commerce customers' valuations of home delivery timing","2024","Journal of Retailing and Consumer Services","78","","103711","","","22","10.1016/j.jretconser.2024.103711","https://www.scopus.com/pages/publications/85182911147?origin=resultslist","E-commerce marketplaces often offer fast and scheduled delivery services for free to attract customers, imposing strict time constraints on delivery, but do all people really want such services? This study aims to quantitatively analyze heterogeneous customers' preferences for home delivery timing. We propose two willingness-to-pay measures, namely, the value of delivery time savings (VODT) and the value of time slot shortening (VOTS). We capture their distributions in a data-oriented manner by estimating an extended mixed logit model with a semi-nonparametric approach. The estimated VODT ranged from -47.9 to 219.4 JPY/day, with a median of 25.6 JPY/day. This result shows a large taste variation and that most customers were not willing to pay even 10% of the delivery fee (set between 300–600 JPY) to save the waiting time by one day. Moreover, VOTS was found to be low, distributed with a median of 5.0 JPY/hour. The fact that some customers do not necessarily highly value the reduction in delivery lead-time or time slot size sheds light on demand management to reduce delivery burden while maintaining customer satisfaction. In addition, the valuation varied according to the category and price of the purchased good as well as the e-shopping frequency of customers, which suggests a possibility of differentiated pricing or real-time design of service attributes as a retailing strategy. © 2024 The Author(s)","E-commerce; Heterogeneity; Home delivery; Mixed logit model; Stated preference; Willingness-to-pay","consumption behavior; electronic commerce; heterogeneity; retailing; valuation; willingness to pay","Article","Final","All Open Access; Hybrid Gold Open Access","Scopus","2-s2.0-85182911147"
"Michielsen S.; Gevaers R.; Dewulf W.","Michielsen, Stijn (59928359800); Gevaers, Roel (55971346200); Dewulf, Wouter (57191031550)","59928359800; 55971346200; 57191031550","A historical overview and analysis of e-commerce's milestones and its growing connection with air transport","2025","Journal of Shipping and Trade","10","1","14","","","2","10.1186/s41072-025-00203-5","https://www.scopus.com/pages/publications/105007231506?origin=resultslist","Building on an integrated historical and conceptual overview of scholarly and industry sources, this paper examines the evolution and transformation of e-commerce. It traces the development of e-commerce from its emergence in the mid-1990s to its current role as a global trade and logistics driver. By defining the concept of e-commerce and exploring significant milestones in its development, including the dot-com bubble and its aftermath, this analysis offers insights into the key milestones that have shaped the e-commerce landscape. It also discusses the growing connection between air cargo and (cross-border) e-commerce, highlighting how the demand for fast and reliable international deliveries has reshaped logistics networks, cargo operations, and aviation strategies. It furthermore explores the evolving role of crucial aviation stakeholders, including freight forwarders, airports, integrators, air carriers, and e-commerce marketplaces as they adapt to the rapid growth of e-commerce-driven air freight. The paper makes three key contributions. First, this historical analysis contextualises the evolution of e-commerce, offering a structured understanding of its most significant milestones. Second, it examines the increasing interdependence between aviation and e-commerce, focusing on industry stakeholders' broad trends and strategic responses. Third, it identifies the most pressing gaps in current research discovered during the analysis and articulates a forward-looking agenda to guide scholars seeking to better understand the sector’s growing complexity from economic and logistics perspectives. As cross-border e-commerce expands, this study offers a foundation for further research on how emerging e-commerce milestones, trends, and models affect global trade, logistics, and aviation. © The Author(s) 2025.","Aviation; e-commerce; Historical analysis; Narrative overview","","Article","Final","All Open Access; Gold Open Access; Green Open Access","Scopus","2-s2.0-105007231506"
"Görçün Ö.F.; Chatterjee P.; Aytekin A.; Korucuk S.; Pamucar D.","Görçün, Ömer Faruk (57194545622); Chatterjee, Prasenjit (59353654400); Aytekin, Ahmet (57221536835); Korucuk, Selçuk (58203687800); Pamucar, Dragan (54080216100)","57194545622; 59353654400; 57221536835; 58203687800; 54080216100","Strategic analysis of e-trade platforms in automotive spare part sector: A T-Spherical fuzzy perspective","2025","Journal of Industrial Information Integration","44","","100782","","","4","10.1016/j.jii.2025.100782","https://www.scopus.com/pages/publications/85217275758?origin=resultslist","E-trade platforms are software applications that enable businesses to conduct online sales and manage their digital storefronts. These platforms provide a range of tools and features to facilitate the creation, operation, and management of an online business. This study comprehensively evaluates e-trade platforms within the automotive spare parts industry, examining various critical aspects to identify the optimal platform. The evaluation includes an in-depth analysis of the current state of the platforms, exploration of potential strategies and approaches for improvement, and identification and analysis of challenges and barriers. To address these issues, the study employs problem-solving within the framework of expert evaluations based on criteria defined by an extensive literature review. T-Spherical fuzzy (T-SF) subjective weighting approach and T-SF-weighted aggregated sum product assessment (WASPAS) method are used for this purpose. The analysis reveals that “security” is the most crucial criterion, with Amazon emerging as the most prominent e-trade platform. The findings indicate that prioritizing security, discounts, and delivery time will enable e-commerce platforms to gain a competitive edge. The study evaluates international e-commerce platforms, identifying weaknesses in critical business areas key competitive advantage factors, and offering forward-thinking recommendations. This research has significant implications for the rapid and effective development of logistical partnerships with e-trade platforms across various industries. Additionally, it serves as a foundational basis and template for future research in the e-commerce sector, particularly within the automotive spare parts industry. © 2025 Elsevier Inc.","E-trade; E-trade platforms; Spare part supply; T-SF subjective weighting approach; T-SF-WASPAS","Electronic commerce; Market Research; E trades; E-trade platform; Product assessment; Spare parts supply; Subjective weighting; Sum product; T-spherical fuzzy subjective weighting approach; T-spherical fuzzy-T-SF-weighted aggregated sum product assessment; Weighting approaches; Marketplaces","Article","Final","","Scopus","2-s2.0-85217275758"
"Rajan T.; Alexander J.","Rajan, Thomason (57202032638); Alexander, Jacob (57210284750)","57202032638; 57210284750","The branding efforts of snapdeal and the quest for profits: A case study","2019","Indian Journal of Marketing","49","3","","25","35","1","10.17010/ijom/2019/v49/i3/142144","https://www.scopus.com/pages/publications/85070194693?origin=resultslist","Snapdeal, the Indian online retail firm, started its journey as a discount coupon service and moved on to the marketplace model after the founders Kunal Bahl and Rohit Bansal made a trip to China. With steady growth in business, the company started focusing on branding and positioned itself on the wide product assortment platform. Using several campaigns and roping in brand ambassadors, including Bollywood actor Aamir Khan, the brand achieved its targets of registered customers, sellers, and delivery points. The company struggled to make profits and to add to the trouble, there was a controversy over a statement made by Aamir Khan. The founders devised a leaner, asset-light model called Snapdeal 2.0 and focused on multiple sources of revenue. Eventually, their efforts paid off and after 11 years, the company started making profits. The case discussed the steps taken by the founders to build the brand and turn it profitable. The nuances stated in the case will help students in marketing to understand the need to balance campaign spends with brand profits and also make them appreciate the multiple challenges that entrepreneurs face while building brands. © 2019, Associated Management Consultants Pvt. Ltd. All Rights Reserved.","Branding; Celebrities in e-commerce campaigns; Profits from online retail; Snapdeal; Snapdeal 2.0; Struggle for profits","","Article","Final","","Scopus","2-s2.0-85070194693"
"Aakash P.K.; Arun Kumar P.; Dheepan Chakkaravarthi S.; Jerald F.; Victo Sudha George G.; Jayaprakash J.","Aakash, P.K. (59660622000); Arun Kumar, P. (59660897500); Dheepan Chakkaravarthi, S. (59660480400); Jerald, F. (57191336512); Victo Sudha George, G. (56584756700); Jayaprakash, J. (57191991820)","59660622000; 59660897500; 59660480400; 57191336512; 56584756700; 57191991820","Dynamic E-Commerce Website with NLP Chatbot","2025","Lecture Notes of the Institute for Computer Sciences, Social-Informatics and Telecommunications Engineering, LNICST","599 LNICST","","","25","36","0","10.1007/978-3-031-77081-4_3","https://www.scopus.com/pages/publications/85219203892?origin=resultslist","This paper develops a smart business e-commerce internet site integrated with an NLP chatbot that uses numerous techniques for enhancing customer satisfaction. The chatbot can recognize and respond appropriately to queries concerning herbal language, provide personalized recommendations and help with various tasks such as product search, checkout process or order tracking. NLP is also used by the chatbot to research consumer feedback and keep tabs on progress. This technique can then be used to improve the website’s design, product options, and advertising campaigns. The dynamic e-trade website with an NLP chatbot has a lot of capability benefits for each customer and company. The chatbot makes it more convenient and closer to customers’ purchasing experience. It can help companies to increase the satisfaction of their customers, enhance sales, and reduce costs. The first might be the administrator and a possible alternative is the Registered customer. The product is enhanced with details such as the Product Call including Description and specs. Assure, Product, and Transportation Date by Admin. © ICST Institute for Computer Sciences, Social Informatics and Telecommunications Engineering 2025.","AI bot; e-commerce website; NLP Chatbot","Bot (Internet); Commerce; Customer satisfaction; Electronic trading; Marketplaces; Query languages; Sales; Web Design; AI bot; Chatbots; Customers' satisfaction; Design products; E- commerces; E-commerce websites; Internet sites; NLP chatbot; Order tracking; Personalized recommendation; Chatbots","Conference paper","Final","","Scopus","2-s2.0-85219203892"
"Dasgupta P.; Moser L.E.; Melliar-Smith P.M.","Dasgupta, Prithviraj (7201405936); Moser, Louise E. (7102100889); Melliar-Smith, P. Michael (7006807808)","7201405936; 7102100889; 7006807808","Dynamic Pricing for E-Commerce","2008","Electronic Business: Concepts, Methodologies, Tools, and Applications","","","","393","400","1","10.4018/978-1-60566-056-1.ch025","https://www.scopus.com/pages/publications/105013907857?origin=resultslist","Over the last decade, e-commerce has significantly changed the traditional forms of interaction among humans in conducting business by automating business processes over the Internet. Early seller Web sites consisted of passive text-based catalogs of products that could be manually browsed by potential customers. Online passive catalogs were soon replaced by dynamically updated catalogs containing detailed product descriptions using combinations of text and images that could be searched in various formats and according to different search criteria. E-commerce techniques used by sellers for operations such as price setting, negotiation, and payment have matured from manual off-line processing of sales data to automated algorithms that dynamically determine prices and profits for sellers. Modern e-commerce processes for trading goods between buyers and sellers can be divided into five stages: search, valuation, negotiation, payment, and delivery. Depending on the type of market in which the goods are traded, some of the above stages are more important than others. There are three principal market models that are used for online trading. The most common market model used by online sellers for trading goods over the Internet is the posted-price market model. The other two market models, the auction model (Sandholm, Suri, Gilpin, & Levine, 2002) and the marketplace model (Chavez & Maes, 1996), are used for markets in which niche or specialty items with sporadic or uncertain demand are traded. In the posted-price market model, a seller announces the price of a product on its Web site. Buyers visiting the seller’s Web site request a quote from the seller. The seller responds with a quote in response to the buyers’ requests, and the buyers examine the seller’s quote to make a purchase decision. Unlike auctions and market places, products traded in posted-price markets are no-niche items and exhibit continuous demand over time. The Web site of online book merchant Amazon (http://www.amazon.com) is an example of a posted-price market. A buyer interested in a particular book enters the necessary information through a form on Amazon’s Web site to request the price of the book and receives the price in response. Modern seller Web sites employ automated techniques for the different stages of e-commerce. Intermediaries called intelligent agents are used to automate trading processes by implementing different algorithms for selling products. For example, Web sites such as MySimon (http://www. mysimon.com) and PriceGrabber (http://www. pricegrabber.com) automate the search stage by employing the services of intelligent agents called shopbots. Shopbots enable buyers to make an informed purchase decision by comparing the prices and other attributes of products from thousands of online sellers. Automated price comparison by buyers has resulted in increased competition among sellers. Sellers have responded to this challenge by using intelligent agents called pricebots that dynamically determine the price of a product in response to varying market conditions and buyers’ preferences. Intelligent agents are also used to enable other e-commerce processes, such as supply-chain management and automated negotiation. In this article, we focus on the different algorithms that sellers’ pricebots can use for the dynamic pricing of goods in posted-price markets. © 2009 by IGI Global. All rights reserved.","","Automation; Costs; Data handling; Electronic trading; Intelligent agents; Marketplaces; Sales; Websites; Business Process; Dynamic pricing; E- commerces; Market model; Online sellers; Potential customers; Pricebots; Purchase decision; Shopbots; Web-sites; Electronic commerce","Book chapter","Final","","Scopus","2-s2.0-105013907857"
"Reis J.L.; Aleixo L.; Pinto A.S.; Rodrigues L.S.","Reis, José L. (36848558100); Aleixo, Luís (60529389800); Pinto, Agostinho S. (36722019000); Rodrigues, Luís Silva (24079122200)","36848558100; 60529389800; 36722019000; 24079122200","Q-Commerce as a Metachannel Catalyst: Redefining Real-Time Value Delivery in the Digital Marketplace","2026","The Strategic Evolution From Omnichannel to Metachannel Marketing","","","","311","344","0","10.4018/979-8-3373-4591-8.ch011","https://www.scopus.com/pages/publications/105033576002?origin=resultslist","This chapter examines quick commerce (q- commerce) as a transformative force in the evolution from omnichannel to metachannel marketing. While omnichannel focused on consistent experiences across touchpoints, metachannel delivers fluid, context- aware experiences adapting in real- time to consumer needs. Q- commerce, with its ultra- fast delivery and hyper- localized fulfillment, exemplifies metachannel principles in action. Through a case study of WOCK® (Walkemore, S.A.), this research demonstrates how e- commerce operations can evolve toward metachannel capabilities by integrating q- commerce solutions. Using Design Science Research methodology, the study develops an operational model transforming physical distributors into micro- fulfillment centers while leveraging third- party logistics partnerships. The research proposes a framework for organizations leveraging qcommerce within metachannel transformation, addressing technological integration and strategic implications. This study contributes to theoretical understanding while providing practical guidance for businesses navigating it. © 2026 by IGI Global Scientific Publishing. All rights reserved..","","Operations research; Consumer's needs; Context-Aware; Digital marketplace; Metachannel; Real time values; Real- time; Touch-points; Ultra-fast; Value delivery; ]+ catalyst; Electronic commerce","Book chapter","Final","","Scopus","2-s2.0-105033576002"
"Shair V.; Bhalla S.; Kapoor D.","Shair, Vasu (60221562100); Bhalla, Sahil (59935505700); Kapoor, Divya (60221540200)","60221562100; 59935505700; 60221540200","Navigating Consumer Victimization in E-Commerce Grocery Platforms: Challenges, Impacts, and Protective Strategies","2025","Fundamentals of Forensic Victimology: Insights into Crime, Trauma, and Justice","","","","59","65","0","10.1007/978-3-031-95987-5_6","https://www.scopus.com/pages/publications/105023613233?origin=resultslist","The rise of e-commerce platforms has revolutionized the way we shop, especially in the grocery sector. With just a few clicks, consumers now enjoy unmatched convenience, access to a wide variety of products, and competitive pricing. But alongside these benefits, the digital shift has also brought new challenges, exposing consumers to risks like fraud, data breaches, deceptive marketing, and poor service. This study takes a closer look at the different ways consumers are being taken advantage of in the e-commerce grocery space. Using insights from previous research, it identifies common issues such as misleading product descriptions, scams during delivery, unauthorized use of personal data, and difficulties with refunds or returns. Vulnerable groups, like the elderly and those with limited digital literacy, are particularly affected, often facing both financial and emotional stress as a result. The chapter also examines how well existing laws and regulations protect consumers, uncovering gaps in enforcement and implementation. It offers practical recommendations to strengthen consumer protection, calling for stricter regulations, greater accountability from e-commerce platforms, and better support systems for affected individuals. In addition, the study emphasizes the importance of empowering consumers through awareness campaigns, transparent complaint-handling processes, and advanced technology to detect and prevent fraud. Finally, it highlights the need for collaboration between e-commerce platforms, regulators, and consumer advocacy groups to create a safer, more trustworthy online marketplace. By addressing these pressing issues, this research aims to build trust and ensure that the growing e-commerce grocery sector becomes a space where everyone can shop with confidence. © 2025 The Editor(s) (if applicable) and The Author(s), under exclusive license to Springer Nature Switzerland AG.","Consumer protection; Consumer victimization; Digital marketplace; E-commerce; Fraud; Grocery","Competition; Crime; Information systems; Information use; Marketplaces; Commerce platforms; Competitive pricing; Consumer victimization; Digital marketplace; E- commerces; Fraud; Grocery; Grocery sector; Product pricing; Victimisation; Consumer protection; Electronic commerce","Book chapter","Final","","Scopus","2-s2.0-105023613233"
"Hoo L.R.; Kusumawati Y.A.; Lasmy","Hoo, Lita Rachel (59527668700); Kusumawati, Yudhistya Ayu (57226758490); Lasmy (57193391972)","59527668700; 57226758490; 57193391972","Enhancing MSME Competitiveness Through E-Commerce","2024","Proceedings - 6th International Conference on Informatics, Multimedia, Cyber and Information System, ICIMCIS 2024","","","","370","375","1","10.1109/ICIMCIS63449.2024.10957680","https://www.scopus.com/pages/publications/105004416182?origin=resultslist","In Indonesia, especially Malang, the growth of industry has yet to fully flourish to maximize local economic growth with one of the main reasons to this problem is that most MSMEs failed to adapt with the trend. MSME growth in the 4.0 digital era most definitely uses technology and internet within production and marketing process. Unfortunately, only a small part of MSMEs in Malang City has used social media as marketing media, and even less has used digital marketplace to support their business activity which is undeniably essential as digital marketplace usage is positively impactful enough on MSMEs' productivity and sales. This research aims to generate possible solutions for MSMEs to promote and sell their products, mainly in Malang's area. To get a grasp of the problem and generate solution the research uses design thinking method. Based on the existing problems, this research proposes an application interface design of an E-commerce called MaCart. MaCart cover for various categories of local MSME products, and specifically designed for Malang area MSMEs. Furthermore, the E-commerce focuses on several essential features to provide retail services such as product review and several additional features to support user convenience such as product review, delivery, and live video for MSMEs. This paper might have only covered Malang area in the meantime. However, the idea itself could be implemented for other areas. Hopefully the research could become beneficial to support MSME productivity in the future.  © 2024 IEEE.","Digital Marketplace; E-commerce; Mobile Application; MSME","Electronic money; Mobile commerce; Sales; Digital era; Digital marketplace; Economic growths; Indonesia; Marketing process; Mobile applications; MSME; Product reviews; Production process; Social media; Marketplaces","Conference paper","Final","","Scopus","2-s2.0-105004416182"
"Danach K.; Rammal A.; Moukadem I.; Harb H.; Nasser A.","Danach, Kassem (56525245300); Rammal, Abbas (56487797800); Moukadem, Imad (8369242500); Harb, Hassan (56405343700); Nasser, Abbass (56487288500)","56525245300; 56487797800; 8369242500; 56405343700; 56487288500","Advanced Optimization in E-Commerce Logistics: Combining Matheuristics With Random Forests for Hub Location Efficiency","2025","IEEE Access","13","","","55915","55926","5","10.1109/ACCESS.2025.3550560","https://www.scopus.com/pages/publications/105002397604?origin=resultslist","The rapid growth of e-commerce has introduced significant challenges in optimizing logistics and distribution networks, particularly in determining hub locations to balance cost efficiency and service quality. This study presents a novel framework integrating matheuristics with Random Forest machine learning to address the Hub Location Problem (HLP) in e-commerce logistics. Leveraging real-world data from a global logistics company, the methodology combines predictive analytics with robust optimization techniques to dynamically adjust hub configurations based on fluctuating demand and operational constraints. Experimental results demonstrate substantial improvements over traditional methods, including an improvement of 7.8% in delivery time compliance, a 9.4% increase in fulfillment rate and enhanced network robustness by 16%. The findings highlight the strategic advantages of integrating advanced analytics into logistics planning, offering actionable insights for industry practitioners. © 2013 IEEE.","e-commerce; Hub location problem; logistics; matheuristics; optimization; random forest","Adversarial machine learning; Cost reduction; Decision trees; Marketplaces; Random forests; Resource allocation; Customers' satisfaction; Demand forecasting; E- commerces; Hub location; Hub location problems; Location efficiency; Logistics network; Matheuristic; Optimisations; Random forests; Customer satisfaction","Article","Final","All Open Access; Gold Open Access; Green Open Access","Scopus","2-s2.0-105002397604"
"Kalkha H.; Khiat A.; Belafhaili M.","Kalkha, Hicham (57452283100); Khiat, Azeddine (57193027037); Belafhaili, Mohamed (57223172753)","57452283100; 57193027037; 57223172753","Smart Cash-On-Delivery: Enhancing e-commerce transparency with smart contracts and parcel lockers","2025","2025 5th International Conference on Innovative Research in Applied Science, Engineering and Technology, IRASET 2025","","","","","","0","10.1109/IRASET64571.2025.11008008","https://www.scopus.com/pages/publications/105007671772?origin=resultslist","This paper presents a novel cash-on-delivery method for e-commerce, combining blockchain-based smart contracts and parcel lockers to enhance transparency, trust, and efficiency in last-mile delivery. The system reduces payment risks for suppliers while ensuring timely deliveries and tracking customers. By integrating the Internet of Things (IoT) and blockchain, this approach addresses key challenges like fraud and delivery inefficiencies, paving the way for more secure and sustainable e-commerce logistics. Furthermore, this study serves as a roadmap for other academics and blockchain professionals, encouraging further experimentation and research to refine and validate this approach through practical applications and real-world testing. © 2025 IEEE.","Blockchain; E-commerce; fraud; Internet of Things; Last mile delivery; Parcel locker; Smart contracts; Smart logistics; Transparency","Cryptocurrency; Mobile commerce; Smart contract; Block-chain; Cash-on-delivery; Delivery methods; E- commerces; Fraud; Last mile; Last mile delivery; Parcel locker; Payment risks; Smart logistic; Marketplaces","Conference paper","Final","","Scopus","2-s2.0-105007671772"
"Pu W.; Ma S.; Yan X.","Pu, Wei (57190976835); Ma, Shuang (57199815717); Yan, Xiangbin (7403596630)","57190976835; 57199815717; 7403596630","Geographical relevance-based multi-period optimization for e-commerce supply chain resilience strategies under disruption risks","2024","International Journal of Production Research","62","7","","2455","2482","16","10.1080/00207543.2023.2217937","https://www.scopus.com/pages/publications/85161521451?origin=resultslist","With the fierce competition in e-commerce, e-tailers are required to rapid responses to a variety of customised orders with multiple frequencies and strict delivery times. The delay or insufficient supply caused by disruptions might result in lost sales during long-term processes. To address this problem, a two-stage stochastic programming model considering profits, consumer service level (CSL) as well as market priorities is developed to manage long-term disruptions. We analyse multi-period consumer transaction data and formulate geographical relevance (GR) to link each marketplace with historical data in related regions and then prioritise market segments. A GR-based two-stage stochastic programming with multi-period is proposed, which (1) considers both proactive mitigation decisions before disruption and reactive recovery plans after disruption; (2) collaborates three resilience strategies; (3) optimises the e-tailer's profits considering market priorities during long-term disruptions. Using a real case of Chinese e-commerce under the COVID-19 pandemic, it is illustrated (1) the applicability and performance of the proposed GR-based model for multi-period resilience optimisation improving both the CSL and the total profit; (2) the efficiency and robustness of the developed sequential particle swarm optimisation with social structures algorithm. The proposed method could optimise e-tailers' response strategies for managing long-term disruptions in practice. © 2023 Informa UK Limited, trading as Taylor & Francis Group.","E-commerce supply chain; geographical relevance; hybrid resilience strategies; long-term disruptions; stochastic programming","Electronic commerce; Geographical regions; Particle swarm optimization (PSO); Profitability; Stochastic models; Stochastic programming; Stochastic systems; E- commerces; E-commerce supply chain; E-tailers; Geographical relevance; Hybrid resilience strategy; Long-term disruption; Multi-period; Optimisations; Resilience strategy; Two-stage stochastic programming; Supply chains","Article","Final","","Scopus","2-s2.0-85161521451"
"Samonte M.J.C.; Devera J.T.O.; Matoza R.B.F.; Viernes R.G.A.","Samonte, Mary Jane C. (36344067500); Devera, Jose Theodore O. (59868690400); Matoza, Raf Bradey F. (59721990200); Viernes, Ron Gerrovir A. (59720920600)","36344067500; 59868690400; 59721990200; 59720920600","A Secure E-commerce Shopping Cart Design with Multi-factor Authentication, Tokenized Payment Processing, and Open-Source Integration for Enhanced User Experience and Reduced Development Time","2025","Smart Innovation, Systems and Technologies","431","","","441","455","0","10.1007/978-981-96-1210-9_39","https://www.scopus.com/pages/publications/105004793559?origin=resultslist","Today, when we buy things online, it’s very important to keep transactions safe and protect customer details. This study suggests a new design for e-commerce shopping carts to make sure they are safe. It uses multi-step verification, tokenized payments, and free tools to make the system secure. Multi-step verification ensures it is more difficult for unauthorized people to get in through multiple stages of verification. Tokenization converts important information into tokens which is similar to encryption, making sure transactions are safe. Using open-source tools helps to make system development quicker and relatively cheaper. But there are some nuances to this, such as making it conform to the standard, working with other systems, and making clear guides. This research explores the implementation of these security measures, evaluates their impact on security and user experience, and proposes strategies for further enhancing e-commerce security in the future. © The Author(s), under exclusive license to Springer Nature Singapore Pte Ltd. 2025.","E-commerce shopping cart; Integrated system architecture; Multi-factor authentication; Open source; Tokenization","Cryptocurrency; Mobile commerce; Open systems; Shopping centers; E-commerce shopping cart; Integrated system architecture; Multi-factor authentication; Multisteps; Open-source; Payment processing; Shopping carts; Sources integrations; Tokenization; Users' experiences; Marketplaces","Conference paper","Final","","Scopus","2-s2.0-105004793559"
"Mishra A.; Dutta P.","Mishra, Anurag (57214672321); Dutta, Pankaj (16244453500)","57214672321; 16244453500","Return management in e-commerce firms: A machine learning approach to predict product returns and examine variables influencing returns","2024","Journal of Cleaner Production","477","","143802","","","4","10.1016/j.jclepro.2024.143802","https://www.scopus.com/pages/publications/85205518819?origin=resultslist","The advent of technology with internet penetration has led to exponential growth in sales through online mediums worldwide. Although the growth has increased sales and created opportunities for many firms and sellers to flourish, it also brings in the challenge of customer returns, making it a formidable challenge for businesses. For effective return handling and control, predicting product returns correctly is of utmost importance for firms. The study comprehensively examines the return management process, elucidating its multiple features and characteristics, focusing on the types of returns and the involvement of various stakeholders. Logistic regression, random forest, and gradient-boosting machine learning techniques were used on a data set to scrutinize critical variables influencing returns. Comparing the models using the ROC curve and AUC, gradient boosting performed better in predicting returns than other models. The study identifies significant variables affecting e-commerce return rates, such as total order amount, product category, and cash on delivery charge, an additional fee charged on this mode of payment. Managerial insights recommend that firms conduct due diligence and thorough assessments before introducing products from specific vendors. Quality improvement in certain categories of products, incentivizing card payments, and nominalizing the cash on delivery fees, which could be seen as burdensome by customers, are some of the steps firms need to reduce returns. Strategies like confirming weekend orders and updating replenishment times regularly by vendors can help firms mitigate returns effectively. The study contributes to the academic understanding of return management in e-commerce and offers actionable insights for practitioners. © 2024 Elsevier Ltd","E-commerce returns; Machine learning; Predictive model; Return management","Adversarial machine learning; Cash-on-delivery; E- commerces; E-commerce return; Exponential growth; Gradient boosting; Machine learning approaches; Machine-learning; Predictive models; Product returns; Returns managements; Marketplaces","Article","Final","","Scopus","2-s2.0-85205518819"
"Sturiale L.; Timpanaro G.; La Via G.","Sturiale, Luisa (57442738500); Timpanaro, Giuseppe (55377394500); La Via, Giovanni (54418820100)","57442738500; 55377394500; 54418820100","The online sales models of fresh fruit and vegetables: Opportunities and limits for typical Italian products","2017","Quality - Access to Success","18","","","444","451","16","","https://www.scopus.com/pages/publications/85015859674?origin=resultslist","The Internet environment has led to selection mechanisms for products that are very fast, with the elimination of competitors that do not have an appropriate business model. To this end, it is essential to refer to an active and interactive model of web presence that consider he specificity of italian agrifood products and their local dimension, in order to generate a real source of competitive advantage in a global context. In the Italian agrifood economy, since the 90’s many companies have implemented new “e-business” and web marketing organisational models, to adapt to the new competitive environment. They have adopted new strategic tools for market knowledge, brand awareness of their product, and customer. The last frontiers are represented by social commerce, Apps, mobile and content marketing, to name just a few (Liang et al.2011; Scuderi et al. 2014). The new ""e-commerce"" frontier is represented by logistics adaptations for sale at Km zero of fresh products and same-day delivery. Amazon Prime Now, which provides for the delivery in an hour in some urban areas of the United States, is the most prominent example, but there are other examples of the marketplace in several European countries. In Italy several e-commerce operators have equipped with their own logistics for same-day delivery or have adopted the model"" click-and-collect"" (buy on line and pick up the goods at a gathering place of the seller). The aim of the paper is to draw a picture of the online sales models of fresh fruit and vegetables in Italy and the presence of marketplace, to identify the limits and opportunities of the growing phenomenon of Amazon Prime Now, through a methodology of Word of Mouth and among consumers concerning purchase trend of other ones (Brown et al.2007; Brush et al. 2010). © 2017, SRAC - Societatea Romana Pentru Asigurarea Calitatii. All rights reserved.","Agrifood; Direct sale; E-business; Marketplace; Social media","","Article","Final","","Scopus","2-s2.0-85015859674"
"Li Y.; Tan C.; Ip W.H.; Wu C.H.","Li, Yuting (57394306400); Tan, Chunqiao (19640693300); Ip, W.H. (55498852200); Wu, C.H. (55506191100)","57394306400; 19640693300; 55498852200; 55506191100","Dynamic blockchain adoption for freshness-keeping in the fresh agricultural product supply chain","2023","Expert Systems with Applications","217","","119494","","","84","10.1016/j.eswa.2022.119494","https://www.scopus.com/pages/publications/85146099528?origin=resultslist","During COVID-19, the explosive growth of demand for fresh agricultural products on E-commerce platform has increased the difficulty of maintaining the greenness and freshness in delivery. The traditional cold chain delivery is effective in keeping greenness, but its information asymmetry makes the freshness-keeping activities unable to be regulated, which may lead to the supply chain members giving up their freshness-keeping efforts. Can the blockchain technology effectively solve these problems? We consider a fresh agricultural product supply chain consisting of a supplier and an E-commerce platform (retailer). The retailer is responsible for the wholesale and sales of fresh agricultural products, and determines the blockchain adoption degree and advertising effort. The supplier is responsible for delivering fresh agricultural products to consumers, and determines the greenness investment and freshness-keeping effort. Based on the traditional and blockchain-based fresh agricultural product supply chain, we discuss the dynamic optimization of freshness-keeping effort, advertising effort, and blockchain adoption degree. Results show that the supplier will give up the freshness-keeping effort after receiving the wholesale funds in the traditional fresh agricultural product supply chain, which will naturally worsen the fresh agricultural products. When adopting blockchain technology, the supplier continues to make the freshness-keeping effort in delivery. And five specific settings are proved that blockchain is effective in maintaining freshness. But two other specific settings are determined that it is not suited for adopting blockchain. In addition, compared with the traditional fresh agricultural product supply chain, blockchain adoption can effectively reduce the freshness-keeping effort, advertising investment and goodwill for achieving the same profit margin level, and will not affect the greenness investment decision of the supplier. Our research can provide some insights into the cold chain logistics management of fresh blockchain. © 2022","Blockchain technology; Fresh agricultural product supply chain; Freshness-keeping; Greenness investment","Agricultural products; Blockchain; Electronic commerce; Sales; Supply chains; Advertizing; Block-chain; Blockchain technology; Commerce platforms; Explosive growth; Fresh agricultural product supply chain; Fresh agricultural products; Freshness-keeping; Greenness investment; Product supply chains; Investments","Article","Final","","Scopus","2-s2.0-85146099528"
"Oliveira L.K.; Sousa L.T.M.; Santos Junior J.L.; Bracarense L.D.S.F.P.","Oliveira, Leise Kelli (57194449016); Sousa, Luísa Tavares Muzzi (57482904200); Santos Junior, Jorge Luiz (57195404818); Bracarense, Lilian dos Santos Fontes Pereira (57201686837)","57194449016; 57482904200; 57195404818; 57201686837","Spatial fragment parcel deliveries landscape in a global south city: The case of Belo Horizonte, Brazil","2025","Transportation Research Part A: Policy and Practice","199","","104571","","","1","10.1016/j.tra.2025.104571","https://www.scopus.com/pages/publications/105008306922?origin=resultslist","In Brazil, the COVID-19 pandemic has accelerated the growth of e-commerce. In this paper, we explore the temporal freight landscape of parcel deliveries in Belo Horizonte (Brazil) from 2019 to 2022 and discuss the implications of this evolution in the urban context. By analyzing the socioeconomic and mobility dimensions of the freight landscape, we identified that parcel deliveries per capita are spatially distributed and increase over time, particularly in areas with significant commercial activity and residential areas. Additionally, there is spatial autocorrelation between parcel deliveries per capita, nonresidential real estate transactions, density, diversity of commercial establishments and access to opportunities by walking and public transport. Additionally, we identified the spatial inequality in parcel deliveries over time. Based on the results, we discuss the policy implications of the parcel delivery landscape and its influence on transportation planning. The parcel delivery landscape is valuable for identifying criteria and priority locations to overcome access barriers for e-commerce goods. © 2025 Elsevier Ltd","Freight landscape; Parcel deliveries; Urban freight transport","Belo Horizonte; Brazil; Minas Gerais; Electronic commerce; Freight transportation; Marketplaces; Public policy; E- commerces; Freight landscape; Parcel delivery; Per capita; Real-estates; Residential areas; Socio-economics; Spatial autocorrelations; Urban context; Urban freight transport; COVID-19; economic development; electronic commerce; freight transport; logistics; pandemic; public transport; walking; Urban transportation","Article","Final","","Scopus","2-s2.0-105008306922"
"Chavhan R.; Dutta P.; Samant N.; Kar S.","Chavhan, Rahul (57736431000); Dutta, Pankaj (16244453500); Samant, Nidhi (59924230900); Kar, Samarjit (57214748469)","57736431000; 16244453500; 59924230900; 57214748469","Data-driven strategic customer segmentation considering cart abandonment behavior: Insights from e-grocery delivery platforms","2025","Information Sciences","718","","122327","","","1","10.1016/j.ins.2025.122327","https://www.scopus.com/pages/publications/105006995581?origin=resultslist","The growing e-commerce grocery (e-grocery) sector drives e-grocers to pursue higher customer retention rather than acquisition. A good understanding of customer relationships is essential for customer retention; while accurate segmentation is essential for understanding this relationship. Traditional behavioral segmentation metrics such as recency (R), frequency (F), and monetary value (M) encounter accuracy and decision-making challenges amid evolving business dynamics and shifting consumer behavior. Hence, the RFM model must be improved by incorporating metrics that reflect modern consumer behavior. Cart abandonment has emerged as a pivotal metric of customer loyalty. This study enhances the RFM model by incorporating the delivery ratio (D) metric representing customer cart behavior and separates ‘R’ to present an innovative R + FMD model. By leveraging big data on e-groceries, we applied k-means, DBSCAN, agglomerative, FCM, and GMM clustering algorithms to compare the RFM and R + FMD models. The weights of the F, M, and D metrics were determined using the PF-AHP technique. Results demonstrate the superiority of the R + FMD model over the RFM model across all clustering algorithms, with the GMM showing the best performance. Using the GMM, we segmented customers at three recency levels and confirmed significant differences via MANOVA. Notably, 10 out of 26 clusters comprised 43.86 % of valuable customers who contributed 79.56 % of the firm's gains. This study also identified the customers’ issues, preferred categories, and preferred brands. Additionally, we proved the robustness and generalizability of the R + FMD model relative to the RFMT and LRFM models in the literature by using another large-scale dataset. The insights from this study provide businesses with powerful tools to target customer retention through precise segmentation. © 2025 Elsevier Inc.","Big data; Cart abandonment; Customer segmentation; E-commerce; Grocery delivery; Quick commerce","Consumer behavior; Customer satisfaction; Electronic money; Image segmentation; Marketplaces; Risk perception; Sales; Shopping centers; Cart abandonment; Clusterings; Customer relationships; Customer retention; Customers segmentations; Data driven; E- commerces; Grocery delivery; Grocery sector; Quick commerce; Large datasets","Article","Final","","Scopus","2-s2.0-105006995581"
"Rosenzweig E.D.; Laseter T.M.; Roth A.V.","Rosenzweig, Eve D. (56238058700); Laseter, Timothy M. (6506943852); Roth, Aleda V. (7403051385)","56238058700; 6506943852; 7403051385","Through the service operations strategy looking glass: Influence of industrial sector, ownership, and service offerings on B2B e-marketplace failures","2011","Journal of Operations Management","29","1-2","","33","48","34","10.1016/j.jom.2010.04.003","https://www.scopus.com/pages/publications/79951579831?origin=resultslist","This paper contributes to the emerging area of e-service strategy in the context of business-to-business (B2B) e-marketplaces, which we view as Internet-based service delivery systems that link sellers' offerings to buyers. Although a myriad of new B2B e-market1places were launched over the past decade, a substantial number failed shortly after the peak of the NASDAQ in 2000. The bursting of the Internet bubble provides a setting for assessing salient, theory-based determinants of failure - and success. Accordingly, we apply a service operations strategy lens and complementary organizational theories to explain how three strategic factors - industrial sector characteristics, ownership structure, and functionality of service offering - may have influenced B2B e-marketplaces' odds of survival after the bubble. We empirically test these factors using logistic regression analysis on a sample of 854 B2B e-marketplaces. Consistent with emerging e-services literature, our empirical results indicate that B2B e-marketplaces serving industrial sectors that are a better fit with the Internet service delivery systems - by high information dependence and low information tacitness - have the highest likelihood of success, as do e-marketplaces with service offerings that facilitate collaboration among multiple buyers and sellers. We also demonstrate the positive influence of consortium ownership structure on B2B e-marketplace survival, albeit not for first-mover consortia-backed e-marketplaces. Our findings contribute to the service operations strategy literature and provide direction for managers in the areas of e-service strategy and investment. © 2010 Elsevier B.V.","B2B e-commerce; Business failure; e-Services; Internet service delivery systems; Logistic regression analysis; Service operations strategy","Electronic commerce; Industry; Internet; Metal analysis; Plant shutdowns; Quality assurance; Regression analysis; Statistics; B2B e-commerce; Business failure; e-Services; Internet service delivery systems; Logistic regression analysis; Service operations strategy; Web services","Article","Final","","Scopus","2-s2.0-79951579831"
"Pestek A.; Smajlovic M.A.","Pestek, Almir (55014225300); Smajlovic, Mediha Arnaut (60082878200)","55014225300; 60082878200","Customer Attitudes Towards E-commerce in Bosnia and Herzegovina: What Happened Between 2023 and 2024?","2026","Lecture Notes in Networks and Systems","1524 LNNS","","","109","120","0","10.1007/978-3-031-97799-2_10","https://www.scopus.com/pages/publications/105020717845?origin=resultslist","Today’s E-commerce has experienced numerous changes due to the rapid advancements in technology. It creates a potential of fundamentally changing the way that business is done and possibility of creating an entirely new economy. Consumers nowadays can make purchases anywhere at any time by simply using their mobile phones and experiencing unique purchase experiences, choice, and flexibility. Social media integration, changing demographics, more digital literacy, and the COVID-19 epidemic have all contributed to the trend’s acceleration toward online shopping. Digitalization has permeated every stage of the consumer purchasing process and its significance is still rising. Shifts that occurred in global industry such as shift from online to offline and advancements in payment technologies have resulted in value innovation. This research summarizes and compares findings of two studies that were conducted in collaboration with the E-commerce Association in Bosnia and Herzegovina in February 2023 and February 2024. The purpose of the studies was to investigate how consumers perceive and feel about online purchasing. Questionnaires were employed in both studies, and the first year’s results showed 1317 valid responses, while the second year’s results showed 1483. Customers who had already shopped online made up the research respondents. The research findings provide valuable information on how E-commerce and online consumer behavior are evolving among BiH’s customers and are in accordance with meaningful results in the field today. The most crucial factors influencing online purchase decisions, the least significant factors for both studies, and the product types bought online are compared. Additionally, it lists and contrasts the customers’ preferred payment and delivery methods along with retailer’s contact options. © The Author(s), under exclusive license to Springer Nature Switzerland AG 2026.","Bosnia and Herzegovina; E-commerce; E-commerce trends","Consumer behavior; Marketplaces; Purchasing; Sales; Bosnia and herzegovina; Digital literacies; E-commerce trend; Global industry; New economy; Offline; Online shopping; Social media; Trend(s); Value innovations; Electronic commerce","Conference paper","Final","","Scopus","2-s2.0-105020717845"
"Leung K.H.; Lee C.K.M.; Choy K.L.","Leung, K.H. (57328966600); Lee, Carman K.M. (24468281700); Choy, K.L. (7005477047)","57328966600; 24468281700; 7005477047","An integrated online pick-to-sort order batching approach for managing frequent arrivals of B2B e-commerce orders under both fixed and variable time-window batching","2020","Advanced Engineering Informatics","45","","101125","","","39","10.1016/j.aei.2020.101125","https://www.scopus.com/pages/publications/85085664266?origin=resultslist","The emergence of e-commerce marketplace, especially the business-to-business (B2B) e-commerce sector, has created a vast market opportunity for retailers and logistics service providers (LSPs). However, facing the structural changes in B2B logistics orders, without any transformation of logistics operating process in distribution centres, LSPs are experiencing serious challenges in handling B2B e-commerce orders. In order for LSPs to grasp the market pie of the logistics and distribution sector of the e-commerce business through improving the core capability of handling B2B e-commerce order in their distribution centres, this paper proposes a novel approach for LSPs to systematically execute B2B order pre-processing so that the B2B e-commerce orders are better managed. An intelligent B2B order handling system (IOHS) is developed for efficient management of discrete, frequently arrived B2B e-commerce orders. By applying the “warehouse postponement” concept through the development of IOHS integrating cloud database management, fuzzy logic, and genetic algorithm approach, B2B order grouping solutions are effectively generated. A case study is conducted in a Hong Kong-based logistics service provider who handles outsourced B2B e-commerce orders, indicating the feasibility of the proposed solution to facilitate e-order fulfilment under both fixed and variable time-window batching settings in distribution centres. A significant improvement in terms of the throughput rate of handling B2B e-commerce order in the distribution centre is found, thereby increasing the satisfaction of buyers and sellers throughout the order handling and delivery process, as well as facilitating LSPs’ capability to manage a larger number of orders received from B2B e-commerce platform, given the greater product exposure of sellers in today's B2B e-business. © 2020 Elsevier Ltd","Artificial intelligence; E-commerce order handling; Online order batching; Pick-to-sort systems; Real time operational decision making; Warehouse management","Fuzzy logic; Genetic algorithms; Service industry; Warehouses; Business to business; Distribution centres; Distribution sector; E-commerce business; Efficient managements; Genetic algorithm approach; Logistics service provider; Market opportunities; Electronic commerce","Article","Final","","Scopus","2-s2.0-85085664266"
"Baker El-Ebiary Y.A.; Aseh K.; Bamansoor S.; Pande B.; Abu-Ulbeh W.; Yusoff M.H.; Pathmanathan P.R.; Jusoh J.A.; Al Moaiad Y.","Baker El-Ebiary, Yousef A. (57195625873); Aseh, Khairi (57257837600); Bamansoor, Samer (57205291520); Pande, Bishwajeet (57258076800); Abu-Ulbeh, Waheeb (56049297300); Yusoff, M. Hafiz (57220114181); Pathmanathan, P. Ravindran (57257969000); Jusoh, Julaily Aida (55015235300); Al Moaiad, Yazeed (57193869260)","57195625873; 57257837600; 57205291520; 57258076800; 56049297300; 57220114181; 57257969000; 55015235300; 57193869260","Mobile commerce and its apps - Opportunities and threats in Malaysia","2021","2021 2nd International Conference on Smart Computing and Electronic Enterprise: Ubiquitous, Adaptive, and Sustainable Computing Solutions for New Normal, ICSCEE 2021","","","","180","185","26","10.1109/ICSCEE50312.2021.9498228","https://www.scopus.com/pages/publications/85114898815?origin=resultslist","The purpose of this study is to discuss on opportunities and threats of Foodpanda as an online E-commerce platform including their strength and weaknesses. Electronic Commerce commonly known as E - Commerce means buying and selling of goods and services through internet. E-commerce is a way of conducting business online. Though e-commerce is facing challenges in the market but it has scope to outsource the traditional markets. Nowadays, E-commerce is a very big and potential platform in business organization. There are so many platform of E-commerce and one of them is Foodpanda. Foodpanda is one of the leading online food delivery marketplaces and is spread out globally. Its main job is to enable users to place orders at nearby restaurants with the assistance of its website or via its mobile app. A study on Foodpanda will show on opportunities and threads of Foodpanda as one of the biggest online E-Commerce platform.  © 2021 IEEE.","E-commerce; Food Delivery; Foodpanda; Malaysia; Mobile Commerce; SWOT Analysis","Ubiquitous computing; Business organizations; Food delivery; Malaysia; Mobile app; Spread outs; Traditional markets; Mobile commerce","Conference paper","Final","","Scopus","2-s2.0-85114898815"
"","","","6th IFIP International Conference on e-Commerce, e-Business, and e-Government, I3E 2006","2006","IFIP Advances in Information and Communication Technology","226","","","1","453","0","","https://www.scopus.com/pages/publications/85032229512?origin=resultslist","The proceedings contain 35 papers. The special focus in this conference is on e-Commerce, e-Business, and e-Government. The topics include: Identity and access management for remote maintenance services in business networks; understanding the B2B E-market in China; personalization beyond recommender systems: An application-oriented overview of personalization functions; multidisciplinary models and guidelines for eProcurement projects: The eReadiness phase; the adoption of RFID-based self-check- out-systems at the point-of-sale: An empirical investigation; application of text mining into auto answering system and improvement of mining performance; who should take care of the personalization?; methodology for IT Governance assessment and design; the E-Government: A Jigsaw view; tAM derived construct of perceived customer value and online purchase behavior: An empirical exploration; p2P users: Important dimensions for changing to legal online music stores; elderly people and emerging threats of the internet and new media; users’ benefit and provider’s revenue of content delivery services with priority control; business model scenarios for remote management; electronic activity interchange EAI - A new way of B2B cooperation; modelling value-based inter-organizational controls in healthcare regulations; extending traditional Wiki systems with geographical content; integrated search based on image contents; an empirical study on business-to-government data exchange strategies to reduce the administrative costs for businesses; internet services for the underprivileged: Computer courses for the elderly and unemployed at a residents’ meeting room; combining critical success factors and life cycle model to enable evaluation of e-business models; a secure e-ordering web service; biometric access control for athletic events; “Liquid” electronic marketplaces.","","","Conference review","Final","","Scopus","2-s2.0-85032229512"
"Chen J.; Sun W.; Zhao W.","Chen, Jian (59561123300); Sun, Wenying (59408670200); Zhao, Wenjin (57218405593)","59561123300; 59408670200; 57218405593","An examination of critical factors influencing consumers' behavior in live streaming e-commerce","2025","Proceedings of 2024 5th International Conference on Computer Science and Management Technology, ICCSMT 2024","","","","168","172","0","10.1145/3708036.3708065","https://www.scopus.com/pages/publications/85218033477?origin=resultslist","The rapid development of live streaming e-commerce calls for a deeper understanding of the factors influencing consumer behavior.This paper uses web crawling to gather data, combining Latent Dirichlet Allocation (LDA) and word frequency analysis for feature extraction.Hierarchical regression is applied to validate critical factors influencing consumer behavior in live streaming e-commerce.The data covers March to September 2023, including 361.68 hours of live streaming, 3, 093, 402 words of anchor speeches, and 4, 095, 309 records of consumer behavior.Eleven critical factors under six dimensions from three perspectives were identified and the combination of three perspectives has a role in influencing consumer behavior.All of critical factors influenced consumer behavior, with the most significant impacts of the anchor's positivity and promotion, the product's delivery service, and the number of bullet screens in the scene.This paper highlights the combined influence of anchor, product, and scene perspectives on consumer behavior, providing valuable insights for optimization. © 2024 Copyright held by the owner/author(s). Publication rights licensed to ACM.","consumer behavior; feature extraction; hierarchical regression; live streaming e-commerce","Marketplaces; Regression analysis; Critical factors; E- commerces; Features extraction; Frequency Analysis; Hierarchical regression; Latent Dirichlet allocation; Live streaming; Live streaming e-commerce; Web Crawling; Word frequencies; Web crawler","Conference paper","Final","","Scopus","2-s2.0-85218033477"
"Khosrow-Pour M.","Khosrow-Pour, Mehdi (16178137000)","16178137000","E-Commerce Trends for Organizational Advancement: New Applications and Methods","2009","E-Commerce Trends for Organizational Advancement: New Applications and Methods","","","","1","358","0","10.4018/978-1-60566-964-9","https://www.scopus.com/pages/publications/105015680094?origin=resultslist","While buying and selling goods and services once necessitated a face-to-face transaction, much of the commerce we now undertake is completely electronic. Recent advances in electronic and mobile commerce, precipitated by innovations in technology and user acceptance, have led to subsequent changes in individual and organizational behavior. E-Commerce Trends for Organizational Advancement: New Applications and Methods gathers essential research on the changing face of commerce, investigating the development, delivery, and perception of e- and m- commerce systems and tools. © 2010 by IGI Global. All rights reserved.","","Behavioral research; Marketplaces; E- commerces; Face to face; Good and services; Individual behavior; M-commerce; New applications; Organisational; Organizational behavior; Technology acceptance; Users' acceptance; Mobile commerce","Book","Final","","Scopus","2-s2.0-105015680094"
"Zhang X.; Dai X.; Lou P.; Hu J.","Zhang, Xiaomei (55715410700); Dai, Xinchen (59893031900); Lou, Ping (59569136000); Hu, Jianmin (57194327051)","55715410700; 59893031900; 59569136000; 57194327051","A Multi-Strategy ALNS for the VRP with Flexible Time Windows and Delivery Locations","2025","Applied Sciences (Switzerland)","15","9","4995","","","5","10.3390/app15094995","https://www.scopus.com/pages/publications/105004880697?origin=resultslist","With the rapid development of e-commerce, the importance of logistics distribution is becoming increasingly prominent. In particular, the last-mile delivery is particularly important because it serves customers directly. Improving customer satisfaction is one of the important factors to ensure the quality of service in delivery and also an important guarantee for improving the market competitiveness of logistics enterprises. In the process of last-mile delivery, flexible delivery locations and variable delivery times are effective means to improve customer satisfaction. Therefore, this paper introduces a Vehicle Routing Problem with flexible time windows and delivery locations, considering customer satisfaction (VRP-CS), which considers customer satisfaction by using prospect theory from two aspects: the flexibility of delivery time and delivery locations. This VRP-CS is formally modeled as a bi-objective optimization problem, which is an NP-hard problem. To solve this problem, a Multi-Strategy Adaptive Large Neighborhood Search (MSALNS) method is proposed. Operators guided by strategies such as backtracking and correlation are introduced to create different neighborhoods for ALNS, thereby enriching search diversity. In addition, an acceptance criterion inspired by simulated annealing is designed to balance exploration and exploitation, helping the algorithm avoid being trapped in local optima. Extensive numerical experiments on generated benchmark instances demonstrate the effectiveness of the VRP-CS model and the efficiency of the proposed MSALNS algorithm. The experiment results on the generated benchmark instances show that the total cost of the VRP-CS is reduced by an average of 14.22% when optional delivery locations are utilized compared to scenarios with single delivery locations. © 2025 by the authors.","adaptive large neighborhood search; customer satisfaction; delivery options; time window; vehicle routing problem","Marketplaces; Multiobjective optimization; NP-hard; Quality function deployment; Sales; Simulated annealing; Adaptive large neighborhood searches; Customers' satisfaction; Delivery option; Delivery time; E- commerces; Flexible time windows; Last mile; Logistic distributions; Time windows; Vehicle Routing Problems; User experience","Article","Final","All Open Access; Gold Open Access; Green Open Access","Scopus","2-s2.0-105004880697"
"Pavithra S.; Vimal Raja R.; Kiruthika D.; Kamali S.; Mirudhula K.; Govindharaj I.","Pavithra, S. (60136293800); Vimal Raja, R. (59699920200); Kiruthika, D. (60136997700); Kamali, S. (60135595800); Mirudhula, K. (60135595900); Govindharaj, I. (57119996600)","60136293800; 59699920200; 60136997700; 60135595800; 60135595900; 57119996600","Farmyzaar: Secure Farmer Authentication in Agricultural Marketplace using Verhoeff Algorithm and OCR","2025","Proceedings of 5th International Conference on Soft Computing for Security Applications, ICSCSA 2025","","","","464","470","0","10.1109/ICSCSA66339.2025.11171239","https://www.scopus.com/pages/publications/105018458665?origin=resultslist","Small-scale farmers who produce vital agricultural products face problems with intermediaries along with high costs and marketplace fraud in traditional marketplaces. Present e-commerce portals do not have sufficient security protocols, nor do they support direct farmer connections with customers which makes both product visibility and security insufficient. This research brings forward Farmyzaar which represents an innovative agricultural e-commerce platform designed to resolve existing platform problems. The system implements Optical Character Recognition technology as part of farmer verification procedures to secure safe registration for prevention of unauthorized entries. Tracking systems allow customers to verify their delivery status in real time thus establishing product quality checks as well as confirming origin and destination points. Through Farmyzaar the platform maintains direct communication between agriculture producers and customers without requiring intermediaries to perform trading operations. This differs from conventional methods which focus on listing crop products. The Verhoeff algorithm enables this platform to establish trust and security for agricultural trades. The proposed solution tackles major digital agriculture problems by creating a protected platform that delivers effective and sustainable sales. © 2025 IEEE.","Digital Agriculture; Direct Farmer-to-Consumer Interaction; Farmer Authentication; Optical Character Recognition (OCR); Real-time Tracking; Supply Chain Transparency","Agricultural implements; Agricultural products; Authentication; Crops; Electronic commerce; Network security; Sales; Smart agriculture; Tracking (position); Consumer interaction; Digital agriculture; Direct farmer-to-consumer interaction; E- commerces; Farmer authentication; Optical character recognition; Optical-; Real time tracking; Small scale farmers; Supply chain transparency; Supply chains","Conference paper","Final","","Scopus","2-s2.0-105018458665"
"Cauwelier K.; Buldeo Rai H.; Mommens K.","Cauwelier, Kathleen (57320679000); Buldeo Rai, Heleen (57195135422); Mommens, Koen (55944651600)","57320679000; 57195135422; 55944651600","Thinking fast, slow delivery: nudging sustainable choices among Gen Z consumers","2025","Research in Transportation Economics","114","","101657","","","1","10.1016/j.retrec.2025.101657","https://www.scopus.com/pages/publications/105024261975?origin=resultslist","Online grocery shopping with doorstep delivery is reshaping everyday decisions, often prioritising speed and convenience at the cost of higher transport emissions. Consumer choices are therefore central to promoting sustainability in this context. Grounded in the SHIFT model, this study explores how nudging strategies can promote sustainable behaviour among Generation Z consumers. Drawing on behavioural insights from Kahneman's book ‘Thinking, Fast and Slow’, which investigates how subtle cues influence decision-making. Two online surveys using a randomized experimental design tested nine nudging strategies. Among these, financial penalties and eco-label prompts proved most effective in encouraging slower delivery choices. Participants with prior pro-environmental awareness were less inclined to choose an express delivery, while older Gen Z respondents (closer to 30) tended to favour express delivery regardless of the nudge, suggesting that lifestyle differences shape responsiveness to nudges. These findings indicate that the success of a nudge depends not only on its design but also on consumers' prior awareness and demographic profiles. By focusing on the underexplored Generation Z segment and comparing a diverse range of nudges, this study contributes to behavioural research and offers actionable insights for retailers and policymakers aiming to reduce the environmental impact of last mile delivery. © 2025 Elsevier Ltd. All rights are reserved, including those for text and data mining, AI training, and similar technologies.","C93; Consumer Economics: Empirical Analysis; D12; Delivery choice; Digital green nudges; e-Commerce; E-grocery; Environment and Development; Environment and Trade; Environmental Accounts and Accounting; Environmental Equity; Experiments; Field Experiments; Generation Z; L81; L91; Population Growth; Q56; Retail and Wholesale Trade; Sustainability; Sustainability; Transportation General","","Article","Final","","Scopus","2-s2.0-105024261975"
"Cortés-Muñoz J.-C.; Robles-Velasco A.; Onieva L.; Escudero-Santana A.","Cortés-Muñoz, Juan-Carlos (59407100200); Robles-Velasco, Alicia (57211988350); Onieva, Luis (6602830507); Escudero-Santana, Alejandro (56086155600)","59407100200; 57211988350; 6602830507; 56086155600","Characterizing E-Commerce Users to Improve Last-Mile Parcel Delivery: A Mobile App-Based Approach","2025","Lecture Notes on Data Engineering and Communications Technologies","239","","","356","361","2","10.1007/978-3-031-82334-3_62","https://www.scopus.com/pages/publications/105006882495?origin=resultslist","The escalating complexity of B2C e-commerce logistics, particularly in the critical area of last-mile delivery, along with the prevalent consumer preference for home delivery, highlights a major challenge: the need to reduce incidents during the delivery process. These incidents not only reduce the perceived quality of service but also increase distribution costs and emissions. This paper presents a novel initiative to address the challenge of delivery failures by allowing users to generate and send location statistics to the delivery company, contingent upon their explicit consent. In this way, users can define a list of preferred personal locations for tracking, ensuring enhanced coordination between customers and delivery companies. Through this collaborative approach, users have agency over their data, contributing to a more efficient and customer-centric e-commerce logistics ecosystem while mitigating incidents, reducing costs, and minimizing environmental impact. © The Author(s), under exclusive license to Springer Nature Switzerland AG 2025.","Business-To-Consumer; E-commerce Logistics; Geolocation; Last-Mile; User Profiling","Electronic money; Marketplaces; B2C e-commerce; Business to Consumer; Consumers' preferences; Delivery company; E-commerce logistic; Geolocations; Last mile; Mobile app; Parcel delivery; User's profiling; Mobile commerce","Book chapter","Final","","Scopus","2-s2.0-105006882495"
"Lee H.-C.; Shin S.Y.; Rhee Y.W.","Lee, Hyun-Chang (15843716500); Shin, Seong Yoon (8950182600); Rhee, Yang Won (14037927600)","15843716500; 8950182600; 14037927600","On-line and mobile delivery data management for enhancing customer services","2011","Communications in Computer and Information Science","151 CCIS","PART 2","","79","89","1","10.1007/978-3-642-20998-7_11","https://www.scopus.com/pages/publications/79955079707?origin=resultslist","With the growing trend toward the use of supply chain and e-commerce, logistic service providers for product warehousing, transportation and delivery are placing great emphasis on information technology (IT) to be competitive globally. Realizing the current service tracking system merely supports order status tracking within a service provider, applies mobile agent technology for customer satisfaction index through online delivery tracking across the logistic alliances. Therefore, in this paper, we propose a system that utilizes three-tier architecture for mobile agent technology and develops a prototype system for logistic delivery service tracking to satisfy customers who want to know the location of their things in detail. Also, we demonstrate the concept and technology proposed with mobile and internet. The online service tracking services enable customers to monitor the real-time status of their service requests through internet and therefore becomes key tool for modern enterprises to compete successfully in a global marketplace. © 2011 Springer-Verlag.","","Customer satisfaction; Human computer interaction; Information management; Internet; Mobile agents; Mobile telecommunication systems; Sales; Supply chains; Technology transfer; Ubiquitous computing; Customer satisfaction indices; Customer services; Data management; Delivery service; E-Commerce; Global marketplaces; Logistic services; Mobile agent technology; On-line service; Online delivery; Prototype system; Service provider; Service requests; Status tracking; Three-tier architecture; Tracking services; Tracking system; Information technology","Conference paper","Final","","Scopus","2-s2.0-79955079707"
"Qi Z.; Tijun F.; Yang S.","Qi, Zheng (58510439600); Tijun, Fan (22978899800); Yang, Song (58511494500)","58510439600; 22978899800; 58511494500","Impact of traceability technology investment on supply chains for fresh product under pre-position warehouse mode; [前置仓模式下的生鲜农产品供应链追溯 技术投资决策研究]","2023","Journal of Industrial Engineering and Engineering Management","37","4","","165","178","3","10.13587/j.cnki.jieem.2023.04.014","https://www.scopus.com/pages/publications/85166031819?origin=resultslist","Since China′s fresh e-commerce industry is developing rapidly with the rise of platform economy and the rapid popularization of the Internet, many enterprises are involved in the field of fresh e-commerce. However, due to the freshness of consumer preference and the high frequency of purchase, the pre-position warehouse mode of fresh e-commerce has gradually become a new development trend. Many e-commerce enterprises adopt such mode to reduce intermediate links and shorten the distribution time, so as to ensure the freshness and quality of products and improve operation efficiency. Fresh agricultural products are different from ordinary products, which need refrigerated trucks in the transportation process, with relatively high logistics cost as well as quantity and quality loss. How to reduce the loss of products and improve the profits of the supply chain has become an important problem to be solved in the operation of the fresh product supply chain. In practice, fresh e-commerce has begun to apply traceability technology to reduce the loss of fresh products, which can not only identify the exact information of products by tracking products through labels, but also avoid losses caused by inaccurate inventory location of each node in the supply chain. Therefore, it is urgent to study the optimal decision-making of fresh agricultural products supply chain under the pre-position warehouse mode, and how to invest in traceability technology to reduce product loss, maximize supply chain profits, and improve the performance of fresh agricultural supply chain. This paper considers a fresh agricultural product supply chain composed of the supplier and the fresh e-commerce with two preposition warehouses. The supplier can offer a single variety of fresh agricultural products to fresh e-commerce. In view of the freshness and perishability of fresh products, we combine the two cases of supplier delivery to warehouse and fresh e-commerce self delivery, then adopt the method of game theory to construct the supply chain decision model when supplier and fresh electricity supplier respectively invest in traceability technology. We analyze the influence of quantity loss, freshness loss and transportation distance on the decision-making of fresh agricultural products supply chain under pre-position warehouse mode. Then we discuss how to reduce the quantity loss and freshness loss of fresh products through traceability technology, investigate the optimal decision of fresh agricultural products supply chain under the investment traceability technology, and how to choose the way of delivery to maximize profits when investing in traceability technology. In the case of supplier delivery to the warehouse, the fresh e-commerce determines the optimal order quantity of agricultural products respectively according to the market demand function of the region where the two pre-position warehouses are located. The supplier shall transport the products to two different pre-position warehouses according to the order quantity of fresh e-commerce, then formulate the optimal wholesale price. The fresh e-commerce determines the optimal retail price in the region where the two pre-position warehouses are located for sales. In case of the fresh e-commerce self delivery, the fresh e-commerce determines the optimal product order quantity respectively according to the market demand function of the region where the two preposition warehouses are located. The supplier determines the optimal wholesale price according to the order quantity of fresh e-commerce. The fresh e-commerce transports the products to two pre-position warehouses respectively, and then formulates the optimal retail price for sales. Finally, we study the influence of loss coefficient and other factors on the optimal decision-making of fresh agricultural products supply chain under different delivery conditions through the example analysis, then explore the change trend of supply chain profit before and after investment traceability technology. The research reveals that: (1) when the inventory availability of products is within the threshold range, the fresh e-commerce can improve its profit by choosing the way of self delivery. When the inventory availability of products exceeds the threshold range, the way of supplier delivery to the warehouse can improve its profit. (2) The supply chain can gain more profits by increasing the order quantity of long-distance pre-warehouse under the mode of supplier delivery to warehouse and increasing the order quantity of short-distance prewarehouse under the mode of fresh e-commerce self-picking goods. (3) When the supply chain invests in traceability technology, the total profit of fresh agricultural products supply chain can be significantly improved than that without traceability technology, and the total profit of supply chain is positively correlated with inventory availability. (4) In the delivery to warehouse mode, the fresh ecommerce investment in traceability technology can make the supply chain obtain greater profits. In the self delivery mode, the supplier investment in traceability technology can make the supply chain obtain greater profits. From the above analysis, it can be seen that when the supplier invests in traceability technology, the profit of fresh e-commerce in the self delivery mode increases with the label cost of traceability technology, while the profits of supplier and supply chain decrease with the increase of traceability technology label cost. The supply chain can obtain more profits under the fresh e-commerce self delivery mode than under the supplier delivery to warehouse mode. However, the supplier can make greater profits in the fresh e-commerce self delivery mode than in the supplier delivery to warehouse mode, while fresh e-commerce can make greater profits in the supplier delivery to warehouse mode than in the self delivery mode. Hence, the supplier and the fresh e-commerce can make reasonable decisions according to specific conditions. © 2023, Journal of Industrial Engineering and Engineering Management. All Rights Reserved.","Fresh product; Pre-position warehouse; Supply chain decisions; Traceability technology","","Article","Final","","Scopus","2-s2.0-85166031819"
"Ying Y.; Rianto Chandra M.","Ying, Yi (56957724200); Rianto Chandra, Mei (59777915800)","56957724200; 59777915800","An Empirical Analysis of Customer Satisfaction of E-Commerce Services in Indonesia","2024","Proceedings - 6th International Conference on Informatics, Multimedia, Cyber and Information System, ICIMCIS 2024","","","","951","955","0","10.1109/ICIMCIS63449.2024.10956208","https://www.scopus.com/pages/publications/105004410782?origin=resultslist","The rapid growth of e-commerce in Indonesia has led to significant changes in consumer behavior and expectations. E-commerce has become an inseparable part of our daily lives, especially in Indonesia. Many local and international e-commerce platforms are present and competing fiercely to attract buyers. Technological developments have also made the online shopping process easier, from payment to delivery of goods. The aim of this research is to find the factors that determine buyers when shopping for products on the JD.Id E-Commerce platform. The respondents in this research were 50 customers aged 18-55 years. Collecting data by distributing questionnaires using a Likert scale. The questions in the questionnaire are divided into three aspects, namely: (1) Aspect of Shopping; (2) Product aspects; (3) Services aspect. The conclusions from this research are free shipping, quality, price, usability is the main determining factor in online shopping.  © 2024 IEEE.","E-Commerce; JD.ID; Product; Services; Shopping","Clothes; Consumer behavior; Electronic money; Mobile commerce; Sales; User experience; Commerce platforms; E- commerces; Empirical analysis; ID; Indonesia; JD.; Online shopping; Product; Service; Shopping; Marketplaces","Conference paper","Final","","Scopus","2-s2.0-105004410782"
"Tamilarasi M.; Sasmitha K.; Yuvashree P.","Tamilarasi, M. (59292085200); Sasmitha, K. (60580768700); Yuvashree, P. (60580448600)","59292085200; 60580768700; 60580448600","Machine Learning Empowered Voice-Interactive E-Market for Agricultural Produce","2026","Proceedings of 4th International Conference on Electronics and Renewable Systems, ICEARS 2026","","","","1701","1705","0","10.1109/ICEARS67481.2026.11416771","https://www.scopus.com/pages/publications/105035730546?origin=resultslist","Agriculture plays a vital role in sustaining economies, yet farmers often struggle to secure fair prices for their produce due to the involvement of intermediaries and lack of direct access to consumers. To address these challenges, this project proposes an intelligent agricultural e-commerce platform that directly connects farmers with buyers, creating a transparent and efficient digital marketplace. Farmers can register on the system and upload images of fruits and vegetables, which are then automatically processed using Convolutional Neural Networks (CNN) to classify the produce and suggest an optimal price based on quality and prevailing market trends. By automating the pricing mechanism, the system reduces human effort and ensures fair value for both producers and consumers. Buyers can explore available products through a simple interface that supports both text search and multilingual voice search in Tamil and English, thereby improving accessibility for diverse user groups, including semi-literate farmers and regional language speakers. The platform also leverages geolocation to connect buyers with nearby farmers, ensuring quick access to fresh produce and reducing transportation costs. In addition, features such as order management, secure payments, and feedback mechanisms enhance user trust and satisfaction. Unlike traditional systems, the proposed solution incorporates artificial intelligence to bring automation, accuracy, and inclusivity into agricultural trading. By integrating modern technologies with local needs, the platform not only empowers farmers to earn better incomes but also provides consumers with fresh and affordable produce. This innovative approach demonstrates how AI-driven tools can revolutionize agriculture by bridging the gap between producers and consumers in a fair, scalable, and user-friendly manner. © 2026 IEEE.","AI-Powered Automation; and E-Commerce Functionality; Convolutional Neural Networks (CNN); Multilingual Voice Interaction","Agricultural machinery; Agriculture; Automation; Convolution; Costs; Electronic commerce; Electronic trading; Learning systems; Neural networks; Smart agriculture; AI-powered automation; And E-commerce functionality; Convolutional neural network; E-Market; E-markets; Fair price; Machine-learning; Multilingual voice interaction; Voice interaction; Sales","Conference paper","Final","","Scopus","2-s2.0-105035730546"
"Shaikh A.A.; Awan S.M.; Zahid M.; Fahad M.","Shaikh, Akhlaq Ahmed (59548708500); Awan, Samia Masood (57210434826); Zahid, Mahnoor (59548834600); Fahad, Muhammad (55911820600)","59548708500; 57210434826; 59548834600; 55911820600","A Blockchain based E-Commerce Platform with Supply Chain Management and Authenticated Resale","2024","2024 4th International Conference on Innovations in Computer Science, ICONICS 2024","","","","","","0","10.1109/ICONICS64289.2024.10824497","https://www.scopus.com/pages/publications/85217276829?origin=resultslist","The E-commerce industry has seen significant growth over the past few years and many people prefer to purchase their goods online, but with this advancement and growth many fraudulent activities and scams have also gained a hike. Due to this the customers have shown significant concerns and worries while using any such platforms such as deception by vendors by selling fake products or their products getting counterfeit during the delivery process because the supply chain of their ordered product is often veiled in secrecy. This paper presents Commercio, a comprehensive solution that enables individuals with an understanding of how their products are transferred, managed, stored, and delivered to their doorsteps. Our application aims to tackle these challenges by creating an innovative e-commerce platform. This platform will serve as a dynamic marketplace and will connect sellers with customers who prioritize authenticity and dependability. Additionally, it will redefine supply chain management by offering unparalleled transparency and security. Moreover, incorporating blockchain-based payment systems will also improve transaction integrity hence delivering a trustworthy buying experience. © 2024 IEEE.","Agile methodology; Blockchain; Decentralized Autonomous Organization; E-commerce; Non-Fungible Tokens; Supply Chain Management; User interface design","Blockchain; Sales; Supply chain management; Agile Methodologies; Block-chain; Chain management; Commerce platforms; Decentralised; Decentralized autonomous organization; Delivery process; E- commerces; Non-fungible token; User interface designs; Marketplaces","Conference paper","Final","","Scopus","2-s2.0-85217276829"
"Meikle F.; Willis D.","Meikle, Fiona (60025965100); Willis, Dianne (8406467400)","60025965100; 8406467400","E-Business Development Issues in UK SMEs","2003","Managing IT in Government, Business and Communities","","","","164","174","1","10.4018/9781931777407.ch012","https://www.scopus.com/pages/publications/105012352179?origin=resultslist","Using a case-study approach, this chapter aims to assess the development issues for e-business within small to medium enterprises (SMEs) in differing regions across the UK. The research documents the issues faced by three SMEs as they have embarked upon an e-business delivery. All of the case studies are SMEs that come from different industry sectors, but all have established an e-commerce service in the last 18 months. Our definition of ecommerce aligns with those principles set out by the Organisation for Economic Cooperation and Development (OECD) working party on Indicators for the Information Society WPIIS. The outcome is an evaluation and discussion of the underlying factors influencing each company’s progress within a regional UK framework. Issues raised in the study include lack of training and awareness in SMEs, the need for government-funded initiatives, reliance on personal networks, and a lack of clarity about funding sources and schemes. © 2003 by IRM Press. All rights reserved.","","International cooperation; Marketplaces; Service industry; Case study approach; Case-studies; E-business development; E-commerce services; eBusiness; Industry sectors; Information society; Organization for economic co-operation and development; Small to medium enterprise; Working parties; Electronic commerce","Book chapter","Final","","Scopus","2-s2.0-105012352179"
"Farida N.; Qomariah A.; Widayanto","Farida, Naili (57191196114); Qomariah, Anis (57216355027); Widayanto (59424776700)","57191196114; 57216355027; 59424776700","Live Streaming Dynamics: An Investigation of Repurchase Intention Model in E-Commerce","2024","Studies in Big Data","159","","","567","577","1","10.1007/978-3-031-71213-5_49","https://www.scopus.com/pages/publications/85210167500?origin=resultslist","This study seeks to examine how social presence, physical presence, and information quality influence repurchase intentions through the mediating role of trust. It employs an explanatory quantitative approach and targets consumers who have conducted purchases via Tiktok e-commerce live streaming. The sample consists of 100 respondents selected using non-probability accidental sampling. Data collection involves a Likert scale with five response options, and path analysis using SmartPLS 4 software is employed for data analysis. The findings demonstrate a significant positive relationship between trust and repurchase intention. Practical implications drawn from the study highlight the importance of improving seller-buyer interactions during Shopee live streaming sessions, ensuring clear and timely information delivery by hosts, and maintaining customer satisfaction through quality products and services. © The Author(s), under exclusive license to Springer Nature Switzerland AG 2024.","Information quality; Livestreaming; Physical presence; Social presence; Trust","Customer satisfaction; Marketplaces; Information quality; Intention modeling; Live streaming; Livestreaming; Mediating roles; Physical presence; Quantitative approach; Repurchase intention; Social presence; Trust; Sales","Book chapter","Final","","Scopus","2-s2.0-85210167500"
"Chauhan A.; Harish K.K.; Kumar U.; Raunak","Chauhan, Aniket (60387891400); Harish, Kalpana K (60040202000); Kumar, Utkarsh (60387548600); Raunak (60387742200)","60387891400; 60040202000; 60387548600; 60387742200","Mobile App for Direct Market Access for Farmers","2025","2025 2nd International Conference on New Frontiers in Communication, Automation, Management and Security, ICCAMS 2025","","","","","","0","10.1109/ICCAMS65118.2025.11234058","https://www.scopus.com/pages/publications/105030051712?origin=resultslist","The proposed mobile application is designed to revolutionize the agricultural marketplace by providing farmers with a direct-to-consumer selling platform, eliminating the need for intermediaries. The app features a user-friendly interface, ensuring that farmers, regardless of their technical knowledge, can easily list their products, update inventory, and manage transactions. A real-time price negotiation system allows direct communication between farmers and buyers, fostering transparent and fair pricing. To ensure seamless financial transactions, the app integrates secure payment gateways, supporting multiple payment options such as UPI, digital wallets, and bank transfers.Furthermore, the integration of multilingual support broadens accessibility, ensuring that farmers from various linguistic and regional backgrounds can seamlessly navigate the platform. The application leverages AI-driven price recommendations, which analyze historical market data, demand fluctuations, and seasonal trends to assist farmers in determining optimal pricing strategies. To enhance supply chain efficiency, the app incorporates a logistics and transportation network, connecting farmers with local delivery services for cost-effective and timely distribution. Additionally, real-time weather forecasting and market analytics empower farmers with data-driven insights, aiding in strategic decision-making for planting, harvesting, and selling their produce at the most favorable times. A built-in rating and review system fosters transparency and credibility, allowing buyers to assess sellers based on quality, reliability, and past transactions. Moreover, digital payment integration ensures secure, hassle-free transactions, reducing the risks associated with cash dealings. By incorporating these advanced features, the mobile application enhances direct market access, optimizes profitability, and minimizes reliance on intermediaries, ultimately revolutionizing the agricultural marketplace.  © 2025 IEEE.","agricultural marketplace; AI-driven pricing; digital payment integration; direct-to-consumer selling; farmers; financial transactions; intermediaries; logistics; market data; Mobile application; multilingual support; price negotiation; profitability; real-time weather forecasting; secure payment gateways; supply chain efficiency; transparency; transportation; user-friendly interface","Agriculture; Computer networks; Cost effectiveness; Data integration; Decision making; Electronic money; Electronic trading; Integration; Mobile commerce; Mobile computing; Sales; Supply chains; Agricultural marketplace; AI-driven pricing; Digital payment integration; Direct-to-consumer selling; Farmer; Financial transactions; Intermediary; Market data; Mobile applications; Multilingual support; Payment gateways; Price negotiations; Real- time; Real-time weather forecasting; Secure payment gateway; Supply chain efficiency; User friendly interface; Logistics; Profitability; Transparency","Conference paper","Final","","Scopus","2-s2.0-105030051712"
"Davoodi L.; Mezei J.","Davoodi, Laleh (58636428600); Mezei, József (31367547700)","58636428600; 31367547700","A Large Language Model and Qualitative Comparative Analysis-Based Study of Trust in E-Commerce","2024","Applied Sciences (Switzerland)","14","21","10069","","","4","10.3390/app142110069","https://www.scopus.com/pages/publications/85208533533?origin=resultslist","The primary goal of this study is to predict and analyze customer trust in e-commerce by leveraging neural computation within large language models (LLMs) alongside configurational approaches. We employ LLMs to predict trust levels based on customer reviews, applying artificial intelligence to analyze key aspects of the e-commerce experience, such as customer service, refund processes, item quality, and shipping. To extend beyond predictive performance, we integrate Qualitative Comparative Analysis (QCA) to identify the causal relationships between trust and various stages of the customer journey, including selection, delivery, and post-purchase support (recovery). This dual approach not only showcases the power of neural computation in predicting trust outcomes but also provides a deeper understanding of how specific configurations of customer experience elements contribute to either positive or negative trust. By combining machine learning techniques and QCA, this study contributes to the application of LLMs and configurational approaches, offering novel insights into the drivers of trust in e-commerce. © 2024 by the authors.","customer feedback; e-commerce; large language models; QCA; trust","Electronic commerce; Machine learning; Marketplaces; Modeling languages; Customer feedback; Customer review; Customer trust; E- commerces; Language model; Large language model; Neural computations; Qualitative comparative analysis; Trust; Trust level; Sales","Article","Final","All Open Access; Gold Open Access; Green Open Access","Scopus","2-s2.0-85208533533"
"Joshi A.; Pani A.; Sahu P.K.; Majumdar B.B.; Tavasszy L.","Joshi, Aparna (58662507200); Pani, Agnivesh (57192668189); Sahu, Prasanta K. (56549579000); Majumdar, Bandhan Bandhu (56414310400); Tavasszy, Lóránt (41762713200)","58662507200; 57192668189; 56549579000; 56414310400; 41762713200","Gender and generational differences in omnichannel shopping travel decisions: What drives consumer choices to pick up in-store or ship direct?","2024","Research in Transportation Economics","103","","101403","","","14","10.1016/j.retrec.2023.101403","https://www.scopus.com/pages/publications/85181112034?origin=resultslist","Omnichannel distribution is a retail innovation that provides a seamless purchasing experience to customers through cohesive experience across channels, cross-channel integration, and integrated assistance. Blurring the lines between offline and online shopping, concepts like “Buy-Online-Pickup-In-Store” (BOPIS) and “Buy-In-Store-Ship-Direct” (BSSD) are increasingly becoming accepted in retail operations. While many retailers are still in a nascent phase of integrating online channels and physical stores, consumer-centric studies are called for to investigate the diffusion of these new strategies in the evolving marketplace. Our study explores the key adoption determinants of these new omnichannel strategies, focusing on the case of India. A detailed online survey was used to collect data for a sample of 311 Indian consumers. Econometric analysis reveals the main purchase influencing factors. We find that a quick purchase process, elimination of product delivery delays, delivery and shipping costs, ease of receiving product, retail system reliability and, trust in retailer are key adoption determinants. Purchase returnability is only weakly associated with BOPIS purchase choices while payment security has no significant effect. Among six demographic variables, only gender and age are found to differ significantly between the two concepts. These insights from this study should be useful for retailers to design omnichannel strategies and for transport policy makers to predict the future growth of e-commerce related transport movements. © 2023 Elsevier Ltd","Consumer behavior; Intention to use; Non-parametric tests; Omnichannel; Ordered logit regression; Socio-demographic characteristics","","Article","Final","","Scopus","2-s2.0-85181112034"
"Boragnio A.; Macia C.F.","Boragnio, Aldana (57224785597); Macia, Constanza Faracce (60223802600)","57224785597; 60223802600","“Taking Care of Yourself at Home”: Use of E-Commerce About Food and Care During the COVID-19 Pandemic in the City of Buenos Aires","2021","Socio-Economic Effects and Recovery Efforts for the Rental Industry: Post-COVID-19 Strategies","","","","45","71","43","10.4018/978-1-7998-7287-0.ch003","https://www.scopus.com/pages/publications/105023723948?origin=resultslist","This chapter presents some reflections on the changes regarding the use of electronic commerce and digital platforms during the period of preventive and mandatory social isolation decreed in the country during the COVID-19 pandemic, based on the new services food services, food delivery service, and new practices around “home care.” To this end, a survey was conducted on eating practices during the first part of the isolation period in April-May 2020, and a digital ethnography was performed on new services around food and “home care” during the subsequent period. The expository strategy is as follows: 1) the theoretical approach on the sociology of bodies/emotions and its relationship with consumption and enjoyment is described, 2) virtual ethnography is defined based on its advantages as a methodology of social inquiry, 3) research results focused on the acceleration of electronic commerce and consumption “at home” are presented during the ASPO, and 4) some final reflections are made. © 2021 by IGI Global.","","Marketplaces; Buenos Aires; Commerce platforms; Delivery service; Digital platforms; Food delivery; Foodservices; Home care; Home use; New services; Social isolation; Electronic commerce","Book chapter","Final","","Scopus","2-s2.0-105023723948"
"","","","2nd International Workshop on Electronic Commerce, WELCOM 2001","2001","Lecture Notes in Computer Science (including subseries Lecture Notes in Artificial Intelligence and Lecture Notes in Bioinformatics)","2232","","","1","232","0","","https://www.scopus.com/pages/publications/84949428487?origin=resultslist","The proceedings contain 20 papers. The special focus in this conference is on Markets, Security, Profiling and Business Interaction. The topics include: The next wave of internet-based applications; building comparison-shopping brokers on the web; trusted mediation for e-service provision in electronic marketplaces; incentives for sharing in peer-to-peer networks; using smart cards for fair exchange; enabling privacy protection in e-commerce applications; an FCC spectrum auction simulator for autonomous bidding agents; a dynamic programming model for algorithm design in simultaneous auctions; multidimensional recommender systems; a multi-criteria taxonomy of business models in electronic commerce; integration of goods delivery supervision into e-commerce supply chain and scalable regulation of inter-enterprise electronic commerce.","","","Conference review","Final","","Scopus","2-s2.0-84949428487"
"Oliveira J.V.; Lunardi G.L.; Dolci D.B.","Oliveira, Juliana Vaz (60154938700); Lunardi, Guilherme Lerch (7004126768); Dolci, Décio Bittencourt (56819123600)","60154938700; 7004126768; 56819123600","Relationship between seller attributes, trust and repurchase intention in e-marketplaces; [Relação entre atributos do vendedor, confiança e intenção de recompra em e-marketplaces]","2025","Revista de Administracao Mackenzie","26","5","eRAMR250139","","","0","10.1590/1678-6971/eRAMR250139","https://www.scopus.com/pages/publications/105019663731?origin=resultslist","Purpose: This research aims to analyze antecedents of consumer trust and repurchase intention in sellers who operate on e-marketplaces. Originality/value: E-marketplaces are expanding worldwide, acting as intermediaries in buying and selling products and services on the Internet. In this context, few studies have sought to identify factors that lead consumers to buy on e-marketplaces, with trust being identified as the main influencer. However, the factors associated with third-party sellers in e-marketplaces and their impact on consumers’ purchasing intentions is relatively unknown in the literature. Design/methodology/approach: We study four important attributes associated with third-party sellers in e-marketplaces identified in the literature, namely, customer-generated evaluation, perceived price, product delivery, and information quality. The proposed model was tested with 470 Brazilian consumers from different e-marketplaces through structural equation modeling based on the partial least squares method. Findings: The study concluded that the four tested antecedents influence consumers’ trust in sellers, with information quality being the main predictor. We also confirmed that trust remains a fundamental antecedent of repurchase intention in third-party sellers in e-marketplaces, as well as the frequency of consumers’ purchases on these online platforms and their previous experience with the third-party store. © 2025 Mackenzie Presbyterian University. All rights reserved.","continuity of use; e-commerce; e-marketplace; repurchase intention; trust","","Article","Final","All Open Access; Gold Open Access","Scopus","2-s2.0-105019663731"
"Orhan C.C.; Wallace S.W.","Orhan, Cosku Can (57224541353); Wallace, Stein W. (7403227615)","57224541353; 7403227615","E-commerce shipments in an X-minute city: Informing authorities on freight transport through parcel lockers","2025","Transportation Research Part A: Policy and Practice","199","","104545","","","3","10.1016/j.tra.2025.104545","https://www.scopus.com/pages/publications/105007599854?origin=resultslist","We discuss the integration of freight deliveries into the concept of an X-minute city. In particular, we explore the adoption of a dense, carrier-agnostic parcel locker network as a relevant business model for e-commerce shipments, aligning with the core principles of enhancing accessibility for residents and reducing reliance on private transport. Our exploration places particular emphasis on freight transport, which cannot be eliminated, unlike residents’ trips, and requires an assessment of its environmental impacts. In this regard, we analyse the effects of freight carriers on the liveability of an X-minute city and present insights to authorities regarding the dynamics of the delivery operations. By utilising the vehicle routing models of the carriers at a strategical level, we quantify and characterise the effects of parcel lockers on varying sizes of carriers based on a case study in Bergen, Norway. Our findings illustrate that a dense network of parcel lockers would reduce carriers’ environmental impacts, measured by their driven distances as well as their number and duration of stops. We observe that eliminating carriers’ failed deliveries brings substantial benefits to the city and a notable portion of this arises from small carriers. In addition, expanding the delivery range through parcel lockers provides further benefits liveability, which is driven by the improved efficiency of large carriers. The results point out that enabling small carriers to have access to parcel lockers is one of the key measures in enhancing the liveability of an X-minute city, unless further interventions are designed to directly regulate their operations. As small carriers lack the resources to deploy parcel lockers, their failed deliveries are expensive for urban environments. © 2025 The Authors","E-commerce shipments; Freight transport; Urban freight policy; Vehicle routing; X-minute city","Marketplaces; Particulate emissions; Urban transportation; Business models; E- commerces; E-commerce shipment; Freight carrier; Freight deliveries; Freight transport; Private transport; Routings; Urban freight policy; X-minute city; accessibility; efficiency measurement; electronic commerce; freight transport; transportation policy; urban area; urban policy; Freight transportation","Article","Final","All Open Access; Hybrid Gold Open Access","Scopus","2-s2.0-105007599854"
"Abdullah A.A.R.A.; Mohamed I.; Satar N.S.M.","Abdullah, Abdulghader Abu Reemah A. (53663213200); Mohamed, Ibrahim (55628524319); Satar, Nurhizam Safie Mohd (55791748100)","53663213200; 55628524319; 55791748100","The Impact of E-Commerce Drivers on the Innovativeness in Organizational Practices","2024","International Journal of Advanced Computer Science and Applications","15","8","","1348","1355","4","10.14569/IJACSA.2024.01508131","https://www.scopus.com/pages/publications/85202708025?origin=resultslist","Innovation in e-commerce practices has revolutionized the way goods and services are purchased or sold online. This relatively new tool for online transaction provides range of access to wealth of information and knowledge needed to facilitate electronic commerce globally using internet network. The case is not the same in the developing countries where e-commerce innovation is deprived of key the components to drives developing economy. To clearly understand innovation in e-commerce diffusion, 375 quantitative data generated from e-commerce organizations in Libya. Statistically analysis of the key drivers of e-commerce innovations focused on the need for a shift in organizational attitude and knowledge through decision making that are committed to meeting customer’s needs. The inter statistical covariance indicated a strong homogeneity between the drivers of e-commerce with mean value range of 4.09 to 4.82 (58.4 % to 68.8% of responses) indicating that 219 to 258 respondents out of 375 are of the same view. There is strong positive correlation between the drivers of e-commerce innovations except for e-commerce management style that has moderate relation and were statistically significant at 0.00 level. This study clearly explained the main factors of interest that are versatile in providing timely delivery of goods, efficient services and in meeting with e-commerce developmental trend. © (2024), (Science and Information Organization). All rights reserved.","decision making; e-commerce drivers; E-commerce innovation; management style; performance management","Decisions makings; E- commerces; E-commerce driver; E-commerce innovation; Good and services; Innovativeness; Management style; Online transaction; Organizational practices; Performance management; Marketplaces","Article","Final","All Open Access; Gold Open Access","Scopus","2-s2.0-85202708025"
"Tasnim F.; Mahmud T.; Johara Chowdhury S.; Fahrin Choity T.; Ahmed A.; Saeed Hasan Chowdhury M.; Shahadat Hossain M.; Andersson K.","Tasnim, Farzana (57204509772); Mahmud, Tanjim (57193502601); Johara Chowdhury, Shefayatuj (59903029800); Fahrin Choity, Tasnia (59903025600); Ahmed, Aisha (59893322400); Saeed Hasan Chowdhury, Mohammad (59903035500); Shahadat Hossain, Mohammad (54382415500); Andersson, Karl (7402136130)","57204509772; 57193502601; 59903029800; 59903025600; 59893322400; 59903035500; 54382415500; 7402136130","Elevating E-Service Standards in Bangladesh: Merging FAHP and TOPSIS for Strategic Online Business Solutions","2025","IEEE Access","13","","","83765","83780","3","10.1109/ACCESS.2025.3566964","https://www.scopus.com/pages/publications/105004901869?origin=resultslist","The rapid expansion of Bangladesh’s digital economy has unlocked new opportunities for online businesses, but it has also heightened the challenges of delivering high-quality e-services in an increasingly competitive environment. While previous studies have largely focused on customer satisfaction and consumer experiences, the perspective of business owners—those managing daily operations and strategic decisions—has been notably underexplored. Addressing this gap, the present study aims to identify and prioritize the critical success factors (CSFs) influencing the performance of online businesses in Bangladesh from the owners’ viewpoint.A structured survey has been conducted among 57 online business owners, collecting data across ten essential dimensions, including website infrastructure, information sharing, delivery practices, responsiveness, customization, customer service, reliability, payment security, return policies, and service quality challenges. To ensure a data-driven analysis, the Random Forest algorithm is utilized for feature importance extraction, followed by pairwise comparisons through fuzzy triangular matrices. Subsequently, FAHP and TOPSIS techniques are applied to systematically rank the factors and alternatives. Model validation using the XGBoost classifier results in 93% accuracy and a 93% F1-score, demonstrating the robustness of the proposed approach. The results reveal that service quality concerns, payment security, and effective customer support are the most influential determinants of business success. Beyond offering a methodological advancement that integrates machine learning with MCDM, this study delivers actionable insights for business owners, digital strategists, and policymakers aiming to enhance the competitiveness and resilience of Bangladesh’s e-commerce landscape. © 2013 IEEE.","CatBoost; E-service quality; fuzzy AHP; MCDM; random forest classifier; TOPSIS","Electronic money; Mergers and acquisitions; Service industry; Business owners; Catboost; E-service quality; E-services; Fuzzy AHP; MCDM; Online business; Random forest classifier; Service Quality; TOPSIS; Marketplaces","Article","Final","All Open Access; Gold Open Access; Green Open Access","Scopus","2-s2.0-105004901869"
"Chen G.; Zhang S.; Liu L.; Feng Y.","Chen, Guo (57222872892); Zhang, Siyu (59639395000); Liu, Luning (56092932300); Feng, Yuqiang (7404544727)","57222872892; 59639395000; 56092932300; 7404544727","Sponsored search and organic listings in online food delivery platforms: The role of keyword categories","2025","Decision Support Systems","194","","114472","","","1","10.1016/j.dss.2025.114472","https://www.scopus.com/pages/publications/105004413930?origin=resultslist","Online sellers appear in search results through sponsored listings (paid advertising links) or organic listings (unpaid links) based on their associations with keywords in consumer search queries. This approach allows sellers to deduce consumers' purchasing preferences, thereby ultimately increasing their economic payoffs. Therefore, selecting appropriate keywords is critical for online sellers. Although previous research has explored the effectiveness of keyword categories in traditional e-commerce settings (e.g., online retail), there are limited studies within the quick e-commerce context (e.g., online food delivery). Moreover, the extent to which keyword categories influence the spillover effects between sponsored and organic listings remains unclear. This study leverages a large panel dataset from an online food delivery platform to analyze the impact of keyword categories on the performance of both sponsored and organic listings. We also examine how keyword categories moderate the spillover effects of sponsored listings on competitors' performance in organic listings. The results reveal that dish keywords achieve the highest click-through rate (CTR), whereas cuisine keywords lead to the lowest conversion rate (CVR). Furthermore, sponsored listings reduce competitors' CTR in organic listings, although this adverse effect is not significant for seller keywords. However, sponsored listings increase the CVR of competitors in organic listings, and this positive spillover effect is exclusively limited to seller keywords. These findings have direct implications for sellers in online food delivery markets in terms of effective keyword selection and for online food delivery platforms in terms of informing more profitable keyword sets. © 2025 Elsevier B.V.","Competitiveness; Keyword category; Online food delivery; Organic listing; Spillover effect; Sponsored search advertising","Electronic money; Mobile commerce; Sales; Advertizing; Competitiveness; Food delivery; Keyword category; Online food delivery; Organic listing; Organics; Spillover effects; Sponsored search advertizing; Sponsored searches; Marketplaces","Article","Final","","Scopus","2-s2.0-105004413930"
"Ntemou A.; Karalis A.; Rublova D.; Magoutas B.; Alexandrakis I.; Bozinaki A.; Georgakis P.","Ntemou, Amalia (59364377900); Karalis, Alexandros (60589169200); Rublova, Dariya (57223348270); Magoutas, Babis (15019378900); Alexandrakis, Ioannis (60589478900); Bozinaki, Amalia (60352300300); Georgakis, Panagiotis (7801588308)","59364377900; 60589169200; 57223348270; 15019378900; 60589478900; 60352300300; 7801588308","Last-Mile Digital Control Tower","2026","Greening of Industry Networks Studies","15","","","27","47","0","10.1007/978-3-032-08387-6_3","https://www.scopus.com/pages/publications/105036171377?origin=resultslist","The GREEN-LOG Digital Control Tower is an innovative solution designed to tackle the growing challenges of urban last-mile logistics caused by e-commerce expansion. This integrated platform offers real-time monitoring of delivery assets, near real-time forecasting of transport demand and supply, and advanced data-driven analytics to enhance operational coordination across complex delivery ecosystems. Leveraging AI-powered predictive models, dynamic multi-modal routing, and Logistics-as-a-Service (LaaS) marketplace metrics, the system improves situational awareness, accommodates consumer demand evolution, and supports informed decision-making for logistics service providers and city authorities. The platform has been designed to promote environmentally responsible practices, leading to reducing carbon emissions and urban traffic congestion while increasing delivery efficiency and reliability. Its flexible and modular architecture enables deployment across diverse European urban contexts. This chapter presents the system’s core components, implementation strategies, and business value, illustrated through detailed case studies and performance metrics. Through these insights, the chapter demonstrates how the GREEN-LOG Digital Control Tower fosters sustainable, efficient, and resilient urban last-mile delivery ecosystems. © The Author(s), under exclusive license to Springer Nature Switzerland AG 2026.","Digital control tower; Last-mile delivery; Predictive analytics; Real-time monitoring; Route optimization","Control towers; Decision making; Ecosystems; Electronic commerce; Traffic congestion; Digital control; Digital control tower; E- commerces; Innovative solutions; Integrated platform; Last mile; Last-mile delivery; Near-real time; Real time monitoring; Route optimization; Predictive analytics","Book chapter","Final","","Scopus","2-s2.0-105036171377"
"","","","International Conference on Tourism, Technology and Systems, ICOTTS 2021","2022","Smart Innovation, Systems and Technologies","284","","","","","0","","https://www.scopus.com/pages/publications/85132041340?origin=resultslist","The proceedings contain 50 papers. The special focus in this conference is on Tourism, Technology and Systems. The topics include: Perception of Students of the Degree in Tourism Regarding the Importance of a Foreign Language: English; digital Nomads: A Growing Trend in Hospitality in Portugal; online Guest Reviews Reputation: Its Importance in a Pandemic Crisis; the Role of Museums in Times of Pandemic—Museu da Misericórdia do Porto Case Study; restructuring of the Brazilian Private Higher Education Sector through the Entry of Foreign Investment; e-Commerce Website Accessibility Assessment Portugal Case Overview; factors Influencing the Success of Moodle Among Students at a Portuguese Business School; school Principals’ Beliefs, and Perceptions About the Use of Digital Technologies in the Management of the School Organization; D@L Classes Under COVID-19: The Video Analysis in Higher Education with WebQDA; the “Francesinha” a Tourist Icon of the City of Porto; Deep Learning Neuromarketing (DLN) Applied to the HORECA Channel (Hotel, Restaurants, and Cafés); means of Enhancing the Visibility of Historic Housing Tourism; the Impact of the Culture–Heritage Relationship for Tourism and Sustainable Development; analysis of the Consumer Behaviour Regarding the Use of Online Food Delivery Apps During Covid-19 Sanitary Restrictions in Portugal; Using UTAUT-3 to Understand the Adoption of Mobile Augmented Reality in Tourism (MART); evaluation of Emotions Generated in Audio-Branding Strategies Using a Deep Learning Model with a Central Affinity Autoencoder Structure with Mixed Learning; digital Marketing in Rural Hotels in Portugal; prospects for Sustainable Tourism Product Diversification: The Creative Industries in Botswana; preface.","","","Conference review","Final","","Scopus","2-s2.0-85132041340"
"Amornkitvikai Y.; Tham S.Y.; Harvie C.; Buachoom W.W.","Amornkitvikai, Yot (55754665400); Tham, Siew Yean (35175267900); Harvie, Charles (6603964100); Buachoom, Wonlop Writthym (56299957200)","55754665400; 35175267900; 6603964100; 56299957200","Barriers and Factors Affecting the E-Commerce Sustainability of Thai Micro-, Small- and Medium-Sized Enterprises (MSMEs)","2022","Sustainability (Switzerland)","14","14","8476","","","59","10.3390/su14148476","https://www.scopus.com/pages/publications/85137174053?origin=resultslist","It is anticipated that e-commerce will contribute to achieving the 17th Sustainable Development Goal, which seeks to improve implementation mechanisms and revitalize global partnerships for sustainable development. However, MSMEs still face a digital gap compared to large enterprises, which affects their e-commerce sustainability. The study’s objective is to examine the factors and barriers affecting the e-commerce sustainability of Thai micro-, small- and medium-sized enterprises (MSMEs) based on a survey of retail and food and beverage (F&B) service MSMEs in metropolitan Bangkok. Estimations confirm the significance of the TOE framework for Thai MSMEs. Internal e-commerce tools (i.e., smartphones and websites) and external e-commerce platforms (i.e., social media, e-marketplaces, and food delivery platforms) can enhance e-commerce sustainability. However, the age of firms and owners (CEOs) affects e-commerce sustainability negatively. Exports, B2B e-commerce, and e-commerce experience can promote the e-commerce sustainability of Thai MSMEs. However, they perceive that many consumers are still not literate in using e-commerce. In addition, Thailand still has insufficient security to prevent hacking and malware. Therefore, Thai entrepreneurs’ e-commerce literacy is insufficient to enhance their e-commerce sustainability. On the other hand, sustainable e-commerce can increase customer satisfaction, loyalty, and trust through customer support, leading to more long-term online shopping. Hence, this study focuses on e-commerce sustainability-based economic dimensions, as measured by the percentage of e-commerce sales to total sales (e-commerce utilization/intensity). © 2022 by the authors.","e-commerce; food and beverage; micro-, small- and medium-sized enterprises (MSMEs); retail; sustainability; Thailand","Bangkok; Central Region [Thailand]; Krung Thep Mahanakhon; Thailand; Thailand; electronic commerce","Article","Final","All Open Access; Gold Open Access; Green Open Access","Scopus","2-s2.0-85137174053"
"Esanov B.; Dahanayake A.","Esanov, Bakhtiyor (57221466706); Dahanayake, Ajantha (15071742600)","57221466706; 15071742600","Virtual Campus Journey: Personalization vs Customization","2021","Lecture Notes in Networks and Systems","195","","","823","836","1","10.1007/978-3-030-68476-1_76","https://www.scopus.com/pages/publications/85102515565?origin=resultslist","Virtual Campus Journey applications are introduced to education institutes to improve service delivery and brand promotion similar to retail e-commerce marketplace. Virtual journey comes with the omni channel concept of the seamless shopping experience of chosen channels. These applications are taking advantage of the smartphone technology to provide easy to use any-where-any-time accessible collection of information services within a mobile App. Virtual journeys are available in popular e-commerce retail shopping sites as a system-generated customise visitor’s history of contact with products ordered from most to least visited by the customer. It makes the assumption that visited touchpoints are customers most preferred items in contrast to what visitor prefers to visit as a personal choice not taking into account. A virtual campus tour is a journey through services such as news, sports facilities, email, etc. It also provides a significant impact on prospective student’s choosing of the campus for their future studies. This research concentrates on the active campus population to explore whether personalised virtual journey maps are preferred by the campus population above the system generated virtual journey map customisation. The research methodology consists of: A literature review on characteristics and concepts. The process of benchmarking of Times top 100 universities to select 35 virtual campus journey applications to identify main characteristics and the implementation of personalisation within. A survey is conducted at LUT to evaluate the campus population’s preference of virtual journey map personalisation. This research introduces the novel concept of personalised virtual campus journey maps for education institutes. © 2021, The Author(s), under exclusive license to Springer Nature Switzerland AG.","Analysis; Campus journey; Customization; Personalization; Survey; Virtual journey; Virtual journey map","","Conference paper","Final","","Scopus","2-s2.0-85102515565"
"Prajapat R.","Prajapat, Ramgopal (59742019200)","59742019200","AI-Powered Ecommerce: How Machine Learning Is Transforming Online Shopping","2024","AI-Powered Ecommerce: How Machine Learning Is Transforming Online Shopping","","","","1","247","2","10.1007/979-8-8688-0923-1","https://www.scopus.com/pages/publications/105002931841?origin=resultslist","This book helps you explore the fusion of artificial intelligence with the world of online retail, providing an in-depth understanding of how AI technologies are revolutionizing ecommerce. From decoding ecommerce business models to optimizing efficiency in ecommerce deliveries, each chapter delves into a specific aspect of AI-powered ecommerce, providing practical insights and strategies for success. The journey commences with decoding ecommerce business models in a diverse landscape. From direct selling to marketplace platforms, the book illuminates the inner workings of each model, exploring revenue drivers, cost considerations, and the components of profitability. As you progress through the book, it delves deeper into the ecommerce platform itself, exploring its role in facilitating transactions and nurturing customer relationships. Subsequent chapters delve into the intricacies of merchandising in ecommerce, search, recommendation engines, ranking algorithms, personalization techniques, and efficiency improvements. From teaching the science behind matching queries to products to crafting personalized customer experiences, each chapter offers invaluable insights and actionable strategies for leveraging AI in ecommerce. Whether you're a seasoned ecommerce professional or a newcomer, this book equips you with the knowledge and actionable use cases needed to stay ahead of the curve in an increasingly competitive landscape. What You Will Learn Understand the buyer and seller aspects of ecommerce platforms and how they engage customers Know the diverse landscape of ecommerce business models pply AI/ML technologies to ecommerce to enhance user experience and drive business outcomes Know how AI/ML can influence revenue generation and cost optimization in ecommerce businesses Who This Book Is For Data scientists, machine learning engineers, product and category managers in ecommerce, and business executives. © 2024 by Ramgopal Prajapat.","Artificial Intelligence; E-commerce; Machine Learning; Ranking Algorithms; Recommendation Engines","Competition; E-learning; Electronic commerce; Learning algorithms; Machine learning; Sales; Search engines; User experience; AI Technologies; Business models; Costs consideration; Customer relationships; E-commerce business; In-depth understanding; Machine-learning; Online retails; Online shopping; Ranking algorithm; Learning systems","Book","Final","All Open Access; Bronze Open Access","Scopus","2-s2.0-105002931841"
"Sağlam M.H.","Sağlam, Munise Hayrun (59139316500)","59139316500","From Delivery Delays to AI-Mediated Escalation Failures: A BERTopic Analysis of Complaints About Risk and Trust in E-Commerce Marketplaces (2019–2025)","2026","Journal of Theoretical and Applied Electronic Commerce Research ","21","4","116","","","0","10.3390/jtaer21040116","https://www.scopus.com/pages/publications/105036848486?origin=resultslist","Automated customer service and algorithmic governance are common in digital marketplaces, yet trust can erode when logistics, refunds, and escalation fail. Complaint-based risk and trust narratives in Turkey’s e-commerce marketplaces are analyzed for January 2019–December 2025 using 118,173 de-identified Turkish and English texts from Şikayetvar, a leading Turkish online consumer-complaint portal, and reviews of official marketplace apps on Google Play and the Apple App Store. BERTopic is implemented in Python with multilingual transformer embeddings, UMAP, HDBSCAN, and c-TF-IDF representations. The selected model identifies 35 micro-topics grouped into five macro-themes: fulfillment disruptions, remediation frictions, product-integrity risks, escalation failures, and governance threats. Monthly probability-weighted prevalence is estimated, and marketplace differences are evaluated with divergence measures, permutation tests, and multinomial regression controlling for time and language. Changepoint tests indicate a shift toward fulfillment grievances in April 2020, rising governance threats from June 2022, and increasing escalation failures linked to automated support from February 2023. These patterns suggest that barriers to human escalation convert operational incidents into platform-level trust judgments, offering monitoring signals for service recovery, marketplace governance, and AI oversight. By isolating escalation failures as a distinct complaint domain, the study links service automation to procedural justice mechanisms that translate operational breakdowns into platform-level trust and risk judgments. © 2026 by the author.","AI customer service; BERTopic; consumer complaints; e-commerce; multilingual text mining; perceived risk; platform governance; procedural justice; topic modeling; trust","","Article","Final","All Open Access; Gold Open Access; Green Open Access","Scopus","2-s2.0-105036848486"
"Kang J.W.O.O.; Ramizo D.M.","Kang, Jong Woo (58085709200); Ramizo, Dorothea M. (57195279947)","58085709200; 57195279947","Nexus of Technology Adoption, E-commerce, and Global Value Chains: The Case of Asia","2022","Asian Development Review","39","2","","45","73","9","10.1142/S0116110522500147","https://www.scopus.com/pages/publications/85147178856?origin=resultslist","Existing literature has examined either the key drivers of global value chain (GVC) exports or the factors affecting e-commerce growth. Studies that investigate the impact of e-commerce, in particular business-to-consumer (B2C) e-commerce, on GVCs are largely missing. The growing prevalence of digital platforms centered around e-commerce marketplaces motivates this study to examine if e-commerce growth in an economy can affect its GVC exports and how information and communication technology infrastructure and technology adoption measures, payment systems, and delivery mechanisms can facilitate this growth. Panel ordinary least squares, feasible generalized least squares, and two-stage least squares estimations are used to determine the relationship between GVC exports and e-commerce sales. The results indicate empirical evidence of the positive impact of B2C e-commerce on GVC exports. The robust and positive impact of B2C e-commerce on GVC exports-when instrumented by secure internet servers, internet bandwidth, and digital payment schemes-suggests growth of B2C e-commerce in an economy can contribute to its GVC participation.  © 2022 Asian Development Bank.","digital payment; e-commerce; GVC; ICT infrastructure","Asia; electronic commerce; export; information and communication technology; least squares method; supply chain management; technology adoption","Article","Final","All Open Access; Gold Open Access","Scopus","2-s2.0-85147178856"
"Kong L.; Liu Z.; Pan Y.; Xie J.; Yang G.","Kong, Lingcheng (57194776418); Liu, Zhiyang (56101473600); Pan, Yafei (57195554069); Xie, Jiaping (55341933700); Yang, Guang (57195560540)","57194776418; 56101473600; 57195554069; 55341933700; 57195560540","Pricing and service decision of dual-channel operations in an O2O closed-loop supply chain","2017","Industrial Management and Data Systems","117","8","","1567","1588","71","10.1108/IMDS-12-2016-0544","https://www.scopus.com/pages/publications/85028773871?origin=resultslist","Purpose - The online direct selling mode has been widely accepted by enterprises in the O2O era. However, the dual-channel (online/offline, forward/backward) operations of the closed-loop supply chain (CLSC) changed the relationship between manufacturers and retailers, thus resulting in channel conflict. The purpose of this paper is to take a dual-channel operations of CLSC as the research target, where a manufacturer sells a single product through a direct e-channel as well as a conventional retail channel; the retailer are responsible for collecting used products in the reverse supply chain and the manufacturer are responsible for remanufacturing. Design/methodology/approach - The authors build a benchmark model of dual-channel price and service competition and take the return rate, which is considered to be related to the service level of the retailer, as the function of the service level to extend the model in the reverse SC. The authors then analyze the optimal pricing and service decision under centralization and decentralization, respectively. Finally, with the revenue-sharing factor, wholesale price and recycling price transfer payment coefficient as contract parameters, the paper also designs a revenue-sharing contract led by the manufacturer and explores in what situation the contract could realize the Pareto optimization of all players. Findings - In the baseline model, the results show that optimal price and service level correlate positively in centralization; however, the relation relies on consumers' price sensitivity in decentralization. In the extension model, the relationship between price and service level also relies on the relative value of increased service cost and remanufacturing saved cost. When the return rate correlates with the service level, a recycling transfer payment can elevate the service level and thus raise the return rate. Through analyzing the parameters in revenue-sharing contract, a point can be reached where lowering the wholesale price and raising the transfer payment coefficient will promote retailers to share revenue. Practical implications - Many enterprises establish the dual-channel distribution system both online and offline, which need to understand how to resolve their channel conflict. The conflict is especially strong in CLSC with remanufacturing. The result helps the node enterprises realize the coordination of the dual-channel CLSC. Originality/value - It takes into account the fact that there are two complementary relationships, such as online selling and offline delivery; used product recycling and remanufacturing. The authors optimize the strategy of product pricing and service level in order to solve channel conflict and double marginalization in the closed-loop dual-channel distribution network. © 2017 Emerald Publishing Limited.","Closed-loop supply chain; Dual-channel; E-commerce; Pricing strategy; Revenue-sharing contract","Economics; Electronic commerce; Linear matrix inequalities; Manufacture; Multiobjective optimization; Pareto principle; Recycling; Sales; Supply chains; Centralization and decentralizations; Closed-loop supply chain; Closed-loop supply chains (CLSC); Complementary relationship; Design/methodology/approach; Dual channel; Pricing strategy; Revenue sharing contracts; Costs","Article","Final","","Scopus","2-s2.0-85028773871"
"Amaya J.; Encarnación T.; Cantillo V.","Amaya, Johanna (57190658672); Encarnación, Trilce (57200815158); Cantillo, Victor (8273409900)","57190658672; 57200815158; 8273409900","Sustainable last mile delivery alternatives: Influencing factors and willingness to use","2025","Transportation Research Part D: Transport and Environment","139","","104574","","","10","10.1016/j.trd.2024.104574","https://www.scopus.com/pages/publications/85214116116?origin=resultslist","E-commerce deliveries have grown significantly in the last decade, generating increased environmental impacts. While e-commerce grows, there is a need to integrate sustainability into its operations, especially concerning last-mile deliveries. Our goal is to understand the factors influencing consumer decision-making when selecting delivery alternatives. We examine consumers’ preferences using stated preference data collected in the United States. Respondents evaluated delivery alternatives, including operational and behavioral attributes. Interestingly, disclosing the environmental impact of each option does not influence consumer decisions. However, disclosing the delivery vehicle type does matter. The analyses reveal that consumers’ willingness to use sustainable options depends on their receiving additional benefits, varying across socio-economic profiles. Furthermore, elasticities and substitution rates confirm that consumers are willing to pay for convenient deliveries and are reluctant to make behavioral changes. These insights should be used to incentivize the use of sustainable alternatives for last-mile deliveries. We close the paper with recommendations to key stakeholders in urban areas. © 2024 Elsevier Ltd","Consumer preferences; E-commerce deliveries; Sustainable delivery alternatives; Urban deliveries","United States; Marketplaces; Consumer decision making; Consumers' preferences; E- commerces; E-commerce delivery; Integrate sustainability; Last mile; Stated preferences; Sustainable delivery; Sustainable delivery alternative; Urban delivery; consumption behavior; decision making; electronic commerce; preference behavior; urban service; Sustainable development goals","Article","Final","All Open Access; Green Open Access","Scopus","2-s2.0-85214116116"
"Nivetha V.; Ramu M.; Mohan A.","Nivetha, V. (60033792700); Ramu, Murugan (57201659992); Mohan, Anju (59173781800)","60033792700; 57201659992; 59173781800","Consumer Protection in the Age of E-Commerce: A Critical Examination of Abuse of Dominant Position by Online Platforms and Regulatory Responses","2025","2025 7th International Conference on Information Systems and Computer Networks, ISCON 2025","","","","","","0","10.1109/ISCON65210.2025.11341254","https://www.scopus.com/pages/publications/105033366682?origin=resultslist","E-commerce's explosive growth is changing how consumers buying behaviour, this study evaluates the effectiveness of India's current legal framework in safeguarding the rights of online shoppers. It focuses on the Consumer Protection Act, 2019, and the Consumer Protection (E-commerce) Rules, 2020, using insights from existing literature and responses from 290 online consumers to address key research questions and objectives. The study reveals that for e-commerce businesses to succeed, building a secure and dependable system is crucial. Consumers prefer the 'cash on delivery' payment mode, and features like accurate website information and responsive customer support significantly enhance trust. The recent regulatory developments appear to offer strong protections for online consumers while supporting the overall growth of India's digital marketplace. In addition to core elements like privacy, security, warranty, and customer service, the legal safeguards governing consumer rights in the e-commerce sector play a critical role in fostering consumer confidence. With these protective measures in place, the future of e-commerce in India appears both secure and promising. © 2025 IEEE.","Consumer Protection; Dominant position; E-Commerce; Online platform; Regulatory","Consumer behavior; Electronic commerce; Marketplaces; Service industry; 'current; Buying behavior; Consumer buying; Dominant position; E- commerces; Explosive growth; Legal frameworks; Online consumers; Online platforms; Regulatory; Consumer protection","Conference paper","Final","","Scopus","2-s2.0-105033366682"
"Lukosch S.; Schümmer T.","Lukosch, Stephan (12140786200); Schümmer, Till (8587040800)","12140786200; 8587040800","Designing e-Business Applications with Patterns for Computer-Mediated Interaction","2010","Encyclopedia of E-Business Development and Management in the Global Economy","","","","1002","1010","2","10.4018/978-1-61520-611-7.ch101","https://www.scopus.com/pages/publications/84887584068?origin=resultslist","Probably the most important aspect of e-Business and e-Commerce is that it mediates the interaction between various stakeholders in a business setting. New organizational forms such as virtual organizations emerged in which independent companies form a strategic alliance for a close collaboration towards a shared goal (e.g., shared product development). New forms of B2C (business-to-customer) interaction argue for the importance of hearing the customer’s voice e.g., by providing means for customization (Piller, 2006) or by collecting the customers’ feedback (Levine, Locke, Searls, & Weinberger, 2000). And in some cases, C2C (customer-to-customer) interaction has become an integrated part of the business (in settings where customers also act as providers of goods or services). Closely related to these trends is the emergence of the Web 2.0 as “a set of economic, social, and technology trends that collectively form the basis for the next generation of the Internet - a more mature, distinctive medium characterized by user participation, openness, and network effects.” (Musser, O’Reilly et al., 2006, p. 4). Again, collaboration and user participation is one of the most important terms in this definition and it is what makes Web 2.0 different from traditional web sites that have mainly focused on content delivery rather than interaction and collaboration among users of content. Considered from an e-business perspective, there are important analogies, especially the shift from mass delivery to customized goods and services that are co-created by traditional sellers and customers. © 2010, IGI Global.","","Design; Economic and social effects; Electronic commerce; Marketplaces; Product development; Virtual corporation; Computer-mediated interactions; Customers interactions; E- commerces; e-Business application; eBusiness; New organizational forms; Strategic alliance; User participation; Virtual organization; Web 2.0; Sales","Book chapter","Final","","Scopus","2-s2.0-84887584068"
"Wang N.","Wang, Nuo (58308435900)","58308435900","Influencer Marketing Strategies in Foreign Marketplaces","2023","Springer Proceedings in Business and Economics","","","","86","90","2","10.1007/978-3-031-31836-8_11","https://www.scopus.com/pages/publications/85161397278?origin=resultslist","Social media influencers have an increasing effect on the contemporary international marketing field. When entering foreign markets, companies that already gained experience of influencer marketing in their domestic markets or that are offering services or non-physical goods may want to leverage this marketing approach to occupy a lager foreign market share and greater visualisation by applying efficient influencer marketing strategies. However, they may face immediate difficulties in matching their products with appropriate influencers and agencies or the accuracy of content to effectively delivery their business value, also due to the language and culture barrier. This study reviews the development status of influencer marketing, and its linkage with companies’ digital commerce in international markets. To this end, this exploratory research adopts a qualitative method based on focus groups and in-depth interviews. We interviewed 20 companies who are actively applying influencer marketing as a dynamic marketing strategy to improve their business performance in overseas markets. It also provides managerial implications from the perspective of companies’ internationalisation and digitisation facilitated by digital techniques. © 2023, The Author(s), under exclusive license to Springer Nature Switzerland AG.","Digitalisation; E-commerce; Foreign Marketplaces; Influencer Marketing; Internationalisation","","Conference paper","Final","","Scopus","2-s2.0-85161397278"
"Singh A.N.; Sharma K.P.; Gupta A.D.","Singh, Aditya Narayan (60614618800); Sharma, Kanta Prasad (57198346718); Gupta, Amar Deep (57198677188)","60614618800; 57198346718; 57198677188","Hyperlocal E-Commerce Platform for Seller-Customer Integration and Order Fulfillment","2026","International Conference on Innovative Practices in Technology and Management, ICIPTM 2026","","","","","","0","10.1109/ICIPTM69057.2026.11466134","https://www.scopus.com/pages/publications/105037860335?origin=resultslist","The hyperlocal e-commerce has become a disruptive paradigm that will decrease reliance on centralized warehouses by dispatching customer demand directly to the local stores. The presented paper is a proximity-based hyperlocalized marketplace that is designed to facilitate grocery and daily-need purchasing with a radius of 10 km. The platform allows the local shop owners to post the actual product availability in real-time which could be browsed by the customers remotely and could be ordered to be delivered to the home address or to be picked by the store. Scheduling of the backend is supported by Strapi CMS with REST APIs and organized data storage is secured with the help of PostgreSQL with indexed location fields allowing to assign sellers to the low-latency group. Customer interface and administration dashboard built on ReactJS offers operational management, inventory and transparency of order lifecycle. An evaluation of 25 local sellers performed through simulation demonstrates that the system latency can be predicted (API 320 ms; DB 140 ms; allocation 1.4 sec) and the rate of order fulfillment is high (96.2%). Findings confirm that geometrical-based matching of sellers enhances the involvement of retailers and facilitates quicker procurement and also scalable hyperlocal order pipelines that meets the requirements of academic full-stack engineering. The publication underlines the idea that decentralized marketplaces that can be facilitated by CMS may be capable of fulfilling last-mile grocery procurement in addition to enabling small retailers with organized administrator control and indexed relational warehousing. © 2026 IEEE.","Decentralized Procurement; Hyperlocal E-Commerce; Last-Mile Delivery; Local Inventory Discovery; Location-Aware Marketplaces; PostgreSQL Indexing; Proximity-Based Seller Allocation; Strapi REST APIs","Application programming interfaces (API); Digital storage; Electronic commerce; Information systems; Information use; Inventory control; Marketplaces; Purchasing; Retail stores; Warehouses; Decentralised; Decentralized procurement; Hyperlocal E-commerce; Last mile; Last-mile delivery; Local inventory discovery; Location-aware; Location-aware marketplace; PostgreSQL; Postgresql indexing; Proximity-based seller allocation; Strapi REST API; Sales","Conference paper","Final","","Scopus","2-s2.0-105037860335"
"Imran M.A.; Hyun K.","Imran, Md Ashraful (58698144600); Hyun, Kate (57190497905)","58698144600; 57190497905","In-store shopping trip predictions and impact factors during COVID-19 emergencies","2024","Transportation Planning and Technology","47","4","","540","565","2","10.1080/03081060.2023.2282059","https://www.scopus.com/pages/publications/85176958409?origin=resultslist","Despite the rapid growth of online shopping during COVID-19, a significant number of consumers still prefer in-store shopping. This study leverages two years (i.e. pre-pandemic and pandemic) of smartphone location data to develop machine learning (ML) models, specifically Random Forest (RF) and Extreme Gradient Boosting (XGBoost), for predicting community (e.g. block group (BG)) level in-store shopping trips for department stores, shopping malls, supermarkets, and wholesale stores. This study identifies that temperature, accessibility to stores, and the number of online shopping last-mile delivery are the three most important factors influencing shopping trips; specifically, the extent of online shopping is a critical determinant for supermarkets and wholesale store trip-makings before and during the pandemic. The models developed and important determinants of shopping trips will provide useful insight for shopping trip demand forecasting as well as impact assessments of relevant policies on in-store shopping demand during emergencies. © 2023 Informa UK Limited, trading as Taylor & Francis Group.","COVID-19; e-commerce; machine learning; shopping facilities; shopping trips","Adaptive boosting; Electronic commerce; Forecasting; Forestry; Machine learning; Random forests; Retail stores; E- commerces; Impact factor; Location data; Machine learning models; Machine-learning; Online shopping; Rapid growth; Shopping facility; Shopping trip; Smart phones; accessibility; consumption behavior; COVID-19; electronic commerce; machine learning; prediction; retailing; shopping activity; supermarket; temperature; travel demand; COVID-19","Article","Final","","Scopus","2-s2.0-85176958409"
"Nanda P.; Patnaik S.","Nanda, Pragyan (57193560911); Patnaik, Srikanta (7102590512)","57193560911; 7102590512","A multi-agent coalition-based approach for order fulfilment in e-commerce","2023","Decision Analytics Journal","7","","100227","","","11","10.1016/j.dajour.2023.100227","https://www.scopus.com/pages/publications/85153273805?origin=resultslist","The rapid growth of e-commerce in the recent pandemic is driven by the wide adoption of digitization, extensive use of smartphones, affordable internet services, and the convenience of shopping from anywhere and anytime. Some key indexes for measuring the performance of the e-commerce organization include affordable deals, competitive prices, and efficiency in fulfilling orders while ensuring customer satisfaction. Customer review ratings are one of the significant metrics to measure customer satisfaction, influencing other customers to make purchase decisions. Therefore, favourable customer reviews and ratings of various products presented on e-commerce platforms provide competitive advantages to sellers. Usually, customers placing an order on an e-commerce platform are notified about the estimated delivery date. Consequently, after receiving the product delivery, customers give feedback in the form of review comments and ratings to communicate their satisfaction or dissatisfaction towards the seller. In case of delays in order fulfilment, the customers mostly give negative feedback along with poor ratings, which can affect the seller's reputation, thus impacting future sales. Therefore, the central idea of this research is to adopt a resilient order fulfilment approach by identifying the optimal set of sellers based on fulfilment cost, lead time for fulfilment and review rating score obtained from previous orders. The research work has been divided into three different phases. Firstly, significant constraints associated with an e-commerce fulfilment system have been identified from existing literature. The relationship between the lead time in order fulfilment and review rating score is studied. Finally, a multi-agent coalition-based framework is proposed for generating the Pareto-optimal set of reliable sellers to fulfil an order. Although sellers in an e-commerce marketplace are usually considered competitors of each other, a temporary coalition among the sellers for aggregated order fulfilment can minimize fulfilment costs. The proposed multi-agent coalition-based framework is implemented on real-time data to confirm the findings. © 2023 The Author(s)","Coalition-formation; Cost minimization; E-commerce marketplace; Lead time; Order fulfilment; Review score","","Article","Final","All Open Access; Gold Open Access","Scopus","2-s2.0-85153273805"
"Lee S.M.; Lim S.-B.; Soriano D.R.","Lee, Sang M. (26662844800); Lim, Seong-Bae (7404080781); Soriano, Domingo Ribeiro (56862259400)","26662844800; 7404080781; 56862259400","Suppliers' participation in a single buyer electronic market","2009","Group Decision and Negotiation","18","5","","449","465","8","10.1007/s10726-008-9136-8","https://www.scopus.com/pages/publications/76349103511?origin=resultslist","Business to business (B2B) is the fastest growing segment of the explosive growth of e-commerce. The purpose of this study is to identify internal factors which influence the supplier's intention to adopt private exchange (PE), a single buyer side electronic market (EM). This study identified cost, flexibility, delivery, and quality as internal capabilities and investigated how these four factors influence suppliers' participation in PE. The results of the study indicate the following: (1) suppliers do not believe that their capability to produce customized products for customers plays an important role in PE; (2) they still believe that standardized rather than engineered products would dominate the marketplace; and (3) a contractible factor like lower price, rather than non-contractible factors including superior flexibility of production capability, fast and reliable delivery, and quality, plays an important role in the PE. © 2008 Springer Science+Business Media B.V.","Adoption of electronic market; EDI; Internal capabilities; Private exchange; Value network","","Article","Final","","Scopus","2-s2.0-76349103511"
"Zimmermann R.; Staab M.; Brandtner P.; Schauer O.; Pfoser S.","Zimmermann, Robert (57210184570); Staab, Marina (58642632400); Brandtner, Patrick (55415699500); Schauer, Oliver (56073831100); Pfoser, Sarah (56584701300)","57210184570; 58642632400; 55415699500; 56073831100; 56584701300","How Online Grocery Retail Shapes Packaging Design","2025","Procedia Computer Science","263","","","451","462","0","10.1016/j.procs.2025.07.055","https://www.scopus.com/pages/publications/105013968732?origin=resultslist","Despite the rapid growth of e-commerce, online penetration in grocery retail remains significantly lower than in other sectors due to the complex processes of order fulfillment. This study explores how the unique characteristics of online grocery retail influence packaging design. Utilizing a multi-method approach that includes a literature review, a robotic picking experiment, and expert interviews, we identify key challenges and opportunities for packaging in the online grocery sector. The literature review underscores the dynamic yet underdeveloped state of online grocery retail, emphasizing innovations in packaging and the critical role of last-mile delivery. The robotic picking experiment provides insights into packaging resilience and compatibility with automation, highlighting specific packaging features that facilitate or hinder robotic handling. Expert interviews offer the retailer's perspective, revealing practical challenges in order fulfillment, packaging, and the adoption of automation technologies. Our findings suggest that packaging design must address issues of resilience, sustainability, automation compatibility, and cost efficiency to meet the evolving demands of online grocery retail. This research contributes initial insights into optimizing packaging design, with implications for manufacturers, retailers, and logistics providers in the online grocery retail industry. © 2025 The Authors. Published by Elsevier B.V.","Online Groceries; Online Grocery Retail; Packaging Design; Picking Robots","Electronic commerce; Machine design; Marketplaces; Packaging; Sales; Sustainable development; Complex Processes; E- commerces; Literature reviews; Multi-method approach; Online grocery; Online grocery retail; Order fulfillment; Packaging designs; Picking robot; Rapid growth; Robotics","Conference paper","Final","All Open Access; Gold Open Access","Scopus","2-s2.0-105013968732"
"Eichinger M.","Eichinger, Markus (60003823800)","60003823800","From barter to app-how payments have changed","2019","The PAYTECH Book: The Payment Technology Handbook for Investors, Entrepreneurs, and FinTech Visionaries","","","","17","20","0","10.1002/9781119551973.ch4","https://www.scopus.com/pages/publications/105010987707?origin=resultslist","The way people pay has changed enormously over the millennia - and continues to do so. Payment methods hugely influence economic, trade and purchasing behaviour. A payment can be the decisive factor behind customer satisfaction, tapping into new target groups or a retailer's success. One click and the purchase is complete. Above all, e-commerce merchants know how crucial it is to ensure that checkout processes are kept as simple and barrier-free as possible. The modern form of the demand deposit is electronic (digital) or virtual money. This forms the basis of global trade and is what made e-commerce possible in the first place. In order to get an idea of where this journey is heading, it is worth casting our eyes east towards China. Chinese consumers have made a direct leap to smartphone payments - and they are huge fans of all apps that make life easier. © 2020 FINTECH Circle Ltd. All rights reserved.","","Customer satisfaction; Electronic money; Marketplaces; Purchasing; Sales; Barrier-free; Customers' satisfaction; E- commerces; Global trade; Payment methods; Purchasing behaviors; Simple++; Smart phones; Target group; Virtual monies; International trade","Book chapter","Final","","Scopus","2-s2.0-105010987707"
"Makarova I.; Boyko A.; Mustafina J.","Makarova, Irina (8901834700); Boyko, Aleksey (57193411272); Mustafina, Jamila (56584536900)","8901834700; 57193411272; 56584536900","Improving e-commerce with intelligent solutions","2024","Proceedings - International Conference on Developments in eSystems Engineering, DeSE","","","","310","315","0","10.1109/DeSE63988.2024.10911979","https://www.scopus.com/pages/publications/105000524613?origin=resultslist","Competition in the e-commerce system due to its rapid development forces companies to search for solutions to improve efficiency. The most important issue in this case is logistics operations, which determine the satisfaction of customer requirements. The emergence of intelligent technologies allows you to rebuild the system of delivery of online orders, making it more flexible and convenient. The article considers one of the ways to solve this problem. Using the example of building a two-link delivery system from an online store, it is shown that the proposed system will not only speed up the delivery process, but also reduce the load on the city's transport network both in terms of traffic and from an environmental point of view. Ultimately, the proposed delivery option will contribute to the implementation of the ESG concept. The proposed system uses simulation models that have proven themselves well for solving such problems. Various options for courier deliveries of the ""last mile"" are recommended. © 2024 IEEE.","E-commerce; Last-mile delivery; Simulation modelling; Sustainability; Urban logistics","Marketplaces; Customer requirements; E- commerces; E-commerce systems; Intelligent solutions; Intelligent technology; Last mile; Last-mile delivery; Logistic operations; Simulation-modelling; Urban logistics","Conference paper","Final","","Scopus","2-s2.0-105000524613"
"Dineshkarthik K.; Gopiram R.; Saratha Devi G.; Avinash M.G.","Dineshkarthik, K. (60502852300); Gopiram, R. (60503447500); Saratha Devi, G. (60503049500); Avinash, M.G. (60503049600)","60502852300; 60503447500; 60503049500; 60503049600","Empowering Brick and Mortar: A Unified Platform for Offline Store Integration","2025","4th International Conference on Automation, Computing and Renewable Systems, ICACRS 2025 - Proceedings","","","","73","77","0","10.1109/ICACRS67045.2025.11324234","https://www.scopus.com/pages/publications/105032751110?origin=resultslist","The exponential growth of online shopping platforms has significantly impacted traditional brick-and-mortar businesses, leading to decreased foot traffic and reduced profitability for small and local retailers. This paper proposes a comprehensive e-commerce platform that integrates the accessibility and convenience of online shopping with the authenticity and variety of local stores. The proposed platform allows shop owners to register their businesses by providing verified documentation such as GST and PAN details, ensuring trust and legitimacy. Customers can browse, compare, and select products based on parameters such as price, quality, and location, enhancing their shopping experience. Advanced features like location-based search, product comparison tools, and customer reviews further enrich the platform's usability. By partnering with courier services, the platform offers seamless delivery options, making it competitive with existing online platforms. This initiative aims to bridge the gap between online and offline commerce, empowering local businesses, fostering fair competition, and contributing to economic growth. The platform is envisioned as a scalable solution to support retail store owners, revive local economies, and promote sustainable and inclusive growth in the e-commerce domain. © 2025 IEEE.","Brick and Mortar Store; digital marketplace; E-commerce; economic growth; online shopping; retail transformation","Brick; Competition; Economic analysis; Electronic commerce; Information use; Location based services; Retail stores; Sales; Brick and mortar store; Commerce platforms; Digital marketplace; E- commerces; Economic growths; Exponential growth; Foot traffic; Offline; Online shopping; Retail transformation; Mortar","Conference paper","Final","","Scopus","2-s2.0-105032751110"
"Zwass V.","Zwass, Vladimir (8232569300)","8232569300","Electronic commerce and organizational innovation: Aspects and opportunities","2003","International Journal of Electronic Commerce","7","3","","7","37","209","10.1080/10864415.2003.11044273","https://www.scopus.com/pages/publications/2442601797?origin=resultslist","Over the past decade, electronic commerce on the technological foundation of the Web-Internet compound has entered extensive areas of organizational and social activity. This broad-based organizational and technological development requires categorization in order to be understood in its entirety and exploited fully. The principal aspects of e-commerce are identified in five domains: commerce, collaboration, communication, connection, and computation. These aspects lead to specific innovational opportunities that can be exploited to organize and address marketplaces, offer innovative products, collaborate with business partners, transform business processes, and organize the delivery of information-system services. The result is a comprehensive framework of e-commerce as a technologically based means to business transformation and a metadisciplinary research field. Copyright © 2003 M.E. Sharpe, Inc. All rights reserved.","Conceptual Frameworks; Electronic Commerce; Innovation; Internet; World Wide WEB","","Article","Final","","Scopus","2-s2.0-2442601797"
"Guan S.-U.; Zhu F.","Guan, Sheng-Uei (7101750605); Zhu, Fangming (54787176800)","7101750605; 54787176800","A Virtual Community for Mobile Agents","2008","Encyclopedia of Networked and Virtual Organizations","","","","1764","1771","1","10.4018/978-1-59904-885-7.ch234","https://www.scopus.com/pages/publications/105011790911?origin=resultslist","Electronic commerce (e-commerce) is booming with the increasing accessibility of the Internet. E-commerce is revolutionizing the concept of carrying out business functions. By using a Web browser, buyers are able to access numerous e-commerce Web sites, where they can make purchases within a reasonable price range. Suppliers realize that e-commerce is essential to the success and competitiveness of their businesses. The benefits of conducting business online include reduction of the cost for many transactions and streamlining of operations. However, there are also some obstacles to the success of e-commerce. Firstly, buyers may be lost in the ocean of the items available. Secondly, it is a tedious task to search for a specific product through the Internet and it is difficult to bargain within the current infrastructure. Thirdly, some transactions are so complicated that they are too difficult to be dealt with. For instance, merchants often negotiate transactions with multiple issues of concern such as price, quantity, and method of delivery. Many strategies are adopted to accomplish these tasks, and both the negotiating counterparts and the environment can affect the choice of the strategies. However, in many existing auction Web sites, price is the main focus for both bidders and sellers. Bidders and sellers are seldom given a chance to negotiate the other issues, and many commercial opportunities are neglected. This chapter discusses SAFER for e-commerce (secure agent fabrication, evolution & roaming for e-commerce), which uses secure agents to alleviate problems in e-commerce. © 2008 by IGI Global.","","Agents; Competition; Costs; Electronic commerce; Marketplaces; Sales; Virtual reality; Web browsers; Websites; % reductions; 'current; Business functions; Method of delivery; Multiple issue; Price method; Virtual community; Web-sites; Mobile agents","Book chapter","Final","","Scopus","2-s2.0-105011790911"
"Moreno D.E.; Enriquez T.; Rodriguez K.J.; Tesoro E.M.; Gabatin R.A.; Gecolea J.P.","Moreno, Donn Enrique (58289777100); Enriquez, Trina (60022999400); Rodriguez, Kaina Janel (60405850200); Tesoro, Elyzah Mae (60023144700); Gabatin, Rocky Angelo (59549792600); Gecolea, Jeremy Paul (59550066900)","58289777100; 60022999400; 60405850200; 60023144700; 59549792600; 59550066900","Assessing Online Shoppers’ Preferences on E-Commerce Platforms in the Philippines: Utilizing Cluster Analysis for Optimized Marketing Strategies","2026","ICBIM 2025 - The 9th International Conference on Business and Information Management","","","","141","146","0","10.1145/3785171.3785216","https://www.scopus.com/pages/publications/105030490208?origin=resultslist","The rapid expansion of e-commerce in the Philippines is driven by ongoing digitalization and improvements in online shopping platforms that emphasize convenience and accessibility. This study examines Filipino consumer preferences across three leading e-commerce platforms—Shopee, Lazada, and TikTok Shop—by applying market segmentation based on key attributes such as price, product variety, delivery speed, and customer service. A quantitative descriptive research design was employed, utilizing correspondence analysis to cluster consumer behavior. Data was collected from 775 respondents through purposive sampling. Findings indicate that price is the most influential factor in platform selection, whereas loyalty programs have the least impact. Three distinct consumer segments emerged: (1) incentive-driven and risk-averse, (2) interactive and socially engaged, and (3) trend-conscious and time-sensitive. The study recommends further research into additional e-commerce attributes and consumer trends to inform platform-specific strategies and enhance the overall online shopping experience. © 2025 Copyright held by the owner/author(s)","correspondence analysis; e-commerce; marketing; online shopping; strategies","Cluster analysis; Consumer behavior; Human engineering; Information management; Information systems; Marketplaces; Strategic planning; Commerce platforms; Consumers' preferences; Correspondence analysis; E- commerces; Marketing strategy; Online shopping; Online shops; Philippines; Rapid expansion; Strategy; Electronic commerce","Conference paper","Final","All Open Access; Gold Open Access","Scopus","2-s2.0-105030490208"
"Sriram K.V.; Phouzder K.; Mathew A.O.; Hungund S.","Sriram, K.V. (57203508858); Phouzder, Kathakali (57211140766); Mathew, Asish Oommen (57194780200); Hungund, Sumukh (57195987815)","57203508858; 57211140766; 57194780200; 57195987815","Does e-marketing mix influence brand loyalty and popularity of e-commerce websites?","2019","ABAC Journal","39","2","","64","81","13","","https://www.scopus.com/pages/publications/85072761739?origin=resultslist","E-commerce portals are increasing exponentially in terms of both business and data. Many organizations rely on their online websites to attract new customers, while still retaining their existing ones. E-commerce websites provide consumers with flexibility in terms of time, price, and space, during their purchases. The traditional marketing mix comprising of product, price, place and promotion (4Ps) identifies important factors in a purchase journey. In the online environment the concept of the marketing mix remains the same, except that the characteristics and functions of each factor are dynamic, suiting the online marketplace. The e-marketing mix, namely e-product, price intelligence (price sensitivity), delivery risk (place) and promotional intelligence, influences consumer buying-decisions in online markets. This research is an attempt to find the effect of the e-marketing mix on the loyalty and popularity of e-commerce sites. Data was collected using a structured questionnaire and was analyzed using a structural equation modeling-partial least squares method. The results showed that brand popularity was significantly influenced by the characteristics of the product and intelligent promotional techniques. Brand popularity had an influence on brand loyalty in an electronic marketing space. © 2019 ABAC Journal.","Brand loyalty; Brand Popularity; Delivery Risk; E-Commerce; E-Marketing mix; E-Product; E-Promotion; Marketing Mix; Price Intelligence; Structural Equation Modelling","","Article","Final","","Scopus","2-s2.0-85072761739"
"Chen Z.-L.","Chen, Zhi-Long (7409485102)","7409485102","Online Integrated Production and Distribution Scheduling: Review and Extensions","2025","INFORMS Journal on Computing","37","2","","360","380","3","10.1287/ijoc.2022.0305","https://www.scopus.com/pages/publications/105003539066?origin=resultslist","As a growing number of manufacturers adopt the make-to-order business mode and a growing number of retailers sell online, we are seeing numerous decision problems that can be modeled as what are known in the literature as integrated production and distribution scheduling (IPDS) problems. In such problems, order processing and delivery must be scheduled jointly in order to achieve an optimal balance between total operational costs and overall customer service. Offline IPDS problems, in which the information about every order is known in advance with certainty, are extensively studied. However, research on online IPDS problems, in which orders arrive randomly with their information unknown until they arrive, is relatively recent but is growing rapidly. In this paper, we first describe several real-world applications to illustrate the importance of studying online IPDS problems from a practical point of view. We then review the existing literature on online IPDS problems with a focus on existing online algorithms for these problems and their theoretical performance. We also derive some new results to fill several gaps left in the literature and discuss possible topics for future research. © 2024 INFORMS.","competitive analysis; e-commerce; industry applications; integrated production and distribution scheduling; make-to-order; online algorithms","Marketplaces; Competitive analysis; Distribution scheduling; E- commerces; Industry applications; Integrated production; Integrated production and distribution scheduling; Make to order; On-line algorithms; Production Scheduling; Scheduling problem; Scheduling algorithms","Review","Final","","Scopus","2-s2.0-105003539066"
"Amorina B.; Oktavia T.","Amorina, Baby (60611533800); Oktavia, Tanty (56049242500)","60611533800; 56049242500","The Impact of AI-Based Chatbots on Reducing Cart Abandonment in Indonesian E-Commerce","2026","Proceeding - ISIBER 2026: International Seminar on Intelligent Business and Edge-Computing Research","","","","722","727","0","10.1109/ISIBER68248.2026.11470160","https://www.scopus.com/pages/publications/105037631722?origin=resultslist","The growth of e-commerce in Indonesia continues to increase rapidly, but the cart abandonment rate is still a big challenge. By 2025, around 84.8% of e-commerce users in Indonesia will leave the shopping cart without completing a transaction. One of the solutions that is widely implemented is the use of artificial intelligence (AI)-based chatbots to assist users during the purchase process. This study aims to analyze the influence of perceived usefulness, behavioral intention, and online purchasing intention on the decrease in cart abandonment on e-commerce platforms in Indonesia. Using the Technology Acceptance Model (TAM) model, a quantitative approach was carried out on 400 e-commerce user respondents who had interacted with chatbots. The data was analyzed using the Partial Least Squares Structural Equation Modeling (PLS-SEM) method. The results showed that the perception of usability had a significant effect on behavioral intent, which in turn increased online purchase intent and decreased cart abandonment rate. These findings strengthen the application of TAM in the context of AI-based technology, while providing practical implications for e-commerce players to optimize the function of chatbots in increasing purchase conversions. © 2026 IEEE.","AI chatbot; cart abandonment; e-commerce; Indonesia; TAM","Artificial intelligence; Behavioral research; Chatbots; Information management; Information systems; Information use; Marketplaces; Purchasing; Sales; Artificial intelligence chatbot; Behavioral intention; Cart abandonment; Chatbots; E- commerces; Indonesia; Online purchasing; Perceived usefulness; Shopping carts; Technology acceptance model; Electronic commerce","Conference paper","Final","","Scopus","2-s2.0-105037631722"
"Bharathi B.; Kalaivani B.; Manaswi K.; Tejaswini K.","Bharathi, B. (57224465868); Kalaivani, B. (59986430300); Manaswi, Kasu (59986578300); Tejaswini, Kantabathina (58072845300)","57224465868; 59986430300; 59986578300; 58072845300","Orchestrating Artificial Intelligence into E-commerce Application","2025","Practical Applications of Smart Human-Computer Interaction","","","","139","166","0","10.4018/979-8-3373-6385-1.ch005","https://www.scopus.com/pages/publications/105017948410?origin=resultslist","In the competitive landscape of e-commerce, providing a seamless and user-friendly shopping experience is critical to retaining customers and driving sales. Many existing applications struggle with issues such as complicated navigation, unexpected costs, delayed deliveries, and data security concerns, leading to high cart abandonment rates. To address these challenges, the proposed system introduces a robust and intuitive application designed to enhance user engagement by offering easy navigation, transparency in costs, reliable services, and strong data protection. This innovative approach aims to improve customer satisfaction and reduce barriers to completing purchases, ensuring a smooth and efficient online shopping experience. © 2026 by IGI Global Scientific Publishing. All rights reserved.","","Artificial intelligence; Electronic commerce; Marketplaces; Sales; Customers' satisfaction; E- commerces; E-Commerce applications; Innovative approaches; Online shopping; User engagement; User friendly; Customer satisfaction","Book chapter","Final","","Scopus","2-s2.0-105017948410"
"Nandavadekar V.D.; Pawar R.G.; Ujagare S.P.","Nandavadekar, Vilas D. (16402439400); Pawar, Ramchandra G. (16402878200); Ujagare, S.P. (16403836600)","16402439400; 16402878200; 16403836600","Controlling techniques and documentation standards for E-commerce","2006","ICMIT 2006 Proceedings - 2006 IEEE International Conference on Management of Innovation and Technology","1","","4035886","504","507","0","10.1109/ICMIT.2006.262232","https://www.scopus.com/pages/publications/34249704092?origin=resultslist","In the report of digital economy June 2000, the U. S. department of Commerce declared that digital economy is no longer emerging; but it has already arrived and therefore, it is increasingly important that companies actively participate in digital economy to remain competitive. The meaning of the term ""Electronic Commerce"" has changed over time. Originally, ""electronic commerce"" meant the facilitation of commercial transactions electronically, usually using technology like Electronic Data Interchange (EDI, introduced in the late 1970s) to send commercial documents like Purchase Orders or Invoices electronically. Later it came to include activities more precisely termed ""Web Commerce"" - the purchase of goods and services over the World Wide Web via secure servers (note HTTPS, a special server Protocol which Encrypts confidential ordering data for customer protection) with E-Shopping Carts and with electronic pay services, like Credit Card payment authorizations.In this paper researchers tried to examines business in virtual world through E-Commerce. The word Virtual means 'object' or 'thing' which does not have physical existence in this world but the process takes place technically by using electronic device. In today's marketplace, a basic level of product features with minimum quality is required for market entry, but it is not sufficient for any significant market penetration. It focuses on various issue of E-Commerce (EC). The key success factors of E-Commerce is presented in this paper like value to customer, services and performance, sales, promotion, relationship etc. In our study we found that problems with E-Commerce faced by customers like security, competitive situation, employee commitment etc. This study extends to product suitability, trust of E-Commerce and acceptance of E-Commerce. It also suggests that technology is important factor to consider in selection entry mode. As a result of technology, distance is no longer a barrier to the international marketing of services, some service from can become global from the beginning because of the ease with which online transaction can transfer national border, services firms do not need to undergo all the traditional step of entry. More selection such as determining market potential and examining entry barriers before went using abroad. Documentation standards can facilitate communication. Between functions within the e-commerce organization, by ensuring that information is presented in consistent form. This can speed up communication, improve understanding of the functions and process, and make sure that all the necessary information is included. It is not the purpose of this paper to give detailed documentation and controlling standards but to indicate the areas that might be covered in the appropriate procedure.Adequate security is now accepted as a basic requirement for every e-commerce or networked system. This applies to all the underlying components like the LAN, Firewall, Routers, Internet, and so on. But how do you ensure that the security is appropriate and up to scratch? How do you know that there are no major exposures? How do you audit it methodically? This study is an effort to examine ways that technology has redefined. Trust is important to the success of EDI or E-Commerce in which partner is identifiable. E-Commerce technology is to increase the efficiency of service, production and delivery. Due to the size of the task establishing personnel contact there will be the increasing need for tools to aid in structuring these marketing relationships. This is role of the internet in relationship marketing. © 2006 IEEE.","","Economic analysis; Electronic data interchange; Marketing; Smart cards; Societies and institutions; Standards; Virtual corporation; Commercial transactions; Electronic device; Employee commitment; Electronic commerce","Conference paper","Final","","Scopus","2-s2.0-34249704092"
"Feng H.; Feng M.; Wang Q.; Jin Q.; Hao X.; Zhang Y.; Cao L.","Feng, Haodong (59732676500); Feng, Man (59771745900); Wang, Qianqian (59772402600); Jin, Qingwei (36598427700); Hao, Xinru (59772609900); Zhang, Yidong (59772821400); Cao, Lei (59771964700)","59732676500; 59771745900; 59772402600; 36598427700; 59772609900; 59772821400; 59771964700","Improving front distribution center fulfillment rates: a distributionally robust approach","2025","Fuzzy Optimization and Decision Making","24","2","102356","343","366","0","10.1007/s10700-025-09449-x","https://www.scopus.com/pages/publications/105004293855?origin=resultslist","In E-commerce distribution networks, front distribution centers (FDCs) are extensively employed to reduce delivery time, which has a significant impact on customers’ purchase intentions and loyalty. Upon customer order placement, the corresponding FDC promptly fulfills the order, ensuring a short delivery time. If there is shortage in the FDC, the order is then fulfilled by the regional distribution center (RDC) with a longer delivery time. Otherwise, a lost sale occurs. A key performance metric is the FDC fulfillment rate which reflects the proportion of orders successfully fulfilled by FDCs. In this paper, we design a distributionally robust allocation model that improves FDCs’ fulfillment rates and, at the same time, maintains the region’s overall fulfillment rate. We transform this model into an equivalent mixed integer second order conic programming (MISOCP) model, and an approximate mixed integer linear programming (MILP) model by partitioning the robust domain. Through numerical experiments, we investigate the impact of the balance coefficient on fulfillment rates and demonstrate the excellent performance of our model in a rolling horizon setting, particularly when faced with inaccurate demand forecasts. We implement our model within the distribution network of the home appliance industry of Tmall platform (the largest E-commerce retail platform in China), resulting in a notable improvement in the FDC fulfillment rate (exceeding 10%) and a substantial boost in gross merchandise volume (GMV). © The Author(s), under exclusive licence to Springer Science+Business Media, LLC, part of Springer Nature 2025.","Distribution network; Mixed integer programming; Order fulfillment; Robust optimization","Electronic money; Integer linear programming; Marketplaces; Sales; Customer orders; Delivery time; Distribution centres; Mixed-Integer Programming; Order fulfillment; Purchase intention; Regional distribution centers; Robust approaches; Robust optimization; Short delivery time; Integer programming","Article","Final","","Scopus","2-s2.0-105004293855"
"Deepika R.; Kandavel R.","Deepika, R. (59670256500); Kandavel, R. (58973179900)","59670256500; 58973179900","Mining Consumer Behavior Patterns in E-Commerce Using Apriori Algorithm and Sequential Pattern Analysis","2025","2025 International Conference on Automation and Computation, AUTOCOM 2025","","","","268","273","3","10.1109/AUTOCOM64127.2025.10956521","https://www.scopus.com/pages/publications/105003904121?origin=resultslist","The consumer behaviour in e-commerce is the main focus of this research and data has been collected using Apriori Algorithm association rule mining method followed by the use of sequence analysis. The work applies real large transactional databases to generate the frequent items and the next sequences of the consumers' buying habits. Looking at association and sequence mining in Python using MLxtend and Seq2Pat libraries named those consumer patterns that are relevant, for instance, smartphones often go hand in hand with the screen protectors and chargers are advised that they have support of 10%, and a confidence level of 85%. The subsequent further sequence analysis revealed that 4 percent customers who bought smartphone also bought chargers thereafter headphones reveal an appropriate sequence. The proposed two paradigms static (association rules) and dynamic (sequential patterns) were tested for validation and the results for Prec = 82% and Recall = 85% signifies that the proposed model will prove efficient and accurate and hence can be used for predicting patterns. Together, these findings will enable the e-commerce platform providers to enhance and/or optimise channel explicit Eric & Baumeister (2011) approach, delivery mechanism and/or recommendation system of their customers as well as tailor their stocks according to the flow of customer movement. This work highlighted the need for the combined approach of association and sequence mining analysis to enhance knowledge regarding the consumer behavior and offers a feasible source for ecommerce platforms to enhance customer experience. This approach can be enriched in future work and adjusted further to obtain better reactions on current changes in behavior of consumers by applying real-time data streaming. The above research framework is helpful for both business and consumers in digital marketplace as it provides right time to market products and services using data which is consistent with consumers' actual behavior. © 2025 IEEE.","Apriori Algorithm; Association Rules; Consumer Behavior; E-commerce; Sequential Pattern Analysis","Consumer behavior; Electronic money; Mobile commerce; Sales; User experience; Apriori algorithms; Association mining; Consumer behavior patterns; E- commerces; Pattern analysis; Sequence analysis; Sequence mining; Sequential pattern analyze; Sequential patterns; Smart phones; Marketplaces","Conference paper","Final","","Scopus","2-s2.0-105003904121"
"Nisha G.A.; Sreetha P.; Seetha A.; Manickam K.; Jagannathan S.K.; Sekar S.D.","Nisha, G.Anne (57486438000); Sreetha, P. (59761882000); Seetha, A. (57654507000); Manickam, K. (57215467621); Jagannathan, Sharath Kumar (58220522600); Sekar, S.D. (55341515300)","57486438000; 59761882000; 57654507000; 57215467621; 58220522600; 55341515300","Optimizing Logistics in E-Commerce Using Deep Random Forest for Enhanced User Satisfaction","2025","2025 International Conference on Automation and Computation, AUTOCOM 2025","","","","1573","1580","1","10.1109/AUTOCOM64127.2025.10956957","https://www.scopus.com/pages/publications/105003904242?origin=resultslist","Operational efficiency is one of the most important factors affecting customer satisfaction directly in e-commerce. Still, constant addressing of timely delivery, path simplification, and reduction of delays remains challenging problems. Deep Random Forest (DRF) is a new approach presented in this work to examine and forecast significant logistics metrics including delivery times and satisfaction scores. Development of this approach targeted to solve these issues. The model makes use of e-commerce past performance including order volumes, customer comments, and delivery times. Findings: The suggested approach achieves 10% increase in user satisfaction, 12% cost reduction, and 15% faster delivery times than baseline methods. This is accomplished by means of DRF, applied to examine trends and carry out predictive modifications. Results and Methodology: These results outperform those of the benchmarks established by Gradient Boosting and XGBoost, which displayed respective rises in satisfaction of 9% and 8%. Apart from improving the quality of service, the use of DRF not only strengthened user loyalty but also contributed to improve the transportation efficiency. This approach exposes the transforming opportunities of artificial intelligence in logistics management for e-commerce systems. This approach guarantees operations with a customer-centric concentration benefiting from measurable advantages. © 2025 IEEE.","Deep Random Forest; E-Commerce; Logistics Optimization; Predictive Analysis; User Satisfaction","Customer satisfaction; Quality of service; Sales; % reductions; Customers' satisfaction; Deep random forest; Delivery path; Delivery time; E- commerces; Logistics optimization; Operational efficiencies; Random forests; Users' satisfactions; Marketplaces","Conference paper","Final","","Scopus","2-s2.0-105003904242"
"Gurumoorthy K.S.; Sanyal S.; Chaoji V.","Gurumoorthy, Karthik S. (26325626100); Sanyal, Subhajit (23135689800); Chaoji, Vineet (24179132200)","26325626100; 23135689800; 24179132200","Think Out of the Package: Recommending Package Types for E-Commerce Shipments","2021","Lecture Notes in Computer Science","12461 LNAI","","","290","305","5","10.1007/978-3-030-67670-4_18","https://www.scopus.com/pages/publications/85103251680?origin=resultslist","Manifold of product attributes such as dimensions, weight, fragility and liquid content determine the package type used by e-commerce companies to ship products. Sub-optimal package types lead to damaged shipments, incurring huge damage related costs and adversely impacting the company’s reputation for safe delivery. Items can be shipped in more protective packages to reduce damage costs, however this increases the shipment costs due to expensive packaging and higher transportation costs. In this work, we propose a multi-stage approach that trades-off between shipment and damage costs for each product, and accurately assigns the optimal package type using a scalable, computationally efficient linear time algorithm. A simple binary search algorithm is presented to determine the hyper-parameter that balances between the shipment and damage costs. Our approach when applied to choosing package type for Amazon shipments, leads to significant cost savings of tens of millions of dollars in emerging marketplaces, by decreasing both the overall shipment cost and the number of in-transit damages. Our algorithm is live and deployed in the production system, where package types for more than 130, 000 products have been modified based on the model’s recommendation, realizing a reduction in damage rate of 24 %. Overall, the proposed approach has also helped reduce the carbon footprint. © 2021, Springer Nature Switzerland AG.","Constrained-unconstrained formulation equivalence; Discrete optimization; Ordinal enforcement; Package type selection; Trade off parameter selection","Carbon footprint; Clustering algorithms; Constrained optimization; Economic and social effects; Electronic commerce; Ships; Constrained-unconstrained formulation equivalence; Damage costs; Discrete optimization; Optimal packages; Ordinal enforcement; Package type selection; Parameter selection; Trade off; Trade off parameter selection; Type selection; Costs","Conference paper","Final","All Open Access; Green Open Access","Scopus","2-s2.0-85103251680"
"Li Y.","Li, Yang (59366854000)","59366854000","The Logistics Delivery Vehicle Route Optimization Strategy Incorporating Pre-Positioned Warehouses","2024","12th International Symposium on Project Management, ISPM 2024","3","","","1441","1447","0","10.52202/076061-0191","https://www.scopus.com/pages/publications/85206376280?origin=resultslist","The rapid development of e-commerce logistics in supermarkets has made delivery efficiency and cost control crucial aspects of logistics management. Against this backdrop, the concept of pre-positioned warehouses, as a new model of supply chain management, has gradually gained widespread attention. Pre-positioned warehouses refer to storing goods in advance at locations closer to consumers, thus reducing delivery distance and time while enhancing delivery efficiency. However, optimizing the routes of delivery vehicles is a vital approach to realizing the economic benefits of the pre-positioned warehouse model. This paper delves into the optimization of delivery vehicle routes for pre-positioned warehouses, drawing conclusions from both practical case studies and theoretical analyses. It offers insights for producers and businesses to consider, aiming to maximize customer satisfaction. © 2024 ISPM. All Rights Reserved.","Delivery vehicles; Improved genetic algorithm; Pre-positioned warehouse","Efficiency; Marketplaces; Supply chain management; Transportation routes; Cost controls; Delivery vehicle; E- commerces; Efficiency control; Improved genetic algorithm; Logistic management; Logistics delivery; Optimization strategy; Pre-positioned warehouse; Vehicle route optimization; Customer satisfaction","Conference paper","Final","","Scopus","2-s2.0-85206376280"
"Guan S.-U.; Zhu F.","Guan, Sheng-Uei (7101750605); Zhu, Fangming (54787176800)","7101750605; 54787176800","A Virtual Community for Mobile Agents","2008","Mobile Computing: Concepts, Methodologies, Tools, and Applications: Volumes 1-6","2","","","881","890","0","10.4018/978-1-60566-054-7.ch072","https://www.scopus.com/pages/publications/105016549366?origin=resultslist","Electronic commerce (e-commerce) is booming with the increasing accessibility of the Internet. E-commerce is revolutionizing the concept of carrying out business functions. By using a Web browser, buyers are able to access numerous e-commerce Web sites, where they can make purchases within a reasonable price range. Suppliers realize that e-commerce is essential to the success and competitiveness of their businesses. The benefits of conducting business online include reduction of the cost for many transactions and streamlining of operations. However, there are also some obstacles to the success of e-commerce. Firstly, buyers may be lost in the ocean of the items available. Secondly, it is a tedious task to search for a specific product through the Internet and it is difficult to bargain within the current infrastructure. Thirdly, some transactions are so complicated that they are too difficult to be dealt with. For instance, merchants often negotiate transactions with multiple issues of concern such as price, quantity, and method of delivery. Many strategies are adopted to accomplish these tasks, and both the negotiating counterparts and the environment can affect the choice of the strategies. However, in many existing auction Web sites, price is the main focus for both bidders and sellers. Bidders and sellers are seldom given a chance to negotiate the other issues, and many commercial opportunities are neglected. This chapter discusses SAFER for e-commerce (secure agent fabrication, evolution & roaming for e-commerce), which uses secure agents to alleviate problems in e-commerce. © 2009 by IGI Global.","","Agents; Competition; Costs; Electronic commerce; Marketplaces; Sales; Virtual reality; Web browsers; Websites; % reductions; 'current; Business functions; Method of delivery; Multiple issue; Price method; Virtual community; Web-sites; Mobile agents","Book chapter","Final","","Scopus","2-s2.0-105016549366"
"Zhao M.","Zhao, Min (59561548900)","59561548900","Application of Artificial Intelligence Algorithms in B2C E-Commerce Logistics Distribution Path Optimization","2024","Proceedings - 2024 IEEE 16th International Conference on Communication Systems and Network Technologies, CICN 2024","","","","1353","1358","1","10.1109/CICN63059.2024.10847508","https://www.scopus.com/pages/publications/85218052095?origin=resultslist","With the rapid development of e-commerce, the efficiency of logistics distribution has become an important indicator that determines the core competitiveness of enterprises. This article applied artificial intelligence (AI) algorithms to B2C (Business-to-Consumer) e-commerce platforms and optimized them to improve delivery efficiency and reduce costs. This article intended to use improved genetic algorithms and other methods to construct a multi-objective logistics distribution path optimization model. Through simulation experiments, the effectiveness and stability of the proposed method were verified under different operating conditions (such as vehicle quantity, order quantity, weather conditions, etc.). The total delivery time decreased from 6.5 hours for 5 vehicles to 5.2 hours for 20 vehicles, indicating that increasing the number of vehicles during transportation can effectively improve transportation efficiency and shorten transportation time. The research results of this article provide a scientific and feasible logistics path optimization method for e-commerce enterprises to improve their service quality and customer satisfaction. © 2024 IEEE.","B2C E-commerce; Logistics Distribution; Path Optimization; Transportation Time","Customer satisfaction; Vehicles; Artificial intelligence algorithms; B2C E-commerce; Business to consumer E commerces; Commerce platforms; Core competitiveness; E- commerces; Logistic distributions; Path optimizations; Reduce costs; Transportation time; Marketplaces","Conference paper","Final","","Scopus","2-s2.0-85218052095"
"Hariyanto D.J.; Malika C.J.; Richard","Hariyanto, Deandra Josephine (59500691500); Malika, Candraswari Jauhar (59500425600); Richard (56638189100)","59500691500; 59500425600; 56638189100","The Acceptance of Dark Store in Indonesia Using UTAUT 2 Model","2024","Lecture Notes in Networks and Systems","1106 LNNS","","","155","166","0","10.1007/978-981-97-8666-4_13","https://www.scopus.com/pages/publications/85214128222?origin=resultslist","The increasing demand for e-commerce and the desire to provide customers with a faster and more efficient online shopping experience has resulted in dark store services. Dark stores are facilities specifically used to fulfill online shopping orders efficiently and are not open to general customers like conventional stores. Apart from that, dark store is a solution for issues related to users who want fast delivery times when using e-commerce. This research aims to determine how effectively the dark store model is applied to Mobile Applications in Jabodetabek using the Unified Theory of Acceptance and Use of Technology (UTAUT 2) method. This research indicates that dark store services can boost productivity and efficiency for users because they don't need to go to the store, and things arrive quickly. However, dark stores still have to overcome several shortcomings, such as prices that still need to be affordable, dark store services that are not satisfactory for some users, and limited access and locations of dark stores. Suggestions that can be given based on this research are that dark store service providers can examine their pricing and location strategies, as well as improve service quality and loyalty programs for customer satisfaction. © The Author(s), under exclusive license to Springer Nature Singapore Pte Ltd. 2024.","Dark Store; E-commerce; Effectiveness; Unified theory of acceptance; Use of technology (UTAUT 2)","Sales; Dark store; Delivery time; E- commerces; Effectiveness; Indonesia; Mobile applications; Online shopping; Unified theory; Unified theory of acceptance; Use of technology (UTAUT 2); Marketplaces","Conference paper","Final","","Scopus","2-s2.0-85214128222"
"Teymouri A.; Khataie A.; Andreev P.; Kuziemsky C.","Teymouri, A. (58874699400); Khataie, A. (35146047500); Andreev, P. (28767520300); Kuziemsky, C. (10144337000)","58874699400; 35146047500; 28767520300; 10144337000","Application of revenue management in supply chain of postal services","2017","IEEE International Conference on Industrial Engineering and Engineering Management","2017-December","","","1843","1847","2","10.1109/IEEM.2017.8290210","https://www.scopus.com/pages/publications/85045284346?origin=resultslist","E-commerce has been changing the rules of marketplace by empowered customers seeking immediate and flexible delivery. Advantages of online shopping opportunities lead to the constantly increasing parcel volumes that need to be shipped and delivered through postal services network. This evolution caused capacity management to become a serious challenge for postal organizations. Postal services have been upgrading their static value chain inherent to letter-mail to more dynamic for e-commerce parcel. The current solutions mainly focus on improving the productivity of collection and delivery (i.e. higher truck utilization) and increasing the efficiency of the equipment (i.e. fewer missorts). However, these solutions are temporary and expensive. This paper addresses the shortcoming of the existing solutions by conceptualizing application of revenue management and developing capacity management model for postal services. © 2017 IEEE.","Business Analytics; Capacity Planning; E-commerce; Revenue Management; Supply Chain management","Supply chain management; Business analytics; Capacity management; Capacity planning; E- commerces; Flexible delivery; Online shopping; Revenue management; Services network; Static values; Value chains; Electronic commerce","Conference paper","Final","","Scopus","2-s2.0-85045284346"
"Zhou Y.; Zhang X.; Wahab M.I.M.; Goh M.; Dursun E.","Zhou, Yongyi (57196346810); Zhang, Xiaojing (57356896900); Wahab, M.I.M. (9336799000); Goh, Mark (58335238000); Dursun, Elifcan (59416672100)","57196346810; 57356896900; 9336799000; 58335238000; 59416672100","From cart to delivery: deciphering shipping and return influence on e-tailer strategies in digital marketplace","2026","Electronic Commerce Research","26","1","","447","488","1","10.1007/s10660-024-09916-4","https://www.scopus.com/pages/publications/85209632749?origin=resultslist","This study delves into the strategic decision-making of an e-tailer operating under the Newsvendor model, with a focus on optimizing order quantity and return service charge (RSC) in the context of distinct shipping policies. Our research primarily addresses the trade-offs between a Fee-Based Shipping (FBS) and a Zero-Fee Delivery (ZFD) for a single product. The analysis reveals that the incremental revenue from selling one more unit is precisely offset by the risk and cost of overstocking. Additionally, the salvage value highlights opportunities to minimize the financial impacts of unsold inventory. The allure of free shipping in the ZFD policy often boosts consumer appeal and potentially increases sales, even though it is coupled with a higher RSC—a cost that consumers might not immediately perceive. Expanding the scope, the study incorporates competing substitute products and develops a mixed integer nonlinear 0–1 programming model. To effectively solve this model, we introduce a conjugate gradient projection iterative algorithm, establishing the feasibility of identifying optimal decisions within this complex framework. Our findings also highlight that the pronounced influence of refund-demand sensitivity reveals that customers are highly responsive to RSC policy, particularly when evaluating substitute products. Shopee’s approach to RSC, while showing relative insensitivity to fluctuations in price and shipping fee sensitivities, demonstrates heightened responsiveness to refund-demand sensitivities. These insights are instrumental for e-commerce entities like Shopee platform, enabling them to adeptly navigate and adapt within the rapidly evolving landscape of online retail, bolstered by data-driven strategic approaches. © The Author(s), under exclusive licence to Springer Science+Business Media, LLC, part of Springer Nature 2024.","Order quantity; Return service charge; Shipping policy; Substitute products","Conjugate gradient method; Costs; Integer programming; Marketplaces; Nonlinear programming; Risk assessment; Ships; Digital marketplace; E-tailers; Newsvendor models; Ordering quantity; Return service charge; Shipping policy; Single product; Strategic decision making; Substitute products; Trade off; Sales","Article","Final","","Scopus","2-s2.0-85209632749"
"Koncar J.; Vucenovic S.; Maric R.","Koncar, J. (53264187500); Vucenovic, S. (57216735223); Maric, R. (55604868000)","53264187500; 57216735223; 55604868000","Application of Unmanned Aerial Vehicle Technology in Commerce","2020","2020 24th International Conference on Information Technology, IT 2020","","","9070542","","","1","10.1109/IT48810.2020.9070542","https://www.scopus.com/pages/publications/85084390966?origin=resultslist","Modern technologies are increasingly pushing the boundaries of possible applications in service sector where the workforce is an indispensable factor of efficiency. In the face of constant pressure for climate sustainability and environmental initiatives, unmanned aerial vehicle technology finds its place in retail, wholesale, and logistics, and especially in e-commerce. New stages of e-commerce development involve the automation of all processes, including the entire delivery system. © 2020 IEEE.","","Antennas; Electronic commerce; Service industry; Sustainable development; Unmanned aerial vehicles (UAV); Constant pressures; Delivery systems; E-commerce development; Environmental initiatives; Modern technologies; Service sectors; Environmental technology","Conference paper","Final","","Scopus","2-s2.0-85084390966"
"Wang T.; Lin J.; Zhang Y.; Zhang J.","Wang, Tian (57210603305); Lin, Jianbang (57189239251); Zhang, Yingpeng (60077047400); Zhang, Jiajing (60077182900)","57210603305; 57189239251; 60077047400; 60077182900","Machine Learning-Based Random Forest Prediction of Online Shopping Behavior in the Digital Economy","2025","Proceedings of 2025 International Conference on Digital Economy and Information Systems, DEIS 2025","","","","315","320","1","10.1145/3745133.3745186","https://www.scopus.com/pages/publications/105014497699?origin=resultslist","Against the backdrop of the continuous development of the digital economy, consumers' online shopping behaviors have become increasingly complex. Predicting consumers' purchasing behavior has become a major challenge. Based on the e-commerce behavior data in February 2021, this study constructed a consumer online purchase prediction model using Random Forest. The performance of prediction model for out-of-sample data has been enhanced through rigorous data cleaning, feature engineering, and class balancing. The accuracy and recall exceed the 0.90, and the F1-score exceeds 0.80. Exploratory data analysis has demonstrated to reveal behavioral patterns related to time and price. Furthermore, this study has proposed significant strategies for the enhancement of conversion of shopping carts into purchases. Feature importance analysis in this study has found that the four important factors influencing purchase intention are as follows: cart_event_ratio, total_events, cart_per_product and view_count. This study proposes a practical, data-driven framework for e-commerce practitioners to predict consumers' online purchasing behavior more accurately. Furthermore, the conversion strategies for online shopping will be effectively improved in the highly competitive digital economy.  © 2025 Copyright held by the owner/author(s).","E-commerce; Machine learning; Purchase Prediction; Random Forest algorithm","Balancing; Consumer behavior; Data accuracy; E-learning; Forecasting; Learning systems; Machine learning; Marketplaces; Prediction models; Purchasing; Random forests; Sales; Continuous development; Digital economy; E- commerces; Machine-learning; Online shopping; Prediction modelling; Purchase prediction; Random forest algorithm; Random forests; Shopping behaviour; Electronic commerce","Conference paper","Final","All Open Access; Gold Open Access","Scopus","2-s2.0-105014497699"
"Xu J.; Liu X.; Yu Y.; Yagli S.; Liu J.; Mu C.","Xu, Jingxu (57222731337); Liu, Xinyi (60017656500); Yu, Yang (60017084000); Yagli, Semih (57197720799); Liu, Jingbo (59368537000); Mu, Cun (60017370700)","57222731337; 60017656500; 60017084000; 57197720799; 59368537000; 60017370700","Towards More Relevant Product Search Ranking with Fulfillment Intent Understanding","2025","SIGIR 2025 - Proceedings of the 48th International ACM SIGIR Conference on Research and Development in Information Retrieval","","","","4355","4359","0","10.1145/3726302.3731963","https://www.scopus.com/pages/publications/105011819843?origin=resultslist","E-commerce retailers increasingly offer diverse fulfillment options (e.g., in-store pickup, same-day delivery from store, standard shipping from fulfillment centers and marketplace sellers), creating a need for search systems that understand and cater to individual customer preferences. This paper addresses the challenge of incorporating fulfillment intent into product search ranking. We propose a model that predicts customer fulfillment intent based on the search query, past user interactions, and other contextual information. A fulfillment match signal is introduced to quantify the alignment between a product’s available fulfillment methods and the predicted customer intent. Integrating this signal into the ranking process ensures that search results prioritize products matching the user’s preferred fulfillment type. Offline and online experiments demonstrate the efficacy of our approach and highlight the importance of fulfillment-aware ranking in omnichannel e-commerce. © 2025 Copyright held by the owner/author(s).","fulfillment intent understanding; learning to rank; omni-channel shopping experience; product search ranking","Electronic commerce; Human engineering; Information retrieval; Search engines; Contextual information; Customer preferences; Fulfillment intent understanding; Individual customers; Omni-channel shopping experience; Product search ranking; Ranking process; Search queries; Search system; User interaction; Sales","Conference paper","Final","All Open Access; Gold Open Access","Scopus","2-s2.0-105011819843"
"Ahmed A.; Alnimer R.","Ahmed, Abeer (59893154400); Alnimer, Raed (57218627973)","59893154400; 57218627973","Alternative Dispute Resolution for E-commerce Disputes","2025","Studies in Big Data","170","","","415","428","1","10.1007/978-3-031-83915-3_33","https://www.scopus.com/pages/publications/105004886403?origin=resultslist","This study examines alternative dispute resolution (ADR) methods—such as arbitration, mediation, and negotiation—for resolving e-commerce disputes in Bahrain’s expanding digital economy. While e-commerce enhances accessibility and efficiency, it also introduces legal challenges in contracts, delivery, and payments. Using a descriptive and comparative approach, the study highlights ADR’s flexibility, confidentiality, and jurisdictional advantages for online transactions. It concludes with recommendations to strengthen Bahraini legislation on electronic contracts and arbitration, aligning it with international standards to support a thriving e-commerce environment. © The Author(s), under exclusive license to Springer Nature Switzerland AG 2025.","Alternative dispute resolution; Arbitration; Bahraini law; Confidentiality; Digital transactions; E-commerce; Electronic contracts; Jurisdiction; Mediation; Uncitral","Electronic money; Mobile commerce; Alternative dispute resolution; Arbitration; Bahraini law; Confidentiality; Digital transaction; E- commerces; Electronic contract; Jurisdiction; Mediation; Uncitral; Marketplaces","Book chapter","Final","","Scopus","2-s2.0-105004886403"
"Pongeluppe L.S.","Pongeluppe, Leandro S. (57210338528)","57210338528","The favela effect: Spatial inequalities and firm strategies in disadvantaged urban communities","2022","Strategic Management Journal","43","13","","2777","2808","25","10.1002/smj.3414","https://www.scopus.com/pages/publications/85130268692?origin=resultslist","Research summary: E-commerce firms make fewer products available and charge higher delivery prices to customers inside Brazilian favelas than they do to customers immediately outside favelas, despite the absence of infrastructure impediments at the favela borders. This phenomenological study uses mixed methods to investigate firm heterogeneity in these practices. The analysis shows that some firms treat favela consumers more equitably than their competitors. These firms (i) invest in physical stores inside and outside favelas, which are complementary to their online marketplaces, and (ii) engage genuinely with employees and consumers, which reflects their stakeholder orientation. By examining how firms operate in disadvantaged communities, scholars can enrich core theoretical constructs in strategic management, particularly by integrating insights from the fields of critical geography and urban economics. Managerial summary: This study investigates whether firms operate differently in disadvantaged communities compared to co-located nondisadvantaged areas. Findings show that operations in disadvantaged communities, such as favelas (Brazilian urban slums), demand specific investments that support transactions and contribute to realizing the underdeveloped potential of those communities. Firms succeed in commercial endeavors within disadvantaged communities by redeploying their resources and cultivating a stakeholder culture concomitantly. This strategy enables superior performance and the change-making of structural inequalities to help alleviate poverty and develop urban communities. © 2022 John Wiley & Sons Ltd.","complementary assets; disadvantaged communities; mixed methods; socioeconomic inequality; spatial inequality; stakeholder theory; sustainable development goals","Investments; Strategic planning; Complementary assets; Disadvantaged community; Firm strategy; Mixed method; Socio-economics; Socioeconomic inequality; Spatial inequality; Stakeholder theory; Sustainable development goal; Urban community; Electronic commerce","Article","Final","","Scopus","2-s2.0-85130268692"
"Ying Y.; Chandra M.R.; Mulianti A.","Ying, Yi (56957724200); Chandra, Mei Rianto (58479540700); Mulianti, Agnes (59778317600)","56957724200; 58479540700; 59778317600","Strategies for Sustainability Business E-Commerce in Indonesia","2024","Proceedings - 6th International Conference on Informatics, Multimedia, Cyber and Information System, ICIMCIS 2024","","","","945","950","0","10.1109/ICIMCIS63449.2024.10957261","https://www.scopus.com/pages/publications/105004411651?origin=resultslist","Taobao is the largest e-commerce platform in China, targeting individual consumers and serving as the top choice for millions of users. This paper discusses the factors influencing customer shopping behavior on Taobao. This type of research is correlational using qualitative methods. The data collection method used is a questionnaire presented in the form of a Likert scale, distributed to 50 consumers aged 18-55 years. These respondents are customers who shop online on Taobao. The results calculated using the Likert Scale show a 'Strongly Agree' percentage score for factors such as seller response, free shipping, competitive price, delivery time, available product, customer review, discount, rating of seller. The 'Agree' category was noted for factor cashback. This indicates that strategies for sustainability business E-Commerce in Indonesia must be paid to the aforementioned factors. This research can serve as a recommendation for those looking to start an online business startup.  © 2024 IEEE.","business; consumers; E-commerce","Sales; Commerce platforms; Competitive prices; Consumer; Data collection method; E- commerces; Free shipping; Indonesia; Likert scale; Qualitative method; Shopping behaviour; Marketplaces","Conference paper","Final","","Scopus","2-s2.0-105004411651"
"Ha X.S.; Le H.T.; Metoui N.; Duong-Trung N.","Ha, Xuan Son (57193341872); Le, Hai Trieu (57208802236); Metoui, Nadia (57039897900); Duong-Trung, Nghia (57191328820)","57193341872; 57208802236; 57039897900; 57191328820","DeM-CoD: Novel access-control-based cash on delivery mechanism for decentralized marketplace","2020","Proceedings - 2020 IEEE 19th International Conference on Trust, Security and Privacy in Computing and Communications, TrustCom 2020","","","9343003","71","78","57","10.1109/TrustCom50675.2020.00023","https://www.scopus.com/pages/publications/85101276906?origin=resultslist","The cash on delivery (CoD) is currently one of the significant payment mechanism in many developing countries' E-commerce systems. A transaction between a seller and a purchaser is completed when the seller has agreed to exchange packaged goods for a payment from the purchaser. Building highly trustworthy, accountable, credible, and decentralized CoD systems to trace and track physical items is a very challenging task. Several technologies and models for deploying CoD-based applications have been proposed in the literature. In most scenarios, these models have been created with the aim of accommodating collaborative processes involving multiple participants, e.g. seller, purchasers, and shippers, that belong to independent organizations. However, these approaches face several limitations and require appropriate improvement to sustain CoD-based systems' adoption further. First of all, there are no incentives for participants to act honestly. Secondly, the shippers are often kept out of the delivery chain and are affected by or not involved in any incentives or logs. Last but not least, users' privacy can be easily compromised and sensitive data collected and generated during the transactions can be easily accessed and abused. Building upon these critical insights, we propose a novel decentralized marketplace mechanism using the smart contract via blockchain technology. Our approach operates by incentivizing all the participants to act honestly and fulfill their obligations without resorting to a trusted third party. It also integrates adapted access control protocols to protect user privacy. The model's architecture shows that our approach guarantees integrity and robustness. It contributes to effectively addressing the issues listed above. A complete code solution is publicized on the authors' GitHub repository to engage further reproducibility and improvement. © 2020 IEEE.","Access Control; Blockchain; Cash on Delivery; Cryptography; Decentralize Marketplace; Smart Contract","Commerce; Data privacy; Developing countries; Ships; Access control protocol; Cash-on-delivery; Collaborative process; E-commerce systems; Payment mechanism; Reproducibilities; Sensitive datas; Trusted third parties; Access control","Conference paper","Final","","Scopus","2-s2.0-85101276906"
"Ltifi M.","Ltifi, Moez (55215264200)","55215264200","Methods and applications of quick commerce (Q-commerce)","2025","Methods and Applications of Quick Commerce (Q-Commerce)","","","","1","455","0","10.4018/979-8-3373-1712-0","https://www.scopus.com/pages/publications/105012681663?origin=resultslist","As e-commerce is rapidly changing, consumer access to everyday good is not made possible with advancements in logistics, real time management, and mobile technology. q-commerce uses urban fulfillment centers and last-minute delivery networks to meet with the growing demands of convenience and speed in the e-commerce world. Through examining these core components, we gain insight into the mechanisms driving q-commerce and its broader implications for consumer behavior, supply chains, and retail innovation. Methods and Applications of Quick Commerce (Q-Commerce) explores this type e-commerce that emphasizes fast deliveries. The book explains the different applications and methods to use to create a more efficient q-commerce market. Covering topics such as commerce, technology, and business methods, this book is an excellent resource for executives, academics, salespeople, marketing professionals, managers, business owners, researchers, practitioners, instructors, college and university libraries, students, consultants, IT specialists, and customer-oriented institutions. © 2026 by IGI Global Scientific Publishing. All rights reserved.","","Engineering education; Marketplaces; Mobile commerce; Sales; Students; Supply chains; Business methods; Core components; E- commerces; Gain insight; Growing demand; Management technologies; Marketing professionals; Mobile Technology; Real-time management; Salespeoples; Consumer behavior","Book","Final","","Scopus","2-s2.0-105012681663"
"Chou P.-H.; Chen K.-K.; Wu M.-J.","Chou, Pao-Hua (16174525100); Chen, Kuang-Ku (24605162300); Wu, Menq-Jiun (7405595656)","16174525100; 24605162300; 7405595656","Use of an intelligent agent for an e-commerce bargaining system","2006","Lecture Notes in Computer Science (including subseries Lecture Notes in Artificial Intelligence and Lecture Notes in Bioinformatics)","4251 LNAI - I","","","300","309","5","10.1007/11892960_37","https://www.scopus.com/pages/publications/33750718771?origin=resultslist","As the Internet has become mainstream, so has Electronic commerce (E-Commerce) become an important part of conducting business. Electronic auctions assist merchants and consumers in reducing costs and enable customized delivery of goods and services. Our goal is to develop a bargaining server prototype and to test its feasibility in the E-Marketplaces. The present auction system is the first and currently the only Internet auction system that supports complex auctions and bids via price-quantity graphs and mobile agents. The agent system allows users to use the system as a third-party auction site, which exploits the bargaining opportunities and market development in the Internet. The most significant achievement of this research is the development of a new e-commerce bargain architecture that adopts an agent's properties and a multi-agent framework. It also creates a user friendly interface for Graphic User's Interface (GUI). The implementation prototype system demonstrates excellent performance and the system can be easily implemented in a large bargain database of the e-commerce marketplace for wide accessibility. © Springer-Verlag Berlin Heidelberg 2006.","","Database systems; Electronic commerce; Graphical user interfaces; Information retrieval; Internet; Multi agent systems; Servers; Auction systems; Bargaining systems; Electronic auctions; Mobile agents; Intelligent agents","Conference paper","Final","","Scopus","2-s2.0-33750718771"
"Escudero-Santana A.; Onieva L.; Cortés-Muñoz J.-C.; Muñoz-Díaz M.-L.","Escudero-Santana, Alejandro (56086155600); Onieva, Luis (6602830507); Cortés-Muñoz, Juan-Carlos (59407100200); Muñoz-Díaz, María-Luisa (57211365409)","56086155600; 6602830507; 59407100200; 57211365409","A cuckoo search algorithm to improve a routing problem adapted to last mile e-commerce logistics","2025","Central European Journal of Operations Research","33","4","","1391","1405","4","10.1007/s10100-024-00945-w","https://www.scopus.com/pages/publications/85208803152?origin=resultslist","The rapid growth of e-commerce as an alternative to traditional face-to-face commerce has highlighted the logistical challenges of efficiently delivering goods to end consumers. A major problem is that recipients are often not available at the designated delivery locations during the delivery process, leading to reduced efficiency in last-mile logistics. This research works on a novel last-mile logistics framework where customers can provide multiple delivery points with different time windows. This logistical challenge represents a new and more complex variant of the vehicle routing problem with time windows. To address this problem, we present a metaheuristic approach using the cuckoo search algorithm.The results demonstrate that cuckoo search algorithm improves the costs on previous results achieved by other methodologies, allowing for greater efficiency in last-mile logistics planning. © The Author(s), under exclusive licence to Springer-Verlag GmbH Germany, part of Springer Nature 2024.","Cuckoo search; e-commerce; Last-mile logistics; Methaheuristics; VRP","Heuristic methods; Routing algorithms; Vehicle routing; Cuckoo search algorithms; Cuckoo searches; E- commerces; IMPROVE-A; Last mile; Last-mile logistic; Methaheuristic; Rapid growth; Routing problems; VRP; Marketplaces","Article","Final","All Open Access; Green Open Access","Scopus","2-s2.0-85208803152"
"Mangudhla T.","Mangudhla, Tinashe (58291313200)","58291313200","Sustainable e-commerce platforms: Integrating green marketing strategies in digital marketplaces","2025","Regulatory Frameworks and Digital Compliance in Green Marketing","","","","259","289","2","10.4018/979-8-3693-9831-9.ch008","https://www.scopus.com/pages/publications/105008358733?origin=resultslist","The rapid rise of e-commerce has inadvertently triggered an environmental crisis by promoting rapid deliveries, excessive over-p ackaging, and a ""fast fashion"" mentality that contributes to resource depletion, pollution, and ethical concerns in production, spurring transportation-related carbon emissions, creating significant amounts of non-recyclable waste. In response to this challenge, this chapter investigates how digital innovations and consumer behaviors facilitate circular economy practices in sustainable e-commerce while also evaluating digital marketing strategies that foster a greener future. Grounded in circular economy and sustainable development principles, the chapter examines how digital innovations and consumer behaviors can facilitate sustainable practices in e-commerce. Utilizing a conceptual framework supported by Patagonia, Etsy, and The RealReal case studies, the analysis explores how eco-friendly product curation, ethical sourcing, supply chain transparency, sustainable logistics, and AI-driven personalization are key drivers for promoting sustainable e-commerce. © 2025, IGI Global Scientific Publishing. All rights reserved.","","Consumer behavior; Electronic commerce; Green economy; Marketplaces; Strategic planning; Sustainable development; Circular economy; Commerce platforms; Digital innovations; Digital marketplace; E- commerces; Environmental crisis; Ethical concerns; Green marketing; Marketing strategy; Resource depletion; Circular economy","Book chapter","Final","","Scopus","2-s2.0-105008358733"
"Lin X.; Liao Z.; Yan S.; Bian Y.","Lin, Xiaogang (56964618100); Liao, Zichao (59274994700); Yan, Shuai (55973936800); Bian, Yiwen (25421008100)","56964618100; 59274994700; 55973936800; 25421008100","Information Sharing, Selling Modes, and Logistics Service Strategies in an E-Commerce Supply Chain","2025","Naval Research Logistics","","","","","","0","10.1002/nav.70032","https://www.scopus.com/pages/publications/105021529301?origin=resultslist","E-commerce sales have become increasingly common and important. Manufacturers generally wholesale products to platforms that subsequently resell to customers (reselling), or directly sell to customers through platforms by paying a commission rate (agency selling). In both selling formats, manufacturers can choose between the platforms' logistics and their own logistics for product delivery, generating four typical modes: (1) reselling+platform logistics (RP); (2) reselling+manufacturer logistics (RM); (3) agency selling+platform logistics (AP); and (4) agency selling+manufacturer logistics (AM). Motivated by the fact that platforms possess superior demand information and apply it to improve operational decisions, this paper investigates how a platform strategically shares information to induce a manufacturer to adopt a more efficient mode. We find that the manufacturer's mode preference is significantly influenced by information asymmetry. If the platform possesses highly accurate information (i.e., the information accuracy level is high), the manufacturer prefers the AP mode, and this preference strengthens as the platform's logistics investment efficiency improves. Otherwise, the manufacturer prefers the AM (RP) mode if the logistics improvement efficiency is low (high). However, when the platform's information accuracy level is high but investment efficiency is low, the platform will commit to sharing information to induce the manufacturer to adopt the AM (RP) mode rather than the AP mode if logistics improvement efficiency is low (high). Notably, as the platform's logistics investment efficiency gradually improves, these induced changes in mode selection can be reversed under certain conditions, while the negative impact of information sharing on consumer surplus and social welfare becomes increasingly significant. © 2025 Wiley Periodicals LLC.","e-commerce supply chain; information sharing; logistics service; reselling/agency selling","Efficiency; Electronic commerce; Information analysis; Information dissemination; Investments; Logistics; Sales; Accuracy level; AP mode; E- commerces; E-commerce supply chain; Information accuracy; Information sharing; Investment efficiency; Logistics modes; Logistics services; Reselling/agency selling; Supply chains","Article","Article in press","","Scopus","2-s2.0-105021529301"
"","","","23rd Australasian Conference on Information Systems, ACIS 2012","2012","ACIS 2012 :  Proceedings of the 23rd Australasian Conference on Information Systems","","","","","","0","","https://www.scopus.com/pages/publications/84878307754?origin=resultslist","The proceedings contain 114 papers. The special focus in this conference is on technical, organisational, business, and social issues in the application of Information Technology. The topics include: Community perception of mobile payment in e-government services; the moderating influence of device characteristics and usage on user acceptance of smart mobile devices; assessing data quality issues in the emergency department through data and process mapping; becoming an analytics-based organisation; estimating non-response bias in a web-based survey of technology acceptance; making sense of business intelligence; the impact of strategy on business analytics success; understanding data quality issues in dynamic organisational environments; a model for enhancing empowerment in farmers using mobile based information system; integrating online social networks with e-commerce; social media in disaster response; twitter tsunami early warning network; understanding user participation in Australian government tourism facebook page; business process affordances through the lens of activity theory; enterprise systems for innovation in products and processes; exploring the use of enterprise content management systems in different types of organisations; individuals' absorptive capacity in enterprise system assimilation; applying king et al.'s taxonomy to frame the is discipline's engagement in green IS discourse; ICT to enhance the triangle of life; towards using ICT to enhance flow of information to aid farmer sustainability in Sri Lanka; active data-centric framework for data protection in cloud environment; a model to select processes for IT service management improvement; a typology for business transformations; current trends in product lifecycle management; exploring the current status of call centre offshoring research; IT governance framework for e-government; power relations in IS projects; strategic planning to build transformational preparedness; towards a better understanding of how effective IT governance leads to business value; transfer of electronic commerce trust between brick-and-mortar and online business environments; a preliminary evaluation of the use of graphic novels in teaching information systems; concepts and factors influencing independent learning in IS higher education; identifying the determinants of e-learning service delivery quality; industry and university perspectives of work integrated learning programs in ICT degrees; student attention, engagement and participation in a twitter-friendly classroom; the use of laptop computers in programming lectures; a similarity measure on tree structured business data; global positioning systems in the AFL; how organisations know what they know; the effects of website quality on adoption of e-government service; towards a semantic quality based approach for business process models improvement; locating frames of reference for information systems; the relevance of perspectivism to the task of modularisation in ontology development; looking back to tomorrow: research, teaching and practice in IS; ICT alternative for primary care delivery in Indonesia; interplaying user roles in e-government design; power and discourse in information systems practice; profile information and business outcomes of providers in electronic service marketplaces and the view from the trenches.","","","Conference review","Final","","Scopus","2-s2.0-84878307754"
"Sari R.K.; Qanita A.","Sari, Rini Kurnia (57202900722); Qanita, Aisyah (58850639900)","57202900722; 58850639900","Digital Shopping Era: Uncovering the Drivers of Electronic Purchase Intentions on E-Commerce","2025","ICoCSETI 2025 - International Conference on Computer Sciences, Engineering, and Technology Innovation, Proceeding","","","","745","749","0","10.1109/ICoCSETI63724.2025.11019057","https://www.scopus.com/pages/publications/105010054617?origin=resultslist","Consumer purchasing habits have changed dramatically due to recent developments in digital technology and faster internet, with e-commerce emerging as the main channel for buying electronics like laptops, smartphones, and household appliances. Although electronic sales are growing, concerns about product quality, fraud, delivery, and after-sales support still impact consumers' purchase intentions. This research aims to identify factors that influence the intention to purchase electronic products on e-commerce platforms in Indonesia. The factors tested include subject norm, satisfaction, price advantage, information searching, and received risk. The research sample consisted of 200 respondents who actively use e-commerce and have purchased electronic products in the last 6 months. Data collection was carried out through an online survey in October-November 2024. The results of multiple regression analysis show that subject norm, satisfaction, information searching have a significant positive influence on electronic purchase intentions.  © 2025 IEEE.","e-commerce; electronic; intention; satisfaction","Information retrieval; Marketplaces; Purchasing; Regression analysis; Sales; Digital technologies; E- commerces; Electronic purchase; Electronics products; Information searching; Intention; Products quality; Purchase intention; Satisfaction; Smart phones; Electronic commerce","Conference paper","Final","","Scopus","2-s2.0-105010054617"
"Yasirandi R.; Thanasopon B.","Yasirandi, Rahmat (57205056922); Thanasopon, Bundit (56998651800)","57205056922; 56998651800","A Comparison of Restaurant-Based and E-Commerce Food Delivery: Customer Evaluation Based on Expectations and Satisfaction","2024","ICITEE 2024 - Proceedings of the 16th International Conference on Information Technology and Electrical Engineering 2024","","","","69","74","0","10.1109/ICITEE62483.2024.10808678","https://www.scopus.com/pages/publications/85216027524?origin=resultslist","This study examines the impact of the COVID-19 pandemic on consumer preferences between restaurant-based and e-commerce food delivery services. Utilizing the E-Service Quality (E-ServQual) model, which includes dimensions such as Efficiency, Fulfillment, Reliability, Privacy, Responsiveness, Compensation, and Contact, the research assesses which delivery method satisfactions align more closely with user expectations through customer evaluations. Methods include a comparative analysis using data collected from surveys. To obtain a robust dataset, the study surveyed 200 consumers who have used both restaurant-based and e-commerce services during the pandemic. This sample size provides sufficient statistical power to discern significant differences between the two service types. Findings indicate that e-commerce platforms generally excel in efficiency, responsiveness, and compensation, whereas restaurant-based services perform better in terms of fulfillment, reliability, privacy, and contact. The results also identify key dimensions from both types of online food delivery services. This analysis provides valuable insights into specific areas where service providers can focus their improvement efforts to meet and exceed consumer expectations. The study contributes to the understanding of shifting consumer behaviors in response to global disruptions like the pandemic. © 2024 IEEE.","Customer Expectation; Customer Satisfaction; E-Commerce; E-ServQual; Restaurant-based","Sales; Consumers' preferences; Customer evaluation; Customer expectation; Customers' satisfaction; Delivery service; E- commerces; E-service quality; Food delivery; Quality modeling; Restaurant-based; Marketplaces","Conference paper","Final","","Scopus","2-s2.0-85216027524"
"Natarajan A.K.; Galety M.G.; Iwendi C.; Das D.; Shankar A.","Natarajan, Arul Kumar (55602548600); Galety, Mohammad Gouse (57208471477); Iwendi, Celestine (54420169700); Das, Deepthi (57201379721); Shankar, Achyut (7005442649)","55602548600; 57208471477; 54420169700; 57201379721; 7005442649","AI-powered business intelligence for modern organizations","2024","AI-Powered Business Intelligence for Modern Organizations","","","","1","374","0","10.4018/979-8-3693-8844-0","https://www.scopus.com/pages/publications/105004516500?origin=resultslist","Technology's rapid advancement has revolutionized how organizations gather, analyze, and utilize data. In this dynamic landscape, integrating artificial intelligence (AI) into business intelligence (BI) systems has emerged as a critical factor for driving informed decision-making and maintaining competitive advantage. This integration allows business to respond quickly to market changes, personalize customer experiences, and optimize operations with greater precision. As AI-driven BI tools continue to evolve, they empower organizations to harness vast amounts of data more effectively, making strategic decisions that are both timely and data-driven, thereby securing their position in an increasingly competitive marketplace. AI-Powered Business Intelligence for Modern Organizations provides a comprehensive overview of this transformative intersection, addressing the diverse challenges, opportunities, and future trends in this field. By exploring the integration of AI into BI systems, the text delves into how advanced analytics, machine learning, and automation are reshaping the way businesses operate. Covering topics such as augmented analytics, decision-making, and sustainability metrics, this book is an excellent resource for business leaders and executives, data scientists and analysts, IT and technology managers, academicians, researchers, graduate and postgraduate students, consultants, industry experts, and more. Coverage: The many academic areas covered in this publication include, but are not limited to: · Artificial Intelligence (AI) · Augmented Analytics · Business Intelligence · Citizen Engagement · Consumer Vision · Customer Relationship Management (CRM) · Decision-Making · E-Commerce · Financial Technologies (FinTech) · Hyper-Personalization · Machine Learning (ML) · Natural Language Processing (NLP) · Predictive Analytics · Public Service Delivery · Sentiment Analysis · Social Media · Supply Chain Optimization · Sustainability Metrics · Volunteered Geographic Information. © 2025 by IGI Global Scientific Publishing. All rights reserved.","","Competitive intelligence; Human resource management; Marketplaces; Public relations; Sales; Students; Business intelligence systems; Business-intelligence; Competitive advantage; Critical factors; Customer experience; Decisions makings; Informed decision; Machine-learning; Market changes; Sustainability metrics; Decision making","Book","Final","All Open Access; Hybrid Gold Open Access","Scopus","2-s2.0-105004516500"
"Mitra A.; Debnath S.","Mitra, Ananya (58617682100); Debnath, Shankhya (56844915400)","58617682100; 56844915400","The Impact of UX/UI Usability Constructs on Purchase Decisions for Mobile Food Ordering Applications in India","2024","Lecture Notes in Networks and Systems","1045 LNNS","","","227","240","1","10.1007/978-981-97-4799-3_17","https://www.scopus.com/pages/publications/85213961702?origin=resultslist","In addition to e-commerce, m-commerce today is a dominant player in the virtual marketplace. With a wide variety of products, services, and solutions to offer, mobile applications have a wide user base globally. The mobile food delivery ecosystem is an area that has seen a massive boom in the recent years. These mobile food ordering applications have been a key contributing factor in the food technology industry in India. Appearance and usability of these applications are primary drivers of usage. This, in turn, depends on their User Interface (UI) and User Experience (UX). Previous studies have clearly shown how usability factors impact purchase decisions. In this paper, we propose a new usability model that has been implemented in testing how they influence purchase decisions for mobile food ordering apps (MFOAs). Through extensive surveys, a nomological network was developed using cognitive mapping, and structural equation modelling was used for validating the network. The results have thrown a new light on this domain. We have inferred through our model that user data privacy is the most important usability construct, while personalization, learnability, and simplicity are other key factors in driving purchase decisions in MFOA users. © The Author(s), under exclusive license to Springer Nature Singapore Pte Ltd. 2024.","Human–Computer interaction; Mobile application; Multimedia; Online food ordering; SEM; Usability; UX/UI","Mobile commerce; Multimedia systems; Usability engineering; Computer interaction; E- commerces; Interface usability; M-commerce; Mobile applications; Multimedium; Online food ordering; Purchase decision; Usability; UX/user interface; Sales","Conference paper","Final","","Scopus","2-s2.0-85213961702"
"Cano J.A.; Londoño-Pineda A.; Castro M.F.; Paz H.B.; Rodas C.; Arias T.","Cano, Jose Alejandro (57206782738); Londoño-Pineda, Abraham (56654994900); Castro, Maria Fanny (57225848091); Paz, Hugo Bécquer (57678376400); Rodas, Carolina (57678982400); Arias, Tatiana (57679292900)","57206782738; 56654994900; 57225848091; 57678376400; 57678982400; 57679292900","A Bibliometric Analysis and Systematic Review on E-Marketplaces, Open Innovation, and Sustainability","2022","Sustainability (Switzerland)","14","9","5456","","","41","10.3390/su14095456","https://www.scopus.com/pages/publications/85129848527?origin=resultslist","In recent years, the rise of e-commerce has prompted the emergence of electronic marketplaces, or e-marketplaces, which act as intermediaries in the buying and selling process, bringing together several vendors to offer a wide range of products and services to customers, generating modalities such as business-to-business (B2B), business-to-consumer (B2C) or consumer-to-consumer (C2C) e-marketplaces. E-marketplaces offer advantages such as access to potential buyers, business and product visibility, the reduction of transaction costs, the comparison of offers and prices among competitors, and the ease of business internationalization. However, the success of e-marketplace business models depends on the sustainability of these platforms, which must involve different stakeholders in order to meet economic, environmental, and social objectives. Therefore, this study presents a bibliometric analysis and systematic review of e-marketplaces, open innovation, and sustainability for the last ten, five, and two years. The analysis includes the number, types, and subject areas of documents published each year, as well as considerations such as the most-cited publications and the leading authors, journals, countries, and institutional affiliations. The analysis also includes a study of the relevant concepts in the publications and their relationships, identifying the predominant topics related to e-marketplaces, open innovation, and sustainability. The results indicate a focus on subject areas such as social sciences, environmental sciences, energy, business, management, and accounting, which is consistent with the economic, environmental, and social dimensions of sustainability. The findings show that e-marketplaces, open innovation, and sustainability are closely related to concepts such as sustainable development, e-commerce, digital marketing, China (the leading country in terms of publications in all periods), logistics, supply chain management, big data, planning, and decision making. Future works should address traffic congestion and environmental impact, new delivery practices in last-mile logistics, and the motives for users’ engagement in e-marketplaces. Likewise, future research can be oriented toward sustainability dimensions and stakeholders’ integration through open innovation and toward the limitations of SMEs in order to access and benefit from digital platforms. © 2022 by the authors. Licensee MDPI, Basel, Switzerland.","bibliometric analysis; e-marketplaces; open innovation; Scopus; sustainability; systematic review","China; bibliography; business development; electronic commerce; innovation; literature review; sustainability; traffic congestion","Review","Final","All Open Access; Gold Open Access; Green Open Access","Scopus","2-s2.0-85129848527"
"Li X.","Li, Xiaoxiao (58960606900)","58960606900","Evaluation of Optimization Strategies for Cross border E-commerce Logistics Network Based on ADASYN Algorithm","2024","Procedia Computer Science","247","C","","1036","1043","4","10.1016/j.procs.2024.10.125","https://www.scopus.com/pages/publications/85213055711?origin=resultslist","With the continuous development of CBEC, logistics networks have become an important and essential component of the e-commerce market. However, in cross-border logistics networks, the complexity and uncertainty of the network often lead to issues such as network imbalance and instability. This article proposes an optimization strategy for cross-border e-commerce (CBEC) logistics networks based on the ADASYN algorithm and conducts experimental verification on it. The experimental results show that this strategy can significantly improve the performance indicators of CBEC logistics services. After optimization, logistics time is reduced by 40%; logistics costs are reduced by 40%; delivery efficiency is improved by 8%. In addition, the differences in node quality and distance have also been effectively reduced. This series of optimization measures would provide useful reference and support for the development of CBEC logistics networks. © 2024 The Authors. Published by Elsevier B.V.","ADASYN algorithm; cross-border e-commerce; logistics network optimization; machine learning","Adversarial machine learning; Marketplaces; ADASYN algorithm; Cross-border; Cross-border e-commerce; E- commerces; Logistic network optimization; Logistics network; Machine-learning; Network optimization; Network-based; Optimization strategy; Optimization algorithms","Conference paper","Final","All Open Access; Gold Open Access","Scopus","2-s2.0-85213055711"
"Kundu T.; Goh M.; Choi T.-M.","Kundu, Tanmoy (57193643395); Goh, Mark (58335238000); Choi, Tsan-Ming (59659461600)","57193643395; 58335238000; 59659461600","Home delivery vs. out-of-home delivery: Syncretic value-based strategies for urban last-mile e-commerce logistics","2025","Transportation Research Part A: Policy and Practice","193","","104309","","","8","10.1016/j.tra.2024.104309","https://www.scopus.com/pages/publications/85217079050?origin=resultslist","Adopting the Out-Of-Home Delivery (OOHD) model of using parcel lockers and convenience stores to act as pick-up and drop-off points offers many benefits over the conventional Home Delivery (HD) model in e-commerce logistics. Despite these benefits, consumers still prefer HD over OOHD for their last-mile e-commerce deliveries. While the convenience of HD is a core feature of online shopping, a question arises: Can OOHD offer better customer utility and reduce the delivery costs of last-mile logistics? Motivated by observed industrial practices, this study adopts a game-theoretic approach to analyze the strategies concerning a customer's preference for delivery (HD vs. OOHD) and the switching (from HD to OOHD) behavior in response to an e-commerce firm's self-pickup discount. A distinctive feature of this work is the conceptualization of an e-commerce firm's orientation towards the triple bottom line goal of meeting consumer expectations (people), financial gains (profit), and reducing environmental impact (planet), collectively termed as the syncretic value in this paper. Setting the syncretic value as the business objective function, we obtain the equilibrium solutions on the discount (for OOHD) and shipping charge (for HD) that would entice a switch to OOHD. Unlike the current practice of some e-commerce delivery markets offering a flat rebate for self-pickup, our results reveal that the e-commerce firm should peg the self-pickup discount based on the online product's price and levy a shipping charge for low-price products to encourage self-pickup. Online retailers should focus on low-price products for the OOHD-based incentivization scheme for better profitability. We provide a comparative analysis between the HD-only and hybrid (HD with OOHD) delivery models to guide the e-commerce platform operators in positioning their business models and customer engagements. The results suggest that including the syncretic value in the business objectives not only increases consumer utility (more delivery choices) and profitability of the e-commerce firm (lower delivery costs) but also addresses the environmental impact of urban logistics, thus contributing to the sustainable development goals. © 2024 The Author(s)","E-commerce; Game theory; Last-mile; Out-of-home delivery; Syncretic value; Urban logistics","Commerce; Competition; Cost benefit analysis; Cost reduction; Exhaust gases; Marketplaces; Motivation; Pickups; Public utilities; Radioactive wastes; Sales; Taxation; Business objectives; Delivery costs; Delivery models; E- commerces; Home delivery; Last mile; Lowest price; Out-of-home delivery; Syncretic value; Urban logistics; comparative study; conceptual framework; electronic commerce; game theory; logistics; urban transport; Profitability","Article","Final","All Open Access; Hybrid Gold Open Access","Scopus","2-s2.0-85217079050"
"Jiu S.; Wang D.; Ma Z.","Jiu, Song (55786680300); Wang, Dan (58861570800); Ma, Zujun (13905688600)","55786680300; 58861570800; 13905688600","Robust Assortment Planning With Operational Considerations for E-commerce Retailers: A Three-Phase Solution Framework","2026","Naval Research Logistics","","","","","","0","10.1002/nav.70048","https://www.scopus.com/pages/publications/105027239390?origin=resultslist","With the rapid expansion of e-commerce marketplace, major e-tailers are implementing a two-layer distribution network with regional and forward distribution centers (FDCs) for timely delivery. We study an e-commerce assortment planning problem that incorporates operational considerations over a multi-period horizon. Before the horizon starts, an e-tailer determines the assortment presented online and a partial assortment stored at each FDC. In each period, she first replenishes products from the supplier, then allocates inventory to FDCs, finally fulfills realized product demands adaptively, with an objective of maximizing the expected total profit. Given the distributional ambiguity in practice, we formulate a distributionally robust optimization model based on customers' multinomial logit choices, which presents the challenges of fractional nonlinearity and computational complexity. To address them, we propose a tractable three-phase solution framework that integrates the strengths of conic programming, linear decision rule, and the exact branch-and-Benders-cut algorithm. Numerical experiments suggest its good computational performance from various aspects, and explore the values of incorporating operational considerations and assortment selection. A case study using real data from JD.com demonstrates the practical applicability of our framework, which increases profit by 102.6% over JD.com's status quo policy. The profit increment consistently increases over time, suggesting the significant potential long-term benefits from implementing our framework. © 2026 Wiley Periodicals LLC.","assortment planning; branch-and-Benders-cut; distribution operations; e-commerce; robust optimization","","Article","Article in press","","Scopus","2-s2.0-105027239390"
"Vasiliauskas A.V.; Navickienė O.","Vasiliauskas, Aidas Vasilis (16551299500); Navickienė, Olga (57209196821)","16551299500; 57209196821","An Overview of Last-mile Delivery Organization Innovations","2025","Lecture Notes in Networks and Systems","1337 LNNS","","","75","83","0","10.1007/978-3-031-87532-8_7","https://www.scopus.com/pages/publications/105002574207?origin=resultslist","E-Commerce has changed the needs of customers as well as the way companies operate while satisfying these changed needs. The development of information technology services influenced the business sector, which, adapting to the new reality, began to create new areas of services that were not even imagined before. A fundamental consequence for the entire supply chain caused by the increasing volumes of e-Commerce is the increased relevance of the organization of last-mile delivery. The last-mile delivery to customers is usually done using road vehicles. However, at the same time, this method is the most polluting alternative for freight transport. However, companies tend to choose ecological and efficient methods of transportation, to save on the last-mile delivery stage, so innovative solutions are increasingly being sought to ensure the organization of the last-mile process, with particular emphasis on the aspects of reducing pollution and transportation costs. The article examines the problems of organizing last-mile delivery, highlighting the innovative ways to solve these problems and the conditions necessary for the implementation of these innovations. © The Author(s), under exclusive license to Springer Nature Switzerland AG 2025.","Autonomous Delivery Solutions; Electronic Commerce; Innovations in Logistics; Last-mile Delivery","Commerce; Freight transportation; Marketplaces; Road vehicles; Supply chains; Autonomous delivery solution; Business sector; E- commerces; Freight transport; Information technology services; Innovation in logistic; Last mile; Last-mile delivery; Organization innovations; Road vehicles; Customer satisfaction","Conference paper","Final","","Scopus","2-s2.0-105002574207"
"Reddy N.S.K.; Pranav K.S.S.; Poojitha L.H.; Longkumer B.; Deka B.","Reddy, Nalla Sai Krishna (59705673000); Pranav, K.S.S. (59706714400); Poojitha, Lanka Hima (59705880100); Longkumer, Bendangchila (57222528266); Deka, Bhupesh (56405291500)","59705673000; 59706714400; 59705880100; 57222528266; 56405291500","A Digital Marketplace for Empowering Telangana’s Handwoven Textiles","2025","Learning and Analytics in Intelligent Systems","45","","","254","263","0","10.1007/978-3-031-82706-8_26","https://www.scopus.com/pages/publications/105000861365?origin=resultslist","India possesses a rich cultural heritage that is prominently expressed through its traditional handicrafts. Artisans employ age-old handmade techniques to produce various items that encapsulate the country's diverse customs. In a context of increasing digital commerce, there remains a significant demand for platforms that facilitate the purchase of these handicrafts. This paper examines an innovative e-commerce platform specifically targeting Telangana artisans, aiming to promote and sell their traditional handwoven textiles on a global scale. The platform features a digital catalog of a wide range of clothing products—including sarees and dresses—crafted from natural fibers using generational methods. It emphasizes ethical pricing and fair compensation for artisans, while also providing logistical support for shipping, tracking, returns, and exchanges. Furthermore, the platform serves to educate consumers about the heritage of Telangana weaving, natural dyeing processes, and the stories of artisans, while offering care instructions for the textiles. By integrating traditional crafts into modern e-commerce, the initiative not only aids in preserving cultural traditions but also fosters sustainable livelihoods for artisans, thereby bridging the gap between cultural preservation and contemporary market demands. © The Author(s), under exclusive license to Springer Nature Switzerland AG 2025.","artisans; digital platform; e-commerce; handicrafts","Clothes; Fabrics; Hosiery manufacture; Natural fibers; Artisan; Commerce platforms; Cultural heritages; Digital marketplace; Digital platforms; E- commerces; Global scale; Handicraft; Logistical support; Natural dyeings; Marketplaces","Book chapter","Final","","Scopus","2-s2.0-105000861365"
"Gao R.; Hua K.; Wang X.; Wei J.","Gao, Rong (56998095300); Hua, Kexin (58564830000); Wang, Xiaosheng (35176743100); Wei, Jie (7403075597)","56998095300; 58564830000; 35176743100; 7403075597","Analysis of green e-commerce supply chain considering delivery time under reward–penalty mechanism based on confidence level","2025","Socio-Economic Planning Sciences","99","","102203","","","4","10.1016/j.seps.2025.102203","https://www.scopus.com/pages/publications/105000711257?origin=resultslist","The rapid growth of e-commerce and the increasing demand for green consumption are spurring the development of the green e-commerce supply chain, which poses new challenges, including the discrepancy between actual and promised delivery time of green products sold on e-commerce platforms. Due to the indeterminates in the market environment, we do not have sufficient relevant data to deduce the demand for new green products. Therefore, considering the consumer's perception of the delivery time difference, we investigate the pricing and sales mode selection problem of the green e-commerce supply chain using uncertainty theory under four combination scenarios of two approaches (no incentives, consumer incentives) and two e-commerce sales modes (wholesale sales mode, platform sales mode). Instead of expected utility maximization, we assume that an e-commerce platform and a green manufacturer seek to maximize profits under uncertain demand based on greenness and delivery time difference with a certain confidence level, from which two centralized models and four Stackelberg decentralized models are constructed. The results show that supply chain members’ choice of sales mode is associated with risk attitude. In addition, the impact of promised delivery time on the optimal profitability of the supply chain member who is responsible for product delivery is related to the strength of consumer incentives under the reward and penalty mechanism. More importantly, the introduction of the consumer reward and penalty mechanism can effectively improve the greenness of products, the efficiency of delivery, the optimal profits of supply chain members and social welfare. © 2025 Elsevier Ltd","Confidence level; Consumer reward–penalty mechanism; Delivery time; Green e-commerce supply chain; Uncertainty theory","electronic commerce; green economy; supply chain management; theoretical study","Article","Final","","Scopus","2-s2.0-105000711257"
"Niu B.; Wang L.; Ruan Y.; Xu X.; Zhang E.","Niu, Baozhuang (55628335500); Wang, Lingfeng (58516461300); Ruan, Yiyuan (57875588100); Xu, Xin (54416628400); Zhang, Enkai (59067079400)","55628335500; 58516461300; 57875588100; 54416628400; 59067079400","The bright and dark sides of real-time delivery tracking in cross-border e-commerce","2025","Annals of Operations Research","","","","","","0","10.1007/s10479-025-06808-0","https://www.scopus.com/pages/publications/105016511078?origin=resultslist","Nowadays, smart delivery tracking systems that combine GPS tracking and real-time logistics locations have enabled both sellers and consumers to see the exact delivery lead time. However, in a cross-border e-commerce system where delivery time seems more important for overseas consumers, we observe that many e-tailers have only quoted the delivery time based on expectation, resulting in a huge promised delivery time (PDT) cost, especially when the realized delivery time (RDT) is longer than PDT so a penalty cost is incurred. In this paper, we investigate an e-tailer’s strategic decision to adopt the smart delivery tracking system where one multinational firm (MNF) sells products through both its own retail subsidiary and the third-party e-tailer. Clearly, the smart delivery tracking system allows the stakeholders to know the real-time RDT so the e-tailer saves the PDT cost. We reveal that there exists an overall-cost-mitigation effect in which the MNF is incentivized to lower the wholesale price to counteract the e-tailer’s PDT cost. This drives the e-tailer’s adoption of the smart delivery tracking system to switch twice, depending on the difference between the impacts of RDT and PDT on the online market potential. We further identify conditions under which the MNF also benefits from the e-tailer’s adoption of the smart delivery tracking system, finding that the MNF may be beneficial, but consumer surplus may be hurt. © The Author(s), under exclusive licence to Springer Science+Business Media, LLC, part of Springer Nature 2025.","Co-opetitive supply chain; Cross-border e-commerce; Logistics service efficiency; Online and offline competition; Smart delivery tracking","","Article","Article in press","","Scopus","2-s2.0-105016511078"
"Chen R.; Liu H.; Tan K.H.; Pang G.; Duan K.","Chen, Ran (59931702500); Liu, Haoyu (57452620400); Tan, Kim Hua (26668042600); Pang, Gu (55980882400); Duan, Keru (58951466300)","59931702500; 57452620400; 26668042600; 55980882400; 58951466300","Enhancing order fulfilment services on social livestreaming commerce: An evaluation of logistics experience scores","2025","International Journal of Production Economics","287","","109698","","","1","10.1016/j.ijpe.2025.109698","https://www.scopus.com/pages/publications/105007465467?origin=resultslist","In the realm of social livestreaming commerce, the enhanced interactivity relative to traditional e-commerce models induces considerable fluctuations in real-time orders. This variability necessitates the development of faster, more precise, and seamless order fulfilment processes to elevate customer satisfaction and foster long-term loyalty. As a leading platform in the social livestreaming commerce sector, TikTok has implemented a merchant experience rating system, which features the Logistics Experience Score (LES) to evaluate the logistics performance of its merchants. This study aims to explore the ways in which improving the order fulfilment processes can augment the logistics performance of merchants, with a particular focus on the LES as a primary metric. The research employed a two-phase design, consisting initially of surveys (N1 = 421) and subsequently, follow-up semi-structured interviews (N2 = 21) with TikTok merchants. The outcomes from the first phase underscore the pivotal role of IT infrastructure in enhancing the ‘order receipt’ and ‘pick and pack’ stages. Concurrently, Logistics Service Quality (LSQ) profoundly influences the ‘ship and transport’ and ‘order delivery’ stages. Most notably, the ‘ship and transport’ sub-process has emerged as a critical determinant impacting the LES, thereby underscoring its significance in shaping customer perceptions of logistics services. Findings from the second phase indicate that substantial improvements in the LES can be achieved through strategic investments in IT infrastructure and forging partnerships with reliable logistics providers. Such enhancements aim to increase the speed, efficiency, and reliability of shipping and transportation. Through these findings, this research contributes to the broader understanding of order fulfilment within the context of social livestreaming commerce, providing both theoretical and empirical insights that are valuable for merchants active in this field. © 2025","Logistics experience score; Order fulfilment; Social livestreaming commerce; TikTok","Electronic money; User experience; E-commerce model; Interactivity; IT infrastructures; Logistic experience score; Logistic performance; Order fulfillment; Order fulfillment process; Real- time; Social livestreaming commerce; Tiktok; Marketplaces","Article","Final","","Scopus","2-s2.0-105007465467"
"Wang Y.","Wang, Ying (59369791800)","59369791800","Optimization Problem of Rural E-Commerce Logistics Distribution Based on Ant Colony Optimization Algorithm","2024","2nd IEEE International Conference on Data Science and Network Security, ICDSNS 2024","","","","","","1","10.1109/ICDSNS62112.2024.10691128","https://www.scopus.com/pages/publications/85206565285?origin=resultslist","At present, with the continuous increase of Internet users in rural China, the scale of online shopping is also expanding, and the development prospect of rural e-commerce is obvious. The scattered rural population and wide geographical distribution, coupled with the inadequate utilization of human and material resources that can support logistics development, result in low efficiency and insufficient service capabilities in logistics distribution. It was based on this that this paper explored how to realize the optimal path planning for rural logistics and distribution with the shortest path, time and cost under different constraints by ant colony algorithm. The experimental results showed that ant colony optimization algorithm had the highest cost optimization, distance reduction, and time reduction among the three algorithms, which were 2000 yuan, 12km, and 11 days, respectively, which was 800 yuan, 4.2km, and 5 days more than genetic algorithm, and 1130 yuan, 2.9km, and 3.1 days more than Tabu search algorithm.  © 2024 IEEE.","ant colony optimization algorithm; distribution optimization problem; logistics delivery efficiency; rural e-commerce","Ant colony optimization; Genetic algorithms; Marketplaces; Ant Colony Optimization algorithms; Distribution optimization; Distribution optimization problem; E- commerces; Internet users; Logistic delivery efficiency; Logistic distributions; Logistics delivery; Optimization problems; Rural e-commerce; Optimization algorithms","Conference paper","Final","","Scopus","2-s2.0-85206565285"
"Vats N.K.","Vats, Neeraj Kumar (60511373500)","60511373500","Customer Targeting in Digital Marketing Through AI- Powered Personalization for Market Differentiation","2026","AI-Driven Decision-Making for Diversity, Equity, and Inclusion in Marketing","","","","189","217","0","10.4018/979-8-3373-6731-6.ch007","https://www.scopus.com/pages/publications/105033235260?origin=resultslist","AI- based customization technology enables business operations to develop unique market positions which results in new marketplace offerings. Artificial intelligence technologies on platforms let businesses deliver customized sessions to their individual customers through advanced data processing and machine learning systems. Real- time data processing enables individual users to get precise solutions through service- based goods that integrate advanced user segmentation methods. The ongoing commercial success of businesses depends on successful customer demand forecasting through personalized solutions that result in heightened performance and better customer retention. The delivery of tailored customer interactions through AI technology provides businesses with two essential benefits which support their development of unique market leadership above competitive offerings. The ability of online businesses to identify current customer behavior patterns becomes essential for sustained success as an e- commerce service because it creates enduring market benefits in the industry. © 2026 by IGI Global Scientific Publishing. All rights reserved.","","Customer satisfaction; Data handling; Electronic commerce; Learning systems; Sales; Advanced data processing; Artificial intelligence technologies; Business operation; Customer targeting; Customisation; Digital marketing; Individual customers; Market differentiations; Market position; Personalizations; Differentiation (calculus)","Book chapter","Final","","Scopus","2-s2.0-105033235260"
"Gavric S.; Erdagi I.G.; Stevanovic A.","Gavric, Slavica (58038833600); Erdagi, Ismet Goksad (57215209366); Stevanovic, Aleksandar (8956611700)","58038833600; 57215209366; 8956611700","Socially responsible pay for priority traffic control system for e-commerce delivery vehicles","2025","International Journal of Transportation Science and Technology","","","","","","0","10.1016/j.ijtst.2025.04.008","https://www.scopus.com/pages/publications/105004815845?origin=resultslist","This research proposes a socially responsible pay-for-priority traffic control system for e-commerce delivery vehicles (EDVs). The system aims to maximize revenue collection while preserving existing traffic conditions through two key components: 1) an annual base fee paid by EDVs for road usage, and 2) a fuzzy logic-based pay-for-priority system allowing EDVs to request signal priority for a nominal fee in specific cases. The system was implemented and tested using microsimulation on an 11-intersection corridor in Chattanooga, Tennessee. The results demonstrate that the system reduces EDVs’ delays by 5–10% and travel times by 4–5%, while maintaining constant delays for passenger cars across various traffic demand and EDV penetration scenarios. A cost-benefit analysis of the proposed system indicates that the system would be economically viable for all scenarios, with the annual base fee generating the majority of revenue. The study also presents a novel approach to modeling vehicles with multiple random deliveries in microsimulation. This research contributes to addressing the externalities of increased e-commerce deliveries by proposing an innovative charging mechanism that can generate revenue for infrastructure maintenance while improving EDV efficiency. Future work should examine the system's performance in grid networks and consider scenarios where deliveries cause lane closures. © 2025 Tongji University and Tongji University Press","E-commerce delivery; Priority system; Socially responsible system; Traffic signals","Cost benefit analysis; Emergency traffic control; High occupancy vehicle lanes; Highway administration; Marketplaces; Delivery vehicle; E- commerces; E-commerce delivery; Fuzzy-Logic; Microsimulation; Priority system; Road usage; Socially responsible system; Traffic conditions; Traffic control systems; Travel time","Article","Article in press","All Open Access; Gold Open Access; Green Open Access","Scopus","2-s2.0-105004815845"
"Gahara M.; Harahap L.A.; Radin Putra H.","Gahara, Muhammad (60524771200); Harahap, Lukman Adlin (57193864400); Radin Putra, Hanief (60525909600)","60524771200; 57193864400; 60525909600","Design of Android Based Horticultural Product Marketplace : A Case of Deli Serdang Regency, Sumatera Utara Province","2025","2025 International Conference on Computing and Applied Informatics, ICCAI 2025","","","","","","0","10.1109/ICCAI65301.2025.11279349","https://www.scopus.com/pages/publications/105033590516?origin=resultslist","Horticulture products, or generally for agriculture products, are easily perishable, thus faster delivery of products to markets would help in successful marketing of the products. This research aimed to build a proposed marketing system based on e-commerce connecting farmers directly to market, built on android architecture to ease the distribution of application in the future. Design of the application was based on observation directly on marketing procces in some markets in Deli Serdang, interviews with farmers and other stakeholders and literature study on related topics. The application was succesfully built and hoped to be able to help farmers connect with the market direcly, faster and on wider range. The application was built using kodular. © 2025 IEEE.","android applications; e-commerce; horticultural products; kodular; Marketplace application","Agriculture; Information systems; Information use; Market Research; Mobile commerce; Product design; Agriculture products; Android applications; E- commerces; Horticultural products; Kodular; Literature studies; Marketplace application; Android (operating system)","Conference paper","Final","","Scopus","2-s2.0-105033590516"
"Park D.; Choi D.; Kim M.; Song B.","Park, Dahyeon (60417039300); Choi, Donghyun (55264631000); Kim, Minseok (59564931200); Song, Bomi (54928127400)","60417039300; 55264631000; 59564931200; 54928127400","Are Consumers Willing to Pay More for Eco-Packaging? Insights from LDA and Conjoint Analysis: Evidence from Republic of Korea","2026","Systems","14","2","128","","","0","10.3390/systems14020128","https://www.scopus.com/pages/publications/105031090110?origin=resultslist","The e-commerce market is rapidly growing, driven by increased non-face-to-face services and digital convenience. However, the expansion of parcel deliveries has substantially increased packaging waste, raising environmental concerns. As ESG (environmental, social, and governance) considerations become critical for sustained competitiveness, eco-friendly packaging has emerged as an important issue in e-commerce logistics. While prior studies have examined consumer attitudes toward eco-friendly packaging, limited attention has been paid to how consumers evaluate and trade off delivery-related eco-friendly packaging attributes at the attribute level. To address this gap, this study applies Latent Dirichlet Allocation (LDA) topic modeling to news articles to identify socially salient eco-friendly packaging attributes and subsequently employs conjoint analysis to examine their relative importance based on consumer-stated preferences. The results indicate that delivery speed (27.2%), ease of recycling (20.2%), and price (19.4%) are the most influential attributes, suggesting that traditional delivery factors and eco-friendly considerations jointly shape consumer preferences in e-commerce delivery contexts. By disaggregating eco-friendly packaging into delivery-related attributes and empirically analyzing their relative importance and trade-offs, this study provides data-driven insights into consumer preference structures, contributing to the literature on sustainable consumption and e-commerce logistics. © 2026 by the authors.","conjoint analysis; customer perspective; e-commerce; eco-friendly packaging; LDA topic modeling; Republic of Korea","Competition; Consumer behavior; Economic and social effects; Environmental protection; Marketplaces; Packaging; Conjoint analysis; Customer perspectives; E- commerces; Eco-friendly; Eco-friendly packaging; Latent Dirichlet allocation; Latent dirichlet allocation topic modeling; Republic of Korea; Topic Modeling; Trade off; Electronic commerce","Article","Final","All Open Access; Gold Open Access","Scopus","2-s2.0-105031090110"
"Yao N.; Chen X.; Lei F.","Yao, Na (59134916500); Chen, Xiaojuan (57985079300); Lei, Fei (57222020998)","59134916500; 57985079300; 57222020998","Design and Simulation of Intelligent Cross-border E-commerce Logistics Pathway System for Intelligent Manufacturing Enterprises Based on Improved Genetic Algorithm","2024","Proceedings of SPIE - The International Society for Optical Engineering","13226","","1322654","","","0","10.1117/12.3038284","https://www.scopus.com/pages/publications/85202049358?origin=resultslist","The system aims to optimize the logistics pathway for cross-border e-commerce by integrating intelligent technologies and leveraging an improved genetic algorithm.The proposed system utilizes intelligent manufacturing technologies, such as Internet of Things (IoT) devices and artificial intelligence, to collect and analyze real-time data from various sources, including suppliers, manufacturers, and customers. The system then uses an improved genetic algorithm to generate optimized logistics pathways that minimize transportation costs and delivery time while maximizing customer satisfaction.The improved genetic algorithm incorporates a fitness function that considers multiple factors, including transportation costs, delivery time, customer feedback, and supplier reliability. Overall, the design and simulation of the intelligent cross-border e-commerce logistics pathway system presented in this paper offer a promising solution for intelligent manufacturing enterprises to optimize their logistics operations and enhance their competitiveness in the global market. The system's ability to leverage intelligent technologies and the improved genetic algorithm enables it to adapt to changing conditions and continuously improve its performance. © 2024 SPIE.","design and computer simulation; improved genetic algorithm; intelligent cross-border e-commerce logistics path system; intelligent manufacturing enterprise; simulation model","Commerce; Competition; Computer aided manufacturing; Customer satisfaction; Marketplaces; Cross-border; Design and computer simulation; Design and simulation; E- commerces; Improved genetic algorithm; Intelligent cross-border e-commerce logistic path system; Intelligent Manufacturing; Intelligent manufacturing enterprise; Manufacturing enterprise; Simulation model; Smart manufacturing","Conference paper","Final","","Scopus","2-s2.0-85202049358"
"Hyun M.Y.; Teklehaimanot M.L.; Ju X.; Kim H.-C.; Bakrim R.; Yombo Mbadouma C.P.; Bakrim A.","Hyun, Martin Yongho (25824991200); Teklehaimanot, Mebrahtu Leake (57193528888); Ju, Xingting (57226078329); Kim, Hyeon-Cheol (14008074600); Bakrim, Redouane (60261115300); Yombo Mbadouma, Chancie Précilia (60429796100); Bakrim, Asma (59543229000)","25824991200; 57193528888; 57226078329; 14008074600; 60261115300; 60429796100; 59543229000","Effects of competence support–frustration misfit in e-shopping cart systems on task engagement and payment behavior: evidence from Gabon","2026","Journal of Strategic Marketing","","","","","","0","10.1080/0965254X.2026.2636833","https://www.scopus.com/pages/publications/105031611353?origin=resultslist","Given the high rate of e-shopping cart abandonment in the fast-growing e-commerce marketplace, easy-to-use systems are essential for e-shoppers to complete their e-payments with confidence. To bridge the gap between the competence-frustration interaction effect and e-payment completion, we apply the Motivation, Engagement, and Thriving in User Experience-Technology Acceptance Model (METUX-TAM) to explore e-shoppers’ journeys across the interface–task–behavior spheres. Using data collected from Gabonese consumers, we analyze the model using a polynomial approach with response surface analysis. Our findings emphasize that optimizing both psychological and technological ease significantly lowers cart abandonment and improves e-shopping completion, indicating the U-shaped CSSC–CFSC misfit effect on desired e-payment behavior. Moreover, e-tail marketers should note that perceived usefulness and ease of use are essential for enhancing desired e-payment behaviors. © 2026 Informa UK Limited, trading as Taylor & Francis Group.","Competence support–frustration; e-shopping cart system; mediation effect; METUX-TAM; polynomial effect","","Article","Article in press","","Scopus","2-s2.0-105031611353"
"Sasikumar S.; Rishith C.; Sree S.R.; Jayasree K.","Sasikumar, S. (57212950391); Rishith, Cheemalapati (58769662300); Sree, S. Rupa (58769724500); Jayasree, K. (58769724600)","57212950391; 58769662300; 58769724500; 58769724600","E-marketplace for farm products","2023","Artificial Intelligence, Blockchain, Computing and Security: Volume 2","2","","","376","381","0","10.1201/9781032684994-60","https://www.scopus.com/pages/publications/85180016751?origin=resultslist","The agriculture industry is starting to feel the effects of e-commerce. It is really worrying to see how consumers buy food and other agricultural items. Customers often have to go to great lengths to purchase agricultural goods, and even then, they can’t always count on receiving what they need. Our project’s primary objective is to facilitate the computerized purchase and sale of agricultural goods, both for farmers and their clients. The website will show the farmers how much money they made from their sales. Through direct interaction with customers, the website provides a means for farmers to increase their income. When it comes to agro-marketing, the website will provide a one-of-a-kind and safe option. Through e-farming, farmers who have a rudimentary understanding of the Internet may market and sell their goods locally. In this concept, customers may browse through available goods and then buy what they need right away via secure online transactions or cash on delivery.they can either choose in between deliverable or non deliverable with their flexibility and users can choose various location to connect with that locality farmers so that the delivery of the products can be easy. © 2024 selection and editorial matter, Arvind Dagur, Karan Singh, Pawan Singh Mehra & Dhirendra Kumar Shukla; individual chapters, the contributors.","Agricultural goods; E-commerce; E-farming; Farmers","","Book chapter","Final","","Scopus","2-s2.0-85180016751"
"Renukadevi B.; Eswaran M.; Subhasree D.; Lalitha G.","Renukadevi, B. (57195356975); Eswaran, Malathi (57201686807); Subhasree, D. (57751708100); Lalitha, G. (57751964800)","57195356975; 57201686807; 57751708100; 57751964800","NATURISTA: Online Herbal Care WebApplication","2022","8th International Conference on Smart Structures and Systems, ICSSS 2022","","","","","","1","10.1109/ICSSS54381.2022.9782240","https://www.scopus.com/pages/publications/85132274524?origin=resultslist","Natural products and traditional therapies are quite valuable. The use of plants to treat disease and improve overall health and well-being is known as herbal medicine. Many consumers mistakenly believe that products branded 'natural' are necessarily safe and healthy. Ayurvedic goods are becoming increasingly popular these days. Our idea intends to create a marketplace for herbal products. The major goal of this project is to make it simple for the user to find herbs that will help with the health problem or sickness that he or she is experiencing. This project assists users in curing disease by recommending a list of herbal medications that they should take in order to recover from their condition or ailment. By allowing the user to enter their health concern and search accordingly, this approach greatly reduces the amount of time spent searching. This system also allows users to place orders, which will add things to their shopping cart and allow them to pay for them. This project will be an e-commerce application that will help the dealer, who will act as a mediator between the buyer and the seller, grow their business. © 2022 IEEE.","disease; health; Herbal medicine; online application","Plant extracts; Condition; Health concerns; Herbal medicines; Herbal products; Natural products; On-line applications; Simple++; Time-spent; Web applications; Well being; Medicine","Conference paper","Final","","Scopus","2-s2.0-85132274524"
"Sagar S.","Sagar, Sephalika (58074831900)","58074831900","Ensuring Undisrupted Supply Chain Management in the Pandemic Through Collaborative Partnership","2024","Emerging Business Trends and Management Practices: Lessons from the Pandemic","","","","323","348","0","10.1201/9781003331353-15","https://www.scopus.com/pages/publications/85191817237?origin=resultslist","With the COVID-19 pandemic threatening to thrust India off its economic development trajectory, the real estate segment’s flexibility has been verified to its maximum. Although the demand in other commercial real estate sectors has been squeezed in the past few quarters, the warehousing marketplace has stood out steered by e-commerce, and also by third-party logistic growth. Third-party logistics organizations (3PLs) drove the majority of demand, trailed by e-commerce enterprises, which contributed to roughly 31% and 22% of overall growth, respectively. Greater penetration and more approval for online shopping throughout metro cities, tier-II, -III, and -IV locations and towns are likely to continue pushing the advance of warehousing and logistics segments. With the exponentially increased sale of consumer packaged goods, that is, food items, clothes, cosmetics, supply chain collaboration, a collaborative perspective, and development of partnership are the need of the hour. Partnership among businesses-joint projects go beyond their typical day-to-day operations with the goal of achieving significant long-term gain and also in crisis to the customers. This study analyzes the relationship between the increasing number of customers shifting to online shopping, especially in this health emergency and the spurs of demand for 3PLs warehouses for holding stock to make on-time delivery. Factor analysis, correlation analysis have been applied by using SPSS statistical software to understand the relationship between these two variables. The result reveals a positive correlation between these two variables. Some secondary sources of data have also been referred to study the relationship of the increasing number of online shopping on demand of 3PLs warehouses. Websites, news reports on e-commerce apps, Amazon, Flipkart, etc., were traced. These e-commerce enterprises have created additional sizable fulfillment, shipping hubs, and sortation facilities across the country, according to secondary data obtained. © 2024 by Apple Academic Press, Inc.","3PLs; collaborative perspective; COVID-19 pandemic; e-commerce firms; online shopping","","Book chapter","Final","","Scopus","2-s2.0-85191817237"
"Zebari R.R.; Zeebaree S.R.M.; Jacksi K.; Shukur H.M.","Zebari, Rizgar R. (57205432938); Zeebaree, Subhi R. M. (57202830772); Jacksi, Karwan (57202834218); Shukur, Hanan M. (57210344345)","57205432938; 57202830772; 57202834218; 57210344345","E-business requirements for flexibility and implementation enterprise system: A review","2019","International Journal of Scientific and Technology Research","8","11","","655","660","24","","https://www.scopus.com/pages/publications/85075082133?origin=resultslist","Enterprise systems have a clear role in the market processes, especially e-business systems which play basic role in the world today, with presence of technological evolution many recent technologies appeared which can serve e-business trend such as Internet of Things (IoT), cloud computing and virtual marketplace engineering, which facilitate general enterprise system e-business and e-commerce jobs such as: (buying products in easy way, rapid service delivery to the clients, online responding to the customers’ requests with effective cost, etc), but with rapid marketplace changing and turbulent environment and increasing pressure from stake-holders, it is crucial key for companies to be implemented with high flexibility for competitive issues. These enterprises have to react to these unpredictable changes and provide appropriate services to the customers with minimum cost and time without needing to rebuild the entire system from the start, i.e. this can lead to more time and budget consumption which is needed to rebuild the system to adequate to the environment demands/requirements. Therefore, the companies should consider flexibility factor during implementing their system, because there are various client demands should not be delayed or postponed for another time. This paper is devoted to putting forward the e-business system requirements. hence to implement flexible enterprise system model that organizations entail to take them into account to gain adaptive system. so to minimize the time and cost at the same time and competing with the other enterprise systems in an effective way in term of the cost and time. © IJSTR 2019.","Cloud Computing; E-business; Enterprise System; Internet of Things; Management System; Performance Measurement; WWW","","Review","Final","","Scopus","2-s2.0-85075082133"
"","","","International Conference on Tourism, Technology and Systems, ICOTTS 2021","2022","Smart Innovation, Systems and Technologies","293","","","","","0","","https://www.scopus.com/pages/publications/85134304467?origin=resultslist","The proceedings contain 50 papers. The special focus in this conference is on Tourism, Technology and Systems. The topics include: Perception of Students of the Degree in Tourism Regarding the Importance of a Foreign Language: English; digital Nomads: A Growing Trend in Hospitality in Portugal; online Guest Reviews Reputation: Its Importance in a Pandemic Crisis; the Role of Museums in Times of Pandemic—Museu da Misericórdia do Porto Case Study; restructuring of the Brazilian Private Higher Education Sector through the Entry of Foreign Investment; e-Commerce Website Accessibility Assessment Portugal Case Overview; factors Influencing the Success of Moodle Among Students at a Portuguese Business School; school Principals’ Beliefs, and Perceptions About the Use of Digital Technologies in the Management of the School Organization; D@L Classes Under COVID-19: The Video Analysis in Higher Education with WebQDA; the “Francesinha” a Tourist Icon of the City of Porto; Deep Learning Neuromarketing (DLN) Applied to the HORECA Channel (Hotel, Restaurants, and Cafés); means of Enhancing the Visibility of Historic Housing Tourism; the Impact of the Culture–Heritage Relationship for Tourism and Sustainable Development; analysis of the Consumer Behaviour Regarding the Use of Online Food Delivery Apps During Covid-19 Sanitary Restrictions in Portugal; Using UTAUT-3 to Understand the Adoption of Mobile Augmented Reality in Tourism (MART); evaluation of Emotions Generated in Audio-Branding Strategies Using a Deep Learning Model with a Central Affinity Autoencoder Structure with Mixed Learning; digital Marketing in Rural Hotels in Portugal; prospects for Sustainable Tourism Product Diversification: The Creative Industries in Botswana; preface.","","","Conference review","Final","","Scopus","2-s2.0-85134304467"
"Younes H.; Noland R.B.; Zhang W.","Younes, Hannah (57195601605); Noland, Robert B. (7003593694); Zhang, Wenwen (56900468200)","57195601605; 7003593694; 56900468200","Browsing for food: Will COVID-induced online grocery delivery persist?","2022","Regional Science Policy and Practice","14","S1","","179","195","13","10.1111/rsp3.12542","https://www.scopus.com/pages/publications/85131101200?origin=resultslist","The COVID-19 pandemic altered daily activities. Many consumers reverted to online grocery shopping and home delivery. We analyze factors associated with the decision to grocery shop online and whether this will persist post-COVID using data collected via a representative online Qualtrics panel in the State of New Jersey (N = 1,419). Around half of respondents either decreased in-person shopping, increased online shopping, or pursued a combination of both. We used factor analysis to decompose attitudes towards the pandemic, finding that attitudinal responses broke down into ‘fearful’, ‘believers’, and ‘deniers’. Binomial regressions were used to analyze patterns of frequency of grocery shopping during the pandemic and changes in behavior during the pandemic. Results suggest that age, gender, ethnicity, educational attainment, having children at home, and attitudes towards COVID-19 are likely to influence frequency of online and in-person grocery shopping. Specifically, being 50 years or older is negatively associated with online grocery shopping. Those who deny COVID-19 were less likely to decrease in-person grocery shopping. People who had children at home, who had advanced degrees, or who were of Hispanic origin were more likely to increase online shopping and decrease in-person shopping during the pandemic. While our results suggest that in-person grocery shopping will return to prepandemic levels, we found that respondents report some increased persistence in online grocery shopping post-COVID. © 2022 The Authors. Regional Science Policy & Practice published by John Wiley & Sons Ltd on behalf of Regional Science Association International.","COVID-19; grocery shopping; online grocery shopping; retail and wholesale trade; e-commerce","","Article","Final","All Open Access; Bronze Open Access; Green Open Access","Scopus","2-s2.0-85131101200"
"Amaral J.; de Oliveira L.K.; Beckers J.","Amaral, Julia (57218822649); de Oliveira, Leise Kelli (57194449016); Beckers, Joris (57191037901)","57218822649; 57194449016; 57191037901","Empirical analysis of e-commerce delivery operations: from parcels to tours","2026","Transportation Research Part E: Logistics and Transportation Review","206","","104563","","","0","10.1016/j.tre.2025.104563","https://www.scopus.com/pages/publications/105024244462?origin=resultslist","The rapid growth of e-commerce has led to an increase in parcel deliveries, significantly impacting urban logistics. This study aims to generate empirical insights into the operational characteristics of last-mile e-commerce deliveries, using real-world delivery data from a major online marketplace in Belo Horizonte, Brazil. Using descriptive statistics and regression modeling, we characterize parcel attributes such as size, weight, and destination type; analyze delivery tour features including number of deliveries per tour, total weight and volume, travel distance from the distribution center, and average travel speed; and investigate factors influencing delivery counts per tour as a proxy for operational efficiency. Results show that parcels are relatively small, with 50 % weighing less than 0.7 kg, and that 25 % of deliveries are directed to commercial addresses. Additionally, while higher travel speeds favor more deliveries per tour, higher delivery density in urban centers supports greater delivery volumes despite lower speeds due to congestion. These results highlight the complexity and heterogeneity of last-mile delivery operations, providing valuable insights to improve logistics modeling, urban freight planning, and policymaking. © 2025 Elsevier Ltd.","E-commerce; Operational characteristics; Urban freight; Urban logistics","Belo Horizonte; Brazil; Minas Gerais; Traffic control; Urban growth; E- commerces; Empirical analysis; Last mile; Online marketplaces; Operational characteristics; Parcel delivery; Rapid growth; Real-world; Urban freight; Urban logistics; electronic commerce; empirical analysis; freight transport; logistics; policy making; urban transport; Electronic commerce","Article","Final","","Scopus","2-s2.0-105024244462"
"Sarkar B.; Bhattacharya S.; Sarkar M.","Sarkar, Biswajit (36806631400); Bhattacharya, Sandipa (57224637430); Sarkar, Mitali (55541139400)","36806631400; 57224637430; 55541139400","Integrating smart production and multi-objective reverse logistics for the optimum consumer-centric complex retail strategy towards a smart factory's solution","2025","Journal of Industrial Information Integration","46","","100856","","","9","10.1016/j.jii.2025.100856","https://www.scopus.com/pages/publications/105005591758?origin=resultslist","In response to complex retail challenges, the elasticity of production and logistic efficacy can minimize expenses, which always meets consumer satisfaction. The approach evolves by implementing a retail logistics strategy to integrate advanced production information under diverse trading modes. The research promotes a high level of consumer service, and on the other hand, the remanufacturing establishes a significant retail insight by holistically defining the prime pillar in the success of reverse e-commerce platforms. In reality, the advent of strategy actualizes quantifying success components in retail logistics practices with an adequate understanding of consumer preferences. The approach intensifies consumer expectations to trigger retailing efforts and ensures effective interaction, which is a prominent challenge to retailers. In this context, consumer-centric retail strategy is reshaped under the robust paradigm to facilitate the impact of the retail economy in the logistics framework. The study proposes a comprehensive mathematical framework with multiple objectives following restrictions to implement the marketing operations under two distinct retail scenarios. The findings demonstrate consumer loyalty and outline the logistics experiences with declining total costs and delivery time by looking at cooperative interaction methodology. An excellent measure reveals a consumer service goal of reducing the 34% expenses and 25% delivery time of the product by expanding a 20% green advantage into logistics retailing. The empirical analysis revamps the conceptual underpinnings of the reverse logistics business and extends a novel opportunity in marketing. More specifically, the trend has led to anticipating the subject's intention under the logistics operational services. © 2025 Elsevier Inc.","Complex smart production; Retail management; Reverse logistics; Robust optimization; Supply chain management","Marketplaces; Strategic planning; Supply chain management; User experience; Chain management; Complex smart production; Consumer satisfactions; Consumer services; Consumer-centric; Delivery time; Multi objective; Retail management; Reverse logistics; Robust optimization; Sales","Article","Final","","Scopus","2-s2.0-105005591758"
"Dasgupta P.; Moser L.E.; Michael Melliar-Smith P.","Dasgupta, Prithviraj (7201405936); Moser, Louise E. (7102100889); Michael Melliar-Smith, P. (57224460049)","7201405936; 7102100889; 57224460049","Dynamic Pricing for E-Commerce","2006","Encyclopedia of E-Commerce, E-Government, and Mobile Commerce","","","","247","252","2","10.4018/978-1-59140-799-7.ch041","https://www.scopus.com/pages/publications/105011443187?origin=resultslist","Over the last decade, e-commerce has significantly changed the traditional forms of interaction among humans in conducting business by automating business processes over the Internet. Early seller Web sites consisted of passive text-based catalogs of products that could be manually browsed by potential customers. Online passive catalogs were soon replaced by dynamically updated catalogs containing detailed product descriptions using combinations of text and images that could be searched in various formats and according to different search criteria. E-commerce techniques used by sellers for operations such as price setting, negotiation, and payment have matured from manual off-line processing of sales data to automated algorithms that dynamically determine prices and profits for sellers. Modern e-commerce processes for trading goods between buyers and sellers can be divided into five stages: search, valuation, negotiation, payment, and delivery. Depending on the type of market in which the goods are traded, some of the above stages are more important than others. There are three principal market models that are used for online trading. The most common market model used by online sellers for trading goods over the Internet is the posted-price market model. The other two market models, the auction model (Sandholm, Suri, Gilpin, & Levine, 2002) and the marketplace model (Chavez & Maes, 1996), are used for markets in which niche or specialty items with sporadic or uncertain demand are traded. In the posted-price market model, a seller announces the price of a product on its Web site. Buyers visiting the seller’s Web site request a quote from the seller. The seller responds with a quote in response to the buyers’ requests, and the buyers examine the seller’s quote to make a purchase decision. Unlike auctions and marketplaces, products traded in posted-price markets are no-niche items and exhibit continuous demand over time. The Web site of online book merchant Amazon (http://www.amazon.com) is an example of a posted-price market. A buyer interested in a particular book enters the necessary information through a form on Amazon’s Web site to request the price of the book and receives the price in response. Modern seller Web sites employ automated techniques for the different stages of e-commerce. Intermediaries called intelligent agents are used to automate trading processes by implementing different algorithms for selling products. For example, Web sites such as MySimon (http://www.mysimon.com) and PriceGrabber (http://www.pricegrabber.com) automate the search stage by employing the services of intelligent agents called shopbots. Shopbots enable buyers to make an informed purchase decision by comparing the prices and other attributes of products from thousands of online sellers. Automated price comparison by buyers has resulted in increased competition among sellers. Sellers have responded to this challenge by using intelligent agents called pricebots that dynamically determine the price of a product in response to varying market conditions and buyers’ preferences. Intelligent agents are also used to enable other e-commerce processes, such as supply-chain management and automated negotiation. In this article, we focus on the different algorithms that sellers’ pricebots can use for the dynamic pricing of goods in posted-price markets. © 2006 by Idea Group Inc. All rights reserved.","","Automation; Costs; Data handling; Electronic document exchange; Electronic trading; Intelligent agents; Marketplaces; Purchasing; Sales; Websites; Business Process; Dynamic pricing; E- commerces; Market model; Online sellers; Potential customers; Pricebots; Purchase decision; Shopbots; Web-sites; Electronic commerce","Book chapter","Final","","Scopus","2-s2.0-105011443187"
"Briana M.; Malindretos G.","Briana, Maria (57413096600); Malindretos, George (55585198300)","57413096600; 55585198300","The Clock is Ticking: A Quantitative Study of Consumer Expectations in Last-mile E-logistics","2025","Global Business Review","","","","","","0","10.1177/09721509251391532","https://www.scopus.com/pages/publications/105023568559?origin=resultslist","Customers place great value on the timely delivery of goods purchased online. This study explores how time preferences influence consumer satisfaction regarding e-commerce delivery, examines consumers’ willingness to pay for time-sensitive services and analyzes the role of demographic factors in shaping last-mile delivery expectations. We have collected 700 questionnaires and performed statistical and econometric analysis. Results reveal that while demographic variables affect consumers’ time preferences, certain behaviours, such as willingness to pay a premium for faster delivery, are less strongly associated with them. Education is the most influential factor, as highly educated individuals are less satisfied with delivery times, more likely to abandon shopping carts, prefer flexible delivery options and show greater willingness to pay extra for enhanced services. This article highlights the strategic role of time in last-mile delivery services and offers actionable insights for e-commerce stakeholders to better align with evolving consumer expectations. © 2025 IMI","delivery satisfaction; digital marketplace; E-commerce; last-mile delivery; time preferences","","Article","Article in press","","Scopus","2-s2.0-105023568559"
"Rezaee Z.; Elam R.; Cassidy J.H.","Rezaee, Zabihollah (6603153872); Elam, Rick (13003417100); Cassidy, Judith H. (57196897835)","6603153872; 13003417100; 57196897835","Electronic-Commerce Education: Insights from Academicians and Practitioners","2005","Advances in Accounting","21","","","233","258","8","10.1016/S0882-6110(05)21010-6","https://www.scopus.com/pages/publications/33645851063?origin=resultslist","The e-commerce marketplace is creating tremendous career opportunities, and business schools and accounting programs nationwide are redesigning their curriculum to provide adequate e-commerce education for accounting/business students. This study gathers opinions of both academicians (accounting faculty) and practitioners (practicing CPAs) regarding the importance, relevance, and delivery of e-commerce education. Results reveal that (1) the demand for and interest in e-commerce education is expected to increase; (2) more universities are planning to provide e-commerce education; and (3) the majority of the 36 suggested e-commerce topics should be offered or required for accounting majors in one or a combination of ways: (1) required core curriculum, (2) optional specialized courses, and/or (3) e-commerce degree programs. Only minor differences of opinion were found regarding which of 36 e-commerce topics should be covered in e-commerce education. © 2005 Elsevier Ltd. All rights reserved.","","","Review","Final","","Scopus","2-s2.0-33645851063"
"Li S.; Ge X.","Li, Shuang (60184734800); Ge, Xueqin (60184568400)","60184734800; 60184568400","Digital marketing strategy optimisation of e-commerce products considering user needs","2025","International Journal of Product Development","29","3-4","","311","328","0","10.1504/IJPD.2025.149691","https://www.scopus.com/pages/publications/105021340469?origin=resultslist","This study proposes a novel framework for optimising digital marketing strategies in e-commerce by integrating comprehensive user needs analysis. Through systematic examination of current challenges in e-commerce digital marketing, we establish the critical role of user-centric approaches in enhancing marketing effectiveness. Our methodology addresses existing strategic deficiencies by: (1) implementing enhanced data collection protocols to expand both breadth and depth of consumer insights; (2) applying advanced analytics techniques; (3) developing precise user segmentation models and (4) creating personalised content delivery systems with optimised user experience and engagement mechanisms. The case analysis results show that the maximum market share of the enterprise under the application of the proposed method is 1.47%, the maximum return on investment is 28.7% and customer satisfaction ranges from 0.84 to 0.93. Copyright © 2025 Inderscience Enterprises Ltd.","digital; e-commerce products; marketing strategy optimisation; segmenting users; user needs","Advanced Analytics; Electronic commerce; Investments; Marketplaces; Strategic planning; User experience; Digital; Digital marketing; E- commerces; E-commerce product; Marketing strategy; Marketing strategy optimization; Segmenting user; Strategy optimization; User need; User needs analysis; Competition","Article","Final","","Scopus","2-s2.0-105021340469"
"Mahanin P.; Aljimi E.; Boontan T.","Mahanin, Penpark (60342562000); Aljimi, Ekrem (56094991100); Boontan, Thawatchai (60343292000)","60342562000; 56094991100; 60343292000","Mathematical Optimisation of 3D Container Loading Using Simulated Annealing and Ant Colony Algorithms","2026","International Journal of Mathematical, Engineering and Management Sciences","11","1","","64","81","0","10.33889/IJMEMS.2026.11.1.004","https://www.scopus.com/pages/publications/105028090501?origin=resultslist","The surge in online purchasing has intensified price competition, compelling businesses to reduce product costs and shipping fees to remain competitive in a rapidly expanding digital marketplace. For logistics service providers, an effective strategy for reducing shipping costs is to maximize the use of container storage capacity while minimizing wasted space, an approach referred to as the container loading problem. This classic optimisation challenge has wide applications in delivery companies, particularly due to the limited number of containers suitable for box packaging. As a result, manufacturers and postal delivery services have faced challenges in transporting and dispatching parcels efficiently. This highlights the need for an effective solution to the packing problem in rectangular containers. The proposed approach aims to reduce storage and shipping costs while minimizing processing and delivery times. To accomplish this, metaheuristic algorithms, particularly Simulated Annealing (SA) and Ant Colony Optimisation (ACO), were used in combination with the Axis Order Test (AOT) and Corner Point Placing (CPP). The performances of SA-AOT, SA-CPP, ACO-AOT, and ACO-CPP in terms of space utilisation and processing time were then compared. The results indicated that the ACO-CPP model was more effective than the others, achieving a maximum space utilisation of up to 98.19 per cent and having the fastest processing time (under 0.2 hours). The ACO-CPP model reduced packaging time and operational costs, offering a sustainable solution for logistics providers in the new era of e-commerce. © Ram Arti Publishers.","Ant colony optimisation; Axis order test; Corner point placing; Simulated annealing; Three-dimensional packing problem","Ant colony optimization; Containers; Cost reduction; Electronic commerce; Heuristic algorithms; Ant colonies; Axis order test; Colony optimization; Corner point; Corner point placing; Packing problems; Processing time; Shipping cost; Three-dimensional packing; Three-dimensional packing problem; Simulated annealing","Article","Final","All Open Access; Gold Open Access; Green Open Access","Scopus","2-s2.0-105028090501"
"Zwass V.","Zwass, Vladimir (8232569300)","8232569300","The web-internet compound as the infrastructure of digital government","2006","Business Process Management Journal","12","1","","7","12","9","10.1108/14637150610643715","https://www.scopus.com/pages/publications/31644446724?origin=resultslist","Purpose – To provide the framework for digital government in its e-government and e-democracy aspects. Design/methodology/approach – Using the aspects-and-opportunities framework of the internet-web compound, the nodal aspects of the continuing and potential technologically-based change known as digital government are discussed. Reallocation of certain government functions to the market becomes newly attractive economically in the presence of the web as marketplace. The web as a broadly accessible medium and a forum offers new opportunities in digital democracy. The utilitarian aspects of the internet-web, those of the universal telecommunications network, delivery vehicle, and a common development platform, render the compound a new societal infrastructure, with the consequent benefits and exposures. The opportunities, as well as vulnerabilities, need to be the focus of information specialists as technologists and as citizens. Findings – Opportunities are surfaced to reallocate the functions of e-government from the hierarchy to the market using e-commerce methods and tools. Research limitations/implications – Vulnerabilities of the web-internet combine in the application to e-government are not investigated here. Practical implications – Move from the bureaucratic to market-oriented structures is implied. Originality/value – A broad application of e-commerce facilities to digital government is presented within a disciplined framework. © 2006, Emerald Group Publishing Limited","Digital communication systems; Internet; Societal organization; Telecommunications; Worldwide web","","Article","Final","","Scopus","2-s2.0-31644446724"
"Shen B.; Dong C.; Chan H.-L.","Shen, Bin (55206092200); Dong, Ciwei (56612672900); Chan, Hau-Ling (55348810200)","55206092200; 56612672900; 55348810200","Operational Research Models for E-Commerce Platforms: Business Model Innovation (Part 2)","2025","Asia-Pacific Journal of Operational Research","42","1","2502001","","","2","10.1142/S0217595925020014","https://www.scopus.com/pages/publications/86000371500?origin=resultslist","New technology innovations and operational research (OR) models can enhance the efficiency and competitiveness of e-commerce platforms. The rapid expansion of e-commerce has led to increased complexity in operations, including dynamic pricing, inventory management, last-mile delivery, and fraud detection. This special issue features nine articles exploring how advanced OR models, such as game-theory-based approaches, machine learning, and big data analytics, offer solutions to these challenges by enabling platforms to make data-driven decisions. As e-commerce evolves, these technological advancements, combined with OR models, will continue to drive platform innovation, improve efficiency, and strengthen resilience in the face of disruptions and fluctuating market demands.  © 2025 World Scientific Publishing Co.","e-commerce platforms; new technology innovation; OR models","Market Research; Commerce platforms; E- commerces; E-commerce platform; Innovation research; New technology innovation; Operational research; Operational research model; Rapid expansion; Research models; Technology innovation; Marketplaces","Article","Final","","Scopus","2-s2.0-86000371500"
"Arslan B.; Schrotenboer A.H.; Atan Z.","Arslan, Bartu (57212210852); Schrotenboer, Albert H. (57190299865); Atan, Zümbül (56512196000)","57212210852; 57190299865; 56512196000","Optimal fulfillment and replenishment for omnichannel retailers with standard shipping contracts","2025","European Journal of Operational Research","323","2","","642","656","2","10.1016/j.ejor.2024.11.051","https://www.scopus.com/pages/publications/85211620817?origin=resultslist","E-commerce sales rise exponentially and represent an increasing proportion of global retail. To benefit from this, traditional brick-and-mortar stores enter the e-commerce market and become omnichannel retailers. However, the profitability of omnichannel retailers remains questionable due to high shipment and fulfillment costs. This paper addresses this challenge, focusing on using standard shipping contracts as a potential solution. Such contracts promise delivery within a given number of periods. Once a customer orders, the retailer should set a delivery period. In this way, retailers are flexible in setting exact delivery days, providing an opportunity for jointly optimizing product replenishment and customer fulfillment. We provide a generic model for the use of standard shipping contracts and formulate it as a Markov decision process. We provide optimal solutions using a modified policy iteration algorithm. Our results show that using standard shipping contracts creates a win-win situation: It increases profits and customer service. The observed profit increase is directly linked to maintaining less on-hand inventory. This effect is more pronounced for higher valued products and longer replenishment lead times. Additionally, we propose a heuristic policy that performs within 4% of the optimal policy. © 2024 The Authors","Fulfillment flexibility; Inventory; Joint fulfillment and replenishment; Omnichannel retail; Standard shipping contract","Marketplaces; Profitability; Customer orders; E- commerces; Fulfillment flexibility; Generic modeling; Inventory; Joint fulfillment and replenishment; Markov Decision Processes; Omnichannel retail; Optimal solutions; Standard shipping contract; Sales","Article","Final","All Open Access; Green Open Access; Hybrid Gold Open Access","Scopus","2-s2.0-85211620817"
"Nila B.; Roy J.","Nila, B. (58526069200); Roy, Jagannath (57194870196)","58526069200; 57194870196","Evaluation of Resilient 4PL Provider for Online Plant Store: An Intuitionistic Fuzzy DOBI Approach","2025","International Series in Operations Research and Management Science","366","","","213","231","0","10.1007/978-3-031-91845-2_8","https://www.scopus.com/pages/publications/105017993982?origin=resultslist","The surge in e-commerce has revolutionized customer access to a global marketplace, offering a seamless experience from product selection to payment. Expectations for swift, competitively priced, and well-coordinated deliveries are high. However, the operational challenges posed by global supply chains, spanning extensive distances, are substantial. To meet these challenges, retailers often rely on dependable fourth-party logistics (4PL) providers for efficient and customer-centric goods delivery. Recognizing the significance of this, a comprehensive review of logistics providers becomes imperative, utilizing proper analytical techniques. This study introduces a novel approach for assessing resilient 4PLs, using the intuitionistic fuzzy Dombi–Bonferroni (DOBI) method as its foundation. The methodology was validated and applied to evaluate resilient 4PL providers for an Indian online retailer based in Kochi, specializing in the delivery of live plants across the country. The results offered valuable insights, aiding the retailer in making informed decisions regarding their product delivery partnerships. © The Author(s), under exclusive license to Springer Nature Switzerland AG 2025.","4PL; DOBI; e-commerce; Group decision making; Logistics; Resilience","","Book chapter","Final","","Scopus","2-s2.0-105017993982"
"Sharma S.K.; Chakraborti S.; Jha T.","Sharma, Satyendra Kumar (57876067200); Chakraborti, Swapnajit (56730200200); Jha, Tanaya (57211445367)","57876067200; 56730200200; 57211445367","Analysis of book sales prediction at Amazon marketplace in India: a machine learning approach","2019","Information Systems and e-Business Management","17","2-4","","261","284","25","10.1007/s10257-019-00438-3","https://www.scopus.com/pages/publications/85073959247?origin=resultslist","Prediction of customer demand is an important part of Supply Chain Management, as it helps to avoid over or under production and reduces delivery time. In the context of e-commerce, accurate prediction of customer demand, typically captured by sales volume, requires careful analysis of multiple factors, namely, type of product, country of purchase, price, discount rate, free delivery option, online review sentiment etc., and their interactions. For e-tailers such as, Amazon, this kind of prediction capability is also extremely important in order to manage the supply chain efficiently as well as ensure customer satisfaction. This study investigates the efficacy of various modeling techniques, namely, regression analysis, decision-tree analysis and artificial neural network, for predicting the sales of books at amazon.in, using various relevant factors and their interactions as predictor variables. Sentiment analysis is carried out to measure the polarity of online reviews, which are included as predictors in these models. The importance of each independent predictor variable, such as discount rate, review sentiment etc., is analyzed based on the outcome of each model to determine top significant predictors which can be controlled by the marketer to influence sales. In terms of accuracy of prediction, the artificial neural network model is found to perform better than the decision-tree based model. In addition, the regression analysis, with and without sentiment and interaction factors, generates comparable results. The comparative analysis of these models reveals several significant findings. Firstly, all three models confirm that review volume is the most important and significant predictor of sales of books at amazon.in. Secondly, discount rate, discount amount and average ratings have minimal or insignificant effect on sales prediction. Thirdly, both negative sentiment and positive sentiment of the reviews are individually significant predictors as per regression and decision-tree model, but they are not significant at all as per neural network model. This observation from the neural network model is contrary to the extant research which claims that both negative and positive sentiment are significant with the former having more influence in predicting sales. Finally, the interaction effects of review volume with negative and positive sentiment are also found to be significant predictors as per all three models. Hence, overall, out of various factors used for sales prediction of books, review volume, negative sentiment, positive sentiment and their interactions are found to be the most significant ones across all models. The results of this study can be utilized by online sellers to accurately predict the sales volume by adjusting these significant factors, thereby managing the supply chain effectively. © 2019, Springer-Verlag GmbH Germany, part of Springer Nature.","Decision tree; E-commerce; Neural network; Predictive model; Regression analysis; Sentiment analysis","","Article","Final","","Scopus","2-s2.0-85073959247"
"Liu C.; Bai R.; Liu X.; Xu S.; Yuan L.","Liu, Chenyu (59287108700); Bai, Ran (57222427574); Liu, Xiaohan (58513020800); Xu, Shengxin (56688820500); Yuan, Liu (57222272275)","59287108700; 57222427574; 58513020800; 56688820500; 57222272275","Target Audience Identification for Products in E-commerce Live Streaming","2025","Proceedings of 2024 5th International Conference on Big Data Economy and Information Management, BDEIM 2024","","","","400","404","0","10.1145/3724154.3724220","https://www.scopus.com/pages/publications/105007541762?origin=resultslist","Over the last several years, live streaming on e-commerce platforms has emerged as an important tool for companies and online personalities to connect with a diverse audience. However, identifying the optimal audience for a certain product in real time remains a difficult issue. It is critical for tailored marketing and efficient content delivery to categorize viewers into distinct groups (for example, youth, middle-aged and old, men, women, special groups, and the general audience). The purpose of this work is to introduce a new technique for identifying target audiences in live e-commerce data using cue-based learning. Experimental results reveal that the proposed cue-based strategy outperforms standard classification models and pre-trained models (for example, BERT), with considerable increases in accuracy, precision, recall, and F1 score. © 2024 Copyright held by the owner/author(s).","E-commerce Live Streaming; Identification; Prompt Learning BERT","Mobile commerce; Commerce platforms; Contents deliveries; E- commerces; E-commerce live streaming; Identification; Live streaming; Prompt learning BERT; Real- time; Standard classification models; Target audience; Marketplaces","Conference paper","Final","","Scopus","2-s2.0-105007541762"
"Huang W.","Huang, Wenjing (59745321500)","59745321500","Construction and Application of E-commerce User Profiles Based on Big Data","2025","Proceedings of 2024 International Conference on Economic Data Analytics and Artificial Intelligence, EDAI 2024","","","","41","46","0","10.1145/3717664.3717672","https://www.scopus.com/pages/publications/105003283296?origin=resultslist","In order to improve the effectiveness of personalized recommendation and targeted marketing on e-commerce platforms, a user profiling model for e-commerce platforms is constructed based on big data. The study analyzes the behavior of 500,000 users from browsing, clicking, and shopping. On this basis, machine learning methods are used to extract features from users and label the model for classification. The results show that the click-Through rate of shopping cart recommendation increased to 0.25, sales increased by 20%, and customer satisfaction increased by 22%. By mining user behavioral characteristics and constructing a data-based user portrait model, the competitive ability and operational efficiency of the platform can be effectively improved. © 2024 Copyright held by the owner/author(s). Publication rights licensed to ACM.","Big data; E-commerce; User profiles","Clickthrough rates (CTR); Commerce platforms; Customers' satisfaction; E- commerces; Machine learning methods; Personalized recommendation; Shopping carts; Targeted marketing; User's profiles; User's profiling; Marketplaces","Conference paper","Final","","Scopus","2-s2.0-105003283296"
"Mohamed S.A.; Hemdan A.M.I.; Mahmoud Shaheen A.T.; Rashad A.A.A.; Rashad Elsabag M.A.; Ibrahim A.M.A.","Mohamed, Soha Ahmed (57203222253); Hemdan, Abdelrahman Mostafa Ibrahem (60136671100); Mahmoud Shaheen, Ahmed Tahseen (60136671200); Rashad, Abdallah Aly Ahmed (59893583700); Rashad Elsabag, Mohamed Adel (60136203200); Ibrahim, Ali Magdy Ali (60136203300)","57203222253; 60136671100; 60136671200; 59893583700; 60136203200; 60136203300","Smart Review Analyzer: A Multiplatform AI System for Aspect-Based Sentiment Analysis on E-Commerce Products","2025","3rd International Conference on Intelligent Methods, Systems and Applications, IMSA 2025","","","","118","125","0","10.1109/IMSA65733.2025.11167316","https://www.scopus.com/pages/publications/105018450564?origin=resultslist","With the increasing popularity of user-generated reviews on the e-commerce domain, including the likes of Amazon, there has been increasing difficulty for consumers in processing huge amounts of feedback in making a buying decision. One very high fair average rating (such as 4.5 stars) may confuse some latent defects hidden within the comments of the individuals. The paper described a smart review analysis system based on Aspect-Based Sentiment Analysis (ABSA) that classifies customer feedback according to the main criteria of product quality, packaging, delivery, and price. At the very heart of the system is a fine-tuned DeBERTa model, trained on a custom-labeled dataset generated by automated web scraping using requests and BeautifulSoup. The system proposed goes beyond simple polarity determination by linking sentiments with the aspects of the analysis under consideration. The solution is implemented both as a web app (React) and a cross-platform mobile app (Flutter), with Firebase as the authentication and backend service provider. The platform enables consumers to look up real-time product sentiment data, while sellers gain interactive dashboards to visualize customer satisfaction, identify problems, and analyze product profitability. This study exhibits the role of AI-powered sentiment analysis in advancing transparency and decision-making for consumers and vendors in digital marketplaces.  © 2025 IEEE.","AI; Aspect-Based Sentiment Analysis (ABSA); DeBERTa; E-commerce; Firebase; Flutter; React; Web Scraping","Behavioral research; Customer satisfaction; Decision making; Electronic commerce; Sentiment analysis; AI systems; Aspect-based sentiment analyze; DeBERTa; Firebase; Flutter; Multi-platform; React; Sentiment analysis; User-generated; Web scrapings; Artificial intelligence","Conference paper","Final","","Scopus","2-s2.0-105018450564"
"Leung E.K.H.; Ouyang Z.; Huang G.Q.","Leung, Eric K.H. (57328966600); Ouyang, Zhiyuan (57329730900); Huang, George Q. (7403425048)","57328966600; 57329730900; 7403425048","Community logistics: a dynamic strategy for facilitating immediate parcel delivery to smart lockers","2023","International Journal of Production Research","61","9","","2936","2961","28","10.1080/00207543.2022.2073480","https://www.scopus.com/pages/publications/85131003460?origin=resultslist","The COVID Pandemic since early 2019 has imposed significant effects on our life. In the retail and logistics sector, the large-scale national lockdown has drastically driven e-commerce sales because the e-marketplace has become the only sales channel. Whilst the pandemic has accelerated the shift towards a more digital world and led to an irreversible dependence on e-commerce retailing, the pressure is on retailers and logistics service providers to respond to the growing demand for immediate delivery in the e-commerce era. Given the integration of smart lockers into developing a more favourable environment which potentially makes immediate delivery more feasible, this paper introduces a novel, dynamic delivery strategy, namely Community Logistics Strategy (CLS), for formulating and updating the new delivery plan in real time as new delivery requests to smart lockers arrive. To shed light on the effect of dynamic order arrival towards delivery planning, the CLS attempts to update the delivery plan by taking new requests into account in real time. Simulation results reveal the superiority of the proposed strategy in managing e-commerce delivery requests, especially within megacities where consumers are highly dense in a compact geographical area. © 2022 Informa UK Limited, trading as Taylor & Francis Group.","Community Logistics Strategy; dynamic vehicle dispatching; e-commerce last-mile delivery; instant delivery problems; real-time scheduling; spatial and temporal postponement","Locks (fasteners); Sales; Community logistic strategy; Delivery problems; Dynamic vehicle dispatching; E- commerces; E-commerce last-mile delivery; Instant delivery problem; Last mile; Logistics strategy; Real time scheduling; Spatial and temporal postponement; Vehicle dispatching; Electronic commerce","Article","Final","","Scopus","2-s2.0-85131003460"
"Tridalestari F.A.; Mustafid M.; Warsito B.; Wibowo A.; Prasetyo H.N.","Tridalestari, Ferra Arik (57363037600); Mustafid, M. (56811697600); Warsito, Budi (57188561936); Wibowo, Adi (57205972690); Prasetyo, Hanung Nindito (56771190000)","57363037600; 56811697600; 57188561936; 57205972690; 56771190000","Analysis of E-Commerce Process in the Downstream Section of Supply Chain Management Based on Process and Data Mining","2022","Ingenierie des Systemes d'Information","27","1","","81","91","7","10.18280/isi.270110","https://www.scopus.com/pages/publications/85128711564?origin=resultslist","Most businesses today use ecommerce stores and/or ecommerce platforms to carry out online marketing and sales activities. The rapid increase in the volume of E-commerce sales transactions normatively causes various problems that occur, especially in this case the buyer or consumer. Consumers expressed dissatisfaction in their e-commerce delivery experience. Customers often complain to sellers in the marketplace about the delay in sending the ordered package. This paper proposes a research model that is proposed in analyzing the datasets generated from the Downstream Supply Chain Management process, especially the process of selling and shipping E-Commerce goods to end customers. The mechanism used is collaborating process mining and data mining so that the resulting analysis becomes more powerful and better information is obtained compared to only analyzing separately. The results of the analysis in the case study of the E-commerce Costumer to Customer (C2C) marketplace show that process mining related to shipping goods can be explained by adding the results of data mining analysis from the datasets obtained, especially the processes in the Downstream Supply Chain Management Section. © 2022 International Information and Engineering Technology Association. All rights reserved.","data mining; downstream supply chain management; E-commerce; process mining","","Article","Final","All Open Access; Bronze Open Access","Scopus","2-s2.0-85128711564"
"Awosejo O.J.; Wayi-Mgwebi N.","Awosejo, Oluwaseun Johnson (56299904400); Wayi-Mgwebi, Ntombovuyo. (59565923600)","56299904400; 59565923600","The Impact of Electronic Support System in Small Business in Mbombela of South Africa","2024","Proceedings of 2024 4th International Multidisciplinary Information Technology and Engineering Conference, IMITEC 2024","","","","57","65","0","10.1109/IMITEC60221.2024.10850964","https://www.scopus.com/pages/publications/85218354004?origin=resultslist","This study provided an explanation of the technique used to examine how small enterprises in Mbombela are currently supported by electronic systems. E-commerce, or mobile application-based buying, gives users a way to connect with online brands and easily communicate directly with suppliers. This study's goal is driven by the quick growth of technology integration and electronic business. The way small firms have changed in recent years, particularly in developing nations, suggests that electronic commerce has a significant impact on the development of technology. The significance of technological innovation for small businesses increases consumer interest in connecting with brands globally, allowing them to engage more directly with the global market and enjoying the convenience of having goods delivered right to their door. To support system application and identify the qualities small businesses should have to compete in the global market, software and hardware development is required. The research study employs a workflow diagram, actor-network theory, telecommunications support function, and methodology to ensure trust in successfully completing online purchases with service delivery. Empirical research of small enterprises in Mbombela was examined using theoretical theories and frameworks to increase business survival while also ensuring continuity in business and services across the global market.  © 2024 IEEE.","E-Business; Information Systems; Small Businesses; Theories","Mobile applications; E-business; E-Commerce applications; Electronic support; Electronics system; Global market; Small business; Small enterprise; South Africa; Support systems; Theory; Marketplaces","Conference paper","Final","","Scopus","2-s2.0-85218354004"
"Inoue Y.; Hashimoto M.; Takenaka T.","Inoue, Yuki (57077468300); Hashimoto, Masataka (36477221100); Takenaka, Takeshi (8636962500)","57077468300; 36477221100; 8636962500","Effectiveness of ecosystem strategies for the sustainability of marketplace platform ecosystems","2019","Sustainability (Switzerland)","11","20","5866","","","14","10.3390/su11205866","https://www.scopus.com/pages/publications/85074264155?origin=resultslist","Physical intermediary firms, such as logistics firms, are the foundation of marketplace platform ecosystems. This study introduces the case of a delivery crisis caused by the withdrawal of major logistics firms from the Japanese marketplace platform. To address such a problem, this study considers the application of an ""ecosystem strategy"". We define an ecosystem strategy in this situation, as ""the strategy by which the platform owner cooperates with logistics firms to standardize logistics services and provides a platform system to improve cooperation among them"". We constructed an agent-based simulation system customized by a dataset of Japanese platform-based markets to test the effectiveness of the proposed strategy. The results indicate that the introduction of the ecosystem strategy postponed the start of the collapse. It also increased the number of platform users by roughly 1.10 times and increased the total profits of logistics firms about 1.22 times. Additionally, it removed the trade-off relationship between platform users and the profits of logistics firms and allowed the maximization of both. This study contributed to the research stream of platform ecosystems by defining an ecosystem strategy, including physical intermediary firms, and verifying the effectiveness of the strategy for ecosystem evolution and sustainability. © 2019 by the authors.","Delivery crisis; E-commerce; Ecosystem strategy; Marketplace platform; Platform ecosystem; Platform-based market; Service open innovation","ecosystem service; electronic commerce; logistics; market conditions; service sector; sustainability; trade-off","Article","Final","All Open Access; Gold Open Access; Green Open Access","Scopus","2-s2.0-85074264155"
"Ariff M.S.M.; Sylvester M.; Rahim K.A.; Zakuan N.","Ariff, Mohd Shoki Md (55486895100); Sylvester, Michele (56338491300); Rahim, Kamaruzaman Abdul (56452867600); Zakuan, Norhayati (25655665200)","55486895100; 56338491300; 56452867600; 25655665200","Consumer online shopping behaviour; empirical evidence from malaysia","2014","Advanced Science Letters","20","10-12","","2319","2327","2","10.1166/asl.2014.5715","https://www.scopus.com/pages/publications/84919385304?origin=resultslist","Consumer online shopping behaviour has been studied worldwide. In Malaysia, online shopping market size was RM1.8 billion in 2013 and it is estimated to reach RM5 billion by 2015. However, online shopping was rated 11th out of 15 purposes of using internet in 2012. Therefore, examining factors affecting consumers’ online shopping behaviour has attracted many researchers and online retailers because it helps them to better understanding of e-commerce success. In this study, consumer attitude, subjective norms (SN) and perceived behaviour control (PBC) of Theory of Planned behaviour (TPB) and domain specific innovativeness (DSI) were established as predictors to online shopping behaviour. Within this area, consumers’ perceived risks of online shopping is also important to research as it will directly influence their attitude towards online purchasing. The conceptualization of consumers’ perceived risk, attitude, SN, PBC, DSI and online shopping behaviour (SB) of this study provides empirical evidence in the study of consumer online behaviour, particularly from the Malaysia perspective. Four types of risks—product risk, financial, convenience and non-delivery risks—were examined in term of their effect on consumers’ online attitude. In addition, attitude, SN, PBC and DSI were analyzed to determine their effect on consumer online SB. A web-based survey was employed, and a total of 300 online shoppers of a Malaysia largest online marketplace participated in this study. The findings indicated that product risk, financial and nondelivery risks are hazardous and negatively affect the attitude of online shoppers. Convenience risk was found to have positive effect on consumers’ attitude, denoting that online buyers of this site trusted the online seller and they encountered less troublesome with the site. The online buyers’ attitude, SN, PBC and DSI were significantly and positively affects their online SB. The findings provide empirical evidence regarding consumer perceived risk, used of TPB and understanding factors affecting online shopping behaviour in the Malaysia e-commerce setting. © 2014 American Scientific Publishers All rights reserved.","Attitude; Online shopping behaviour; Perceived risks; Theory of planned behaviour","","Article","Final","","Scopus","2-s2.0-84919385304"
"Ma X.; Wang H.","Ma, Xinya (60163271000); Wang, Huqing (7501750331)","60163271000; 7501750331","Research on Optimization Method for E-Commerce Products and Logistics Services in the New Retail Model Based on Online Reviews","2025","Chinese Control Conference, CCC","","","","9720","9725","0","10.23919/CCC64809.2025.11178741","https://www.scopus.com/pages/publications/105020307665?origin=resultslist","With the development and widespread adoption of digital technology, the number of users and transaction volume on e-commerce platforms have increased year by year. Traditional e-commerce logistics services have also encountered new developments and challenges under the promotion of the new retail model, especially with the increase in product categories and changes in delivery methods, which have raised higher requirements for logistics service levels. This paper starts with the online reviews of e-commerce platform users, analyzes user demands for logistics and delivery services under the new model and their purchasing tendencies toward products, and explores the issues and needs raised by users regarding e-commerce logistics services in the current new retail model. A quality evaluation system for e-commerce logistics services is constructed. Finally, the reliability of the evaluation system is verified, and corresponding suggestions and solutions are proposed for existing shortcomings. This provides valuable references for the development of e-commerce platforms, aiming to improve user satisfaction and inject new vitality into the future development of the industry. © 2025 Technical Committee on Control Theory, Chinese Association of Automation.","E-commerce; Logistics; New Retail; Online Reviews","Electronic commerce; Marketplaces; Quality control; Quality of service; Sales; Commerce platforms; Development and challenges; Digital technologies; E- commerces; Logistics services; Model-based OPC; New retail; Online reviews; Optimization method; Product service; Logistics","Conference paper","Final","","Scopus","2-s2.0-105020307665"
"Haridas S.; Schulte R.; Leibenath M.; vom Berg B.W.","Haridas, Sarankumar (57927334600); Schulte, Richard (57927652000); Leibenath, Mattes (57927968800); vom Berg, Benjamin Wagner (50062097000)","57927334600; 57927652000; 57927968800; 50062097000","R3 - Resilient, Regional, Retail: Implementation of SusCRM Approach within a Local Retail Platform","2022","Lecture Notes in Informatics (LNI), Proceedings - Series of the Gesellschaft fur Informatik (GI)","P-328","","","267","276","1","","https://www.scopus.com/pages/publications/85139844300?origin=resultslist","Current consumption patterns in offline and online retailing pose challenges in terms of sustainability aspects such as overcoming the last mile, and product-related and energy-related environmental impacts. In the last decades, customers have changed their mindset from money to sustainability which includes e-Commerce neglecting the greenhouse gas emissions which is linked to the last mile delivery. Alternative choices of delivery method and individual mobility are resulting in different emissions. To bridge the gap this work investigates how to apply a SusCRM (Sustainability Customer Relationship Management) to a local retail platform to meet both customer expectations and sustainable and conscious consumption. An overview of potential incentive systems for implementation within a local e-marketplace is presented. © 2022 Gesellschaft fur Informatik (GI). All rights reserved.","Energy Management; Incentive model; Last mile; Marketplace; Retail; SusCRM; Sustainability","Commerce; Energy management; Environmental impact; Gas emissions; Greenhouse gases; Public relations; Sales; Consumption patterns; Current consumption; Customer relationship management; Incentive models; Last mile; Marketplace; Offline; Online retailing; Retail; Sustainability customer relationship management; Sustainable development","Conference paper","Final","","Scopus","2-s2.0-85139844300"
"Ahmed S.T.; Kanchan S.","Ahmed, Syed Tanveer (57194163378); Kanchan, Sarvartha (57194160285)","57194163378; 57194160285","Intelligent sortation wave-design to optimize transport connections with faster TAT in a distribution center","2017","Proceedings of the International Conference on Industrial Engineering and Operations Management","","","","415","416","0","","https://www.scopus.com/pages/publications/85019000059?origin=resultslist","In ecommerce marketplace, logistic speed has emerged as a critical factor influencing online retail supply chain design. To compete in this virtual arena, picking, packing and shipping single items and small volume orders to customers, needs to be done as efficiently as possible. Orders require delivery to customers - not weekly or bi-weekly as with retail stores, but typically within 24 to 72 hours. In a conventional marketplace supply chain model, the sellers make the goods ready based on customer orders and signal to their logistics partner for a pickup. The supply chain activities typically start with the consolidation of load for a given geography and then distributed within the supply chain network. In this paper, we propose an analytical model to estimate the sortation wave timings in a marketplace distribution center to optimize transport TAT's subject to inbound load profile, sortation capacity at a distribution center, transport mode and lane-wise load split and transit time between destinations. The model which has been tested by simulations with different illustrative examples, works on the logic of earliest deadline first scheduling algorithm to maximize the desired objective function. Each destination has a transport cut-off before which its corresponding load needs to be sorted and bagged for dispatch. The model aims to improve the transport TAT's without increasing the design cost of the distribution center or the transportation network. © IEOM Society International.","Distribution center; E-commerce; Logistics; Sortation; Wave-design","","Conference paper","Final","","Scopus","2-s2.0-85019000059"
"Sitorus C.; So I.G.; Furinto A.; Kosasih W.","Sitorus, Charles (57804611400); So, Idris Gautama (56007500000); Furinto, Asnan (35264335800); Kosasih, Wibowo (57205020119)","57804611400; 56007500000; 35264335800; 57205020119","DIGITIZING IN BUSINESS MODEL INNOVATION: PRELIMINARY RESEARCH OF COURIER, EXPRESS, AND PARCEL SECTORS","2022","Journal of Theoretical and Applied Information Technology","100","12","","3923","3934","2","","https://www.scopus.com/pages/publications/85134257837?origin=resultslist","This study aims to identify digital business model innovations carried out by Indonesian courier service companies to meet customer needs. This research also uses three case studies and several references or previous research as the main data sources. This study uses a qualitative approach with the Historical method, with the sampling method used is a purposive sample with three case studies at DiDi Taxi, Cisco, Dell companies. This study found that e-commerce needs to make some innovations in adjusting to the needs of today's customers, especially in the era of digitalization. Some of the innovations that can be done consist of product terms, service features, customer satisfaction, involvement in the e-commerce marketplace, and in terms of delivery patterns. Based on this, this study designs several recommendations based on crucial issues that need to be studied further from the issue of digital business innovation models in Indonesian courier service companies. The results of this study are expected to be able to recommend several crucial issues that need to be studied further from the issue of digital business innovation models in Indonesian courier service companies. Therefore, this review is expected to initiate further research related to the scope of the research. © 2022 Little Lion Scientific. All rights reserved.","Business Model Innovation; Case-Study; Courier; Digitalization; Express; Parcel Sectors","","Article","Final","","Scopus","2-s2.0-85134257837"
"Liao S.-H.; Widowati R.; Huang J.-M.","Liao, Shu-Hsien (7401923068); Widowati, Retno (57223238647); Huang, Jian-Ming (59338205800)","7401923068; 57223238647; 59338205800","Delivery service and online-and-offline purchasing for collaborative recommendations on retail cross-channels","2024","Enterprise Information Systems","18","10","2403101","","","6","10.1080/17517575.2024.2403101","https://www.scopus.com/pages/publications/85204609661?origin=resultslist","The delivery service business model is the final link in logistics for both online-and-offline business. Online-and-offline business models combine e-commerce and physical commerce, using online marketing techniques to drive consumption in physical channels. Delivery service and online-and-offline purchasing for collaborative recommendations on retail cross-channels are complex and cross-disciplinary problems of enterprise integration. This study implements two-stage data mining analytics for clustering and association rules analysis, to investigate Taiwan consumers’ (n = 2,209) preferences for delivery service. This process clarifies online-and-offline purchasing behaviours and preferences to find knowledge profiles/patterns/rules for cross-channel collaborative recommendations. Finally, theoretical and practical implications for methodology and enterprise are presented. © 2024 Informa UK Limited, trading as Taylor & Francis Group.","collaborative recommendations; data mining analytics; Delivery service; online-and-offline purchasing; retail cross-channel","Sales; Business models; Collaborative recommendation; Data mining analytic; Delivery service; E- commerces; E. Physical; Offline; Online-and-offline purchasing; Retail cross-channel; Service business models; Marketplaces","Article","Final","","Scopus","2-s2.0-85204609661"
"Lee J.; Kim E.","Lee, Jongwoo (57223100248); Kim, Eikjoe (58552980200)","57223100248; 58552980200","The Mediating Effect of Brand Awareness on the Relationship between Online Shopping Mall Quality Factors and Consumer Satisfaction","2023","Journal of Distribution Science","21","7","","11","20","1","10.15722/jds.21.07.202307.11","https://www.scopus.com/pages/publications/85169058297?origin=resultslist","Purpose: The development of e-commerce in the marketplace is becoming a big trend, but there is a handful of research about the unique characteristics of e-commerce. Online distribution has several differences from offline, such as consumer approach, payment, and product assortment. In addition to the relationship between quality factors and e-commerce satisfaction, this study research how brand awareness affects consumer satisfaction and which quality factor affects brand awareness. Research design, data, and methodology: This study conducted a survey on 457 customers using top online shopping malls. As for the analysis method, multiple regression analysis to verify the mediating effect. Results: All quality factors and brand awareness affect consumer satisfaction. Among the quality factors, only price, payment, and delivery had an effect among the four factors. As a result of verifying the mediating effect of brand awareness in the relationship between online shopping mall quality factors and consumer satisfaction, price, payment, and delivery showed mediating effects. Conclusion: Online shopping mall satisfaction affects the satisfaction of brand awareness consumers perceive aside from consumers’ direct experience. The result showed that price, payment, and delivery were significant in the relationship of quality factor and brand awareness of an online shopping malls. © Copyright: The Author(s)","Brand Awareness; Customer Satisfaction; E-commerce; Service Quality","","Article","Final","","Scopus","2-s2.0-85169058297"
"Li Z.; Hu J.","Li, Zhonglin (60467220200); Hu, Junhua (59045863700)","60467220200; 59045863700","Research on analysis and improvement strategies of consumer loyalty on e-commerce platforms based on big data","2026","International Journal of Information and Communication Technology","27","16","","","","0","10.1504/IJICT.2026.152149","https://www.scopus.com/pages/publications/105032385854?origin=resultslist","This study aims to use advanced machine learning models and big data analytics (BDA) to investigate online marketplace client loyalty. To capture nonlinear correlations and identify significant loyalty determinants, the suggested framework uses algorithms like LSTM, XGBoost, support vector machines, and random forests, rather than typical statistical techniques. The study delves into the elements that influence consumer engagement, the frequency of purchases, and the likelihood of repurchases within the fresh food platform and pet-related e-commerce sectors. A ten-phase framework – covering foundation, data collection, preprocessing, AI development, pilot study, validation, and evaluation – is employed to ensure methodological rigour. When compared to more traditional methods of consumer loyalty prediction, LSTM performs better on measures including accuracy, precision, recall, F1 score, and area under the curve (AUC). The findings highlight the role of personalised recommendations, delivery services, and mobile engagement in shaping loyalty, while offering practical strategies for sustainable growth in vertical e-commerce markets. Copyright © The Author(s) 2026.","AI marketing; BDA; big data analytics; consumer loyalty; customer retention; e-commerce; LSTM; machine learning; predictive modelling; recommendation systems; vertical e-commerce","Customer satisfaction; Learning systems; Mobile commerce; Predictive analytics; Purchasing; Support vector machines; AI marketing; Big data analytic; Consumer loyalty; Customer retention; Data analytics; E- commerces; LSTM; Machine-learning; Predictive models; Vertical e-commerce; Big data; Recommender systems","Article","Final","All Open Access; Bronze Open Access","Scopus","2-s2.0-105032385854"
"Gamero A.M.; Rojas N.G.; María A.S.; Chamorro M.R.; Escarcena R.T.","Gamero, Aldo Medina (57216038807); Rojas, Nancy Guillen (59490330800); María, Andrea Santa (59490970000); Chamorro, Mónica Regalado (57223141222); Escarcena, Rodolfo Tolentino (59490970100)","57216038807; 59490330800; 59490970000; 57223141222; 59490970100","E-Commerce in Social Networks for Gastronomic Businesses","2023","CEUR Workshop Proceedings","3858","","","7","18","0","","https://www.scopus.com/pages/publications/85213364403?origin=resultslist","Since the beginning of 2020, most people in the world have been affected by the health crisis caused by COVID-19. In this context, e-commerce on social networks has been the only alternative that entrepreneurs had to sell their products during this period; since it could only be sold through delivery. This new sales method was favorably accepted by the market and received attention from potential customers and investors. The main objective of the research was to analyze the growth of e-commerce in social networks for entrepreneurs in lasagna sales. This research is a scope review, qualitative approach and hermeneutic phenomenological design. The information was obtained through interviews with entrepreneurs, who highlighted their evolution during the pandemic. Based on the information obtained, the interview data were recorded and subsequently transcribed, coded, triangulated, analyzed and compared with other secondary information. The present study concluded that, in an environment of health and economic crisis, it is viable to reinvent oneself and start a successful trade without much capital, making good use of the opportunities that the crisis itself provides and relying on technology. Today, e-commerce has become a daily habit for people who want to buy/sell and reach more places, revolutionizing classic concepts of gastronomic service and contributing to the process of economic recovery. © 2023 Copyright for this paper by its authors.","E-commerce; economic crisis; entrepreneurs; social networks","Sales; E- commerces; Economic crisis; Economic recovery; Entrepreneur; Health crisis; Potential customers; Potential investors; Qualitative approach; Social network; Marketplaces","Conference paper","Final","","Scopus","2-s2.0-85213364403"
"Ren J.; Wang Y.; Pang X.; Tan K.-L.","Ren, Jian (8834224400); Wang, Yan (7601520278); Pang, Xiaolin (7101874563); Tan, Kian-Lee (7403999714)","8834224400; 7601520278; 7101874563; 7403999714","A 2-phase evaluation model for agent-mediated Internet marketplaces","2001","Proceedings of the 2nd International Conference on Web Information Systems Engineering, WISE 2001","1","","","63","71","3","10.1109/WISE.2001.996467","https://www.scopus.com/pages/publications/84889774061?origin=resultslist","We propose a 2-phase evaluation model that can be applied to agent-mediated Internet marketplaces. The model not only facilitates parallel processing, it also allows mobile agents to select online shops (e-shops) and evaluate offers autonomously and automatically. To provide the ""best"" answer, the approach considers multiple attributes of an e-shop and an offer, such as the commercial credit and security rank of the e-shop, price, delivery/shipment service and warranty service of an offer. Moreover, with the fuzzy-set rules, the evaluation results are more reasonable and accord with human behavior. With the 2-phase evaluation of this model, it can not only help to control the scale of the dispatched mobile agent to a rational level to reduce the burden of network traffic, but also help to evaluate offers to assist users to make good decisions. © 2001 IEEE.","Advertising; Computer science; Consumer electronics; Electronic commerce; Humans; Internet; Mobile agents; Parallel processing; Security; Warranties","Mobile commerce; Advertizing; E-shops; Evaluation models; Human; Multiple attributes; Online shops; Parallel processing; Phase evaluation; Security; Warranty; Marketplaces","Conference paper","Final","","Scopus","2-s2.0-84889774061"
"Altıntaş O.; Oztaysi B.; Dayi E.","Altıntaş, Oğuz (59322194800); Oztaysi, Basar (8572344300); Dayi, Erdem (59376949000)","59322194800; 8572344300; 59376949000","Selection of Carrier Services for e-Commerce: CINFUS-AHP Methodology for Optimal Decision Making","2024","Lecture Notes in Networks and Systems","1089 LNNS","","","148","153","1","10.1007/978-3-031-67195-1_19","https://www.scopus.com/pages/publications/85207029047?origin=resultslist","In the rapidly evolving landscape of E-Commerce, the efficient selection of carrier services is crucial for ensuring timely and reliable delivery of goods to customers. This paper explores the application of the Continuous intuitionistic fuzzy Analytic Hierarchy Process (CINFUS-AHP) methodology as a systematic and effective decision-making tool for the evaluation and selection of carrier companies. In this paper a comprehensive review of relevant literature is applied to identify the criteria and sub-criteria, and the calculation of weights to determine the relative importance of each criterion. Furthermore, it explores the use of CINFUS-AHP in handling subjective judgments and synthesizing diverse opinions from decision-makers involved in the carrier selection process. To demonstrate the practical application of the AHP methodology, a case study is presented wherein several carrier companies are evaluated based on criteria such as reliability, costeffectiveness, delivery speed, and geographical coverage. The results of the analysis provide a clear hierarchy of carrier companies, aiding decision-makers in selecting the most suitable carrier for their specific E-Commerce requirements. The proposed CINFUS-AHP methodology serves as a valuable tool for E-Commerce businesses seeking to optimize their carrier selection process and adapt to the evolving demands of the digital Marketplace. © The Author(s), under exclusive license to Springer Nature Switzerland AG 2024.","Carrier; CINFUS; E-commerce; Fuzzy Sets; Logistics","Commerce; Decision making; Fuzzy sets; Hierarchical systems; Carrier; Carrier services; CINFUS; Decision makers; Delivery of goods; E- commerces; Fuzzy analytic hierarchy; Intuitionistic fuzzy; Optimal decision making; Reliable delivery; Marketplaces","Conference paper","Final","","Scopus","2-s2.0-85207029047"
"Dais S.; Ayfantopoulou G.","Dais, Sofoklis (57897129200); Ayfantopoulou, Georgia (58245381700)","57897129200; 58245381700","Customer and Retailer Expectations from City Logistics: Comparative Analysis of the Market in Thessaloniki, GR","2025","Lecture Notes in Mobility","Part F658","","","550","555","0","10.1007/978-3-031-95284-5_78","https://www.scopus.com/pages/publications/105011971959?origin=resultslist","City logistics operations are significantly affected by the rapid expansion of electronic commerce (e-commerce). The pressure of the demand is being transferred to the last-mile distribution, disproportionately increasing the workload of service providers, while affecting the overall cost and fulfillment times for the entire supply chain. In this study, the expectations and demands of consumers and online retailers concerning city logistics provision are captured. A questionnaire survey carried out, addressing independently the two target groups focusing on the market routines in Thessaloniki, Greece. The purpose is to record and analyze the market needs to identify niche areas that are under-served, and their service will maximize sustainability and the overall benefit for the local users and the society. In general, it was recorded that delivery speed, reliability and flexibility are essential for both user categories. Service providers should focus on under-served market segments to gain competitive advantages and benefit the overall city logistics system. Specific suggestions for researchers and practitioners are also provided. © The Author(s) 2025.","City logistics; customers; e-commerce","Competition; Logistics; Marketplaces; Sales; Supply chains; Sustainable city; City logistics; Comparative analyzes; Customer; Last mile; Logistic operations; Overall costs; Questionnaire surveys; Rapid expansion; Service provider; Thessaloniki; Electronic commerce","Book chapter","Final","All Open Access; Hybrid Gold Open Access","Scopus","2-s2.0-105011971959"
"Ardhianti P.W.; Purnawati M.; Tanjung K.P.; Leandros R.","Ardhianti, Putri Widya (57960917600); Purnawati, Meila (57960293900); Tanjung, Karunia Putri (60465631100); Leandros, Riyan (57211531687)","57960917600; 57960293900; 60465631100; 57211531687","Web-Based Marketplace to Empowering Local MSMEs: A Policy-Technology Integration using the Waterfall Method","2025","Proceeding - 2025 IEEE 11th Information Technology International Seminar, ITIS 2025","","","","162","168","0","10.1109/ITIS67966.2025.11308913","https://www.scopus.com/pages/publications/105032381937?origin=resultslist","Data on business actors in Karanganyar Regency was manually gathered by Regional Government Organizations (OPD) starting in 2017, which resulted in inaccuracy, delays, and inefficiencies. They also lack sufficient capital to purchase from micro, small, and medium enterprises (MSMEs), and some owners are unwilling to develop the company. The Karanganyar Regency Government, through the Communication and Information Office (Diskominfo), initiated the creation of a centralized web-based marketplace for MSMEs to address these issues. This study proposes merging government-initiated civil servant (ASN) spending programs with an e-commerce platform, a topic seldom discussed in local government digitalization. The System Development Life Cycle (SDLC) and Waterfall approach were applied, incorporating requirements analysis, design, implementation, testing, and evaluation. Three primary user categories are involved: purchasers (ASN and non-ASN), business professionals, and administrators. Key features include product discovery, shopping cart, payment channel, subsidy distribution, and ASN expenditure monitoring. A usability test with 25 participants showed that the core functionality worked well, as all could complete the task. However, the current study remains at the prototype stage and has not yet been implemented. Further research is needed for larger scalability, longer-term sustainability, and engagement with national MSME systems.  © 2025 IEEE.","digital transformation; e-commerce; information system; MSMEs; SDLC","Government data processing; Information systems; Information use; Life cycle; Marketplaces; Public policy; Purchasing; Websites; Digital transformation; E- commerces; Government organizations; Micro-enterprises; Regional government; Small-and-medium enterprise; Systems development life cycle; Technology Integration; Waterfall methods; Web based; Electronic commerce","Conference paper","Final","","Scopus","2-s2.0-105032381937"
"Blancaflor E.; Smith K.A.; Intal G.L.","Blancaflor, Eric (57208326489); Smith, Karen Angelica (59342298500); Intal, Grace Lorraine (57202129713)","57208326489; 59342298500; 57202129713","Impact of E-commerce food delivery services to newly launched ethnic restaurants: A case study","2024","ACM International Conference Proceeding Series","","","","1","6","0","10.1145/3675585.3675594","https://www.scopus.com/pages/publications/85204894945?origin=resultslist","In the outset of the pandemic, numerous businesses struggled to sell their products to their customers. Businesses such as restaurants that shut down or declared bankruptcy due to lack of sales and income. This is a problem specially to newly opened restaurants who did not anticipate such predicament to happen. Travel and other safety restrictions made it harder for them to convince people to try out their food. However, E-commerce found means to serve their clientele's needs and was able to overcome the gap that the epidemic has created. Online food delivery services have recently been around and therefore being used by people who wanted to save time but this strand of technology had grown its purpose to not only to deliver but also to save lives. This study examines the impact of Covid-19 pandemic on newly launched restaurants in Naga City and how they were able to leverage E-commerce food delivery services to sustain their business. Thus, assess the experiences of the restaurant owners upon acquiring e-commerce to their business.  © 2024 ACM.","E-commerce; Newly-opened restaurants; Online food delivery Services","Food chemistry; Food ingredients; Marketplaces; Case-studies; Delivery service; E- commerces; Food delivery; Newly-opened restaurant; Online food delivery service; Saves time; Food industry","Conference paper","Final","","Scopus","2-s2.0-85204894945"
"Kalantarzadeh Tezerjany S.F.","Kalantarzadeh Tezerjany, Seyedeh Fatemeh (58697899300)","58697899300","Appraise the role of novelty-seeking on consumers’ satisfaction using online food delivery applications","2024","International Journal of Quality and Reliability Management","41","4","","1142","1164","24","10.1108/IJQRM-11-2022-0341","https://www.scopus.com/pages/publications/85176911551?origin=resultslist","Purpose: The primary intent of this study was to assess the influence of novelty-seeking on the satisfaction of consumers. The investigation concentrated on Malaysian consumers who have experience using online food delivery (OFD) applications. Design/methodology/approach: To perform the research, non-probability and convenience sampling methods were enforced to gather the required data. An online questionnaire in the form of a Google Survey was conducted in Kuala Lumpur, Malaysia. Upon completion of the survey, the results were analyzed using SPSS software. Both the Service Quality (SERVQUAL) model and expectation disconfirmation theory (EDT) were exploited to shed light on the impact of consumer satisfaction. Findings: Analysis of responses from the 250 participants unveiled that novelty-seeking positively influences consumer satisfaction. The finding depicted that reliability and responsiveness have the most positive impact on consumer satisfaction whereas tangibility has no effect on the satisfaction of consumers by using OFD applications. Research limitations/implications: This study had three main limitations: first, the limitations on access to the participants during the pandemic; second, combining quantitative and qualitative methods to obtain more accurate results; third, the study was limited to the context of Kuala Lumpur, Malaysia. Practical implications: The conclusions brought to the fore that OFD marketers should provide appropriate service quality while concentrating on novelty and well-designed apps to surge consumer satisfaction. Originality/value: OFD apps have facilitated customers' access to various meals and helped food vendors survive in the competitive marketplace. A new aspect, novelty-seeking, is added to the SERVQUAL dimensions (i.e. empathy, tangibility, reliability, assurance and responsiveness) identified in the literature review. © 2023, Emerald Publishing Limited.","COVID-19; E-commerce; E-Satisfaction and e-loyalty; Malaysia; SERVQUAL model","","Article","Final","","Scopus","2-s2.0-85176911551"
"Barchetti U.; Bucciero A.; Capodieci A.; Capone L.; Mainetti L.; Sabato S.S.","Barchetti, Ugo (15925175800); Bucciero, Alberto (15925150600); Capodieci, Antonio (25960735100); Capone, Luciano (25960768700); Mainetti, Luca (12752000100); Sabato, Stefano Santo (55663554000)","15925175800; 15925150600; 25960735100; 25960768700; 12752000100; 55663554000","Multi-modal and multi-channel e-services framework meets modern freight management systems requirements: Dialogo project","2008","MCCSIS'08 - IADIS Multi Conference on Computer Science and Information Systems; Proceedings e-Commerce 2008","","","","265","270","2","","https://www.scopus.com/pages/publications/58449126139?origin=resultslist","The Freight Management Systems are conditioned by complex problems, that strongly affect the quality of service and the supply costs. The conjoint planning among withdrawal and delivery, the shipment procedures, the ability calculation, the staff scheduling, the vehicle availability, the distance optimization are only some of the activities connected to the such management systems. In this scenario, arises the need to use platforms able to support the interoperability among heterogeneous systems and provide the multi-channel facilities to allow the use of diversified devices to access different services in reliable manner and to allow, so, a extended market towards partner with particular needs. In this paper we propose, on one hand, an integrated system (Dialog Project) for goods reception and delivery based on a Decision Support System able to manage all the movements flow in order to reduce, or eventually to eliminate, the cost of return fare of the empty vehicle and to optimize the carrier freight according to type and distribution route of goods; on the other, we propose also a B2B oriented framework able to support the interoperability among heterogeneous systems developed according to the ebXML reference model for the business messages interchange. This system is suitable to any B2B marketplace that foresees the commercial interaction among partners with different roles and profiles (including channel and device). © 2008 IADIS.","Business-oriented e-commerce; E-business applications and software; E-fulfilment; E-logistics; E-procurement; E-services; Supply chain management &","Artificial intelligence; Availability; Commerce; Computers; Customer satisfaction; Decision support systems; Decision theory; Distribution of goods; Electronic commerce; Information systems; Integrated optics; Interoperability; Logistics; Management; Management information systems; Planning; Scheduling; Supply chains; Business-oriented e-commerce; E-business applications and software; E-fulfilment; E-logistics; E-procurement; E-services; Supply chain management","Conference paper","Final","","Scopus","2-s2.0-58449126139"
"Ismanto L.; Hendra Suwito A.R.; Fajar A.N.","Ismanto, Leonando (57210972627); Hendra Suwito, A.R. (57211292548); Fajar, Ahmad Nurul (57188877288)","57210972627; 57211292548; 57188877288","SOA Integration for E-Marketplace","2019","Proceedings - 2019 International Conference on Computer Science, Information Technology, and Electrical Engineering, ICOMITEE 2019","","","8921150","1","4","0","10.1109/ICOMITEE.2019.8921150","https://www.scopus.com/pages/publications/85077822622?origin=resultslist","As E-Commerce has growth rapidly in Indonesia, it becomes a needs for small and medium enterprise (SMEs) to use couple of E-Commerce domains for business expansion purpose. This action needs a lot of effort and lack of flexibility. This study focuses on using Service Oriented Architecture (SOA) to carry out their online daily business with one another. Despite of using API-Method, the paper presents an integrated information or data that reduces redundancy process. This study is to proposed system architecture which create new solution based on SOA and ESB as the main middleware through internet. It called the SOA integration for e-marketplace. It will integrated all used E-Commerce domains to one platform to manage as Single Source The objective is for interconnecting between different domains and make it become interoperability and manageability. The impact of the interoperability, it could be possible to seller to manage product listing and order management from all domains, and gain customer's satisfaction growth and also fulfil the flexibility demand from SMEs and customers. © 2019 IEEE.","E-Commerce; Marketplace; Marketplace Platform; Service Oriented Architecture (SOA); Single Source E-Commerce System","Computer architecture; Customer satisfaction; Electronic commerce; Information services; Interoperability; Middleware; Business expansion; E-commerce systems; Integrated informations; Marketplace; Marketplace Platform; Redundancy process; Small and medium enterprise; System architectures; Service oriented architecture (SOA)","Conference paper","Final","","Scopus","2-s2.0-85077822622"
"Gry S.; Niederlaender M.; Lodi A.N.; Mutz M.; Werth D.","Gry, Soeren (58683443600); Niederlaender, Marie (58682053600); Lodi, Aena Nuzhat (58682747300); Mutz, Marcel (57698789900); Werth, Dirk (7003300054)","58683443600; 58682053600; 58682747300; 57698789900; 7003300054","A Conceptual Approach for an AI-Based Recommendation System for Handling Returns in Fashion E-Commerce","2024","Communications in Computer and Information Science","2132 CCIS","","","1","23","5","10.1007/978-3-031-67904-9_1","https://www.scopus.com/pages/publications/85202631981?origin=resultslist","The benefits of fashion E-commerce for customers are undisputed. Ordering clothes is easy, fast and usually free of delivery and return charges. Fashion E-commerce is moving the changing room from the brick-and-mortar store to the consumer’s living room. These efforts, and the associated ever-increasing E-commerce sales, are accompanied by a consumer return behaviour that has high environmental and economic costs. Most studies in this area focus on the prevention of returns. However, many returns cannot be avoided, e.g. those based on selection orders or quality problems. This is the starting point for this study, which investigates how AI can be used to improve reverse logistics from an environmental and economic perspective, based on return forecasts. To this end, a literature review of existing approaches is conducted, followed by a detailed concept of an AI-based recommendation system for the best possible further processing of returns, with the aim of routing the returned product to a suitable sales channel as quickly as possible. © The Author(s), under exclusive license to Springer Nature Switzerland AG 2024.","Apparel; Artificial intelligence; E-commerce; ERP system; Fashion; Logistics; Machine learning; Recommendation system; Returns forecasting; Returns prediction; Sustainable return management; Sustainable supply chain","Marketplaces; Conceptual approaches; ERP system; Fashion; Living room; Machine-learning; Return forecasting; Return prediction; Returns managements; Sustainable return management; Sustainable supply chains; Sales","Conference paper","Final","","Scopus","2-s2.0-85202631981"
"Iqbal A.; Mazhar T.; Shahzad T.; Amin H.; Jose Anand A.","Iqbal, Aasma (59734799000); Mazhar, Tehseen (57219034600); Shahzad, Tariq (57211482169); Amin, Humera (57210344963); Jose Anand, A. (57202414907)","59734799000; 57219034600; 57211482169; 57210344963; 57202414907","Mobile Solutions for Food Access and Distribution","2025","Smart Technologies for Sustainable Development Goals: Zero Hunger","","","","124","142","0","","https://www.scopus.com/pages/publications/105002515257?origin=resultslist","Information and communication technology (ICT) plays an essential part in improving food accessibility and distribution while dealing with serious issues in the worldwide food supply chain. ICT enables effective agricultural methods, real-time information on markets, simplified logistics through digital platforms, statistical analysis of big data, and mobile technology. This advancement in technology improves the accessibility and traceability of food items, thereby ensuring their safety and quality. Furthermore, ICT solutions provide small-scale farmers with access to critical information such as predictions of the weather, prices for crops, and most effective farming practices, boosting productivity and revenue. Online marketplaces and payment methods broaden market reach and increase customers’ access to various food products. Overall, the use of ICT in the agricultural industry promotes an improved, resilient, inclusive, and sustainable delivery network, thereby reducing the shortage of food while contributing to the worldwide struggle against hunger. This paper will look at technological advances in agriculture, access to markets via e-commerce, supply chain and logistics enhancements, food security and transparency, visible case studies that demonstrate effective ICT applications in food chains, and make suggestions for future research. © 2025 A. Jose Anand and Saravanan Krishnan.","","","Book chapter","Final","","Scopus","2-s2.0-105002515257"
"Ljubimova E.; Shichiyakh R.; Zakieva R.; Lydia E.L.; Kumar K.V.","Ljubimova, Elena (56285296100); Shichiyakh, Rustem (57094051900); Zakieva, Rafina (57205611148); Lydia, E. Laxmi (57196059278); Kumar, K. Vijaya (57576859400)","56285296100; 57094051900; 57205611148; 57196059278; 57576859400","An Effective Exploration of Accessing 5G Mobile Communication That Affects E-Commerce Using IoT","2024","Lecture Notes in Networks and Systems","1057 LNNS","","","283","291","0","10.1007/978-981-97-4895-2_23","https://www.scopus.com/pages/publications/85206993647?origin=resultslist","To effectively answer these questions, your application's design needs to make a new user of your service feel at ease and not disoriented. This website is one of the most important parts of your marketing plan. If you have a fully functional, expert, and visually appealing website, it will be easier for consumers to do business with you. A user-friendly website will increase your revenue dramatically. It will be possible for your visitors to find the products on your website even more quickly than before. Many businesses have switched to selling their goods online, increasing the number of e-commerce platforms, thanks to COVID. In addition to retail and literature, e-commerce today supports a number of industries, such as books, home products, and cosmetics. Users will benefit from new features like augmented reality, chat capabilities, and recommended engines as 5G develops. Your business will get an immediate competitive edge over competitors by using these new features. Notwithstanding geographical disparities and the Covid pandemic, the business's target market has grown thanks to its offerings of groceries, essentials, and goods for the aged. These modifications suggest to people that e-commerce purchases now involve more commonplace needs than luxuries. By providing the best customer care possible at every point of contact, we at Clever Data prioritize the needs of our clients. With a team of dedicated developers and industry knowledge, it can provide you with the greatest solution for your clients’ comfort. They are thrilled to become a part of the intelligent Data family. 5G has a lot of potential and promises to help with these issues. Data processing and transmission speeds will soar to new heights with 5G. Thus, 5G will aid in the development and delivery of efficient online video advertising that can grab consumers’ interest and yield the most outcomes. Similarly, 5G networks guarantee that gadgets maintain their Internet connections while moving from one place to another. © The Author(s), under exclusive license to Springer Nature Singapore Pte Ltd. 2024.","5G communication; E-commerce; IoT; Online shopping","5G mobile communication systems; Mobile commerce; Sales; Tweets; Websites; 5g communication; Application design; Commerce platforms; E- commerces; Functionals; IoT; Marketing plan; Mobile communications; Online shopping; User friendly; Marketplaces","Conference paper","Final","","Scopus","2-s2.0-85206993647"
"Paraschakis D.","Paraschakis, Dimitris (57189352671)","57189352671","Recommender systems from an industrial and ethical perspective","2016","RecSys 2016 - Proceedings of the 10th ACM Conference on Recommender Systems","","","","463","466","22","10.1145/2959100.2959101","https://www.scopus.com/pages/publications/84991200001?origin=resultslist","Over the recent years, a plethora of recommender systems (RS) have been proposed by academics. The degree of adoptability of these algorithms by industrial e-commerce platforms remains unclear. To get an insight into real-world recommendation engines, we survey more than 30 existing shopping cart solutions and compare the performance of popular recommendation algorithms on proprietary e-commerce datasets. Our results show that deployed systems rarely go beyond trivial ""best seller"" lists or very basic personalized recommendation algorithms, which nevertheless exhibit superior performance to more elaborate techniques both in our experiments and other related studies. We also perform chronological dataset splits to demonstrate the importance of preserving the sequence of events during evaluation, and the recency of events during training. The second part of our research is still ongoing and focuses on various ethical challenges that complicate the design of recommender systems. We believe that this direction of research remains mostly neglected despite its increasing impact on RS' quality and safety. © 2016 Copyright held by the owner/author(s).","E-commerce; Ethical recommendation framework; Industrial recommender systems; Netix Prize; Recommendation ethics; Recommender systems survey","E- commerces; Ethical perspectives; Ethical recommendation framework; Industrial recommender system; Netix prize; Performance; Recommendation algorithms; Recommendation ethic; Recommender system survey; System survey; Marketplaces","Conference paper","Final","All Open Access; Green Open Access","Scopus","2-s2.0-84991200001"
"Prince J.B.; Sharma E.","Prince, John Ben (55801150600); Sharma, Eliza (57209683871)","55801150600; 57209683871","Sustainability Challenges in Last Mile Delivery of E-Commerce Firms","2026","Socially Responsible Approaches for Sustainable E-Commerce","","","","353","387","0","10.4018/979-8-3373-3997-9.ch013","https://www.scopus.com/pages/publications/105030893202?origin=resultslist","The e-commerce revolution has added convenience to consumers and facilitated a new selling platform for established firms. However, on the flip side, the advent of E-commerce has resulted in higher volume of transport movement as products get highly disaggregated as they move towards the end consumer. Any form of vehicular movement may result in increasing the pollution levels leading to disruptions of the fragile biosphere and the ecosystem. Manufacturers and E-commerce firms need to incorporate sustainable means of Last Mile Delivery. This calls for a long- term strategic outlook on how the green earth can be sustained, while ensuring economic benefits and growth of firms. The chapter, therefore deals with an overview of practices carried out by firms, research papers that have dwelt in depth and specific case studies from E-commerce firms across the world. Later, the chapter proposes an integrated matrix that could help organizations plan and implement sustainable supply chains that would facilitate responsible final delivery stage processes, keeping customer interests in mind. © 2026 by IGI Global Scientific Publishing.","","Electronic commerce; Marketplaces; Sustainable development; E- commerces; Economic benefits; Economic growths; End consumers; Established firms; Green earths; High volumes; Last mile; Pollution level; Research papers; Supply chains","Book chapter","Final","","Scopus","2-s2.0-105030893202"
"Li Y.; Tang J.; Gonul S.; Barbe D.","Li, Yijing (59756697500); Tang, Jing (12242278800); Gonul, Sinan (59756051900); Barbe, Danielle (57193440088)","59756697500; 12242278800; 59756051900; 57193440088","A Novel Approach for Capturing Consumer Behavior and Preference - MulVAEK","2025","IEEE Computational Intelligence Magazine","20","2","","33","44","2","10.1109/MCI.2025.3541948","https://www.scopus.com/pages/publications/105003770073?origin=resultslist","The rapid proliferation of the E-commerce sector has profoundly transformed consumer behaviour, creating significant opportunities for businesses while simultaneously posing substantial challenges. As online shopping becomes increasingly ubiquitous, the exponential growth in data volume has impeded the task of identifying products that best align with individual preferences. Faced with an overwhelming array of similar products across multiple brands and platforms, consumers often suffer from decision fatigue, hindering their judgment to make optimal purchasing decisions. While recommendation systems have emerged as critical tools to mitigate this problem, existing approaches encounter persistent challenges in accurately modelling user preferences and behaviours, particularly using implicit feedback data such as clicks, views, and interactions. Motivated by these issues, this paper proposes a novel framework, the Multinomial Variational Autoencoder with K-means clustering (MulVAEK), designed to enhance the understanding of user preferences and behaviours from implicit feedback. Unlike conventional variational autoencoders (VAEs), which model user behaviour in latent space using Gaussian distributions, MulVAEK employs a multinomial distribution, capturing the discrete and complex nature of user-item interactions with greater fidelity. Furthermore, the integration of K-means clustering within the latent space enables the discovery of latent user archetypes and behavioural groupings, supporting the delivery of more personalised and contextually relevant recommendations. Rigorous experimental evaluations on widely recognised recommender system datasets demonstrate that MulVAEK significantly outperforms state-of-the-art methodologies, achieving superior accuracy, robustness, and interpretability across diverse recommendation scenarios. © 2005-2012 IEEE.","","Consumer behavior; Electronic money; Auto encoders; Data volume; Exponential growth; Implicit feedback; Individual preference; K-means++ clustering; Multinomials; Online shopping; User behaviors; User's preferences; Marketplaces","Article","Final","","Scopus","2-s2.0-105003770073"
"Adeniran A.O.; Olorunfemi S.O.; Akanmu A.A.","Adeniran, Adetayo Olaniyi (57735820000); Olorunfemi, Samuel Oluwaseyi (58164728000); Akanmu, Ayobami Ademola (57203394208)","57735820000; 58164728000; 57203394208","Exploring Sustainable E-Commerce Logistics Services for Customer Satisfaction","2025","Transport Services Management in Africa","","","","74","103","1","10.4324/9781003560074-6","https://www.scopus.com/pages/publications/105022574692?origin=resultslist","This study investigates the relationship between key components of sustainable e-commerce logistics and customer satisfaction in the context of emerging markets. With the rise of globalisation, technological advancement, and post-COVID-19 shifts in consumer behaviour, e-commerce logistics has become increasingly vital. The research focuses on five core logistics variables-information quality, delivery quality, order quality, price of delivery, and customer service-and examines how they influence customer satisfaction. Using a quantitative approach and survey data from experienced e-commerce users in Nigeria, the analysis employs correlation and regression techniques to determine the strength of these relationships. Results indicate that delivery quality is the strongest predictor of satisfaction, followed by order accuracy and transparent delivery costs-all of which are closely linked to transport service efficiency. The study underscores the strategic importance of transportation as a foundation of e-commerce logistics, highlighting the need for digital integration, optimised delivery systems, and customer-centric innovations to drive satisfaction and competitiveness. © 2026 selection and editorial matter, Emmanuel Mogaji, Ogochukwu Ugboma, and Chinebuli Uzondu.","","Competition; Consumer behavior; Electronic commerce; Logistics; Marketplaces; Sales; Customer-service; Customers' satisfaction; Delivery service; E- commerces; Emerging markets; Globalisation; Information quality; Logistics services; Research focus; Technological advancement; Customer satisfaction","Book chapter","Final","","Scopus","2-s2.0-105022574692"
"Ranjan P.; Acharyulu G.V.R.K.","Ranjan, Priyadarshi (57790725000); Acharyulu, G.V.R.K. (59454662800)","57790725000; 59454662800","An exploration of online marketplace quality dimension and relationship with purchase intention: the mediating roles of trust and e-WOM","2022","International Journal of Electronic Marketing and Retailing","13","4","","490","512","7","10.1504/IJEMR.2022.125588","https://www.scopus.com/pages/publications/85140844364?origin=resultslist","As the e-commerce industry undergoes metamorphosis with each passing day, gaining and retaining competitive advantage has become a significant challenge for the online marketplace. In this scenario, sellers have emerged in the forefront, playing a crucial role within companies and helping them in outperforming their rivals in the competitive market. This research has empirically investigated the effect of online marketplace quality on online purchase intention by introducing a new dimension: seller selection quality with website design quality and service quality of the online marketplace, testing the direct and indirect effects of trust and e-WOM. In the proposed model, seller selection quality is determined by the product price, product quality, delivery lead time and delivery cost, and its helps to match consumer desire to overcome quality issues of the online marketplace. Data has been collected from public university students using a web-based survey using adapted instruments. In order to test the hypothesis on the relationship between constructs, data analysis has been done using SmartPLS-SEM 3.0. The statistical results indicate that online marketplace quality is a strong predictor of trust and e-WOM, both of them mediating the relationship between online marketplace quality and online purchase intention. Copyright © 2022 Inderscience Enterprises Ltd.","e-WOM; online marketplace quality; online purchase intention; seller selection quality; service quality; trust; website quality","","Article","Final","","Scopus","2-s2.0-85140844364"
"Kumar A.; Sikdar P.; Saha R.","Kumar, Amresh (57221101812); Sikdar, Pallab (56825574700); Saha, Raiswa (57204290207)","57221101812; 56825574700; 57204290207","Seller experience assessment in online marketplace: a scale development study","2021","Benchmarking","28","7","","2315","2342","7","10.1108/BIJ-06-2020-0305","https://www.scopus.com/pages/publications/85100240165?origin=resultslist","Purpose: Recent decade has witnessed exponential growth in e-commerce segment, leading to emergence of various online selling platforms catering to diverse product requirements of customers. Such a development has provided impetus to both existing businesses and newly established ventures to make available their offerings through online selling platforms with a view to improve the reach of their products. This study is an attempt to identify the experience of registered vendors with the online marketplaces. It aims to develop and validate a scale to measure vendor's experience with e-commerce platforms. Design/methodology/approach: As a part of the scale development process, relevant literature sources were scanned to spot the precise knowledge gap and to put in place a sound theoretical background for the study. Thereafter, a scientific approach was adopted for scale creation. First, the scale items were identified through interviews of vendors registered with major online selling platforms and other academic experts pertaining to the marketing domain. Subsequently, major dimensions of seller experience were identified through exploratory factor analysis (EFA) applied on data collected from active vendors by the means of a structured survey instrument. The final data set was subjected to confirmatory factor analysis (CFA) in a bid to validate the scale. Findings: The study’s outcomes reveal that seller experience in an online marketplace can be best captured by a multidimensional scale characterized by six major dimensions. These are “Registration,”; “Product Listing”; “Pricing Autonomy”; “Ease of Pick-up and Delivery”; “Credit of Receivables” and “Vendor Assistance.” A proper emphasis to continually improve upon these dimensions by the e-commerce platforms is expected to enhance the utility and overall experience of vendors from such platforms. Existence of a mutually beneficial relationship between vendors and online marketplaces will help marketplaces to mitigate concerns like nonfulfillment of orders and dispatch of substandard products. Originality/value: Sustainable long-term relations between vendors and online marketplaces hold the key for such marketplaces to render error-free and delightful service on each individual order received. Seller experience of registering and operating on such e-marketplaces inspite of playing a defining role in vendor–marketplace relations has received scant attention of researchers, both in academia and industry till date. The present research is a seminal attempt to address this gap in marketing literature and offer additional know-how. © 2021, Emerald Publishing Limited.","E-commerce; Online marketplace; Scale development; Vendors","","Article","Final","","Scopus","2-s2.0-85100240165"
"Wang C.; Mao Z.; O'Kane J.; Wang J.","Wang, Chengbo (47961508900); Mao, Zhaofang (16550370700); O'Kane, James (55537353400); Wang, Jun (56602392900)","47961508900; 16550370700; 55537353400; 56602392900","An exploration on e-retailers’ home delivery – strategic elements and their prioritisation","2016","Business Process Management Journal","22","3","","614","633","16","10.1108/BPMJ-04-2015-0048","https://www.scopus.com/pages/publications/84970004192?origin=resultslist","Purpose – The purpose of this paper is to introduce a research exploring the important strategic elements and their prioritisation for e-retailers’ home delivery logistics process efficacy improvement. Design/methodology/approach – The research was completed through focus group, survey and importance-performance analysis. Findings – The research identified, confirmed and prioritised a set of explicitly important strategic elements currently deemed important by e-retailers for ensuring the efficacy of their home delivery logistics process in Chinese marketplace, and also referential to the other similar emerging marketplaces. Research limitations/implications – The research contributes positively to the enrichment of the theoretical knowledge pool of e-retailers’ logistics performance improvement. Practical implications – The research findings guide/inform the strategy development and implementation for e-retailers entering and/or operating in Chinese marketplace. And the findings can also be referential to the e-retail strategy development for entering and operating in other emerging markets similar to China’s. This point is particularly meaningful for those e-retailers that want to expand the outreaching and increase the popularity of their businesses in the global marketplace. Originality/value – Corresponding to the much needed further research on e-retailing home delivery performance improvement, the research provides findings that add substantial new insights into the field, with a particular focus on China, as one of the emerging developing marketplaces. © 2016, © Emerald Group Publishing Limited.","China; Delivery services; Distribution management; E-commerce; E-retail; Home delivery; Importance-performance analysis (IPA); Logistics; Prioritisation; Strategy","","Article","Final","All Open Access; Green Open Access","Scopus","2-s2.0-84970004192"
"Borja-Galeas C.; Arias-Flores H.; Sanchez I.; Palacio-Fierro A.; Cajas V.","Borja-Galeas, Carlos (57210795137); Arias-Flores, Hugo (57210802646); Sanchez, Ivanna (60347606800); Palacio-Fierro, Andrés (57203802181); Cajas, Viviana (57202352516)","57210795137; 57210802646; 60347606800; 57203802181; 57202352516","Digital Catalogs and Digital Marketing Strategies for Product Promotion in the Popular and Solidarity Economy: A Community Engagement Experience","2026","Lecture Notes in Computer Science","16343 LNCS","","","183","192","0","10.1007/978-3-032-13167-6_13","https://www.scopus.com/pages/publications/105028359179?origin=resultslist","This article analyzes the development of digital catalogs as a strategic marketing tool for promoting products within the popular and solidarity economy (EPS), as part of a community engagement project carried out by sixth-semester students from the Digital Marketing program at Universidad Indoamérica. The students, who had already gained experience in web development, worked on creating interactive digital catalogs for 12 local businesses from the province of Pichincha, whose products were already equipped with labels and packaging ready for commercialization. In addition to designing the catalogs, digital marketing elements such as visual content optimization and linking the catalogs to e-commerce platforms and social media were integrated. The results show that the use of digital catalogs not only facilitated the professional presentation of the products but also enhanced consumer interaction and expanded the reach of these businesses in the digital marketplace. This study demonstrates how the collaboration between academia and community can strengthen small businesses, fostering their growth in digital environments. © The Author(s), under exclusive license to Springer Nature Switzerland AG 2026.","community engagement; digital catalogs; digital marketing; graphic design; popular and solidarity economy","Marketing; Strategic planning; Students; Community engagement; Digital catalog; Digital marketing; Graphic design; Marketing program; Marketing strategy; Marketing tools; Popular and solidarity economy; Strategic marketing; Web development; Electronic commerce","Conference paper","Final","","Scopus","2-s2.0-105028359179"
"Öörni K.; Kaleva S.; Hirvasniemi S.; Kortelainen T.","Öörni, Kai (60042626600); Kaleva, Saana (23397360200); Hirvasniemi, Soile (60042000700); Kortelainen, Terttu (6508164877)","60042626600; 23397360200; 60042000700; 6508164877","Usability of Websites Contributing to Trust in E-Commerce","2003","Trust in Knowledge Management and Systems in Organizations","","","","125","146","2","10.4018/9781591401261.ch006","https://www.scopus.com/pages/publications/105013261238?origin=resultslist","Lack of security and trust is considered the biggest barrier to the increase of business-to-consumer e-commerce. In this chapter the authors aim at gaining insights of how online vendor design and usability relate to people’s opinions of the trustworthiness of shopping online. Additionally, common concerns regarding trust and security are explored both theoretically, based on existing literature, and empirically in a pilot study. The results showed that the most common concern among the respondents is online payment. The respondents valued detailed information of the products, of the processing and delivery of orders. Also the familiarity of products and vendors and easy-to-use online stores were appreciated. In e-business, quality design and good usability of vendors’ websites can be seen as a means to diminish the customer’s potentially risky situation. From the customer’s viewpoint, in turn, these can be taken as the indicators of quality and the vendor’s competence which reduce uncertainty and predict trust in e-commerce environment. © 2004 by Idea Group Inc. All rights reserved.","","Marketplaces; Usability engineering; Websites; Business to consumer E commerces; eBusiness; Gaining insights; On-line payment; Online store; Online vendors; Pilot studies; Quality design; Security and trusts; Trust and security; Electronic commerce","Book chapter","Final","","Scopus","2-s2.0-105013261238"
"Rajalingam S.; Kanagamalliga S.; Anuranjana S.Y.; Naveen P.","Rajalingam, S. (57885491000); Kanagamalliga, S. (56884761200); Anuranjana, S.Y. (60559603800); Naveen, P. (60560201000)","57885491000; 56884761200; 60559603800; 60560201000","A Web Application with IoT Integration to Connect Local Retailers with Consumers for Enhanced Business Growth","2025","Proceedings of the 9th International Conference on Electronics, Communication and Aerospace Technology, ICECA 2025","","","","110","115","0","10.1109/ICECA66444.2025.11383255","https://www.scopus.com/pages/publications/105034878093?origin=resultslist","A web application integrated with IoT technology is used to empower local retailers by providing them with a platform to sell their products online, thereby raising local business growth. The application ensures consumers receive products quickly while enabling direct communication between buyers and sellers for inquiries and price negotiations. IoT-enabled smart inventory management, automated order tracking, and real-time notifications enhance operational efficiency, ensuring seamless transactions between retailers and customers. By focusing on local sellers who often lack visibility on larger e-commerce platforms, this solution supports the local economy, improves customer satisfaction with faster deliveries, and creates mutually beneficial opportunities for both sellers and buyers. The integration of IoT technologies such as smart sensors, RFID-based stock monitoring, and automated logistics further enhances supply chain efficiency, making local businesses more competitive in the digital marketplace. © 2025 IEEE.","E-Commerce; Online shopping; Retailers; Web Application","Customer satisfaction; Efficiency; Electronic commerce; Information systems; Internet of things; Inventory control; Supply chains; Business growth; Buyers and sellers; Direct communications; Inventory management; Local business; Online shopping; Price negotiations; Retailer; WEB application; Web applications; Sales","Conference paper","Final","","Scopus","2-s2.0-105034878093"
"Yadav A.; Pandita D.","Yadav, Anusuya (57703286400); Pandita, Deepika (57130751000)","57703286400; 57130751000","Analyzing Tech-Driven Solutions for Overcoming Challenges in the Indian E-commerce Landscape","2023","2023 4th International Conference on Data Analytics for Business and Industry, ICDABI 2023","","","","571","575","1","10.1109/ICDABI60145.2023.10629402","https://www.scopus.com/pages/publications/85202445090?origin=resultslist","The exponential expansion of the e-commerce sector in India can be attributed to factors such as digitization, shifts in consumer behavior, and advancements in technology. However, the sector's complete potential is impeded by a myriad of problems that coincide with its growth trajectory. This study employed a methodology that comprised structured interviews, adopting purposeful sampling of 130 executives and managers in the e-commerce business. This research aims to shed light on these issues and investigate the role of potential technical solutions in resolving them. The paper dives into a variety of technical solutions such as multi-lingual artificial intelligence interfaces, blockchain technology for enhancing supply chain transparency, and secure authentication mechanisms. Technology is key to resolving payment inclusion and last-mile delivery and increasing data security and privacy. This research endeavors to offer practical recommendations for businesses, policymakers, and stakeholders by identifying obstacles and recommending solutions driven by technology. The study envisions a future in which technological interventions propel India's e-commerce industry to new heights, fostering economic development and empowering consumers.  © 2023 IEEE.","AI; AI powered; Block Chain; Digital payment; E-Commerce; India; last mile delivery; online business; technology","Blockchain; AI powered; Block-chain; Digital payment; E- commerces; India; Last mile; Last mile delivery; Online business; Technical solutions; Technology; Marketplaces","Conference paper","Final","","Scopus","2-s2.0-85202445090"
"Bhardwaj M.; Kanchan S.","Bhardwaj, Megha (57194154596); Kanchan, Sarvartha (57194160285)","57194154596; 57194160285","Supply chain design for e-Commerce marketplace same/next day delivery","2017","Proceedings of the International Conference on Industrial Engineering and Operations Management","","","","566","573","0","","https://www.scopus.com/pages/publications/85018947774?origin=resultslist","Marketplace model inherits uncertainty due to dependency on external attributes like seller behaviour, seller inventory and many more. Apart from these, marketplace model inherits turbulence from within Supply Chain. As a result, the performance of the marketplace model when compared to conventional warehouse model in terms of speed, reliability, shrinkage is low in standards. The insights from customer experience survey establish that one of the key drivers for higher customer satisfaction is speed. Better speed can be achieved by designing process to reduce risk contributed by external and internal factors. The Express Supply Chain provides same/next day delivery for marketplace model as compared to 4-5 days' delivery in usual marketplace model. © IEOM Society International.","Design; Marketplace; Speed; Supply chain","","Conference paper","Final","","Scopus","2-s2.0-85018947774"
"Madnani P.; Kukreja D.; Varshney D.; Ajaydeep","Madnani, Prakhar (60261208700); Kukreja, Devansh (60261202400); Varshney, Deepika (57210204539); Ajaydeep (60261221300)","60261208700; 60261202400; 57210204539; 60261221300","ORDERLY: An Intelligent Hybrid Platform for Online Shopping System","2025","2025 17th International Conference on Contemporary Computing, IC3 2025","","","","","","0","10.1109/IC366947.2025.11290145","https://www.scopus.com/pages/publications/105032185197?origin=resultslist","The E-Commerce Aggregator is an innovative web application that transforms online shopping across multiple Indian e-commerce platforms. To address the fragmentation in the digital marketplace, the proposed system creates a unified interface where users can simultaneously search across Amazon.in, Flipkart, Blinkit, and Zepto, compare real-time prices, and manage their shopping carts directly within a single application. The system architecture combines a React/TypeScript frontend deployed on Vercel with a FastAPI backend running on AWS EC2. It leverages Playwright browser automation for scraping and cart operations, storing transient product data in Redis Cloud while managing user profiles and authentication in MongoDB Atlas. The sophisticated product matching algorithm employs TF-IDF vectorization, attribute-based matching, and fuzzy matching techniques to identify identical products across different platforms. The system creates genuine value by eliminating the need to navigate between different platforms, streamlining the comparison process, and enabling seamless cart operations - ultimately transforming how users interact with multiple e-commerce platforms.  © 2025 IEEE.","Amazon; AWS EC2; Blinkit; Ecommerce; Flipkart","Information systems; Amazon; AWS EC2; Blinkit; Commerce platforms; E- commerces; Ecommerce; Flipkart; Hybrid platform; On-line Shopping systems; WEB application; Electronic commerce","Conference paper","Final","","Scopus","2-s2.0-105032185197"
"Elektra S.; Christian Y.; Sipayung Y.F.; Maharani A.; Sudrajat D.","Elektra, Sara (59539194400); Christian, Yoseph (57314492600); Sipayung, Yusuf Febrio (59540027600); Maharani, Anita (57202744935); Sudrajat, Darjat (56820150700)","59539194400; 57314492600; 59540027600; 57202744935; 56820150700","Why Green Logistics Services and Service Quality Matters for Customer Satisfaction of E-Commerce’s Last Mile Delivery?","2024","ACM International Conference Proceeding Series","","","","243","252","0","10.1145/3691422.3691462","https://www.scopus.com/pages/publications/85216754870?origin=resultslist","The increasing number of transactions in e-commerce has an impact on the last-mile delivery usage. So, it will influence the service providers by aligning their strategies to fulfill the customers’ expectations. In this research, the factors which influence customer perceived value, as mediating role, and customer satisfaction, like information quality, delivery quality, personnel contact quality, perceived price, and green logistics services are analyzed through this research by utilizing questionnaire with cross-sectional and PLS-SEM method. The research included 228 participants with prior experience using e-commerce same-day delivery services. Afterward, the assessment of these variables involves employing SmartPLS 4.0 for both hypothesis testing and importance-performance analysis. According to the results, the findings highlight information quality, delivery quality, personnel contact quality, and customer perceived value have significant roles in customer satisfaction. In the other hand, perceived price and green logistics services has a significant role to the customer satisfaction when customer perceived value is involved as a mediating role. Additionally, this study utilizes importance-performance analysis to evaluate the importance of the constructed variables in impacting customer satisfaction within the context of same-day delivery services in e-commerce. © 2024 Copyright held by the owner/author(s).","customer perceived value; customer satisfaction; importance-performance analysis; Last-mile delivery; PLS-SEM","Customer satisfaction; Marketplaces; Customer perceived values; Customers' satisfaction; E- commerces; Green logistics; Importance-performance analysis; Last mile; Last-mile delivery; Logistics services; Mediating roles; PLS-SEM; Sales","Conference paper","Final","","Scopus","2-s2.0-85216754870"
"Suali A.S.; Srai J.S.; Tsolakis N.","Suali, Arunpreet Singh (59067490900); Srai, Jagjit Singh (24077284300); Tsolakis, Naoum (55921449500)","59067490900; 24077284300; 55921449500","The role of digital platforms in e-commerce food supply chain resilience under exogenous disruptions","2024","Supply Chain Management","29","3","","573","601","74","10.1108/SCM-02-2023-0064","https://www.scopus.com/pages/publications/85192389328?origin=resultslist","Purpose: Operational risks can cause considerable, atypical disturbances and impact food supply chain (SC) resilience. Indicatively, the COVID-19 pandemic caused significant disruptions in the UK food services as nationwide stockouts led to unprecedented discrepancies between retail and home-delivery supply capacity and demand. To this effect, this study aims to examine the emergence of digital platforms as an innovative instrument for food SC resilience in severe market disruptions. Design/methodology/approach: An interpretive multiple case-study approach was used to unravel how different generations of e-commerce food service providers, i.e. established and emergent, responded to the need for more resilient operations during the COVID-19 pandemic. Findings: SC disruption management for high-impact low-frequency events requires analysing four research elements: platformisation, structural variety, process flexibility and system resource efficiency. Established e-commerce food operators use partner onboarding and local waste valorisation to enhance resilience. Instead, emergent e-commerce food providers leverage localised rapid upscaling and product personalisation. Practical implications: Digital food platforms offer a highly customisable, multisided digital marketplace wherein platform members may aggregate product offerings and customers, thus sharing value throughout the network. Platform-induced disintermediation allows bidirectional flows of data and information among SC partners, ensuring compliance and safety in the food retail sector. Originality/value: The study contributes to the SC configuration and resilience literature by investigating the interrelationship among platformisation, structural variety, process flexibility and system resource efficiency for safe and resilient food provision within exogenously disrupted environments. © 2024, Arunpreet Singh Suali, Jagjit Singh Srai and Naoum Tsolakis.","Digital platforms; E-commerce food supply chains; Exogenous disruptions; Industry case studies; Resilient operations","","Article","Final","All Open Access; Green Open Access; Hybrid Gold Open Access","Scopus","2-s2.0-85192389328"
"Wu J.; Wang X.; Chen L.; He Y.","Wu, Jianghua (59971850000); Wang, Xin (58545274300); Chen, Longdi (59133534300); He, Yuhong (56953763000)","59971850000; 58545274300; 59133534300; 56953763000","Blockchain adoption to eliminate dispute in platform-supplier cooperative delivery","2024","Computers and Industrial Engineering","192","","110227","","","5","10.1016/j.cie.2024.110227","https://www.scopus.com/pages/publications/85193538884?origin=resultslist","Inefficient delivery services undermine consumers’ online shopping experience, posing a crucial challenge for e-commerce platforms and suppliers. In a platform-supplier cooperative delivery system, the issue of unclear responsibility for quality defects often arises. By utilizing real-time traceability enabled by blockchain, the platform can promptly identify supplier delivery accidents and return defective products directly to the supplier. This blockchain-enabled return mechanism could significantly reduce disputes in cooperative delivery processes. We develop a game theoretical model to analyze delivery strategies in supply chains with and without blockchain, and further examine the impact of blockchain on members’ delivery services and their profits. Our analysis indicates that blockchain incentivizes the platform to conduct high-level delivery services. However, it may either encourage or discourage the supplier's provision of high-level delivery services. Moreover, blockchain acts as a double-edged sword in the supply chain, enhancing consumer satisfaction while also increasing wholesale prices. The interaction between these two effects determines whether blockchain negatively impacts on the supply chain's profit, with the disposal cost of returned products by the supplier playing a crucial role. When the supplier's disposal cost is relatively high, blockchain may result in supply chain members being worse off, despite its enhancement of consumer satisfaction. Furthermore, we find that blockchain enhances both the delivery service level and the profit of the supply chain if neither the supplier's disposal cost nor the platform's cost of high-level service are high. This study provides valuable insights into the potential benefits and challenges associated with blockchain adoption in cooperative delivery systems. © 2024 Elsevier Ltd","Blockchain; Cooperation; Delivery service; E-commerce platform","Costs; Defects; Electronic commerce; Game theory; Profitability; Supply chains; Block-chain; Commerce platforms; Consumer satisfactions; Cooperation; Delivery service; Delivery systems; Disposal costs; E- commerces; E-commerce platform; Online shopping; Blockchain","Article","Final","","Scopus","2-s2.0-85193538884"
"Samonte M.J.; De Luna J.M.G.; Alberca F.N.; Eco A.L.G.; De Goma J.C.","Samonte, Mary Jane (36344067500); De Luna, James Marius G. (59223843800); Alberca, FItzpatrick N. (59556450900); Eco, Alessandra Leonina G. (59536906100); De Goma, Joel C. (57202494372)","36344067500; 59223843800; 59556450900; 59536906100; 57202494372","Cloud-Native E-commerce Solutions: Evaluating the Cost-Effectiveness of Cloud Platforms for Hosting and Scaling E-commerce Applications","2024","Proceedings - 2024 14th International Conference on Software Technology and Engineering, ICSTE 2024","","","","50","55","0","10.1109/ICSTE63875.2024.00016","https://www.scopus.com/pages/publications/85217795399?origin=resultslist","This paper delves into the critical role of cloud-native e-commerce solutions in the contemporary digital landscape, emphasizing the secure and efficient hosting and scaling of applications. Through a comprehensive evaluation, the study assesses the performance, cost-effectiveness, and security aspects of various cloud platforms tailored for e-commerce. The findings underscore the transformative impact of cloud-native architectures in enhancing operational efficiency, optimizing customer experiences, and boosting competitiveness in the digital marketplace. Key insights reveal that security risks, performance benchmarking, and cost analysis are pivotal in shaping the strategic adoption of cloud-native solutions. Implementing robust security measures is crucial to mitigate vulnerabilities and ensure data integrity. Additionally, tailored performance evaluations help identify the most suitable cloud configurations, while strategic cost optimization strategies contribute to sustainable business operations. The study also explores the integration of edge computing and hybrid cloud setups, highlighting their potential to enhance energy efficiency, achieve significant cost savings, and improve operational resilience. These advancements allow businesses to adapt to fluctuating demands and maintain continuity in service delivery. Looking forward, the future of cloud-native e-commerce solutions lies in strategically integrating emerging technologies such as AI and loT, establishing robust security frameworks, and adopting agile operational practices. These elements drive business growth, foster innovation, and maintain a competitive edge in the rapidly evolving digital economy.  © 2024 IEEE.","Cloud computing; cloud platforms; cost-effectiveness; e-commerce; performance evaluation; scalability","Cloud security; Marketplaces; Cloud platforms; Cloud-computing; Comprehensive evaluation; E- commerces; E-Commerce applications; Performance costs; Performances evaluation; Robust security; Scalings; Security aspects; Cloud platforms","Conference paper","Final","","Scopus","2-s2.0-85217795399"
"Layona R.; Yulianto B.; Tunardi Y.","Layona, Rita (57188932777); Yulianto, Budi (6506615618); Tunardi, Yovita (57188921149)","57188932777; 6506615618; 57188921149","Expedition Management Systems and Package Placement Optimization","2025","2025 5th International Conference on Innovative Research in Applied Science, Engineering and Technology, IRASET 2025","","","","","","1","10.1109/IRASET64571.2025.11008314","https://www.scopus.com/pages/publications/105007655074?origin=resultslist","The practice of social distancing has changed people's shopping style from onsite to online through e-commerce. This has increased the need for expeditions to deliver packages from a seller to buyers. Expedition companies need to improve efficiency in terms of the shortest route and the procedure for arranging packages. The development of this system uses the Kruskal algorithm to determine the shortest route (by using minimum spanning tree method) and the Greedy algorithm to arrange packages into a basket. The result of this study is an expedition management system that optimizes the delivery distance and the number of packages sent. This system can determine the shortest travel route from one warehouse to another. In addition, the optimization of the number of packages sent by taking into account the volume and weight of the packages transported. The system provides convenience and speed in arranging packages into a basket if the number of packages is above 75% of the basket capacity. © 2025 IEEE.","expedition management; greedy algorithm; minimum spanning tree; online shopping; package placement","Electronic money; Sales; E- commerces; Expedition management; Greedy algorithms; Management systems; Minimums panning tree; Online shopping; Package placement; Placement optimization; Shortest route; System use; Marketplaces","Conference paper","Final","","Scopus","2-s2.0-105007655074"
"Kumar A.; Shawkat A.B.M.","Kumar, Anal (57194779316); Shawkat, A.B.M. (36676979700)","57194779316; 36676979700","I-SHOP: A Model for Smart Shopping","2017","Proceedings - Asia-Pacific World Congress on Computer Science and Engineering 2016 and Asia-Pacific World Congress on Engineering 2016, APWC on CSE/APWCE 2016","","","7941952","139","143","7","10.1109/APWC-on-CSE.2016.032","https://www.scopus.com/pages/publications/85021905093?origin=resultslist","Online shopping is an easy and comfortable way of shopping from a large range of products. There are innumerable advantages of online shopping. Customers can save a lot of time which they normally need to physically go to the retail shop and buy the products that customers want. We have set up a fully functional e-commerce website that has the capacity to be extended to a smarter model by incorporating data mining to understand customer buying habits and traits to predict future trends. We have utilized a free CMS system and developed the website using MYSQL database and PHP programming language. Firstly it is a free CMS system so others can use without paying. This smart shopping model is divided into 9 modules. The Registration Module which allows users and customers to register on the i-shop website in order to use it. The Products Browse and Products Search Module allow the customers easy access to search the website for their preferred products. The Shopping cart Module which has multiple currency capability to allow customers to use the website in their preferred currency. Also implemented is the Shipping & Billing Module which allows the vendor to control the amount of shipping charges. The Payment Module allows the customer many methods to make payments. The Admin User Management, Admin Catalog Management and Admin Order Management Module allow the admin of i-shop model to manage, control and monitor the overall website in a seamless manner. Finally this study attempts to examine how a smarter shopping model will influence consumers' online shopping attitude. © 2016 IEEE.","Electronic commerce; I-shop; Smart Shopping","E-commerce websites; Functionals; Future trends; I-shop; Online shopping; PHP programming; Shop websites; Shopping cart modules; Shopping model; Smart shopping; Marketplaces","Conference paper","Final","","Scopus","2-s2.0-85021905093"
"Zheng S.; Tong S.; Kwon H.E.; Burtch G.; Li X.","Zheng, Shuang (57218480860); Tong, Siliang (57195136859); Kwon, Hyeokkoo Eric (57188993053); Burtch, Gordon (55502077800); Li, Xianneng (35305479300)","57218480860; 57195136859; 57188993053; 55502077800; 35305479300","Recommending What to Search: Sales Volume and Consumption Diversity Effects of a Query Recommender System","2024","45th International Conference on Information Systems, ICIS 2024","","","","","","0","","https://www.scopus.com/pages/publications/105010822876?origin=resultslist","This study examines the impact of a Query Recommender System (QRS) on user search behavior, sales volume, and consumption diversity within a leading mobile food delivery app in Asia. Through a randomized field experiment, we find that the introduction of a QRS increases user order volumes by approximately 1-2% over a 30-day period. Further analyses unpack the underpinning mechanism that the QRS significantly reduces cognitive effort during the query generation process, leading users to formulate shorter and more generic search queries. This change in query generation behavior broadens users' exposure to a wider range of merchants and products, ultimately enhancing consumption diversity. These effects contribute to a more dynamic and competitive marketplace at both the individual and market levels. Our research provides valuable insights for platform, indicating that the integration of QRS can drive economic value by encouraging exploratory search patterns and increasing consumption diversity in mobile commerce environments. © 2024 International Conference on Information Systems. All Rights Reserved.","auto-complete; field experiment; market concentration; mobile search; mobile shopping; query generation; Query recommendation","Behavioral research; Information systems; Information use; Mobile commerce; Query languages; Query processing; Sales; Search engines; Auto-complete; Diversity effects; Field experiment; Market concentration; Mobile search; Mobile shopping; Query generation; Query recommendations; Query recommender systems; Sale volumes; Recommender systems","Conference paper","Final","","Scopus","2-s2.0-105010822876"
"Su C.-J.; Chuang H.-C.","Su, Chuan-Jun (36553317500); Chuang, Hsin-Chi (36105700700)","36553317500; 36105700700","Toward mass customized product deployment in e-commerce: The modularization function and postponement strategy","2011","Journal of Organizational Computing and Electronic Commerce","21","1","","24","49","4","10.1080/10919392.2011.541000","https://www.scopus.com/pages/publications/79551558832?origin=resultslist","Strategically deploying customized products in an e-commerce environment not only helps businesses respond with greater agility to customer needs and strengthen their market position, but also helps businesses gain competitive edge and increase profitability. Underlying successful mass customization within the digital marketplace, a firm needs a methodology for striking a balance between the degree of customization and product pricing and delivery time-a critical supply chain issue. Providing either too much or too little customization can negatively impact both the business and the customer. This study introduces a decision-making method for product customization. This method takes into account the level of customization, production costs, and the product delivery time and applies the concept of postponement strategy to the product supply chain to boost overall supply chain effectiveness and customer satisfaction. Bicycle customization is used as an example to demonstrate the feasibility of the new approach to determine the optimal level of customization in product deployment. © Taylor & Francis Group, LLC.","Customer order decoupling point (codp); E-commerce; Mass customization; Postponement strategy; Product deployment","","Article","Final","","Scopus","2-s2.0-79551558832"
"Çay A.; Küp E.T.; Bayram B.; Çıltık A.","Çay, Ahmet (59377586400); Küp, Eyüp Tolunay (57217492549); Bayram, Barış (57197048651); Çıltık, Ali (22949783700)","59377586400; 57217492549; 57197048651; 22949783700","Courier Payout Cash-Flow Prediction in Crowdsourced E-Commerce Logistics: A Hybrid Machine Learning Approach","2024","Lecture Notes in Networks and Systems","1089 LNNS","","","195","207","2","10.1007/978-3-031-67195-1_25","https://www.scopus.com/pages/publications/85206992927?origin=resultslist","In the rapidly growing sector of crowdsourced e-commerce logistics, where delivery volumes are highly variable, the effective management of courier payouts becomes essential to maintain operational efficiency. This paper introduces a comprehensive hybrid approach, blending clustering methods with multiple advanced regression models, to accurately predict daily courier payout cash-flows. By utilizing real-world data from e-commerce operations, our methodology estimates the daily financial outflows for courier payments, a critical component for adapting to the dynamic and unpredictable nature of crowdsourced logistics. Our approach includes a thorough comparative analysis of several stateof-the-art regression models-namely, XGBoost Regressor, LightGBM Regressor, and Facebook’s PROPHET-in conjunction with clustering techniques that categorize similar cross-docks based on distinct characteristics. This integrated, hybrid strategy aims to provide precise daily financial predictions for each cross-dock, which is crucial for robust financial planning and effective resource allocation. The practical implications of this research are significant, offering logistics companies a powerful tool to navigate the complexities of e-commerce environments. By ensuring more accurate cash-flow predictions, companies can optimize their operations, reduce financial uncertainties, and improve overall service quality in the highly competitive and fast-paced world of e-commerce logistics. © The Author(s), under exclusive license to Springer Nature Switzerland AG 2024.","Clustering; Crowdsourcing; E-Commerce Logistics; LightGBM; Machine Learning; Payout Prediction; Prophet; Regression; XGBoost","Crowdsourcing; Electronic commerce; Electronic trading; Finance; Information management; Marketplaces; Quality of service; Cash flow; Clusterings; E- commerces; E-commerce logistic; Lightgbm; Machine-learning; Payout prediction; Prophet; Regression; Xgboost; Resource allocation","Conference paper","Final","","Scopus","2-s2.0-85206992927"
"Martin S.","Martin, Sean (55450120500)","55450120500","Energy on your screen","2005","Petroleum Review","59","701","","12","13","0","","https://www.scopus.com/pages/publications/20844443249?origin=resultslist","The rise of electronic trading, with the widest variety of markets and products and its impact on the energy sector is discussed. Electronic trading has several benefits such as better price discovery, speed of delivery, extended opening hours, wider distribution channels and promise of straight-through processing. The important development that has taken place is the arrival of the Internet which made e-commerce possible and turned computer screens into global marketplace. One of the solutions provided to fully support a professional trading is an arcade that provide all the hardware and software needed and allowing to share knowledge and strategies with the co-workers.","","Contracts; Crude petroleum; Electronic commerce; Internet; Marketing; Product development; Professional aspects; Risk assessment; Customer support; Electronic interfaces; Electronic trading; Energy markets; Energy sector; Risk administration; Energy policy","Review","Final","","Scopus","2-s2.0-20844443249"
"Zhang M.; Yang W.; Wang P.P.; Zhao Z.; Wang S.; Huang G.Q.","Zhang, Mengdi (56204508000); Yang, Wanting (58315230400); Wang, Pang Paul (58166075800); Zhao, Zhiheng (57192180873); Wang, Shuaian (57195297860); Huang, George Q. (7403425048)","56204508000; 58315230400; 58166075800; 57192180873; 57195297860; 7403425048","Towards low-carbon e-commerce return logistics: optimization for simultaneous pickup and delivery","2026","Industrial Management and Data Systems","126","1","","147","174","3","10.1108/IMDS-01-2025-0026","https://www.scopus.com/pages/publications/105002455152?origin=resultslist","Purpose – The rapid expansion of e-commerce platforms has made collaborative logistics networks essential. This study tackles the intricate challenge of optimizing pickup and delivery activities in constrained areas, striving to meet the ever-increasing e-commerce demands while maintaining tight control over distribution costs. Design/methodology/approach – This study develops a vehicle routing problem with simultaneous pickup and delivery with time windows (VRPSPDTW) model and validates it using simulated annealing (SA) and a hybrid algorithm combining simulated annealing with tabu search (SA-TS). Random pickup and delivery requests are generated following a uniform distribution to evaluate the model’s performance. Findings – This research validates the VRPSPDTW model and the SA and SA-TS algorithms, demonstrating their superior flexibility and comprehensiveness compared to traditional methods. The findings demonstrate their effectiveness in managing dynamic demands, optimizing first-mile and last-mile coordination, and improving efficiency in collaborative e-commerce logistics. Research limitations/implications – To validate the model, this study employed simplified demand patterns and a uniform distribution. Future research could integrate a broader range of constraints and test scalability across various logistics scenarios to enhance practical applicability. Practical implications – The proposed VRPSPDTW model optimizes pickup and delivery routes in e-commerce logistics centers, enhancing network coordination, reducing operational costs and improving delivery efficiency, demonstrating significant practical value. Originality/value – This research provides an innovative solution for collaborative logistics networks. By addressing first-mile pickups and last-mile deliveries with the VRPSPDTW model and heuristic algorithms, the study fosters operational efficiency and demonstrates practical approaches to dynamic challenges in e-commerce logistics. © 2025 Emerald Publishing Limited","Collaborative logistics networks; E-commerce logistics; Heuristics; Return logistics; Sustainability","Marketplaces; Tabu search; Vehicle routing; Collaborative logistics networks; E- commerces; E-commerce logistic; Heuristic; Pickup and delivery; Return logistic; Simultaneous pickup and deliveries; Time windows; Uniform distribution; Vehicle Routing Problems; Simulated annealing","Article","Final","","Scopus","2-s2.0-105002455152"
"Bansal I.; Thakur A.","Bansal, Ishita (59136638300); Thakur, Anand (56966201900)","59136638300; 56966201900","Broken promises and empty carts: the reality of online shopping","2025","Journal of Systems and Information Technology","27","3","","487","514","1","10.1108/JSIT-08-2024-0310","https://www.scopus.com/pages/publications/105001437194?origin=resultslist","Purpose: Customers encounter several challenges in the fast-changing world of e-commerce that may significantly impact their online experience. The purpose of the present study is to dissect the complexities of digital consumer experiences, elucidating the challenges that influence their navigation in the virtual marketplace. Design/methodology/approach: The authors used a qualitative approach to identify the challenges that hinder customers’ online experience with mobile shopping apps (MSAs). Data collected from 25 in-depth interviews was analysed using thematic analysis through NVivo software. Findings: Findings uncovered nine significant themes outlining the challenges faced by customers during their MSA experience: user interface challenges, return and refund problems, quality assurance hurdles, emotional frictions, delivery system obstacles, customer support inhibitors, order and payment issues, security and privacy concerns, and pricing dilemmas. Originality/value: Although previous research has focused on the positive components of mobile shopping, there remains a scarcity of studies comprehending the obstacles and difficulties that lead to unfavourable customer experiences. Using a critical lens on consumer resentment, this study explores various challenges that hinder customers’ smooth engagement with MSAs. © 2025, Emerald Publishing Limited.","Challenges; Mobile shopping applications; Online customer experience","Marketplaces; Mobile commerce; Challenge; Customer experience; Design/methodology/approach; E- commerces; Mobile shopping; Mobile shopping application; Online customer experience; Online customers; Online shopping; Virtual marketplace; Sales","Article","Final","","Scopus","2-s2.0-105001437194"
"Nath A.K.; Saha P.; Salehi-Sangari E.","Nath, Atanu K. (23390209800); Saha, Parmita (23390670100); Salehi-Sangari, Esmail (12783679300)","23390209800; 23390670100; 12783679300","Transforming supply chains in digital content delivery: A case study in apple","2008","IFIP International Federation for Information Processing","255","","","1079","1089","5","10.1007/978-0-387-76312-5_32","https://www.scopus.com/pages/publications/38049000897?origin=resultslist","Agility, or the ability to respond quickly and effectively to market demands has become an important competitive tool in the manufacturing industry. Firms deploying global sourcing strategies have to balance the benefits of cost-effectiveness against the limitations of off shore productions. Improving supply chain performance is a key to achieving cost effectiveness, and the improvement largely depends upon the degree to which uncertainty can be reduced in the supply chain. This paper conducts a case study of Apple as it moves into the arena of digital content delivery and initiates hardware innovations in an industry that is characterized by increasing product variety, new technologies, price erosion, and fast inventory turn-overs. The purpose of this paper is to explore Apple's supply chain and some of the challenges it has faced in agilely managing its offshore manufacturing in facing demand. Secondly, the paper also explores the manoeuvering, shift of power and change of roles within the supply chain as it moves into the arena of digital content delivery. As a result of our study, we reach the conclusion that the traditional suppliers in the media content industry are yet to make the transition in mind to becoming pure digital players. As more and more consumers make a complete switch to digital media and become used to not owning physical media, the suppliers who retain control through copyrights fall back on strategies that reflect the workings of the non-digital era. Successful companies stand to face the dual task of changing the mindset of its suppliers on one hand, and meeting and setting up an uncharted path for its customers in digital content in a pioneering role for the industry on the other. We find that while managing the supply chain in the traditional 'non-e' market provides challenges related to cost-effectiveness and physical barriers, in the 'e' marketplace managing the supply chain encounters barriers not physical but rather strategic that is entrenchedin more traditional operating modes. © 2008 International Federation for Information Processing.","E-Commerce; E.Logistics; Strategic alliances; Strategic business transformation; Supply chain management","Commerce; Cost effectiveness; Digital storage; Electronic commerce; Fruits; Industry; Research; Supply chain management; Supply chains; Competitive tools; E.Logistics; Manufacturing industries; Offshore manufacturing; Physical barriers; Strategic alliance; Strategic business; Supply chain performance; Information systems","Conference paper","Final","","Scopus","2-s2.0-38049000897"
"Singh G.; Sahasrabudhe C.; Kagalwala H.; Kumar T.Y.; Labhane S.; Dhakate P.","Singh, Gunjan (59669636800); Sahasrabudhe, Chintamani (59669545200); Kagalwala, Hatim (59670001300); Kumar, Teki Yaswanth (59670186700); Labhane, Suchitra (59377782800); Dhakate, Prasanna (59669727100)","59669636800; 59669545200; 59670001300; 59670186700; 59377782800; 59669727100","AI Powered Recommender Systems for E-commerce","2024","2024 2nd International Conference Computational and Characterization Techniques in Engineering and Sciences, IC3TES 2024","","","","","","1","10.1109/IC3TES62412.2024.10877455","https://www.scopus.com/pages/publications/86000023472?origin=resultslist","The disruptive influence that artificial intelligence-powered recommender systems can have on e-commerce platforms. The delivery of largely individualized buying gestures is accomplished by these systems by the utilization of sophisticated machine learning algorithms, which analyze enormous numbers of stoner data. When it comes to artificial intelligence, we investigate several methods, such as cooperative filtering, content-based filtering, and mongrel models, that improve the quality of recommendations and the level of satisfaction experienced by stoners. The research underlines the importance of having a high level of reading to comprehend the tastes of stoners and to forecast the purchases of unborn children. In the same vein, it examines the difficulties that will be encountered while implementing AI recommender systems. These difficulties include data sequestration businesses, algorithmic impulses, and scalability. The article explains how e-commerce businesses may optimize their recommendation machines to promote client engagement and increase deals by using case studies and empirical analysis to illustrate the effectiveness of these optimization strategies. In the end, this investigation highlights the significance of artificial intelligence in revolutionizing online buying, providing valuable insight for organizations that are looking to improve their competitive edge in the digital market. © 2024 IEEE.","AI-driven insights; e-commerce; Machine learning; personalized shopping; recommendation algorithms; user preferences","Adversarial machine learning; Contrastive Learning; AI-driven insight; Commerce platforms; Content based filtering; E- commerces; Machine learning algorithms; Machine-learning; Personalized shopping; Recommendation algorithms; Sophisticated machines; User's preferences; Marketplaces","Conference paper","Final","","Scopus","2-s2.0-86000023472"
"Rahmadhani N.A.; Ayu Kusumawati Y.","Rahmadhani, Nera Ayu (58810433800); Ayu Kusumawati, Yudhistya (57226758490)","58810433800; 57226758490","Developing E-commerce for Coffee Enthusiast","2023","2023 International Conference on Informatics, Multimedia, Cyber and Information Systems, ICIMCIS 2023","","","","502","507","0","10.1109/ICIMCIS60089.2023.10348972","https://www.scopus.com/pages/publications/85182271361?origin=resultslist","This research examines the current state of the art of mobile app marketplaces for coffee and the potential benefits for coffee enthusiasts, producers, and suppliers. The growing demand for high-quality coffee has created a need for a convenient platform that connects coffee enthusiasts with a wide range of coffee products. Well-designed mobile app marketplace can provide an easy-to-use platform for browsing, searching, and purchasing coffee products, while also creating new opportunities for coffee producers and suppliers to reach a wider audience. The research highlights the importance of user interface design in creating a positive user experience, emphasizing the need for clear navigation, visual appeal, usability, and convenient payment and delivery options. Additionally, the use of data analytics and artificial intelligence can play a valuable role in personalizing the marketplace and providing relevant recommendations and offers to coffee enthusiasts. The research concludes that by focusing on user interface design, data analytics, and sustainability, it is possible to create a mobile app marketplace for coffee that meets the needs, while also providing a valuable platform for the coffee industry as a whole. © 2023 IEEE.","Coffee; design thinking; e-commerce; sustainability","Data Analytics; Electronic commerce; User interfaces; 'current; Coffee products; Data analytics; Design thinking; E- commerces; Growing demand; Mobile app; Potential benefits; State of the art; User interface designs; Sustainable development","Conference paper","Final","","Scopus","2-s2.0-85182271361"
"Lita M.G.K.; Mardhiyyah A.D.; Maharani I.G.A.N.S.; Mulia A.P.; Maulana F.I.","Lita, Mario Gracius Krishna (58683949300); Mardhiyyah, Alya Dhiya’ (58928255000); Maharani, I. Gusti Ayu Ngurah Stita (58869064500); Mulia, Angelina Patience (58869162800); Maulana, Fairuz Iqbal (57908383700)","58683949300; 58928255000; 58869064500; 58869162800; 57908383700","Sentiment Analysis of Tokopedia Product Reviews Using Naïve Bayes Algorithm","2025","Communications in Computer and Information Science","2185 CCIS","","","179","189","0","10.1007/978-3-031-71484-9_16","https://www.scopus.com/pages/publications/85208447790?origin=resultslist","Sentiment analysis is a method for classifying text using a Natural Language Processing (NLP) machine learning approach. Sentiment analysis can be utilized in various sectors to help obtain information on customer satisfaction based on positive and negative categories. This study aims to conduct sentiment analysis on customer satisfaction based on product quality, goods delivery service, and seller response in a popular e-commerce application in Indonesia, Tokopedia. This research uses a dataset containing 29 product categories on Tokopedia. Modeling of this dataset will be analyzed using the Naïve Bayes approach and other data processing processes. Based on the analysis process, the researcher found that there were 52.9% negative reviews and the Naïve Bayes approach had good performance for negative sentiment and good precision of 0.99. However, this approach still has shortcomings in terms of generating recall and F1-Score for negative sentiment while positive sentiment shows a balanced performance. © The Author(s), under exclusive license to Springer Nature Switzerland AG 2025.","E-commerce; Machine Learning; Naïve Bayes; Sentiment Analysis","Contrastive Learning; Customer satisfaction; Marketplaces; Natural language processing systems; Sales; Customers' satisfaction; Machine-learning; Naive bayes; Naive Bayes approaches; Naive-Bayes algorithm; Natural languages; Negative sentiments; Performance; Product reviews; Sentiment analysis; Adversarial machine learning","Conference paper","Final","","Scopus","2-s2.0-85208447790"
"Sarwar A.; Tareq M.A.; Siddika A.; Seng V.O.K.","Sarwar, Abdullah (55390247500); Tareq, Mohammad Ali (57196278018); Siddika, Aysa (57997657500); Seng, Vincent Oh Kim (57189847606)","55390247500; 57196278018; 57997657500; 57189847606","Effectiveness of E-Commerce Platform Among Millennials During Pandemic","2023","Journal of System and Management Sciences","13","4","","433","446","2","10.33168/JSMS.2023.0426","https://www.scopus.com/pages/publications/85167400056?origin=resultslist","This study aims to evaluate the effectiveness of e-commerce platforms among millennials during pandemics. A quantitative approach was employed, and the structural relationship of constructs was examined using PLS-SEM to determine the effectiveness of the e-commerce platform. Online questions were created using Google Forms to collect data, and the research constructs' scales were updated and adapted from earlier studies. The sample consisted of internet users who used the online marketplace during the Covid-19 epidemic from March to December 2021. A total of 226 respondents were asked to measure the effectiveness of the e-commerce platform during the pandemic. According to the study, customers relied more on the e-commerce platform for transactions involving trust-building and online protection. The study identified that customer service, trustworthiness, platform usability, and delivery service significantly affect e-commerce platform effectiveness. The Covid-19 pandemic caused a significant shift in the retail industry, indicating areas for improvement in e-commerce. This study contributes to developing e-commerce platforms by identifying significant avenues for millennials to perform their e-commerce transactions. This information can be useful for e-commerce platforms to improve their sites and services. © 2023, Success Culture Press. All rights reserved.","Covid-19 Pandemic; e-commerce; millennials; online shopping; shopping behaviour","","Article","Final","All Open Access; Gold Open Access","Scopus","2-s2.0-85167400056"
"Michalak T.; Tyrowicz J.; McBurney P.; Wooldridge M.","Michalak, Tomasz (25960221500); Tyrowicz, Joanna (25960464500); McBurney, Peter (10039133600); Wooldridge, Michael (56800190200)","25960221500; 25960464500; 10039133600; 56800190200","Exogenous coalition formation in the e-marketplace based on geographical proximity","2009","Electronic Commerce Research and Applications","8","4","","203","223","13","10.1016/j.elerap.2008.12.001","https://www.scopus.com/pages/publications/68949132877?origin=resultslist","This paper considers a model for exogenous coalition formation in e-marketplaces. Using its informational advantage, an e-retailer creates coalitions of customers based on geographical proximity. Most of the literature regards this process as endogenous: a coalition leader among the buyers bundles eventual purchases together in order to obtain a better bargaining position. In contrast - and in response to what is typically observed in business practice - we analyse a situation in which an existing e-retailer exogenously forms customers' coalitions. Results of this study are highly encouraging. Namely, we demonstrate that even under highly imperfect warehouse management schemes leading to contagion effects, the proposed combined delivery service may offer significant efficiency gains as well as opportunities for Pareto improvement. © 2008 Elsevier B.V. All rights reserved.","Coalition formation; Consumer satisfaction; Demand planning; e-Commerce; Multi-agent systems; Warehouse management","Electronic commerce; Industrial management; Planning; Quality function deployment; Sales; Warehouses; Coalition formation; Consumer satisfaction; Demand planning; e-Commerce; Warehouse management; Multi agent systems","Article","Final","","Scopus","2-s2.0-68949132877"
"Gao R.; Hua K.","Gao, Rong (56998095300); Hua, Kexin (58564830000)","56998095300; 58564830000","GREEN E-COMMERCE SUPPLY CHAIN ANALYSIS CONSIDERING DELIVERY TIME UNDER EPISTEMIC UNCERTAINTY BASED ON CONFIDENCE LEVEL","2025","RAIRO - Operations Research","59","1","","701","724","3","10.1051/ro/2025007","https://www.scopus.com/pages/publications/105000372413?origin=resultslist","Due to the growth of e-commerce and increasing demand for eco-friendly consumption, the green e-commerce supply chain has received significant attention recently. Additionally, the delivery time of products can significantly impact market demand in the online channel. However, due to incomplete historical data, epistemic uncertainty will inevitably arise when estimating the demand for green products. Therefore, by applying uncertainty theory, we propose an uncertain demand function based on greenness and delivery time, thus introducing delivery time into an uncertain green e-commerce supply chain comprising an e-commerce platform and a green manufacturer. Based on the above, chance-constrained models considering the confidence level associated with members risk attitude are constructed and solved for five scenarios, including the integrated scenario, the green manufacturer- dominant scenarios under the wholesale sales model and the platform sales model, as well as the cost-sharing scenarios under both sales models. The results show that the increasing cost parameter of green investment and the increasing maximum cost of delivery negatively affect the behavioral performance of the supply chain. Moreover, the choice of sales models by the e-commerce platform and the manufacturer is related to their attitude to risk. © The authors.","Confidence level; Delivery time; Epistemic uncertainty; Green e-commerce supply chain; Uncertainty theory","Green economy; Marketplaces; Commerce platforms; Confidence levels; Delivery time; E- commerces; Eco-friendly; Epistemic uncertainties; Green e-commerce supply chain; Market demand; Supply chain analysis; Uncertainty theory; Green development","Article","Final","All Open Access; Gold Open Access","Scopus","2-s2.0-105000372413"
"Priya N.; Mas'udin I.; Zulfikarijah F.","Priya, Nidhi (59789645100); Mas'udin, Ilyas (56507278100); Zulfikarijah, Fien (57202687872)","59789645100; 56507278100; 57202687872","The Impact of Cross-Border Logistics and E-Commerce on Sustainable Supply Chain Management in the Digital Age","2025","Cultural Sensitivity, Cross-Border Logistics, and E-Commerce in Global Marketing","","","","309","335","4","10.4018/979-8-3373-0528-8.ch014","https://www.scopus.com/pages/publications/105004526739?origin=resultslist","This chapter explores the dynamic interplay between cross-border logistics and e-commerce in shaping sustainable supply chain management (SCM) in the digital age. It focuses on how digital technologies, including AI, blockchain, and big data analytics, are transforming global logistics systems and e-commerce environments. These innovations boost operational efficiency, minimizes carbon emissions, and enhance supply chain visibility. The chapter also examines green logistics initiatives, including electric vehicles and eco-friendly packaging, and addresses key challenges like regulatory hurdles, cybersecurity risks, and the complexities of last-mile delivery. Real-world case studies, such as DHL's GoGreen initiative and SMEs leveraging digital tools, provide actionable insights for integrating sustainability into e-commerce logistics. By presenting strategies for businesses, policymakers, and researchers, the chapter underscores the importance of collaboration and innovation in aligning global trade with environmental and social responsibilities in a connected world. © 2025 by IGI Global Scientific Publishing. All rights reserved.","","Electronic money; Supply chain management; Block-chain; Chain management; Cross-border; Data analytics; Digital age; Digital technologies; E- commerces; Global logistics; It focus; Sustainable supply chains; Marketplaces","Book chapter","Final","","Scopus","2-s2.0-105004526739"
"Axel M.; Gunawan A.; Erica A.","Axel, Muhammad (59469500800); Gunawan, Annetta (57219707863); Erica, Archa (60136880400)","59469500800; 57219707863; 60136880400","Factors Influencing Shopping Cart Abandonment Among Gen Z in Indonesian E-Commerce","2025","Proceeding - 2025 4th International Conference on Creative Communication and Innovative Technology: Empowering Transformative MATURE LEADERSHIP: Harnessing Technological Advancement for Global Sustainability, ICCIT 2025","","","","","","0","10.1109/ICCIT65724.2025.11167497","https://www.scopus.com/pages/publications/105018473764?origin=resultslist","The rapid expansion of E-Commerce has significantly transformed consumer shopping behavior, particularly among Generation Z (Gen Z), the largest and most digitally engaged demographic in Indonesia. Despite the increasing adoption of online shopping, cart abandonment remains a persistent challenge, impacting conversion rates and revenue for E-Commerce platforms. This study aims to investigate the factors influencing shopping cart abandonment among Indonesian Gen Z consumers in the context of E-Commerce platforms. A quantitative approach was employed, utilizing Structural Equation Modeling (SEM) to analyze survey data from 350 respondents who have recently engaged in online shopping. The research explores six key determinants of cart abandonment is perceived cost, emotional ambivalence, internet search, offline inspection, complicated return policies, and waiting for discounts. The findings reveal that emotional ambivalence and waiting for discounts are the most significant predictors of cart abandonment, with emotional conflict causing decision fatigue and promotional delays prompting postponed purchases. In contrast, perceived cost, internet search, offline inspection, and return policies were found to have minimal impact on abandonment behavior. The results suggest that E-Commerce businesses targeting Gen Z should focus on enhancing consumer confidence through simplified decision-making processes and strategic promotional tactics to reduce cart abandonment rates. This study contributes valuable insights into the psychological and behavioral drivers of cart abandonment, offering practical implications for optimizing the online shopping experience for Indonesia's Gen Z consumers. © 2025 IEEE.","Cart Abandonment; Customer Behavior; E-Commerce; Gen Z; Indonesia","Consumer behavior; Decision making; Information management; Information systems; Information use; Marketplaces; Purchasing; Cart abandonment; Commerce platforms; Customer behavior; Generation Z; Indonesia; Internet searches; Off-line inspections; Online shopping; Perceived costs; Shopping carts; Electronic commerce","Conference paper","Final","","Scopus","2-s2.0-105018473764"
"Trappey A.J.C.; Trappey C.V.; Hou J.-L.; Chen B.J.G.","Trappey, Amy J.C. (7003314683); Trappey, Charles V. (6603075752); Hou, Jiang-Liang (7401966140); Chen, Bird J.G. (7408608758)","7003314683; 6603075752; 7401966140; 7408608758","Mobile agent technology and application for online global logistic services","2003","Industrial Management and Data Systems","104","1-2","","169","183","54","10.1108/02635570410522143","https://www.scopus.com/pages/publications/2342418969?origin=resultslist","With the growing trend toward the use of international supply chain and e-commerce, logistic service providers for product warehousing, transportation and delivery are placing great emphasis on information technology (IT) to be competitive globally. Realizing that the current service tracking system merely supports order status tracking within a service provider, applies mobile agent technology for online order tracking across the global logistic alliances. Utilizes a three-tier architecture for mobile agent technology and develops a prototype system for global logistic service tracking. Demonstrates the concept and technology proposed. The online service tracking services enable customers to monitor the real-time status of their service requests and therefore becomes key tool for modern enterprises to compete successfully in a global marketplace.","Logistics management; Real time scheduling; Services","Costs; Data processing; Electronic commerce; Information technology; Internet; Inventory control; Investments; Scheduling; Societies and institutions; Global logistic services; Logistics management; Mobile agent technology; Real time scheduling; Industrial management","Article","Final","","Scopus","2-s2.0-2342418969"
"Barchetti U.; Bucciero A.; Mainetti L.; Sabato S.S.","Barchetti, Ugo (15925175800); Bucciero, Alberto (15925150600); Mainetti, Luca (12752000100); Sabato, Stefano Santo (55663554000)","15925175800; 15925150600; 12752000100; 55663554000","A framework to support interoperability and multi-channel delivery among heterogeneous systems: Trame project","2008","ICEIS 2008 - Proceedings of the 10th International Conference on Enterprise Information Systems","DISI","","","179","189","2","","https://www.scopus.com/pages/publications/55849104356?origin=resultslist","The e-commerce has become a point of strength for the companies that desire to increase their billing enlarging their clients park and reducing the management costs. Therefore the demand has been born to use platforms able to support the interoperability between heterogeneous systems and the multi-channelling with variegated devices to access different services in reliable manner and to allow, so, a spread of the market toward partner with particular needs. Furthermore, many available services have been typically designed for a single channel the web one. In a real world scenario, an ever-growing number of users take advantage of different kind of communication channel and devices. In this paper we propose a B2B oriented framework able to support the interoperability among heterogeneous systems developed according to the ebXML reference model for the business messages interchange suitable to any B2B marketplace that foresees the commercial interaction among partners with different roles and profiles (including channel and device). Such framework has been developed and experimented for the TRAME research project that has as objective to create a room of district compensation of the peaks of productive ability demands within the Textile/Clothing sector and to give the needed infrastructure for the business messages exchange among the partners of the productive spinneret.","Database security and transaction support; E-procurement and Web-based supply chain management; Enterprise-wide client-server architecture; Legacy systems; Middleware integration; Multi-channel; Multi-modal","Client server computer systems; Cost reduction; Database systems; Information systems; Interoperability; Management information systems; Middleware; Servers; Supply chain management; Supply chains; Client-server architectures; Database security; e-Procurement; Enterprise-wide client-server architecture; Multi-channel; Multi-modal; Transaction support; Legacy systems","Conference paper","Final","","Scopus","2-s2.0-55849104356"
"Minu M.S.; Adithya; Kavya; SreeRanjini","Minu, M.S. (57204971986); Adithya (58153442900); Kavya (58852407700); SreeRanjini (59714557400)","57204971986; 58153442900; 58852407700; 59714557400","Intelligent E-Commerce Chatbot for Personalized Product Recommendations Using Text Mining and Machine Learning","2024","2024 2nd International Conference on Advances in Computation, Communication and Information Technology, ICAICCIT 2024","","","","681","686","0","10.1109/ICAICCIT64383.2024.10912384","https://www.scopus.com/pages/publications/105001379820?origin=resultslist","Innovative technology solutions have been developed in response to the growing need for effective and customized client contact on e-commerce platforms. This work introduces an intelligent chatbot system that uses machine learning and text mining techniques to improve user satisfaction and answer customer concerns. Advanced Natural Language Processing (NLP) models have been trained on large datasets, allowing for precise user intent interpretation and pertinent product recommendations. A strong recommendation engine is included into the system architecture to aid in decision-making, ultimately enhancing the customer experience by providing individualized, real-time help. The study also highlights the significance of data privacy by using privacy-preserving techniques to safeguard user data. The system's scalability and performance benefits are highlighted through thorough comparisons with current models. By showcasing the useful uses of machine learning and text mining in enhancing customer contact and service delivery, this study makes a substantial contribution to the development of AI-driven solutions in e-commerce. © 2024 IEEE.","Big Data; Chatbot; Cost; Data Mining; e-Commerce; Hadoop; Machine Learning; Product; Purchasing; Recommendation","Adversarial machine learning; Marketplaces; Sales; Chatbots; E- commerces; Hadoop; Innovative technology; Machine-learning; Personalized products; Product; Product recommendation; Recommendation; Text-mining","Conference paper","Final","","Scopus","2-s2.0-105001379820"
"McGuigan L.; Manzerolle V.","McGuigan, Lee (55453584400); Manzerolle, Vincent (45161629900)","55453584400; 45161629900","“All the world’s a shopping cart”: Theorizing the political economy of ubiquitous media and markets","2015","New Media and Society","17","11","","1830","1848","22","10.1177/1461444814535191","https://www.scopus.com/pages/publications/84947227075?origin=resultslist","Ubiquitous connectivity to networked information-communication technologies increasingly mediates social experiences of markets and retail environments. These conditions lead some marketing scholars to conclude that digital media are reaching their inevitable culmination: an omnipresent marketplace. They call this “ubiquitous commerce” (u-commerce). U-commerce annihilates constraints over markets; borders, cultural differences, and geography cease to impose friction on exchange. As part of a broader understanding of new media and marketing, u-commerce deserves attention from critical communication studies. In foregrounding concerns of space, time, and consciousness, u-commerce exemplifies a commercial theory of media and invites critique at the nexus of medium theory and political economy. The work of Harold Innis is uniquely suited to this task. This article contextualizes and identifies biases in the conceptual systems and infrastructures of u-commerce. © 2014, © The Author(s) 2014.","Digital marketing; e-commerce; Harold Innis; marketing theory; media theory; political economy; u-commerce","","Article","Final","All Open Access; Green Open Access","Scopus","2-s2.0-84947227075"
"Lim S.-B.; Hong S.; Park K.-D.; Lee S.-H.","Lim, Seong-Bae (7404080781); Hong, Soongoo (7405765815); Park, Kye-Doo (55504169100); Lee, Sang-Hee (55505129400)","7404080781; 7405765815; 55504169100; 55505129400","Suppliers' internal capabilities and participation in the electronic market","2006","Association for Information Systems - 12th Americas Conference On Information Systems, AMCIS 2006","3","","","1826","1833","0","","https://www.scopus.com/pages/publications/84870178735?origin=resultslist","Business to business (B2B) is the fastest growing segment of the explosive growth of e-commerce. The purpose of this study is to identify internal factors which influence the supplier's adoption of private exchange (PE), a single buyer side electronic market (EM). This study identified cost, flexibility, delivery, and quality as internal capabilities and investigated how these four factors influence suppliers' participation in PE. The results of the study indicate the following: (1) suppliers do not believe that their capability to produce customized products for customers plays an important role in PE; (2) they still believe that standardized rather than engineered products would dominate the marketplace; and (3) a contractible factor like lower price, rather than non-contractible factors including superior flexibility of production capability, fast and reliable delivery, and quality, plays an important role in the market.","Adoption of electronic market; Internal capabilities; Private exchange","Information systems; Business to business; Customized products; Electronic market; Engineered products; Explosive growth; Internal capabilities; Private-exchanges; Production capabilities; Reliable delivery; Electronic commerce","Conference paper","Final","","Scopus","2-s2.0-84870178735"
"Sivasubramanian K.; Acharjee S.; Adarsh R.; Kumarasamy P.; Thamilmani R.; Vani H.","Sivasubramanian, K. (57219216555); Acharjee, Shreya (60088837800); Adarsh, Roopa (58162812600); Kumarasamy, P. (58814773800); Thamilmani, R. (58814468000); Vani, Hepsibah (59424773900)","57219216555; 60088837800; 58162812600; 58814773800; 58814468000; 59424773900","Application of AI Technology in the Electronic Commerce Industry for Sustainable Business Growth in India","2025","AI and Digital Technologies Transforming Global Industries","","","","1","28","0","10.4018/979-8-3373-6097-3.ch001","https://www.scopus.com/pages/publications/105015255713?origin=resultslist","This chapter aims to evaluate the application of AI technology in the e- commerce industry and its impact on business growth and sustainability. The application of AI technology in e- commerce for convenient shopping, mapping of products, addon product suggestions, delivery of the product, and promotion will help business growth and sustainability. Many major online sellers are integrating AI into their businesses to provide the best services, a wide range of products, and more accessibility to remote and rural areas. It will help to reach the unreachable and needy people in the country. It analyzes it to conclude that AI intervention positively impacts the business sustainability and growth of electronic commerce in India. This review- based research work followed a descriptive approach to articulate the paper with the support of existing literature. Based on the analysis, the present chapter provides appropriate suggestions for future development in the research area. © 2026 by IGI Global Scientific Publishing. All rights reserved.","","Electronics industry; Engineering research; Marketplaces; Sustainable development; AI Technologies; Applications of AI; Business growth; Business sustainability; E- commerces; Online sellers; Research areas; Sustainable business; Electronic commerce","Book chapter","Final","","Scopus","2-s2.0-105015255713"
"Dasgupta S.; Kanchan S.","Dasgupta, Sudipto (57194154901); Kanchan, Sarvartha (57194160285)","57194154901; 57194160285","Developing seller experience at online marketplaces through structured data driven feedback management systems","2017","Proceedings of the International Conference on Industrial Engineering and Operations Management","","","","403","414","0","","https://www.scopus.com/pages/publications/85018968695?origin=resultslist","While Ecommerce evolves in India at a disruptive speed, delivering a consistently good experience to sellers in an online marketplace platform is a big challenge. Policies such as leniency of returns and cash on delivery, environmental challenges such as technology costs, order cancellations and product damages, and cost of conducting business online add strategic complexity for the seller. In a competitive environment, measuring, managing and developing seller experience is critical for survival and growth of any ecommerce company. In this paper we discuss how experience for sellers in an online marketplace should be defined, measured and evolved through rigorous data driven feedback management systems. We explain I. structured approaches to collect and interpret voice of the seller, II. how to parametrize the inputs to create well defined metrics III. using ensemble machine learning methods, primarily decision forests to gain deeper insight into the mind of the seller, and IV. how to identify the vital few processes and parameters which when influenced, result in a positively differentiated seller experience. © IEOM Society International.","E-commerce; Logistics; Machine learning; Survey","","Conference paper","Final","","Scopus","2-s2.0-85018968695"
"Nawi N.B.C.; Al-Mamun A.","Nawi, Noorshella Binti Che (57189700838); Al-Mamun, Abdullah (36782596500)","57189700838; 36782596500","Customer satisfaction of online apparel businesses in Malaysia: Point-purchase and post-purchase comparison","2017","International Journal of Business Innovation and Research","12","3","","386","405","10","10.1504/IJBIR.2017.082093","https://www.scopus.com/pages/publications/85013020871?origin=resultslist","Increasingly, customer satisfaction has been viewed as being critical to the success of online businesses, with the growing understanding that customer satisfaction is the key to sustain the marketplace especially for online apparel businesses in Malaysia. This study intends to identify how factors influence Malaysian customers' online shopping satisfaction from the perspective of total online shopping experience, and its applications in the Malaysian e-retailing industry. This study develops a model for measuring customer satisfaction at different purchase phases: phase 1: exploratory study, phase 2: at point-of-purchase and phase 3: post-purchase. Complete data was collected from 268 respondents at the point-purchase phase and 154 respondents at the post-purchase phase. Findings of this study indicate that the mediating role of overall satisfaction on relationships between e-service quality and attitude towards the website are significant. Findings also noted a significant difference in overall satisfaction of items between point-of-purchase and post-purchase for all respondents. This study, therefore, suggests that the Malaysian e-retailing industry should create incentive programs to capture new customers or to retain existing ones. They should also consider the post-purchase phase by providing customers with better service on delivery and post-sales customer service. Copyright © 2017 Inderscience Enterprises Ltd.","Attitude; Behavioural intention; Customer satisfaction; E-commerce","","Article","Final","","Scopus","2-s2.0-85013020871"
"Kasthuri R.; Savithiri D.; Rajeswari S.; Thamilmani R.; Vani H.; Adarsh R.; Sivasubramanian K.; Kumarasamy P.","Kasthuri, R. (58814369900); Savithiri, D. (57640039100); Rajeswari, S. (58424022800); Thamilmani, R. (58814468000); Vani, Hephzibah (59424773900); Adarsh, Roopa (58162812600); Sivasubramanian, K. (57219216555); Kumarasamy, P. (58814773800)","58814369900; 57640039100; 58424022800; 58814468000; 59424773900; 58162812600; 57219216555; 58814773800","Assessing the Application of Innovative Digital Policies and Practices in E-Commerce for Enhanced Social Responsibility and Sustainability","2026","Socially Responsible Approaches for Sustainable E-Commerce","","","","39","64","0","10.4018/979-8-3373-3997-9.ch003","https://www.scopus.com/pages/publications/105030898472?origin=resultslist","Electronic commerce business strategies are promoting business growth and enhancing environmental sustainability with social responsibility. In the process of sustainable business development, electronic commerce is playing a pivotal role. Innovative digital practices include product description, packaging, delivery, and logistics mapping through digital applications. Digital marketing is another approach to enhance environmental sustainability. Client support by robotics and machine learning for product recommendations is vital in improving business sustainability. E-tail methods have been framed in line with a socially and environmentally responsible manner. The application of innovative digital policies and practices in electronic commerce promotes business sustainability. However, the implementation has various challenges, including higher technological costs, huge operational expenditure, and mandatory corporate social responsibility initiatives. Based on these backgrounds, this chapter aims to review the digital practices and policies of the electronic commerce industry. © 2026 by IGI Global Scientific Publishing.","","Economic and social effects; Electronic commerce; Learning systems; Marketing; Marketplaces; Social aspects; Business development; Business growth; Business strategy; Business sustainability; Environmental sustainability; Product descriptions; Product packaging; Social responsibilities; Social sustainability; Sustainable business; Sustainable development","Book chapter","Final","","Scopus","2-s2.0-105030898472"
"Lantz B.; Hjort K.","Lantz, Björn (55322986700); Hjort, Klas (55480129900)","55322986700; 55480129900","Real e-customer behavioural responses to free delivery and free returns","2013","Electronic Commerce Research","13","2","","183","198","65","10.1007/s10660-013-9125-0","https://www.scopus.com/pages/publications/84878113768?origin=resultslist","This study aims to explore the influence of free delivery and free returns on the purchasing and return behaviour of real e-customers in the marketplace. To accomplish this goal, we conducted the study as a fully randomised and controlled experiment in cooperation with nelly.com, a Nordic e-commerce site that specialises in fashion and beauty. Our results suggest that a lenient delivery policy is associated with increased order frequency, decreased average value of purchased items, increased probability of return, and increased average value of returned items. In addition, a lenient return policy was found to be associated with increased order frequency, a decrease in the average value of orders, a decrease in the average value of purchased items, and increased probability of return. However, the effect sizes are generally small, and we conclude that factors such as legislation and competition often force e-tailers to offer free delivery and free returns even though such offers probably would not have been profitable otherwise. © 2013 Springer Science+Business Media New York.","Buying behaviour; E-commerce; Experimental study; Lenient policies","Electronic commerce; Average values; Behavioral response; Buying behavior; Controlled experiment; E-commerce sites; Experimental study; Increased orders; Lenient policy; Randomized experiments; Re-turn-on; Sales","Article","Final","","Scopus","2-s2.0-84878113768"
"Li X.; Rong Y.; Zhang R.; Zheng H.","Li, Xiaolong (57772907900); Rong, Ying (21735579000); Zhang, Renyu (56395742700); Zheng, Huan (55477471800)","57772907900; 21735579000; 56395742700; 55477471800","Online Advertisement Allocation Under Customer Choices and Algorithmic Fairness","2025","Management Science","71","1","","825","843","8","10.1287/mnsc.2021.04091","https://www.scopus.com/pages/publications/85216925867?origin=resultslist","Advertising is a crucial revenue source for e-commerce platforms and a vital online marketing tool for their sellers. In this paper, we explore dynamic ad allocation with limited slots upon each customer’s arrival for an e-commerce platform, where customers follow a choice model when clicking the ads. Motivated by the recent advocacy for the algorithmic fairness of online ad delivery, we adjust the value from advertising by a general fairness metric evaluated with the click-throughs of different ads and customer types. The original online ad-allocation problem is intractable, so we propose a novel stochastic program framework (called two-stage target-debt) that first decides the click-through targets and then devises an ad-allocation policy to satisfy these targets in the second stage. We show the asymptotic equivalence between the original problem, the relaxed click-through target optimization, and the fluid-approximation (Fluid) convex program. We also design a debt-weighted offer-set algorithm and demonstrate that, as long as the problem size scales to infinity, this algorithm is (asymptotically) optimal under the optimal first-stage click-through target. Compared with the Fluid heuristic and its resolving variants, our approach has better scalability and can deplete the ad budgets more smoothly throughout the horizon, which is highly desirable for the online advertising business in practice. Finally, our proposed model and algorithm help substantially improve the fairness of ad allocation for an online e-commerce platform without significantly compromising efficiency. © 2024 INFORMS.","algorithmic fairness; assortment optimization; mean reverting; online advertising platform; online convex optimization","Budget control; Convex optimization; Heuristic methods; Marketplaces; Sales; Stochastic models; Stochastic programming; Algorithmic fairness; Algorithmics; Assortment optimization; Click through; Commerce platforms; E- commerces; Mean reverting; Online advertizing; Online advertizing platform; Online convex optimizations; Stochastic systems","Article","Final","","Scopus","2-s2.0-85216925867"
"Arora A.; Kapale R.; Sharma P.; Nalavade M.; Saifee M.; Ukey M.","Arora, Amishi (57218701252); Kapale, Rahul (59558462000); Sharma, Pratyush (57216409326); Nalavade, Maitreya (59558557100); Saifee, Mubina (59307874800); Ukey, Manda (59558182800)","57218701252; 59558462000; 57216409326; 59558557100; 59307874800; 59558182800","The Impact of AI-Driven Personalization on Customer Loyalty: A Meta-Analysis of E-commerce Studies","2024","2024 2nd DMIHER International Conference on Artificial Intelligence in Healthcare, Education and Industry, IDICAIEI 2024","","","","","","4","10.1109/IDICAIEI61867.2024.10842906","https://www.scopus.com/pages/publications/85217833135?origin=resultslist","Artificial intelligence (AI) has changed the way e-commerce works by making it possible to provide unique experiences to a huge number of customers. This review looks at how AI-driven personalization affects customer trust in a number of different e-commerce studies. Putting together the results of several research papers, this study gives a full picture of how well AI works and what it means for increasing customer trust in online stores. The studies were chosen because they had something to do with how AI-driven customizing changes customer behavior and trust measures. The results show that there is a strong link between AI-driven customization and customer trust in online shopping. Personalized suggestions based on AI algorithms were shown in multiple studies to make customers happier, get them to buy from you again, and build long-term ties with them. AI-powered customization of user interfaces and content delivery made the experiences of users better, which increased interest and decreased return rates. The meta-analysis also found a number of factors that affect how well AI-driven personalization works.  © 2024 IEEE.","AI-driven personalization; Customer loyalty; E-commerce; Meta-analysis; User experience","Sales; Artificial intelligence-driven personalization; Customer loyalty; Customer trust; Customisation; E- commerces; Meta-analysis; Online store; Personalizations; Research papers; Users' experiences; Marketplaces","Conference paper","Final","","Scopus","2-s2.0-85217833135"
"Wen H.J.; Tan J.","Wen, H.J. (7202983787); Tan, J. (59884529500)","7202983787; 59884529500","The evolving face of telemedicine & e-health: Opening doors and closing gaps in e-health services opportunities & challenges","2003","Proceedings of the 36th Annual Hawaii International Conference on System Sciences, HICSS 2003","","","1174374","12","23","18","10.1109/HICSS.2003.1174374","https://www.scopus.com/pages/publications/84926191372?origin=resultslist","Despite the growing number of e-health Web sites that are dedicated to health education and information therapy, healthcare provider organizations have been slow in embarking on sign e-commerce ventures to improve the delivery of healthcare services to patients and consumers in geographically dispersed communities. More specifically, hospitals and health provider organizations tend to use static Web sites that supply information, but have not made major investments in interactive technologies to engage patients and healthcare consumers more actively. In this paper, we survey a number of key participants in the e-health marketplace and the technologies that these players have employed to date. Not surprisingly, we found that opportunities abound to change the face of telemedicine and e-health in terms of improving efficiencies, developing new markets, reducing costs, and enhancing the quality and value of health services delivery. Evidently, today's Internet savvy consumers have become more informed as well as more demanding than ever and the healthcare industry must respond in kind. We therefore conclude that the healthcare industry faces sign challenges in closing the gaps of e-health services delivery to meet the desires and needs of a growing population of sophisticated healthcare consumers. © 2003 IEEE.","e-commerce; e-health; health education; information therapy; interactive technologies","Electronic commerce; Patient treatment; Service industry; Surveys; Telemedicine; Websites; Health care providers; Health education; Health services deliveries; Healthcare industry; Healthcare services; Improving efficiency; Information therapies; Interactive technology; eHealth","Conference paper","Final","","Scopus","2-s2.0-84926191372"
"Hasan M.R.; Daryanto Y.; Triki C.; Elomri A.","Hasan, Md Rakibul (57211462842); Daryanto, Yosef (57197809593); Triki, Chefi (57217692225); Elomri, Adel (56915869700)","57211462842; 57197809593; 57217692225; 56915869700","An inventory model of e-marketplace with a promotional program","2024","Journal of Modelling in Management","19","3","","787","808","2","10.1108/JM2-01-2023-0011","https://www.scopus.com/pages/publications/85176951735?origin=resultslist","Purpose: The rapidly growing e-commerce industry with its special characteristics brings new challenges to the optimization of the supply chain and inventory management. This study aims to investigate the inventory-related optimization of an e-marketplace official store that works on a business-to-customer system when cashback promotion is used to attract more customers. Also, it proposes a new inventory model to maximize the e-commerce profit by optimizing the cashback amount and delivery period. Design/methodology/approach: The proposed model assumes that customer demand is a function of price and delivery time and that price is affected by the cashback amount. The e-commerce operator has a profit-sharing contract with an e-payment company that facilitates the payment. E-commerce also builds collaboration under a cost-sharing contract with a supplier to ensure product delivery. A mathematical model is developed and the related theories are investigated. A numerical example illustrates the validity of the model and a sensitivity analysis is carried out to give useful insights. Findings: A new inventory model for an e-market system has been introduced which shows the impact of a cashback promotion on the e-commerce business. This study shows that managers can optimize the cashback amount and its delivery time to get the maximum profit. In certain cases, the manager may set a high cashback amount (e.g. 100%) to attract customers to place more orders. Originality/value: This study presents a new inventory model for today’s fast-growing e-commerce business; therefore, the results contribute to the understanding of promotion program practices and inventory management and provide insights to develop efficient e-commerce managerial decisions. Graphical abstract: (Figure presented.). © 2023, Emerald Publishing Limited.","Cashback; E-commerce; Inventory model; Promotion; Supply chain management","","Article","Final","","Scopus","2-s2.0-85176951735"
"Martin H.L.","Martin, H. Lee (59854672900)","59854672900","Technomics: The theory of industrial evolution","2006","Technomics: The Theory of Industrial Evolution","","","","1","227","6","","https://www.scopus.com/pages/publications/85057379895?origin=resultslist","Have you ever wondered about the forces behind globalization, mass customization, just in time delivery, virtual companies, and perfect information? Providing a platform to understand and navigate our rapidly advancing world, Techonomics: The Theory of Industrial Evolution explains the relationship between technology, economy, and organizations. Successful entrepreneur and prolific inventor Dr. H. Lee Martin shares a technologist’s marketplace insights gained from a 15-year journey from the garage to the public market. Martin examines four foundations of healthy organizations: energy, communication, computation, and community. He then elucidates a method of tracking market progress, based on measuring both technology performance and economic cost, which provides a tool to consistently monitor advancement of any endeavor. The book looks at three contemporary trends based on electronic advancement, network expansion, and increasing productivity that are forcefully driving organizations in the 21st century. It explains examples of successful companies utilizing emerging operational business models. Adam Smith’s laws of supply and demand are challenged daily by a world productive capacity that can overproduce manufactured goods and create infinite supplies of information. Providing examples of the value of e-commerce to business operations, Technomics delineates how to measure, compare, and maximize trends in key processes. It demonstrates how, in the dawning Virtual Age, organizations that effectively use ALL resources will continually increase productivity, and those that don’t will fall behind. © 2007 by Taylor & Francis Group, LLC.","","","Book","Final","","Scopus","2-s2.0-85057379895"
"Khooban Z.; Mutlu N.; Kok T.D.","Khooban, Zohreh (55833607800); Mutlu, Nevin (57196030624); Kok, Ton de (57208140354)","55833607800; 57196030624; 57208140354","Logistics service sharing in cross-border e-commerce","2025","International Journal of Production Economics","279","","109460","","","6","10.1016/j.ijpe.2024.109460","https://www.scopus.com/pages/publications/85208764838?origin=resultslist","While the demand for cross-border e-commerce has grown rapidly, challenges have emerged for both retailers and consumers participating in this global market. Retailers have been struggling with high logistics costs to fulfill cross-border demand, while the lack of trust in foreign retailers is a major issue for consumers. In this paper, we study a cross-border collaboration scheme between a domestic and a foreign retailer to mitigate these challenges. This entails a co-opetition framework where the domestic retailer performs the last-mile delivery of the foreign retailer's orders in exchange for a logistics service fee. We model demand via a Multinomial Logit (MNL) choice model where the consumers are trust- and price-sensitive. We compare the market outcomes of the two retailers in “pre-collaboration” and “post-collaboration” settings. We find that there exist win-win outcomes where both retailers benefit from collaboration under realistic settings. We also show that a cooperative mechanism can lead to higher profits for both retailers compared to the non-cooperative mechanism for setting the logistics service fee, if the contract terms are decided carefully. © 2024 The Authors","Co-opetition; Consumer trust; Cross-border e-commerce; Logistics service sharing; MNL choice model","Sales; Co-opetition; Consumer trust; Cross-border; Cross-border e-commerce; E- commerces; Logistic service sharing; Logistics services; Logit choice modeling; Multinomial Logit; Multinomial logit choice model; Service-sharing; Marketplaces","Article","Final","All Open Access; Green Open Access; Hybrid Gold Open Access","Scopus","2-s2.0-85208764838"
"Nguyen T.-T.-T.; Cabani A.; Cabani I.; De Turck K.; Kieffer M.","Nguyen, Thi-Thu-Tam (57225934626); Cabani, Adnane (23396222700); Cabani, Iyadh (14038604000); De Turck, Koen (13103746200); Kieffer, Michel (7004815753)","57225934626; 23396222700; 14038604000; 13103746200; 7004815753","Analysis and forecasting of the load of parcel pick-up points: Contribution of C2C e-commerce","2025","Computers and Industrial Engineering","200","","110770","","","3","10.1016/j.cie.2024.110770","https://www.scopus.com/pages/publications/85214344034?origin=resultslist","Second-hand shopping, primarily via online marketplaces, has rapidly increased during the last decade. Nowadays, consumers widely choose the Pick-Up Point (PUP) service to facilitate the delivery of products. Parcels related to this Customer-to-Customer (C2C) activity are dropped off in PUPs chosen by the sellers, shipped to PUPs selected by the buyers where they wait to be picked up. The increased impact of C2C parcels on PUPs requires an improved control of their load to reduce the risks of PUP overload, parcel rerouting, and resulting customer dissatisfaction. This paper presents a forecasting approach for the load of PUPs receiving C2C parcels. The daily number of parcels dropped off with a given PUP as target is described by a Markov-Switching Auto-Regressive (MSAR) model to account for the non-stationarity of the second-hand shopping activity. A PUP Management Company, using this forecasting approach, is able to propose customers only target PUPs that are likely not to be overloaded at time of delivery. The proposed approach is compared to load prediction techniques involving SARIMA, Holt–Winters, LSTM, Prophet, and TiDE models. For the considered PUP, the load is predicted from one up to seven days ahead with mean absolute errors ranging from 5.5 parcels (1 day ahead) to 8.8 parcels (7 days ahead) for a PUP with an average load of 25 parcels. Similar results are shown for other PUPs. © 2024","C2C e-commerce; Data-driven prediction; Load prediction; Markov jump process; Model-driven prediction; Parcel pick-up points; Second-hand shopping","Commerce; Markov processes; Prediction models; Sales; C2C e-commerce; Data driven; Data-driven prediction; E- commerces; Load predictions; Markov jump process; Model-driven; Model-driven prediction; Parcel pick-up point; Pick up points; Second-hand shopping; Marketplaces","Article","Final","","Scopus","2-s2.0-85214344034"
"Sukmaningsih R.A.D.W.; Joshua","Sukmaningsih, Raden Ajeng Dyah Wahyu (59663115000); Joshua (59390736100)","59663115000; 59390736100","Unveiling the impact of Live-Stream Commerce (LSC) Customer Satisfaction in Online SMEs towards minimizing Cart Abandonment Rate (CAR)","2024","Proceedings - 2024 International of Seminar on Application for Technology of Information and Communication: Smart And Emerging Technology for a  Better Life, iSemantic 2024","","","","129","134","0","10.1109/iSemantic63362.2024.10762473","https://www.scopus.com/pages/publications/85213397472?origin=resultslist","There is a massive surge in the popularity of live streaming in general. Because these online discussions are live, anyone may participate in real-time communication. This benefits online businesses, both small and medium-sized, that use live streaming to market their goods and answer questions from potential clients. These days, many online businesses deal with the issue of online shopping cart abandonment, defined as when a consumer adds things to their virtual shopping carts but subsequently decides not to buy part or all of them. A literature study was conducted using studies on the Live-Stream Commerce Cart Abandonment Rate that supports the research. The variables of this research are Trust, Perceived Risk, Perceived Cost, Social Presence, and Cart Abandonment. The data collection method utilized by the author was purposive sampling in conjunction with quantitative research. One non-random sampling technique is purposeful sampling, in which the researcher selects samples based on characteristics that align with the study's goals and are anticipated to answer research questions. Indonesian Citizens made up the study's population. In this investigation, 521 samples were used, and the process took one month, from April to May 2024. Questionnaires and observations were used to obtain the data. Unlike promotions, discounts, and free shipping, buyers' primary concerns appear to be price. If retailers do not respond to questions, they have regarding the goods they are about to buy in a friendly and cordial manner, customers are more likely to give up on their shopping carts. © 2024 IEEE.","cart abandonment rate; e-commerce; live streaming","Customer satisfaction; Marketplaces; Population statistics; Cart abandonment rate; Customers' satisfaction; E- commerces; Live streaming; Online business; Online discussions; Online shopping; Real-time communication; Shopping carts; Virtual shopping; Sales","Conference paper","Final","","Scopus","2-s2.0-85213397472"
"Gallico D.","Gallico, Dalia (57200207119)","57200207119","Made in Italy. An integrated E-commerce and E-learning innovative platform to promote education for Italian design system (product & process)","2018","MCCSIS 2018 - Multi Conference on Computer Science and Information Systems; Proceedings of the International Conferences on e-Health 2018, ICT, Society, and Human Beings 2018 and Web Based Communities and Social Media 2018","","","","250","254","0","","https://www.scopus.com/pages/publications/85054194092?origin=resultslist","DesignBest concept is born as response to the necessity to create a virtual community (a square) about italian design matters. The extraordinary achievement of communities demonstrated the enormous potentials of technologies in supporting communication and self-production of contents to create strong communities. The program proposes to apply technologies to support a marketplace and to build a community around the education of Italian design. Leveraging the development of ITC technologies, the program integrates innovative web technologies 2.0, in order to: 1) Create, applying the most advanced web technologies 2.0, an environment where all active users (designers, design students, etc..), vendors or buyers, can develop ideas, concepts, events, opinions, about Made in Italy Design, joining potentials of vendors, designers, students, amateurs and curious; 2) Explain Culture of Project, display products’ characteristics, allowing the user/buyer to interact to capture the extra value of the product; 3) Use buyer's auto profiling and geo localization data to increase the offer and create feed-back flows which could be translated into networking; 4) Create data exchange with the logistic platform to assure the quality of logistic performance expected from the market; 5) Enable the sale of Design objects between the Italian SMEs (small, medium enterprises) and the potential buyers around the world (the business will focus mainly on the following markets: Brazil, Russia, India, China, Canada, USA, Mexico, Japan, Arab Emirates) trying to support Design SMEs in: - Reach the “critical mass” needed to build a wide catalogue of “Made in Italy” Design learning corses - Have access to an alternative sales channel, since they cannot bear investments in IT by themselves - Take advantage of DesignBest international visibility to reach new markets - Have access to e-commerce in an easy way (without problems related information technology structure, order management, invoicing, payment and shipment, returns and complaints management) - Leverage some supporting services to international sales and marketing (information, advice, training, data bank, market analysis, etc) - Spread the Italian Design culture through a platform of e-learning addressed to foreign companies and universities. Critical success factors of the project are: - A wide adhesion of Italian design schools to the marketplace, where they can offer part of their own catalogue (also ad hoc courses) exploiting a new channel (e-commerce) and entering on new markets; - The ability to attract the Design community (lovers, designer, students). © 2018 MCCSIS 2018 - Multi Conference on Computer Science and Information Systems; Proceedings of the International Conferences on e-Health 2018, ICT, Society, and Human Beings 2018 and Web Based Communities and Social Media 2018. All rights reserved.","Approaches; Design of societal systems – Rethinking; E-commerce; E-learning models; Higher education; Learning theories; Managed learning environments (Mles)","Computer aided instruction; Curricula; E-learning; Education computing; Electronic commerce; Electronic data interchange; Information management; Information systems; Information use; Investments; Online systems; Product design; Sales; Social networking (online); Students; Teaching; Virtual reality; Approaches; E-learning models; Higher education; Learning Theory; Managed learning environments; Societal systems; Engineering education","Conference paper","Final","","Scopus","2-s2.0-85054194092"
"Mondal A.; Majumder A.; Chaoji V.","Mondal, Abhirup (57871622600); Majumder, Anirban (16679618200); Chaoji, Vineet (24179132200)","57871622600; 16679618200; 24179132200","ASPIRE: Air Shipping Recommendation for E-commerce Products via Causal Inference Framework","2022","Proceedings of the ACM SIGKDD International Conference on Knowledge Discovery and Data Mining","","","","3584","3592","6","10.1145/3534678.3539197","https://www.scopus.com/pages/publications/85137141565?origin=resultslist","Speed of delivery is critical for the success of e-commerce platforms. Faster delivery promise to the customer results in increased conversion and revenue. There are typically two mechanisms to control the delivery speed - a) replication of products across warehouses, and b) air-shipping the product. In this paper, we present a machine learning based framework to recommend air-shipping eligibility for products. Specifically, we develop a causal inference framework (referred to as Air Shipping Recommendation or ASPIRE) that balances the trade-off between revenue or conversion and delivery cost to decide whether a product should be shipped via air. We propose a doubly-robust estimation technique followed by an optimization algorithm to determine air eligibility of products and calculate the uplift in revenue and shipping cost. We ran extensive experiments (both offline and online) to demonstrate the superiority of our technique as compared to the incumbent policies and baseline approaches. ASPIRE resulted in a lift of +79 bps of revenue as measured through an A/B experiment in an emerging marketplace on Amazon.  © 2022 ACM.","average treatment effect; causal inference; doubly-robust estimation; e-commerce; individual treatment effect; recommendation systems","Electronic commerce; Ships; Average treatment effects; Causal inferences; Commerce platforms; Delivery speed; Doubly-robust estimation; E- commerces; Individual treatment effect; Machine-learning; Robust estimation; Treatment effects; Economic and social effects","Conference paper","Final","","Scopus","2-s2.0-85137141565"
"Marcus P.R.","Marcus, P.R. (57198026246)","57198026246","The World Wide Web: An effective vehicle for global procurement documentation dissemination","2002","International Journal of Technology Management","23","1-3","","201","206","3","10.1504/ijtm.2002.003006","https://www.scopus.com/pages/publications/0036134820?origin=resultslist","The global marketplace has increased the demands and reduced the time frames for businesses to bring new products to market. However, to remain competitive, manufacturers must reduce their procurement operations and handling costs. While information is critical to the success of nearly every organisation, paper remains the main vehicle for recording and dissemination of that information. Consequently, the effective and efficient delivery of engineering documentation has become crucial. The development of the World Wide Web (Web) has opened the door to the electronic transmission of these technical documents. Companies can realise tremendous cost savings by the efficient and effective deployment of the web in their manufacturing procurement process.","Aperture cards; E-commerce; Engineering data; Global business; Internet; Paper documents; World Wide Web","Competition; Costs; Data transfer; Electronic commerce; Information dissemination; Product development; Technical documentation; World Wide Web","Article","Final","","Scopus","2-s2.0-0036134820"
"Gandhi A.; Aakanksha; Kaveri S.; Chaoji V.","Gandhi, Ankit (57271202900); Aakanksha (57900735400); Kaveri, Sivaramakrishnan (57271203100); Chaoji, Vineet (24179132200)","57271202900; 57900735400; 57271203100; 24179132200","Spatio-Temporal Multi-graph Networks for Demand Forecasting in Online Marketplaces","2021","Lecture Notes in Computer Science","12978 LNAI","","","187","203","10","10.1007/978-3-030-86514-6_12","https://www.scopus.com/pages/publications/85115692566?origin=resultslist","Demand forecasting is fundamental to successful inventory planning and optimisation of logistics costs for online marketplaces such as Amazon. Millions of products and thousands of sellers are competing against each other in an online marketplace. In this paper, we propose a framework to forecast demand for a product from a particular seller (referred as offer/seller-product demand in the paper). Inventory planning and placements based on these forecasts help sellers in lowering fulfilment costs, improving instock availability and increasing shorter delivery promises to the customers. Most of the recent forecasting approaches in the literature are one-dimensional, i.e., during prediction, the future forecast mainly depends on the offer i.e. its historical sales and features. These approaches don’t consider the effect of other offers and hence, fail to capture the correlations across different sellers and products seen in situations like, (i) competition between sellers offering similar products, (ii) effect of a seller going out of stock for the product on competing seller, (iii) launch of new competing products/offers and (iv) cold start offers or offers with very limited historical sales data. In this paper, we propose a general demand forecasting framework for multivariate correlated time series. The proposed technique models the homogeneous and heterogeneous correlations between sellers and products across different time series using graph neural networks (GNN) and uses state-of-the-art forecasting models based upon LSTMs and TCNs for modelling individual time series. We have experimented with various GNN architectures such as GCNs, GraphSAGE and GATs for modelling the correlations. We applied the framework to forecast the future demand of products, sold on Amazon, for each seller and we show that it performs ∼ 16% better than state-of-the-art forecasting approaches. © 2021, Springer Nature Switzerland AG.","Correlated multivariate time series; Demand forecasting in e-commerce; Graph neural networks; Time-series forecasting","Electronic commerce; Forecasting; Graph neural networks; Sales; Correlated multivariate time series; Demand forecasting; Demand forecasting in e-commerce; E- commerces; Graph neural networks; Inventory planning; Multivariate time series; Online marketplaces; Time series forecasting; Times series; Time series","Conference paper","Final","","Scopus","2-s2.0-85115692566"
"Guan S.-U.","Guan, Sheng-Uei (7101750605)","7101750605","Product Evaluation Services for E-Commerce","2008","Encyclopedia of Information Communication Technology","","","","683","690","0","10.4018/978-1-59904-845-1.ch090","https://www.scopus.com/pages/publications/105013722603?origin=resultslist","Despite the rapid growth of e-commerce and the hype surrounding it, the potential of the Internet for truly transforming commerce is largely unrealized to date is because most electronic purchases are still largely nonautomated. User presence is still required in all stages of the buying process. According to the nomenclature of Maes’ group in the MIT Media Labs (Guttman, 1999; Maes, 1994), the common commerce behavior can be described with consumer buying behavior (CBB) model, which consists of six stages, namely, need identification, product brokering, merchant brokering, negotiation, purchase and delivery, and product service and evaluation. © 2009 by IGI Global.","","Electronic commerce; Electronic trading; Marketplaces; Purchasing; Consumer buying behavior models; Delivery service; E- commerces; Electronic purchase; MIT Media Lab; Product evaluation; Product service; Rapid growth; Six stages; Consumer behavior","Book chapter","Final","","Scopus","2-s2.0-105013722603"
"Degeneve C.; Longhi J.; Rossy Q.","Degeneve, Clara (57935972000); Longhi, Julien (26034132700); Rossy, Quentin (35763314200)","57935972000; 26034132700; 35763314200","Distinguishing Sellers Reported as Scammers on Online Illicit Markets Using Their Language Traces","2024","Languages","9","7","235","","","3","10.3390/languages9070235","https://www.scopus.com/pages/publications/85199917188?origin=resultslist","Fraud exists on both legitimate e-commerce platforms and illicit dark web marketplaces, impacting both environments. Detecting fraudulent vendors proves challenging, despite clients’ reporting scams to platform administrators and specialised forums. This study introduces a method to differentiate sellers reported as scammers from others by analysing linguistic patterns in their textual traces collected from three distinct cryptomarkets (White House Market, DarkMarket, and Empire Market). It distinguished between potential scammers and reputable sellers based on claims made by Dread forum users. Vendor profiles and product descriptions were then subjected to textometric analysis for raw text and N-gram analysis for pre-processed text. Textual statistics showed no significant differences between profile descriptions and ads, which suggests the need to combine language traces with transactional traces. Textometric indicators, however, were useful in identifying unique ads in which potential scammers used longer, detailed descriptions, including purchase rules and refund policies, to build trust. These indicators aided in choosing relevant documents for qualitative analysis. A pronounced, albeit modest, emphasis on language related to ‘Quality and Price’, ‘Problem Resolution, Communicationand Trust’, and ‘Shipping’ was observed. This supports the hypothesis that scammers may more frequently provide details about transactions and delivery issues. Selective scamming and exit scams may explain the results. Consequently, an analysis of the temporal trajectory of vendors that sheds light on the developmental patterns of their profiles up until their recognition as scammers can be envisaged. © 2024 by the authors.","cryptomarket; forensic linguistic; fraud; language trace; scammer","","Article","Final","All Open Access; Gold Open Access; Green Open Access","Scopus","2-s2.0-85199917188"
"Basu S.; Kumar M.; Kaveri S.","Basu, Sayantan (59762041000); Kumar, Mohit (59760828400); Kaveri, Sivaramakrishnan (57271203100)","59762041000; 59760828400; 57271203100","GCF: Estimating Unobserved Demand Using Graph Causal Forecasting","2025","Proceedings of the AAAI Conference on Artificial Intelligence","39","28","","28836","28842","0","10.1609/aaai.v39i28.35148","https://www.scopus.com/pages/publications/105003908440?origin=resultslist","Time series data, prevalent in fields like medical, e-commerce, finance, etc., is used for forecasting, such as predicting next quarter's product demand based on past trends. However, some problems necessitate causal models to answer questions like “What the product demand would have been without a specific intervention (e.g., products with slow delivery time suppressed from search results)?” Such questions require causal models to estimate unobserved counterfactual outcome. In this paper, we propose a novel Graph Causal Forecasting (GCF) model, that predicts the unobserved demand leveraging the relationship of a product with other similar products in the marketplace (spatial aspect), along with change in demand over time for each product (temporal aspect). The core idea is to estimate the counterfactual outcome using a synthetic control unaffected by the treatment. Our approach uses RGCN-dilated CNN based network, which leverages domain knowledge to automatically design a synthetic control during training. Using GCF for our demand forecasting problem, we achieve 75.3% lower MAPE compared to baseline. We use the forecasted values to recommend high demand products, in terms of our business metric (discussed later) which tracks the quality of these recommendations, we achieve a significant jump of 61.2%. Moreover, it adds 67.8% more high demand products to the marketplace, compared to existing model in production. Deployment of GCF in 2023, led to +1399 bps improvement in number of products with a view from customers, and +310 bps improvement in number of products with a sale. We also compare GCF with state of the art forecasting methods on a semi-synthetic data, created by simulating a treatment on open source traffic data METR-LA. We achieve 30% lower MSE against TGCN, a time series forecasting approach and 30% lower MSE against CRN and 25% lower MSE against Google Causal Impact model, both of which are causal forecasting approaches. Copyright © 2025, Association for the Advancement of Artificial Intelligence (www.aaai.org). All rights reserved.","","Causal modeling; Counterfactuals; Delivery time; E- commerces; Forecasting models; High demand; In-field; Product demand; Synthetic control; Time-series data; Marketplaces","Conference paper","Final","All Open Access; Gold Open Access","Scopus","2-s2.0-105003908440"
"Paravastu N.; Gefen D.","Paravastu, Narasimha (14028907300); Gefen, David (6601945888)","14028907300; 6601945888","Trust as an Enabler of E-Commerce","2006","Encyclopedia of E-Commerce, E-Government, and Mobile Commerce","","","","1089","1093","3","10.4018/978-1-59140-799-7.ch175","https://www.scopus.com/pages/publications/105011436520?origin=resultslist","E-commerce is a viable mode of shopping. Forrester Research Inc. estimates that the U.S. online sales will reach $316 billion by 2010, which accounts for 12% of total U.S. retail sales. However, security, privacy, and delivery concerns remain issues of concern to both buyers and sellers. Since trust alleviates these concerns, while the lack of trust prevents buyers from buying online, managing buyer trust is crucial. This article discusses how institutional and interpersonal mechanisms can increase trust by reducing social uncertainty. An illustrative example based on eBay is included. © 2006 by Idea Group Inc. All rights reserved.","","Marketplaces; Sales; Buyers and sellers; Example based; Forrester Research; Online sales; Retail sales; Security/privacy; Uncertainty; Electronic commerce","Book chapter","Final","","Scopus","2-s2.0-105011436520"
"Mondal A.; Majumder A.; Chaoji V.","Mondal, Abhirup (57871622600); Majumder, Anirban (16679618200); Chaoji, Vineet (24179132200)","57871622600; 16679618200; 24179132200","MEMENTO: Neural Model for Estimating Individual Treatment Effects for Multiple Treatments","2022","International Conference on Information and Knowledge Management, Proceedings","","","","3381","3390","8","10.1145/3511808.3557125","https://www.scopus.com/pages/publications/85140841220?origin=resultslist","Learning individual level treatment effects from observational data is a problem of growing interest. For instance, inferring the effect of delivery promises on purchase of products on an e-commerce site or selecting the most effective treatment for a specific patient. Although the scenarios where we want to estimate the treatment effects in presence of multiple treatments is quite common in real life, most existing works related to individual treatment effect (ITE) are focused primarily on binary treatments and do not have a natural extension to the multi-treatment scenarios. In this paper we present MEMENTO ? a methodology and a framework to estimate individual treatment effect for multi-treatment scenarios, where the treatments are discrete and finite. Our approach is based on obtaining matching representations of the confounders for the various treatment types. This is achieved through minimization of an upper bound on the sum of factual and counterfactual losses. Experiments on real and semi-synthetic datasets show that MEMENTO is able to outperform known techniques for multi-treatment scenarios by close to 10% in certain use-cases. The proposed framework has been deployed for the problem of identifying minimum order quantity of a product in Amazon in an emerging marketplace and has re- sulted in a 4.7% reduction in shipping costs as proved from an A/B experiment. © 2022 ACM.","causal inference; confounders; individual treatment effect; multiple treatment; neural networks","Patient treatment; Causal inferences; Confounder; E-commerce sites; Individual levels; Individual treatment effect; Multiple treatment; Neural modelling; Neural-networks; Observational data; Treatment effects; Purchasing","Conference paper","Final","All Open Access; Bronze Open Access","Scopus","2-s2.0-85140841220"
"Beevi L.S.; Bhama P.R.K.S.; Vijayan J.A.; Joe Prathap P.M.; Dani W.V.; Premalatha J.","Beevi, L Sherin (57192573616); Bhama, Ponsy R K Sathia (42962352500); Vijayan, J Albert (59778174500); Joe Prathap, P.M. (25824311200); Dani, W Vinil (53871963700); Premalatha, J. (35800239900)","57192573616; 42962352500; 59778174500; 25824311200; 53871963700; 35800239900","Optimizing Supply Chain Security Using ACO and Blockchain: Integrating Root of Trust, Unclonable Functions, and SBOM for Cybersecurity","2025","Proceedings of International Conference on Visual Analytics and Data Visualization, ICVADV 2025","","","","264","269","1","10.1109/ICVADV63329.2025.10961868","https://www.scopus.com/pages/publications/105004413204?origin=resultslist","Proposed work describes an optimal framework for improving supply chain security and delivery efficiency by combining Ant Colony Optimization (ACO) and blockchain technology. Inconvenient path design is a primary trouble in last-mile delivery, causing delays and wasting resources. This study seeks to address the above issue by optimizing delivery schedules, guaranteeing that many purchasers in the same geographic area are handled by a single delivery person, hence eliminating redundant trips and delivery times. Proposed technique is driven by real-world inefficiencies seen in e-commerce systems, such as the case of two independent things bought to the same address but delivered at different times by different couriers on the same day. ACO is used to find the best delivery route, guaranteeing that all consumers in a particular area receive their items simultaneously. The framework incorporates blockchain technology to improve security, transparency, and traceability during the delivery process. Furthermore, advanced cybersecurity measures such as Root of Trust (RoT), Physically Unclonable Functions (PUFs), and Software Bill of Materials (SBOM) are used to secure data integrity and enable third-party monitoring. By combining ACO for route optimization with blockchain for safe transaction processing, this system not only improves shipping time as well as asset efficiency, but it also protects supply chain cybersecurity. The suggested approach provides a scalable and reliable framework for future smart logistics and e-commerce applications, assuring operational efficiency and security.  © 2025 IEEE.","ACO; Blockchain; PUFs; RoT; SBOM; Supply Chain","Cyber attacks; Electronic money; Marketplaces; Mobile commerce; Network security; Ant colonies; Bill of materials; Block-chain; Colony optimization; Cyber security; Optimal frameworks; Physically unclonable functions; Root of trusts; Software bill of material; Supply chain security; Ant colony optimization","Conference paper","Final","","Scopus","2-s2.0-105004413204"
"Rogers M.; Chesney T.; Raeburn S.","Rogers, Mike (56406863000); Chesney, Thomas (23491520600); Raeburn, Scott (56407036300)","56406863000; 23491520600; 56407036300","E-procurement in a rural area","2002","ICEIS 2002 - Proceedings of the 4th International Conference on Enterprise Information Systems","2","","","1054","1057","0","","https://www.scopus.com/pages/publications/84908877900?origin=resultslist","E-procurement has great potential to become a major way of transacting in rural areas such as the Scottish Borders where the variety of shops and services offered is limited. The Scottish Borders Council has selected e-procurement as a means to reduce costs, improve process and service delivery, meet Government targets for electronic purchasing and, not least, use e-procurement to assist local businesses in this economically depressed region to become e-commerce capable, thus improving their ability to grow and create wealth and employment in the region. This paper reports the results of research conducted to establish whether recruiting suppliers to e-commerce is likely to be problematic for the Council. Findings show that in terms of connectivity, the Scottish Borders appear ahead of the rest of the UK which is encouraging for the Borders economy and for the Council's e-procurement strategy, although no data is available on actual usage of the Internet, only that the firms have a connection. Fewer of the smaller firms are using the Internet as a marketing tool, that is they do not have even a web site with information only content. The use of ecommerce among Council suppliers is well below the UK average. A number of factors appear to be holding them back. These are discussed.","E-commerce; E-marketplace; Economically depressed region; Small business","Commerce; Electronic commerce; Information systems; Internet; Rural areas; E-marketplaces; e-Procurement; Economically depressed region; Local business; Marketing tools; Number of factors; Service delivery; Small business; Supply chains","Conference paper","Final","","Scopus","2-s2.0-84908877900"
"Nozari S.; Alavi S.","Nozari, Salar (60246830700); Alavi, Soogand (59423463000)","60246830700; 59423463000","Please Arrive On Time: The Impact of Early and Delayed Delivery on Product Ratings","2026","Production and Operations Management","","","10591478261437451","","","0","10.1177/10591478261437451","https://www.scopus.com/pages/publications/105034814558?origin=resultslist","In digital marketplaces, product ratings play a critical role in shaping consumer demand and seller success, yet their relationship with logistical factors remains unexplored. This study investigates how deviations from promised delivery dates, whether early or delayed, influence product ratings. Using transaction-level data from a major e-commerce platform encompassing over 11M product purchases and 500K customers, we estimate the causal effect of deviating from the promised delivery time on both rating incidence and valence. To overcome the challenges of matching imposed by an unbalanced treatment and control distribution, we used a machine learning-based estimator, R-learner, to estimate the effects of interest. We find that both delayed and early deliveries increase customers’ likelihood of leaving a rating but reduce rating valence. Delayed deliveries lower rating valence by an average of 0.4, with some categories seeing a drop of up to 0.6. Early deliveries also reduce rating valence, with an average decrease of 0.2 and reductions of up to 0.5 depending on the product category. The negative effect of early delivery is consistent across all categories, except for food and beverages, where experienced customers show a small positive response. This is due to reduced uncertainty from reordering previously purchased products, a pattern that does not occur as often in other categories. We contribute to the service and logistics performance literature by establishing the causal link between delivery performance and product ratings by quantifying the direction and magnitude of these effects across various product categories and customer segments. We propose managerial implications for mitigating customer dissatisfaction arising from both early and delayed deliveries. © The Author(s) 2026","Causal Machine Learning; E-Commerce; Logistics Performance; Product Delivery; Product Ratings","","Article","Article in press","","Scopus","2-s2.0-105034814558"
"Li W.; Xiao J.X.; Zhang M.T.","Li, Wenhua (57224479888); Xiao, Jia Xin (56834871400); Zhang, Meng Ting (56962940000)","57224479888; 56834871400; 56962940000","Optimizing Urban e-Commerce Experiences: A Cross-Cultural Interface Design Approach for Enhanced Connectivity and Consumer Engagement","2024","Lecture Notes in Computer Science (including subseries Lecture Notes in Artificial Intelligence and Lecture Notes in Bioinformatics)","14687 LNCS","","","219","234","4","10.1007/978-3-031-60441-6_15","https://www.scopus.com/pages/publications/85196085460?origin=resultslist","This research paper presents an in-depth analysis of the Canton Fair’s B2B e-commerce platform, with a focus on optimizing user experience in the context of urban e-commerce environments. The study employs a multi-method approach, incorporating heuristic evaluations, usability testing, and user interviews, to identify key areas for improvement in the platform’s design. Central findings highlight significant issues with navigation complexity, limited search functionality, and the platform’s lack of mobile optimization—elements that are critical for success in fast-paced urban markets. In response to these challenges, the paper proposes a set of comprehensive interface design guidelines. These guidelines emphasize a user-centric design philosophy, enhanced search capabilities, streamlined checkout processes, and the integration of advanced technologies such as AI for personalization. The research also underscores the importance of culturally and linguistically inclusive design to cater to the diverse urban user base. The paper concludes with strategic recommendations for the Canton Fair, aiming to transform its platform into a more efficient, accessible, and user-friendly e-commerce environment. This study contributes to the field of electronic commerce by offering insights and practical approaches for adapting traditional trade platforms to meet the evolving demands of the urban digital marketplace. © The Author(s), under exclusive license to Springer Nature Switzerland AG 2024.","Canton Fair; Electronic Commerce; interface design; usability challenges; user experience","Design; Heuristic methods; Optimization; User interfaces; B2B e-commerce; Canton fair; Cultural interface; Design approaches; E- commerces; In-depth analysis; Interface designs; Research papers; Usability challenge; Users' experiences; Electronic commerce","Conference paper","Final","","Scopus","2-s2.0-85196085460"
"Shrivastava S.; Kanchan S.","Shrivastava, Suryansh (57194165161); Kanchan, Sarvartha (57194160285)","57194165161; 57194160285","Design of seller implant operations in an e-commerce marketplace","2017","Proceedings of the International Conference on Industrial Engineering and Operations Management","","","","471","479","0","","https://www.scopus.com/pages/publications/85018971079?origin=resultslist","In the current e-Commerce ecosystem, an ideal supply chain involves the delivery of an accurate product to a precise location, on the right time at a suitable price. To echo this thought further - Speed, Reliability & Cost are earmarked as the important pillars to judge the design of a good supply chain. An e-Commerce marketplace model involves picking up of shipments from sellers & merchants with a daily load ranging as low as one shipment per seller to as high as 25,000 daily orders from these sellers. This paper introduces an alternate supply chain design to enable first mile pick-up of shipments from high load sellers. Going further, the paper dives deep into this asset-less first mile design and henceforth illustrates its impact on Speed, Cost and Reliability of the supply chain of a particular logistic service provider. © IEOM Society International.","Asset-less; e-Commerce; Implant; Logistics; Supply chain","","Conference paper","Final","","Scopus","2-s2.0-85018971079"
"Blumberg M.R.; Snyder R.L.","Blumberg, M.R. (7005412878); Snyder, R.L. (7402214422)","7005412878; 7402214422","The strategic impact of information technology convergence on healthcare delivery and support organizations","2001","Biomedical Instrumentation and Technology","35","3","","177","187","2","","https://www.scopus.com/pages/publications/0034985475?origin=resultslist","Information technology convergence and medical/IT convergence represent some of the most important facets of the changing healthcare landscape today. The healthcare community has traditionally been slow to adopt new IT systems because of its substantial investment in legacy systems. Now that healthcare providers are beginning to see the potential benefits of seamless IT and medical systems integration within and between facilities and providers, there is a strong emphasis on IT convergence across the industry. This trend has been magnified by the emergence of common standards in hardware, operating systems, and other areas, which makes the integration of diverse network systems less difficult and more cost effective. This emerging focus has generated a professional services market of over $4.3 billion in the United States in 2000 and it is expected to grow rapidly to nearly $12.4 billion by 2005. Information technology convergence projects in the healthcare sector are enabling core functionalities, such as the linking of financial, operational, and patient data, along with more diverse and technologically sophisticated systems and processes, such as PACS and telemedicine. As convergence progresses, a seamless medical provider system will gradually emerge, which will enable patients to move freely through regions and providers along with their records and other critical data. More immediately, healthcare providers are realizing the demands of their customer base and are beginning to implement E-commerce tools, patient call centers built on technical ""help desk"" principles, and other joint means of service marketing and delivery. There is currently a diverse group of service providers involved in healthcare IT convergence, including high-end medical equipment and system OEMs, medical information systems providers, IT vendors and consultants, and others. At present, more traditional OEMs and in-house service organizations are in favor in this marketplace because they enjoy a more comfortable position with healthcare organizations. Space is opening for newer service organizations as they prove their capabilities in meeting provider expectations of increased quality of patient care, increased operational efficiency, and other factors. Most importantly, the strategic service provider in the field of healthcare IT convergence must be able to show a value proposition that meets healthcare provider demands: technical expertise and capabilities for supporting the total cycle service requirements of large, complex IT convergence technologies on a real-time, rapid, economical basis.","","Cost-Benefit Analysis; Delivery of Health Care; Information Science; Information Services; Biomedical equipment; Economic and social effects; Information technology; Strategic planning; article; consultation; cost benefit analysis; device; financial management; government; health care; health care delivery; health care organization; health service; home care; hospital equipment; information processing; interpersonal communication; long term care; marketing; medical technology; support group; Health care delivery; Health care","Article","Final","","Scopus","2-s2.0-0034985475"
"Singh R.K.; Verma H.K.","Singh, Ravindra Kumar (57193919047); Verma, Harsh Kumar (57204684351)","57193919047; 57204684351","Influence of Social Media Analytics on Online Food Delivery Systems","2021","Research Anthology on Strategies for Using Social Media as a Service and Tool in Business","","","","1514","1537","0","10.4018/978-1-7998-9020-1.ch074","https://www.scopus.com/pages/publications/85137539625?origin=resultslist","Online food delivery applications have gained significant attention in the metropolitan cities by diminishing the burden of traveling and waiting time by offering online food delivery options for various dishes from many such restaurants. Users enjoy these services and share their experiences and opinions on social media platforms that impact the trust of customers and change their purchasing habits. This drastic revolution of user activities is an opportunity for targeted social marketing. This research is based on Twitter’s data and aimed to identify the influence of social media in food delivery e-commerce businesses including decision making, marketing strategy, consumer behavior analysis, and improving brand reputation. In this article, the authors proposed an Apache Spark-based social media analytics framework to process the tweets in real time to identify the influences of generated insights on e-commerce decision making. The experimental analysis highlighted the exponentially grown influence of social media in food delivery e-commerce portals in past years. © 2021 by IGI Global. All rights reserved.","","Decision making; Electronic commerce; Marketplaces; Online systems; Social networking (online); Tweets; Decisions makings; Delivery systems; E- commerces; Food delivery; Metropolitan cities; Social media; Social media analytics; Social media platforms; Traveling time; Waiting time; Consumer behavior","Book chapter","Final","","Scopus","2-s2.0-85137539625"
"Wappler William J.","Wappler, William J. (6506373833)","6506373833","Why is the supply chain so critical?","2000","Official Board Markets","76","35","","3","","0","","https://www.scopus.com/pages/publications/0034248540?origin=resultslist","Supply chain management is the process of optimizing the delivery of goods, services, and information from supplier to customer. It is very important for balancing supply and demand. Meeting consumer demand by having the right product, at the right place, at the right time becomes a challenging job for the suppliers. The advancement of the Internet and e-commerce offers a range of solutions to meet these requirements. So companies including packaging industries should be prepared to enter into this highly specialized world of the Internet.","","Distribution of goods; International trade; Internet; Inventory control; Marketing; Packaging; Business-to-consumer (B2C) marketplace; Delivery of goods; Packaging industry; Supply chain management (SCM); Electronic commerce","Article","Final","","Scopus","2-s2.0-0034248540"
"Steinfield C.","Steinfield, Charles (6701637589)","6701637589","Commercial Applications in Digital Communications","2015","The International Encyclopedia of Digital Communication and Society","","","","1","11","0","10.1002/9781118767771.wbiedcs156","https://www.scopus.com/pages/publications/105026079540?origin=resultslist","Where in the past the field of digitally mediated communication was focused narrowly within organizational settings and on its impacts on interpersonal communication, it is now clear that the commercial implications of such communication are vast and pervasive, permeating every aspect of the economy. This entry provides an overview of the topics addressed in the commercial applications theme of this Encyclopedia, covering six areas: business-to-business networks, electronic commerce, online marketing, online content delivery, communication services, and mobile communications. Research related to these topics is needed to understand how digital technologies shape social and business practice, and to better inform policies and practice. The entries offer a comprehensive introduction to the work that has been done and an agenda for where to take research in the future. © 2015 John Wiley & Sons, Inc. All rights reserved.","business and management; communication networks; computer mediated communication; digital media; digital technology; electronic commerce; electronic marketplace; media","Electronics industry; Mobile commerce; Mobile telecommunication systems; Business and management; Commercial applications; Communications networks; Computer-mediated communication; Digital communications; Digital technologies; Electronic marketplaces; Mediated Communication; Medium; Organizational setting; Digital communication systems","Book chapter","Final","","Scopus","2-s2.0-105026079540"
"Jandum K.; Vachirasricirikul S.; Maneetume T.","Jandum, Kaewarin (57191413506); Vachirasricirikul, Sitthidet (25032201400); Maneetume, Thitinon (59787222200)","57191413506; 25032201400; 59787222200","Development of an E-commerce System for Designing Identity Patterns of Community and Ethnic Group Products","2025","10th International Conference on Digital Arts, Media and Technology, DAMT 2025 and 8th ECTI Northern Section Conference on Electrical, Electronics, Computer and Telecommunications Engineering, NCON 2025","","","","715","719","0","10.1109/ECTIDAMTNCON64748.2025.10962010","https://www.scopus.com/pages/publications/105004558514?origin=resultslist","This research aims to collect data on the traditional identity fabric patterns of ethnic groups. Specifically, it gathers 18 fabric patterns from the hmong ethnic group and 16 fabric patterns from the mien ethnic group. The collected data will be stored in a database system designed for e-commerce. Additionally, the study analyzes the factors influencing user satisfaction with an e-commerce in website www.pyhill.com using a sample size of 400 participants. The research found that customers are most satisfied with the ability to design unique ethnic products that are one-of-a-kind. In order of impact, the factors influencing product purchase decisions through the www.pyhill.com system are as follows. 1) The ability to design product patterns themselves, which has the highest impact on user satisfaction. 2) Products designed to be unique and not available in the market. 3) Products that are distinctive and reflect the identity of the ethnic group. 4) The reliability of the product delivery system for pre-ordered items. These factors are statistically significant at 0.05 with a 95% confidence level. © 2025 IEEE.","Community Group; Designing Identity Pattern; E-commerce; Ethnic Group; Website","Electronic money; Mobile commerce; User experience; Community group; Design products; Designing identity pattern; E- commerces; E-commerce systems; Ethnic groups; One of a kind; Purchase decision; Sample sizes; Users' satisfactions; Marketplaces","Conference paper","Final","","Scopus","2-s2.0-105004558514"
"Nguyen T.T.B.; Nguyen K.D.","Nguyen, Tram Thi Bich (57343935800); Nguyen, Khang Dinh (59013450800)","57343935800; 59013450800","Elevating Customer Satisfaction: AI Sentiment Analysis in Vietnamese E-Retail Landscape","2024","Transforming Logistics in a Developing Nation: Vietnam’s Technology Imperative","","","","347","369","1","10.1007/978-981-97-7819-5_12","https://www.scopus.com/pages/publications/105003352809?origin=resultslist","In recent years, sentiment analysis has become increasingly prevalent across various sectors, including businesses and governmental bodies, facilitated by the widespread use of the Internet as a platform for collective sentiment expression. The emergence of Artificial Intelligence (AI) and Machine Learning (ML) has transformed sentiment analysis, enabling efficient analysis of vast volumes of customer feedback data. Vietnam's e-commerce market, one of Southeast Asia's fastest-growing, is poised for significant expansion, driven by a growing digital population and increasing internet penetration rates. With its favorable environment for e-commerce enterprises, Vietnam presents ample opportunities for growth. This study employs sentiment analysis to explore the role of customer feedback in enhancing the satisfaction of Vietnamese e-retailers, proposing improvement strategies for local sellers on popular e-marketplaces like Shopee and Lazada. Through sentiment analysis, our aim is to provide insights into various aspects such as product descriptions, perceived value, size guides, and delivery practices, thereby fostering business performance growth for Vietnamese e-retailers. © The Author(s), under exclusive license to Springer Nature Singapore Pte Ltd. 2024.","Artificial Intelligence (AI); E-commerce market; Machine Learning (ML); Sentiment analysis; Vietnamese E-retailers","","Book chapter","Final","","Scopus","2-s2.0-105003352809"
"Reardon T.; Vos R.","Reardon, Thomas (7006621542); Vos, Rob (7005330526)","7006621542; 7005330526","How resilience innovations in food supply chains are revolutionizing logistics, wholesale trade, and farm services in developing countries","2023","International Food and Agribusiness Management Review","26","3","","455","466","11","10.22434/IFAMR2022.0138","https://www.scopus.com/pages/publications/85166928310?origin=resultslist","Developing country food supply chains have been pummeled by a series (and often a confluence) of shocks over the past several decades, including the Russia-Ukraine war, COVID-19, climate shocks from hurricanes to floods to droughts, animal and plant diseases, an intensification of road banditry and local conflicts, and overlaying all these, deep transformation in markets themselves with new requirements for quality and food safety. Yet supply chains have been largely resilient, adapting and bouncing back in surprising ways. We show that this has often involves deep ‘pivoting’ by one segment or one value chain, and ‘co-pivoting’ by another to facilitate the former’s pivot. We present a conceptual framework and then illustrate with a variety of examples from Africa and Asia, such as pivoting toward e-commerce by Asian retailers and co-pivoting by delivery intermediaries; pivoting toward quality horticultural production by African and Asian farmers and co-pivoting by mobile outsource services for farming and marketing; and building of redundant ports to protect rice milling operations from climate shocks in Asia by agribusiness and logistic firms. The paper provides implications for policy to facilitate these adaptions and for resilience strategies of agribusiness firms. © 2023 Reardon and Vos","developing countries; food supply chains; pivoting; resilience","","Review","Final","All Open Access; Gold Open Access; Green Open Access","Scopus","2-s2.0-85166928310"
"Presskila X.A.; Raj J.R.F.; Kumar P.S.; Sankar G.R.; Rajkumar G.V.; Sundaravadivel P.","Presskila, X. Arogya (57576323600); Raj, J. Relin Francis (57209462571); Kumar, P. Selva (60419298000); Sankar, G. Ram (58787490000); Rajkumar, G. Vinoth (57232027700); Sundaravadivel, P. (57204391586)","57576323600; 57209462571; 60419298000; 58787490000; 57232027700; 57204391586","A Hybrid Learning-Based Q-Commerce Framework Evolving from E-Commerce","2025","2nd International Conference on Machine Learning and Autonomous Systems, ICMLAS 2025 - Proceedings","","","","295","302","6","10.1109/ICMLAS64557.2025.10968475","https://www.scopus.com/pages/publications/105004817052?origin=resultslist","The rapid evolution of E-Commerce has led to the emergence of Quick Commerce (Q-Commerce), a model that prioritizes ultra-fast deliveries and real-time decision-making. This paper proposes a Hybrid Learning-based framework that enhances Q-Commerce operations by integrating Self-Supervised, Supervised, Reinforcement, and Unsupervised Learning techniques. The model leverages BERT for self-supervised pretraining, enabling context-aware customer personalization and improved search relevance. LSTMs and CNNs are employed for demand forecasting and product classification, ensuring optimized inventory management. GNNs enhance personalized recommendations by analyzing user-product relationships. For logistics optimization, DQN and PPO are implemented to dynamically adjust last-mile delivery routes, reducing delivery times and operational costs. To ensure fraud prevention, AEs and GANs detect anomalous transaction behaviors, improving security while minimizing false positives. The proposed hybrid deployment strategy, combining cloud-based AI inference and Edge AI at micro-fulfillment centers (MFCs), enhances system responsiveness and scalability. The framework is evaluated using MAE, RMSE, HR, Fl-Score, and ROC curves, ensuring accurate demand prediction, optimized logistics, and effective fraud detection. Future advancements in Autonomous Deliveries, AI-Powered Warehousing, and Blockchain Integration will further revolutionize Q-Commerce, making it an indispensable extension of E-Commerce.  © 2025 IEEE.","Deep Learning; Demand Forecasting; E-Commerce; Edge AI; Hybrid Learning; Logistics Optimization; Personalized Recommendations; Q-Commerce; Reinforcement Learning","Deep learning; Deep reinforcement learning; Inventory control; Reinforcement learning; Self-supervised learning; Support vector machines; Unsupervised learning; Deep learning; Delivery time; Demand forecasting; Edge AI; Hybrid learning; Logistics optimization; Personalized recommendation; Quick commerce; Reinforcement learnings; Ultra-fast; Marketplaces","Conference paper","Final","","Scopus","2-s2.0-105004817052"
"Tang Y.","Tang, Ying (60416329500)","60416329500","Optimizing Cross-Border E-Commerce Supply Chains Using Product Recommendation System","2025","Proceedings of the 2025 IEEE International Conference on Computation, Big-Data and Engineering, ICCBE 2025","","","","779","782","0","10.1109/ICCBE65177.2025.11256122","https://www.scopus.com/pages/publications/105031089224?origin=resultslist","In today's globalized trade environment, cross-border e-commerce supply chains are increasingly complex, and their efficient operation is crucial for enhancing enterprise competitiveness. This study investigates the application of a product recommendation optimization system to analyze and improve key aspects of cross-border e-commerce supply chains. A comprehensive model is developed to quantitatively evaluate the system's impact on critical processes such as demand forecasting, inventory management, and logistics. Results show that the system can significantly reduce inventory costs, improve customer satisfaction, and shorten order delivery cycles. Furthermore, multiple case studies are used to refine implementation strategies for different types of cross-border e-commerce enterprises, providing empirical evidence and practical guidance for leveraging supply chain advantages in competitive markets and promoting sustainable industry development. © 2025 IEEE.","cross-border e-commerce; price fluctuation; recommendation algorithm; supply chain optimization","Competition; Electronic commerce; Inventory control; Marketplaces; Optimization; Supply chains; Sustainable development; Cross-border; Cross-border e-commerce; E- commerces; Enterprises competitiveness; Optimization system; Price fluctuation; Product recommendation; Product recommendation system; Recommendation algorithms; Supply chain optimization; Customer satisfaction","Conference paper","Final","","Scopus","2-s2.0-105031089224"
"Van Der Linden M.; Souza C.A.","Van Der Linden, Michael (57204043956); Souza, Cesar Alexandre (54790566200)","57204043956; 54790566200","Factors influencing premium pricing in e-Marketplaces","2018","Americas Conference on Information Systems 2018: Digital Disruption, AMCIS 2018","","","","","","1","","https://www.scopus.com/pages/publications/85054268345?origin=resultslist","In an e-marketplace (EM) several vendors compete with each other offering exactly the same products for possibly different prices. However, not necessarily the cheapest offer is the one that will carry out the sale. This work seeks to understand the factors controllable by sellers that influence premium pricing in e-marketplaces. Based on the review of previous research, a model was elaborated that considers that premium price is influenced by the characteristics of the seller (reputation, size and location), of the advertisement (use of multimedia resources, dissemination, payment and delivery options, service and ad history) and product (condition and type). In order to validate this model, an API software was developed that, over a 56-day period, collected real sales data from the largest e-marketplace in Brazil, ""Mercado Livre"". These data were analyzed and used to verify nine hypotheses, which are the basis of the proposed model. © 2018 Association for Information Systems. All rights reserved.","E-Commerce; E-Marketplaces; Modelos de negócios digitais","Costs; Electronic commerce; Information systems; Information use; Location based services; Multimedia systems; E-marketplaces; Multimedia resources; Premium prices; Real sales data; Commerce","Conference paper","Final","","Scopus","2-s2.0-85054268345"
"Nashrulloh M.R.; Satria E.; Nur'aeni S.; Diniyaturobiah H.; Aprilia S.; Zuhaira I.A.","Nashrulloh, Muhammad Rikza (57213520180); Satria, Eri (57200992239); Nur'aeni, Shifa (59468798300); Diniyaturobiah, Hanipah (59468798400); Aprilia, Shelomyta (59469654800); Zuhaira, Ismi Alika (59468630800)","57213520180; 57200992239; 59468798300; 59468798400; 59469654800; 59468630800","Analysis of COD Features in E-Commerce Using the Technology Acceptance Model","2024","11th International Conference on ICT for Smart Society: Integrating Data and Artificial Intelligence for a Resilient and Sustainable Future Living, ICISS 2024 - Proceeding","","","","","","0","10.1109/ICISS62896.2024.10751634","https://www.scopus.com/pages/publications/85211799128?origin=resultslist","This study analyzes user acceptance of the Cash on Delivery (COD) payment method on the Shopee platform using the Technology Acceptance Model (TAM). As e-commerce evolves, offering new payment methods like COD enhances customer convenience and trust. Despite its popularity, the extent of user acceptance of Shopee's COD feature remains under-researched. This study aims to fill this gap by examining the factors influencing user acceptance, including perceived ease of use, perceived usefulness, and behavioral intention to use. Data was collected through a survey of Shopee users who utilize COD and analyzed using Structural Equation Modeling (SEM) with SPSS and Partial Least Squares (PLS) tools. The results demonstrate that perceived ease of use significantly influences perceived usefulness (β = 0.65, p < 0.001), which in turn positively affects users' attitudes towards using the COD feature (β = 0.70, p < 0.001). Additionally, attitudes towards using the COD feature significantly impact behavioral intention to use (β = 0.55, p < 0.001), and this intention significantly predicts actual usage of the system (β = 0.60, p < 0.001). These findings provide valuable insights for developers and e-commerce platforms to optimize the functionality of COD payment methods, enhancing customer satisfaction and transaction efficiency. However, the research evidence presented is preliminary and requires further validation. Future studies should consider larger and more diverse samples to enhance generalizability. Incorporating qualitative methods could also provide deeper insights into user perceptions and experiences. © 2024 IEEE.","Cash on Delivery (COD); E-commerce; Partial Least Squares (PLS); Structural Equation Modeling (SEM); Technology Acceptance Model (TAM); User Acceptance","Customer satisfaction; Cash on delivery; Cash-on-delivery; Partial least square; Partial least-squares; Payment methods; Structural equation modeling; Structural equation models; Technology acceptance model; Users' acceptance; Marketplaces","Conference paper","Final","","Scopus","2-s2.0-85211799128"
"Williams J.G.; Premchaiswadi W.","Williams, James G. (57199291658); Premchaiswadi, Wichian (6507026485)","57199291658; 6507026485","On-line credit card payment processing and fraud prevention for E-business","2011","Global Business: Concepts, Methodologies, Tools and Applications","2-4","","","699","717","10","10.4018/978-1-60960-587-2.ch312","https://www.scopus.com/pages/publications/105014361916?origin=resultslist","As the volume of purchases for products and services on the Internet has increased and the chosen method of payment is a credit or debit card, e-commerce merchants must be capable of accepting such payment methods. Unfortunately, cyber-criminals have found ways to steal personal information found on credit cards and debit cards and fraudulently use this information to purchase products and services which costs merchants lost revenue and fees for chargebacks. This article discusses the process by which credit card payments are processed beginning with the e-commerce merchant's web site to a credit card processor or service gateway to the credit card company's network to the issuing bank's network with an accept or decline response being returned to the merchant's shopping cart system via the same networks. The article addresses the issue of credit card fraud in terms of how the cyber-criminals function and the potential solutions used to deter these attempts by the cybercriminals. A list of preventive measures that should be used by e-commerce merchants is provided. © 2011 by IGI Global. All rights reserved.","","Computer crime; Electronic money; Information use; Marketplaces; Purchasing; Credit card payment; Credit cards; Cyber criminals; Debit cards; E- commerces; Fraud prevention; Payment methods; Payment processing; Personal information; Product and services; Crime","Book chapter","Final","","Scopus","2-s2.0-105014361916"
"Ramya H.P.; Radderatti O.M.","Ramya, H.P. (59178714600); Radderatti, Omkar M. (60000203200)","59178714600; 60000203200","The sustainable consumption footprint of e-commerce payment methods: A life cycle assessment perspective in Industry 5.0","2025","Sustainable Futures With Life Cycle Assessment in Industry 5.0","","","","199","218","0","10.4018/979-8-3693-9346-8.ch010","https://www.scopus.com/pages/publications/105010793904?origin=resultslist","The exponential growth of e-commerce has brought significant changes to the retail industry, altering consumer behavior in online transactions. This study aims to understand how various payment methods influence consumer purchasing decisions in the e-commerce environment. By exploring consumer preferences for different payment methods, such as credit and debit cards, UPI, mobile wallets, net banking, cash on delivery, and Buy Now, Pay Later (BNPL), this research evaluates their impact on purchase frequency, trust, and security. A survey of diverse e-commerce users provides insights into how the availability and perceived security of these payment methods affect overall consumer satisfaction and purchasing behavior. Findings will be useful for e-commerce platforms in optimizing their payment options to better cater to consumer needs and increase conversion rates. © 2025 by IGI Global Scientific Publishing. All rights reserved.","","Electronic money; Life cycle; Life cycle assessment; Marketplaces; Purchasing; Sales; Consumers' preferences; Credit cards; Debit cards; E- commerces; Exponential growth; Online transaction; Payment methods; Purchasing decisions; Retail industry; Sustainable consumption; Consumer behavior","Book chapter","Final","","Scopus","2-s2.0-105010793904"
