entity,app_name,group,source,country,lang_query,rating,text,date,thumbs_up,app_version,lang_detected
METRO app,METRO Companion,METRO (reference),Google Play,us,en,5,Nifty little application.,2026-05-07T19:54:02Z,0,3.81,en
METRO app,METRO Companion,METRO (reference),Google Play,us,en,2,search bar is not user friendly.,2026-05-06T22:59:25Z,0,3.81,en
METRO app,METRO Companion,METRO (reference),Google Play,us,en,1,Not useful for checking prices as they suggest to use this app in the places of the removed in store price checker readers. Garbage without registering your metro card,2026-05-04T14:51:13Z,0,NA,en
METRO app,METRO Companion,METRO (reference),Google Play,us,en,3,invices are hard to read. change collor.,2026-02-24T18:17:16Z,0,3.79,en
METRO app,METRO Companion,METRO (reference),Google Play,us,en,1,useless. it doesn't scan the membership card correctly no matter how you take the picture it still reads it wrong.,2026-01-22T17:24:53Z,0,NA,en
METRO app,METRO Companion,METRO (reference),Google Play,us,en,1,"Lousy app. slow, crashes, Metro lie about its possibilities, not user friendly, horrible layout. Useless.",2026-01-03T15:07:27Z,8,3.78,en
METRO app,METRO Companion,METRO (reference),Google Play,us,en,5,good it's helpful.,2025-12-27T18:33:56Z,0,3.78,en
METRO app,METRO Companion,METRO (reference),Google Play,us,en,2,"It logs me out every time I want to log in, saying ""your session has expired"". Then I have to enter my credentials EVERY SINGLE TIME i want to use the app. It's very annoying. If I didn't need to buy the beer from there, I would supply my bar from another store, that's how bad it is",2025-12-07T11:17:15Z,1,3.77,en
METRO app,METRO Companion,METRO (reference),Google Play,us,en,1,why do I have to update every time I come here. it's ok tou have new versions. but at least let me acces my entry card without updating. Or have internet coverage inside this metal building. really annoying to go outside and wait in the cold.,2025-12-01T15:30:31Z,0,NA,en
METRO app,METRO Companion,METRO (reference),Google Play,us,en,1,Kya fazol app h password shi enter krne ke bwajood bhi account login nhi horha h,2025-08-26T22:01:36Z,0,3.74,en
METRO app,METRO Companion,METRO (reference),Google Play,us,en,1,"Metro forced us to use this new app that is garbage: 1. It doesn't let you log-in or add existing card via phone number — you have to create account with password. 2. After your new account is created the app suggests to scan physical card or to use photo from library — both doesn's work, the app says ""issue with your card"" while physical one works fine. 3. Metro.ua emailed me with threat to block my account if I won't add my card to this app in 48 hours. You'll loose competition this way!",2025-07-31T14:33:52Z,6,3.74,en
METRO app,METRO Companion,METRO (reference),Google Play,us,en,1,the worst DO NOT DOWNLOAD,2025-06-05T14:49:03Z,1,3.73,en
METRO app,METRO Companion,METRO (reference),Google Play,us,en,1,buggy and prices are no more visible,2025-05-26T00:08:32Z,1,3.73,en
METRO app,METRO Companion,METRO (reference),Google Play,us,en,1,"complete disappointment, the online card simply does not work. Shopping points are not added, utter disappointment.... the app is rolled out without any testing... what a waste of time. I shopped for 3 x months and came to know today that not even a single point was added ... not coming to metro again. Metro, you lost me",2025-04-26T17:45:16Z,5,3.72.2,en
METRO app,METRO Companion,METRO (reference),Google Play,us,en,1,don't understand how to make online shopping,2025-04-26T06:36:58Z,0,3.72.2,en
METRO app,METRO Companion,METRO (reference),Google Play,us,en,1,"When I try to scan my card it says ""Data cannot be loaded at the moment""...",2025-04-10T16:46:30Z,0,3.72.2,en
METRO app,METRO Companion,METRO (reference),Google Play,us,en,1,Useless application.Do not show prices Total disappointment,2025-03-17T12:37:28Z,0,3.71.1,en
METRO app,METRO Companion,METRO (reference),Google Play,us,en,1,Worst experience with the app,2025-03-10T16:17:57Z,0,NA,en
METRO app,METRO Companion,METRO (reference),Google Play,us,en,1,Why it is not possible to change language? Why you decided that only system language is comfortable for me ?,2025-03-05T16:09:51Z,5,3.71.1,en
METRO app,METRO Companion,METRO (reference),Google Play,us,en,1,"Metro Greece is missing, put it in the app now!",2025-03-05T15:02:10Z,0,3.71.1,en
METRO app,METRO Companion,METRO (reference),Google Play,us,en,1,App is fine but not scanning cards from google wallet just to make people install the app us rude and deserves less then 1 star,2025-02-09T10:04:55Z,4,3.70.2,en
METRO app,METRO Companion,METRO (reference),Google Play,us,en,1,Multiple trials to scan my card failed. Unable to login.,2025-02-05T09:33:19Z,2,3.70.2,en
METRO app,METRO Companion,METRO (reference),Google Play,us,en,5,"Good for now. Could you add functionality, like: convert receipt into buy list ;)",2025-02-03T09:23:16Z,5,3.70.2,en
METRO app,METRO Companion,METRO (reference),Google Play,us,en,1,Es ist unmöglich die Preise im integrierten Onlineshop inklusive Mehrwertsteuer anzuzeigen.,2025-01-25T23:19:47Z,0,3.69,de
METRO app,METRO Companion,METRO (reference),Google Play,us,en,1,"Worst app ever by metro cant read card bar code , metro staff said its having trouble they cant do anything",2025-01-14T17:53:19Z,4,3.69,en
METRO app,METRO Companion,METRO (reference),Google Play,us,en,1,How to turn on dark theme in Metro app?,2024-12-03T23:11:46Z,0,3.68,en
METRO app,METRO Companion,METRO (reference),Google Play,us,en,1,I coudn't see any price. Tree is some bug,2024-11-28T09:25:29Z,1,3.68,en
METRO app,METRO Companion,METRO (reference),Google Play,us,en,1,Can't connect my card,2024-02-24T11:30:14Z,0,NA,en
METRO app,METRO Companion,METRO (reference),Google Play,us,en,1,Rubish. I can't add my card. Does bot show the reason.,2023-12-17T08:56:17Z,0,NA,en
METRO app,METRO Companion,METRO (reference),Google Play,us,en,1,Issues when downloading invoices from the app. They have the invoice number added after the pdf extention. In order to open a rename is needed.,2023-09-29T11:22:10Z,2,3.54,en
METRO app,METRO Companion,METRO (reference),Google Play,us,en,3,"Supermarket is great but i have an issue with the card reader, also you should have a option to put the code instead of the bar code to avoid these bugs being an issue, literally turned the app almost useless to me because i can't check my receipts, only use it has now is the shopping list, if they fix it fast I'll increase to 4 since the rest is above average.",2023-06-17T19:43:03Z,7,3.50.1,en
METRO app,METRO Companion,METRO (reference),Google Play,us,en,1,togliete quella stupida animazione iniziale che spesso si blocca,2023-05-17T10:46:03Z,0,3.49.1,it
METRO app,METRO Companion,METRO (reference),Google Play,us,en,1,"I was really happy when i noticed that there is the app. Unfortunately, during the registration, i got the notice tgat there is an issue with my Metro card. Well there is no issue, i used it 2 hours ago. So no app, no often shooping 🤷‍♀️",2023-04-11T19:41:44Z,6,3.48.2,en
METRO app,METRO Companion,METRO (reference),Google Play,us,en,1,"Almost 1 year, in this app "" browse assortment"" doesn' t work. Reinstalled soo many times and nothing. What to say, but that is the most important option. Serbian Metro location.",2023-03-14T06:23:39Z,3,3.47.3,en
METRO app,METRO Companion,METRO (reference),Google Play,us,en,1,It logs me out of my account everytime I visit Metro. Then it doesnt log me back in saying the account doesn't exist. Then I have to create a new user id everytime with the same email and it happens over and over and over again. Do something Metro.,2023-03-07T17:00:29Z,3,NA,en
METRO app,METRO Companion,METRO (reference),Google Play,us,en,5,Not even log in with server(s). Totally waste of time,2023-02-27T13:00:00Z,1,3.47.3,en
METRO app,METRO Companion,METRO (reference),Google Play,us,en,1,No METRO Ukraine in the app. I'm ukrainian and we have METRO in our country but this app seems useless in my case.,2023-01-30T20:22:09Z,0,NA,en
METRO app,METRO Companion,METRO (reference),Google Play,us,en,5,Alles Top,2022-12-04T10:38:02Z,0,3.46.1,fr
METRO app,METRO Companion,METRO (reference),Google Play,us,en,1,"Can not log in with my account. It shows ""An unknown error occured"".",2022-12-02T07:37:30Z,1,3.46.1,en
METRO app,METRO Companion,METRO (reference),Google Play,us,en,1,Does not work anymore. Unknown error since a few days on login. No reply from app support. Before it was fine. I do not think it is related to an app update but due to connection to metro servers. Useless now.,2022-11-30T10:38:31Z,10,3.46.1,en
METRO app,METRO Companion,METRO (reference),Google Play,us,en,1,"Cannot log in, newly changed password is not accepted",2022-11-29T20:52:50Z,0,3.46.1,en
METRO app,METRO Companion,METRO (reference),Google Play,us,en,1,1. Can't switch to Bulgarian language. 2. When I tried to switch from Bulgarian to Bulgarian region to see if the language will update - got logged out. 3. Can't log in anymore - in unknown error occurred.,2022-11-28T08:47:50Z,3,3.46.1,en
METRO app,METRO Companion,METRO (reference),Google Play,us,en,1,"Unable to use as constantly getting an ""unknown error occured"" message on login.",2022-11-27T09:07:53Z,3,3.46.1,en
METRO app,METRO Companion,METRO (reference),Google Play,us,en,4,Useful app overall. It would be ideal not having to scan the physical card after each update. It kind of beats the purpose of the app.,2022-11-22T18:23:25Z,3,3.46.1,en
METRO app,METRO Companion,METRO (reference),Google Play,us,en,1,Cannot add card. Tried multiple times over multiple days...,2022-11-06T18:31:57Z,0,3.45.2,en
METRO app,METRO Companion,METRO (reference),Google Play,us,en,1,App not starting,2022-11-06T07:05:07Z,0,3.45.2,en
METRO app,METRO Companion,METRO (reference),Google Play,us,en,1,Can't log in. Error occurred. Pretty useless,2022-11-04T17:35:58Z,2,3.45.2,en
METRO app,METRO Companion,METRO (reference),Google Play,us,en,1,"unglaublich unzuverlässig! Wann auch immer man die App benötigt, funktioniert sie gerade mal wieder nicht! Sie stürzt direkt nach Start wieder ab. Uninstall&Reinstall funktioniert, aber die Updates via Play Store sind wohl nicht zuverlässig. Ich bin dieses Glücksspiel ziemlich leid!",2022-10-15T18:32:30Z,0,3.44.1,de
METRO app,METRO Companion,METRO (reference),Google Play,us,en,2,Why the app doesn't have BG language?,2022-08-28T17:45:00Z,0,3.42,en
METRO app,METRO Companion,METRO (reference),Google Play,us,en,1,"The previous app is not working, this one as well (getting 'Can't connect to the servers' during login). Why an app is published without enough testing? The time spent to register/login is more than to visit physically the store, which is insane in 21st century.",2022-08-22T10:11:28Z,11,3.42,en
METRO app,METRO Companion,METRO (reference),Google Play,us,en,1,What a fuxxk app.,2022-08-18T10:03:48Z,0,3.42.1,en
METRO app,METRO Companion,METRO (reference),Google Play,us,en,2,I wish you could do more cool things with the app than just flip through promotional pamphlets. I wish it could also calculate prices with VAT.,2022-03-20T09:52:09Z,2,NA,en
METRO app,METRO Companion,METRO (reference),Google Play,us,en,5,"Great app, love the UX, digital invoicing, no lagging. Works pretty smooth. Need to try out Scan and go feature next time I visit the store.",2022-03-11T10:07:53Z,9,3.36.1,en
METRO app,METRO Companion,METRO (reference),Google Play,us,en,3,"Pretty complex app, but also has many functions. What would make it better - the brochure can be made visible page by page, because the visualization of two pages on mobile is very inconvenient. Also, still waiting for a mobile shop to make it possible to add a product to shopping list directly from the brochure, instead of making me search for each product from the brochure in an inventory/assortment list and go back and forth for each one, it's very time consuming and inconvenient.",2022-02-16T12:13:35Z,14,3.35.2,en
METRO app,METRO Companion,METRO (reference),Google Play,us,en,2,"Useless, something always goes wrong, local language not supported",2022-01-28T20:01:17Z,2,3.34,en
METRO app,METRO Companion,METRO (reference),Google Play,us,en,1,Too much complications for an app with simple purpose. Exchanged several mails with the developer - none of the suggestions helped. My card is still not accepted by the app. A lot of time lost.,2022-01-19T14:56:21Z,7,3.34,en
METRO app,METRO Companion,METRO (reference),Google Play,us,en,1,"Will not show my gourmet card at all. App doesn't work, please fix",2021-12-28T23:13:06Z,2,3.34,en
METRO app,METRO Companion,METRO (reference),Google Play,us,en,1,search doesn't work. You can't find producs in this application...,2021-12-20T10:43:55Z,1,3.34,en
METRO app,METRO Companion,METRO (reference),Google Play,us,en,1,Can't scan the card. Stupid app with bugs!!!,2021-11-29T21:13:05Z,3,3.33,en
METRO app,METRO Companion,METRO (reference),Google Play,us,en,1,"This is a joke app?? It is unable to read the barcodes of the metro card. Neither as ""taking a photo"" nor of a picture upload of the card. Totally useless....",2021-11-25T13:08:33Z,10,3.33,en
METRO app,METRO Companion,METRO (reference),Google Play,us,en,1,"Horrible, horrible application. Total nonsense and lack of minimal UX.",2021-11-23T16:47:31Z,2,NA,en
METRO app,METRO Companion,METRO (reference),Google Play,us,en,1,Awful app. Cannot import existing Metro card no matter what you do,2021-11-12T19:19:20Z,5,3.32.1,en
METRO app,METRO Companion,METRO (reference),Google Play,us,en,1,Nicht zu gebrauchen. Meine Karte wird nicht angezeigt,2021-10-20T18:39:31Z,0,3.31,de
METRO app,METRO Companion,METRO (reference),Google Play,us,en,1,This app really needs some work to make it actually useful or even just usable,2021-09-16T09:26:43Z,5,3.30.3,en
METRO app,METRO Companion,METRO (reference),Google Play,us,en,1,"Useless, search not working",2021-08-03T16:36:12Z,2,3.29.1,en
METRO app,METRO Companion,METRO (reference),Google Play,us,en,2,"The App has not been working recently. Coupons cannot be activated, points cannot be redeemed... Uninstalling and reinstalling doesn't help either.",2021-07-09T07:04:25Z,7,NA,en
METRO app,METRO Companion,METRO (reference),Google Play,us,en,1,"Says I have no business (true), but I have Gourmet card which should also work in my opinion. Assortments do not load. App crashes upon entering promotions. 1/5 useless.",2021-05-24T21:46:31Z,8,3.27,en
METRO app,METRO Companion,METRO (reference),Google Play,us,en,2,Basically useless. Search doesn't work at all for non food products so you can't see assortment and place orders.,2021-04-06T09:42:11Z,11,3.25.2,en
METRO app,METRO Companion,METRO (reference),Google Play,us,en,5,"Sehr nützliche App. Sinnvolle Features wie Barcode Scan um gleich den Warenbestand/Verfügbarkeit zu prüfen, Artikel des letzten Einkaufs etc. TOP!",2021-01-19T13:31:18Z,0,3.23,de
METRO app,METRO Companion,METRO (reference),Google Play,us,en,5,Perfect for Metro Italia,2021-01-14T18:32:22Z,2,NA,en
METRO app,METRO Companion,METRO (reference),Google Play,us,en,1,Wie der Webseite...komplett null,2020-12-19T06:49:44Z,0,3.23,de
METRO app,METRO Companion,METRO (reference),Google Play,us,en,1,"Could not login in Moldova - it gives an ""unknown error"" and I can not go further and see anything or access anything, so can not use it at all.",2020-07-01T14:19:22Z,13,3.17,en
METRO app,METRO Companion,METRO (reference),Google Play,us,en,1,After last update cookie agreement get stuck and reloaded over and over. Because of that I cant see any catalog.,2020-06-26T04:34:38Z,8,3.17,en
METRO app,METRO Companion,METRO (reference),Google Play,us,en,1,"Useless app, Bruchsal Metro here in Germany quite often doesnt have alot of the items anyway",2020-01-20T19:25:47Z,5,NA,en
METRO app,METRO Companion,METRO (reference),Google Play,us,en,1,"lief immer auf fehler, konnte mich nicht mal einloggen",2019-08-08T05:12:26Z,0,3.3.1,de
METRO app,METRO Companion,METRO (reference),Google Play,us,en,3,Loyalty program is missing,2019-06-11T14:24:27Z,2,NA,en
METRO app,METRO Companion,METRO (reference),Google Play,us,en,5,Great app to shop at metro!,2019-05-14T11:40:40Z,8,3.1,en
METRO app,METRO Companion,METRO (reference),Google Play,us,en,1,Do not recognise card number.  Rubbish.,2017-11-16T14:05:02Z,4,1.62.0,en
METRO app,METRO Companion,METRO (reference),Google Play,us,de,1,Preise viel zu klein geschrieben unübersichtlich unpraktisch,2026-05-13T06:36:51Z,0,3.81,de
METRO app,METRO Companion,METRO (reference),Google Play,us,de,2,"App dokumentiert den Metro Untergang. Aktuell werden keine Angebote mehr angezeigt in den Produktlisten, die Funktion ist einfach futsch. Liebe Metro, ich muss ja nicht bei Euch kaufen.",2026-05-12T14:44:01Z,0,3.81,de
METRO app,METRO Companion,METRO (reference),Google Play,us,de,4,Alles sehr unkompliziert! Tolles Mitarbeiter- Team!👍💫,2026-04-22T04:08:42Z,2,3.80,de
METRO app,METRO Companion,METRO (reference),Google Play,us,de,5,Die hättest mega gut man bekommt immer benachrichtigung von neuen Angeboten Die Auswahl ist dort mega gut und die Karte funktioniert auch einwandfrei bloß wie man das halt hinhebt zum Scannen das ist bisschen nervig aber mit einer Karte wäre es viel besser aber sonst geht's also dass die App ist mega,2026-04-13T13:43:52Z,4,3.80,de
METRO app,METRO Companion,METRO (reference),Google Play,us,de,1,Funktion ungenügend,2026-04-08T12:18:40Z,0,3.80,de
METRO app,METRO Companion,METRO (reference),Google Play,us,de,1,"Unterirdisch und völlig unprofessionell. Die Online-Registrierung ist ok, die zusätzliche Benutzerfreigabe ein absolutes Drama. Selbst nach mehreren Mails mit immer neuen Hilfestellungen ständige Fehlermeldungen und Abbrüche. Konto gelöscht, App gelöscht, keine Zeit für diesen Aufwand!",2026-03-12T19:09:17Z,0,NA,de
METRO app,METRO Companion,METRO (reference),Google Play,us,de,1,"karte hinterlegen ist ein graus... hat man es endlich geschafft und sie wird mit Bild als digitale Karte angezeigt, muss man mit erschrecken feststellen, dass sie natürlich genau, als man am Metro Parkplatz angekommen ist wieder verschwunden ist und dort steht... wir können die digitale Karte nicht aktivieren. Dein Foto wurde nicht geladen. was ist mit dem Foto passiert bzw. mit der digitalen Karte die vorher schonmal in der App war? hatte zum Glück noch die Scheckkarte dabei.",2026-02-23T10:55:24Z,1,3.78,de
METRO app,METRO Companion,METRO (reference),Google Play,us,de,2,"Wenn ich beim Login schon das Land auswählen muss, für welches meine Karte registriert ist, erwarte ich auch, dass die App-Sprache einheitlich angepasst wird. Stattdessen darf man sich einen wilden Mix aus überwiegend Englisch und ein wenig Deutsch geben.",2026-01-31T07:53:08Z,0,3.78,de
METRO app,METRO Companion,METRO (reference),Google Play,us,de,1,Kann nichts mehr abfragen,2026-01-29T09:58:33Z,0,3.78,de
METRO app,METRO Companion,METRO (reference),Google Play,us,de,1,Die Digitle Einkuafsvollmaht ist bei mir über die app nicht auffindbar.,2026-01-17T12:09:04Z,0,3.78,de
METRO app,METRO Companion,METRO (reference),Google Play,us,de,1,viel zu teuer!!,2026-01-13T01:56:27Z,0,NA,de
METRO app,METRO Companion,METRO (reference),Google Play,us,de,1,"Finde die App super schlecht. Bin erstaunt, daß soviele das gleiche Problem haben. Neuinstallation hilft nicht und Service kann mir auch nicht helfen. Meine Karte läßt sich unerklärlich nicht hinzufügen. Man verschwendet soviel Zeit.",2026-01-12T16:00:52Z,0,3.78,de
METRO app,METRO Companion,METRO (reference),Google Play,us,de,1,Funktioniert einfach nicht keine Anmeldung möglich.,2026-01-10T12:59:25Z,1,3.78,de
METRO app,METRO Companion,METRO (reference),Google Play,us,de,1,Weiß nicht wieso man Benachrichtigungem über SMS spammt/ versendet anstatt über die app?,2026-01-05T23:47:53Z,0,3.78,de
METRO app,METRO Companion,METRO (reference),Google Play,us,de,2,"seit neuestem kann sich die App nicht mehr zwischen Deutsch und Englisch entscheiden - aber nur auf dem einen Handy, auf dem anderen ist alles Deutsch. Was ein Chaos...",2026-01-04T06:51:00Z,1,3.78,de
METRO app,METRO Companion,METRO (reference),Google Play,us,de,5,Alle Services verfügbar,2026-01-02T01:34:31Z,0,NA,de
METRO app,METRO Companion,METRO (reference),Google Play,us,de,1,"Furchtbar diese App...ich will nur einkaufen und Metro sollte sich auf Handel konzentrieren und nicht auf 5. klassige Apps...was für mich gar nicht geht, dass man im Geschäft mittlerweile ohne diese katastrophale App keine Quittung mehr bekommt...was ich finde gar nicht geht. Die App ist so unschön wie die Filiale in Feuerbach. Die App fliegt nach dieser Bewertung auf jeden Fall raus und wenn ich im Laden so gar keine Quittung mehr bekomme geh ich halt zu Selgros....ist mir doch egal...",2025-12-29T20:25:43Z,2,3.78,de
METRO app,METRO Companion,METRO (reference),Google Play,us,de,2,unübersichtlich,2025-12-28T09:30:07Z,1,3.75.2,de
METRO app,METRO Companion,METRO (reference),Google Play,us,de,5,Als Kunde bin ich sehr zufrieden mit der Metro app habe keine Probleme gehabt.,2025-12-23T16:31:19Z,6,3.78,de
METRO app,METRO Companion,METRO (reference),Google Play,us,de,3,"Die App hat einige sehr gute Funktionen, doch muss sie um einiges verbessert werden, wenn Sie hilfreich sein soll, so zeigt sie bei der Eingabe des Wortes ""Butter"" 409 Ergebnisse, unter anderem auch Kokosfett. Das ist für ein schnelles Suchen und Finden nicht hilfreich.",2025-12-17T11:47:02Z,0,3.78,de
METRO app,METRO Companion,METRO (reference),Google Play,us,de,2,"Wieso bin ich in Bulgarien gelandet, ich will die Deutsche Metro.Das kann ich nicht für gut finden",2025-12-10T13:34:19Z,0,3.77,de
METRO app,METRO Companion,METRO (reference),Google Play,us,de,1,"Suche nach Produkten und Angeboten völlig verbuggt, Filter lassen sich nicht beliebig auswählen und nur umständlich zurücksetzen. Keine Sortierfunktion. Sorry, das ist 90er Niveau.",2025-12-10T03:28:37Z,0,3.77,de
METRO app,METRO Companion,METRO (reference),Google Play,us,de,1,Leider ist die Verfügbarkeitsinfo überhaupt nicht zuverlässig. Mehrfach sind Artikel im hinterlegten Markt als verfügbar gekennzeichnet und dann vor Ort nicht vorrätig. Da ist der Zusatznutzen dieser Software nicht wirklich erkennbar.,2025-11-29T09:36:27Z,0,3.77,de
METRO app,METRO Companion,METRO (reference),Google Play,us,de,1,"Seit dem letzten Update und der E-Mail Bestätigung bei fast jedem Log In die mit Abstand nervigste App auf meinem Handy. Das hält mich wirklich davon ab, bei euch in Zukunft einzukaufen. In der Zeit, bis es beim 50 Versuch mal mit dem Log In klappt, fahre ich lieber zu meinem anderen Großhändler und kaufe dort ein und spare sogar noch Zeit. Warum immer etwas verändern, was eigentlich gut funktioniert...",2025-11-28T10:22:12Z,7,3.77,de
METRO app,METRO Companion,METRO (reference),Google Play,us,de,2,"Es gibt mehrere Metros in Österreich, ich installiere die App erst dann wieder, wenn man Metro Österreich auswählen kann.",2025-11-27T22:16:01Z,0,NA,de
METRO app,METRO Companion,METRO (reference),Google Play,us,de,1,"Reduzierte Ware wird für die einzelnen Märkte als verfügbar angezeigt. Im Markt weiß man dann von den Reduzierungen aber nichts. Tja, weg umsonst....",2025-11-27T18:10:04Z,0,3.77,de
METRO app,METRO Companion,METRO (reference),Google Play,us,de,5,Sehr übersichtlich und nützlich.,2025-11-21T16:58:31Z,1,3.77,de
METRO app,METRO Companion,METRO (reference),Google Play,us,de,4,"Bei Metro bekommt man fast alles. Und der Livebestand per App ist auch toll! Allerdings dauert die Beantragung der Metro Karte online wirklich sehr lange. Habe am SO die Karte beantragt und immer noch (trotz gültiger Dokumente) keine erhalten (FR). Ich empfehle jedem an den Schalter zu gehen, auch wenn man dafür anstehen muss. Geht in jedem Fall schneller.",2025-11-21T07:53:29Z,4,3.77,de
METRO app,METRO Companion,METRO (reference),Google Play,us,de,1,Es funktionieren einfach nicht,2025-11-20T19:28:33Z,0,3.77,de
METRO app,METRO Companion,METRO (reference),Google Play,us,de,5,SUPER 😃👍,2025-11-16T08:51:53Z,0,3.77,de
METRO app,METRO Companion,METRO (reference),Google Play,us,de,1,warum in Englisch,2025-11-15T16:28:08Z,0,3.77,de
METRO app,METRO Companion,METRO (reference),Google Play,us,de,5,Alles bestens,2025-10-23T11:12:34Z,0,3.75.2,de
METRO app,METRO Companion,METRO (reference),Google Play,us,de,5,Die App ist perfekt. Alles übersichtlich und einfach zu bedienen. SUPER,2025-10-19T10:49:38Z,1,3.75.2,de
METRO app,METRO Companion,METRO (reference),Google Play,us,de,1,"Heute in Metro einkaufen wollen , musste neu registrieren da meine Karte abgelaufen war Mitarbeiterin wollte meine App einrichten laufend kam Es gibt ein Problem mit deiner Karte bitte wende dich für weitere Infos an unseren Kundenservice. Aber nix passiert ! Was soll ich tun ??",2025-10-17T18:23:40Z,0,3.75.2,de
METRO app,METRO Companion,METRO (reference),Google Play,us,de,5,freundliches Personal an der Kasse,2025-10-17T09:24:41Z,0,3.75.2,de
METRO app,METRO Companion,METRO (reference),Google Play,us,de,1,Ich habe den Intelligenztest mich anzumelden nicht bestanden. Irgendwie wurschtelt Google bei der Anmeldung mit sodass Fehler auftreten.,2025-09-24T08:05:59Z,0,3.75.2,de
METRO app,METRO Companion,METRO (reference),Google Play,us,de,2,Rechnung konnte nicht abgerufen werden. Weitere Kundenkarte kann nicht zugefügt werden im account,2025-09-16T17:08:30Z,0,3.75.2,de
METRO app,METRO Companion,METRO (reference),Google Play,us,de,1,"App ist lahm wie sau und zieht in 45 Minuten Nutzungsdauer, weil ständig irgendwelche lustigen Ladeanimationen kommen, 26% Akku. Bodenlos!",2025-09-06T13:06:02Z,2,3.75.2,de
METRO app,METRO Companion,METRO (reference),Google Play,us,de,4,"Moin Moin, finde die APP an sich sehr gut. Nur dieser Punkt mit am besten 20 Prospekte pro Monat, wo sich das meiste wiederholt, finde ich persönlich schon nervig und unübersichtlich.",2025-08-31T11:57:54Z,3,3.75.2,de
METRO app,METRO Companion,METRO (reference),Google Play,us,de,1,"Keine Chance, etwas vernünftig zu bestellen über die App. Installation lief reibungslos, die App hängt jedoch am laufenden Band. Wenn man es dann endlich mal geschafft hat, Ware in den Einkaufswagen zu legen, ist es unmöglich die Bestellung abzuschließen. App wieder deinstalliert.",2025-08-24T08:49:15Z,0,NA,de
METRO app,METRO Companion,METRO (reference),Google Play,us,de,2,Hat einmal funktioniert. Nach dem Einkauf ist die Karte aus der App verschwunden. Karte erneut Scanen hat nicht funktioniert. Wäre schön alternative Methode zu haben z.B. Kartennummer oder Kundennummer um die Karte erneut zu verknüpfen.,2025-08-11T16:34:45Z,0,3.74,de
METRO app,METRO Companion,METRO (reference),Google Play,us,de,3,Korrekturmöglichkeit z.B. für Foto fehlt in der App. Bitte schnellstens ergänzen!!!,2025-08-06T13:30:18Z,0,3.74,de
METRO app,METRO Companion,METRO (reference),Google Play,us,de,5,"Beste App aller Zeiten, Metro, ich liebe dich.",2025-08-05T20:42:11Z,0,3.74,de
METRO app,METRO Companion,METRO (reference),Google Play,us,de,5,Alles Lebensmittel vorhanden,2025-08-04T15:28:09Z,0,3.74,de
METRO app,METRO Companion,METRO (reference),Google Play,us,de,5,"Ich finde die App super, und von der Registrierung bis zum Einkauf funktioniert alles reibungslos. Ich würde mir allerdings als Feature noch wünschen, dass man in der Übersicht zu den einzelnen Rechnungen noch eine kurze Bemerkung eintragen kann. Wir haben mehrere Einkaufsberechtigte, und das wäre schon praktisch. Trotzdem top App! 👍",2025-07-12T07:35:24Z,19,3.74,de
METRO app,METRO Companion,METRO (reference),Google Play,us,de,5,Besser geht's nicht!,2025-07-06T08:01:06Z,0,3.74,de
METRO app,METRO Companion,METRO (reference),Google Play,us,de,2,die App ist an sich echt gut. allerdings ist die Suchfunktion reine Grütze. diese muss unbedingt überarbeitet werden. sucht man nach irgendeinem Begriff findet man alle möglichen Produkte abgesehen von was man gesucht hat.,2025-07-03T12:46:10Z,0,3.74,de
METRO app,METRO Companion,METRO (reference),Google Play,us,de,1,"Karte freischalten erst nach Hilfe im Markt am PC. Service vor Ort kennt das Problem schon länger. Die App ist lahm.Flott lassen sich Seiten nicht scrollen. Die angefragten Produkte findet die App oft nicht, Datenbanksuche Anno 1999. Up to date ist auch die Abfrage des Bestandes im Markt nicht. Aussage von MA in Fachabteilungen: Nicht darauf verlassen. Metro: Seit 40 Jahren Kundenservice mau. Auch digital.",2025-07-01T18:49:50Z,0,3.74,de
METRO app,METRO Companion,METRO (reference),Google Play,us,de,3,"Habe der Metro App mal wieder eine Chance gegeben, das Thema digitale Vollmachten ist aber immer noch nicht gelöst. Entgegen der Anleitung ist weder in der App noch im Kundenkonto die Funktion hinterlegt, keinen Deut weiter als 2022",2025-07-01T12:45:26Z,0,3.74,de
METRO app,METRO Companion,METRO (reference),Google Play,us,de,5,"Das scannen im Markt ist eine super Idee und funzt gut. Die Entwickler sind auch gut, haben die Probleme die ich angeschrieben habe perfekt behoben. Danke Leute - PS.: ich war in der App jetzt mal abgemeldet?!? k.A. ob das durch ein update passiert ist, ausgesprochen ungünstig, wenn das unterwegs ohne Vorwarnung passiert, woher sollte ich denn dann meine Einwahldaten wissen.",2025-06-24T12:03:49Z,13,3.73,de
METRO app,METRO Companion,METRO (reference),Google Play,us,de,1,2 Karten für verschiedene Betriebe auf einem Smartphone geht nicht. Ich habe schon Geld gespart. Ich kaufe nicht mehr bei Metro.,2025-06-23T11:31:58Z,1,3.74,de
METRO app,METRO Companion,METRO (reference),Google Play,us,de,4,"Finde die App klasse. Habe darüber auch schon mehrfach bestellt. Was ich mir wünschen würde, sofern ich es nicht übersehen habe, eine Erinnerungsfunktion für Artikel die nicht lieferbar sind. Wäre schön, wenn der Artikel wieder verfügbar ist, dass man eine Push Nachricht oder Email bekommt.",2025-06-14T07:08:09Z,1,3.73,de
METRO app,METRO Companion,METRO (reference),Google Play,us,de,2,"Sollte schon funktionieren und da keine Rechnungen mehr ausgedruckt werden vor allem dann., zwecks Preiskalkulation.",2025-06-14T04:51:29Z,0,3.73,de
METRO app,METRO Companion,METRO (reference),Google Play,us,de,2,komisch,2025-06-12T16:25:22Z,0,NA,de
METRO app,METRO Companion,METRO (reference),Google Play,us,de,3,Die App bietet keine Möglichkeit zwei Kundenkonten zu verwalten. Zum Beispiel eine Karte vom Arbeitgeber und eine von einem Verein.,2025-06-12T05:01:08Z,0,3.73,de
METRO app,METRO Companion,METRO (reference),Google Play,us,de,2,"Schade, seit dem letzten Update empfinde ich die App als sehr unübersichtlich. einfach nur den Prospekt für die kommende Woche zu sehen stellt sich als unglaublich schwierig heraus.",2025-06-08T10:42:35Z,0,3.73,de
METRO app,METRO Companion,METRO (reference),Google Play,us,de,4,Alles bestens,2025-06-06T16:15:45Z,0,3.73,de
METRO app,METRO Companion,METRO (reference),Google Play,us,de,4,"es wäre hilfreich, wenn ich in der App den richtigen Standort/Gang für Produkte finden könnte.",2025-05-31T12:56:08Z,0,3.73,de
METRO app,METRO Companion,METRO (reference),Google Play,us,de,4,"App ist ganz gut, allerdings hat sie ein paar Mankos In der Suche kann man nicht wirklich filtern und nach Angeboten suchen. Auch ist die Schlagwort Logik fragwürdig. App funktioniert teilweise nicht im WLan",2025-05-27T04:51:32Z,0,3.73,de
METRO app,METRO Companion,METRO (reference),Google Play,us,de,1,Leider hängt sie immer wieder,2025-04-26T16:58:22Z,0,3.72.2,de
METRO app,METRO Companion,METRO (reference),Google Play,us,de,5,noch neu für mich muß mich noch umstellen,2025-04-21T15:36:40Z,0,3.72.2,de
METRO app,METRO Companion,METRO (reference),Google Play,us,de,5,"Problemlose, gut beschriebene Installation und App tut das was man braucht.",2025-04-19T07:56:16Z,0,3.72.2,de
METRO app,METRO Companion,METRO (reference),Google Play,us,de,1,Was soll der Quatsch mit Coupons aktivieren? Fangt nicht so an wie Lidl. Da gehe ich nämlich schon gar nicht mehr hin...,2025-04-17T17:16:38Z,1,3.72.2,de
METRO app,METRO Companion,METRO (reference),Google Play,us,de,5,Alles gut,2025-04-15T18:17:43Z,0,3.72.2,fr
METRO app,METRO Companion,METRO (reference),Google Play,us,de,1,"1 Stern, weil die App auf älteren Handys nicht mal zum Download bereit steht. Und das bei einer ""Einkaufsapp"" die erstmal erzwungenermaßen Rechnungen anzeigen soll, also eine ""wahnwitzige"" Prozessorleistung/Auflösung etc. erfordert. Liebe App-Entwickler: ""Setzen, sechs"".",2025-04-11T17:59:24Z,6,3.72.2,de
METRO app,METRO Companion,METRO (reference),Google Play,us,de,1,Ich finde es zum kotzen das die Angebote nur noch digital zu Verfügung stehen werden.Als alter Kunde ist man nix mehr wert.Ein Hoch saufen unsere Zukunft..,2025-03-22T15:04:32Z,2,3.72.1,de
METRO app,METRO Companion,METRO (reference),Google Play,us,de,2,"Scan & Go funktioniert seit dem letzten Update nicht mehr. Am Checkout ist der Warenkorb leer, sobald man die Kundenkarte gescannt hat.",2025-03-03T14:10:46Z,0,3.71.1,de
METRO app,METRO Companion,METRO (reference),Google Play,us,de,2,"Seit dem letzten Update funktioniert die app nicht mehr einwandfrei. Bei Listen immer die Meldung ""hier herrscht gähnende Leere"" vorher war alles top, jetzt unbenutzbar",2025-03-02T09:16:33Z,1,3.71.1,de
METRO app,METRO Companion,METRO (reference),Google Play,us,de,5,Ganz gut. Danke,2025-02-12T17:18:47Z,0,3.70.2,de
METRO app,METRO Companion,METRO (reference),Google Play,us,de,3,"Seit dem Update geht nichts mehr. Einkaufslisten werden nicht angezeigt, nur Fehlermeldungen genau das gleiche bei der Suche von Artikeln. Fehlermeldung, gähnende leere hier!!!!! Davor war ich mega zufrieden",2025-02-04T03:45:12Z,1,3.70.2,de
METRO app,METRO Companion,METRO (reference),Google Play,us,de,5,Seher nettes Personal,2025-01-29T14:11:19Z,0,3.70.1,de
METRO app,METRO Companion,METRO (reference),Google Play,us,de,1,"Sehr schlecht, Rechnung von heute wird nicht angezeigt",2025-01-13T11:51:10Z,1,3.69,de
METRO app,METRO Companion,METRO (reference),Google Play,us,de,1,Leider wurde die Mengenangabe in der Einkaufsliste entfernt. Irre!,2024-12-30T10:45:54Z,0,3.69,de
METRO app,METRO Companion,METRO (reference),Google Play,us,de,5,Top Top,2024-12-28T08:12:16Z,0,3.69,en
METRO app,METRO Companion,METRO (reference),Google Play,us,de,5,Ich bin sehr zufrieden mit der App,2024-12-19T11:00:35Z,0,NA,de
METRO app,METRO Companion,METRO (reference),Google Play,us,de,5,Ok first time,2024-12-18T18:52:46Z,0,3.67,en
METRO app,METRO Companion,METRO (reference),Google Play,us,de,5,Alles Super,2024-12-16T23:13:53Z,0,NA,fr
METRO app,METRO Companion,METRO (reference),Google Play,us,de,1,Ist mit meinem Gerät plötzlich nicht mehr kompatibel. Trotz aktueller Android Version😡,2024-12-15T11:37:09Z,0,NA,de
METRO app,METRO Companion,METRO (reference),Google Play,us,de,4,"Die Karte ist gut und hilfreich. man kann das Sortiment nach bestimmen Dingen durchsuchen und mit etwas Glück, findet man sie auch. Ein Punkt Abzug: Die Werbung verspricht ""beim nächsten Einkauf 10 Eruo Guthaben"",, jedoch ist dieses leider eine Fehlanzeige...",2024-12-12T16:19:20Z,0,3.68,de
METRO app,METRO Companion,METRO (reference),Google Play,us,de,5,Noch keine Erfahrung,2024-12-07T09:35:36Z,0,3.68,de
METRO app,METRO Companion,METRO (reference),Google Play,us,de,2,"Von der Sache her gut. App ist teilweise sehr langsam im öffnen und die gesetzten Filter für die Suche kann man nicht entfernen, daher nur 2 Sterne",2024-12-03T21:32:49Z,0,3.68,de
METRO app,METRO Companion,METRO (reference),Google Play,us,de,1,"Einkaufslistenfunktion ist schwer fehlerhaft. Ganze Kategorien werden nicht angezeigt produkte werden wenn sie in mehrerer Kategorien vorkommen wie beispielsweise Tamarillo in doppelt angezeigt 1x unter Gemüse und 1x unter Obst. Absolut unausgegoren das ganze hier Edit: gestern das erst mal scan & go ausprobiert leider wurde beim scrollen immerwieder was gelöscht, weil die minimalste seitliche Bewegung dabei zeitgleich auch als input von der App interpretiert wird. Sowas darf nicht passieren.",2024-11-24T16:54:23Z,1,NA,de
METRO app,METRO Companion,METRO (reference),Google Play,us,de,4,Metro Österreich gibt es nicht ? LG,2024-11-12T22:04:07Z,0,3.68,de
METRO app,METRO Companion,METRO (reference),Google Play,us,de,1,"Hallo, ich wollte mich neu anmelden aber das vorgegebene Paßwort funktkonierte nicht. Ich wollte mich ""über Paßwort vergessen"" neu anmelden und bekam die Meldung: Nachricht im Postfach; es kam aber nichts an.",2024-10-31T10:03:46Z,0,3.67,de
METRO app,METRO Companion,METRO (reference),Google Play,us,de,5,Alles bestens. I,2024-10-29T15:20:54Z,0,3.67,fr
METRO app,METRO Companion,METRO (reference),Google Play,us,de,2,"Bekomme zu 80% wenn ich die App nutzen möchte, ein schönes Bild mit einer Satelliten Schüssel und dem Text deine Verbindung scheint nicht zu funktionieren, wobei alle anderen Apps funktionieren. 😞 Problem gelöst, App deinstalliert.",2024-10-29T13:16:55Z,0,3.67,de
METRO app,METRO Companion,METRO (reference),Google Play,us,de,1,"Naja, es gibt bessere und weniger ""komplizierend"".",2024-10-26T14:24:37Z,0,3.67,de
METRO app,METRO Companion,METRO (reference),Google Play,us,de,1,"""hmmm hier herrscht eine gähnende leere ""❗ bin eingeloggt aber bekomme nicht zu sehen 🙈 nicht mal das Sortiment.... Wenn diese Problem sich nicht endet brauche ich kein App mehr...",2024-10-24T14:50:23Z,0,3.67,de
METRO app,METRO Companion,METRO (reference),Google Play,us,de,3,Es ist gut die Karte nun mobil dabei haben zu können aber die Bedienung der App ist eher umständlich,2024-10-20T08:29:23Z,0,3.67,de
METRO app,METRO Companion,METRO (reference),Google Play,us,de,1,Autofill für Passwörter geht nicht,2024-10-09T19:18:44Z,0,3.66.1,de
METRO app,METRO Companion,METRO (reference),Google Play,us,de,5,"Hervorragend und innovativ. Ich bin sehr begeistert von den Möglichkeiten, bis hin zur Bestands- und Preisprüfung im Markt vor Ort von zu Hause aus. Sehr gut! 👍",2024-09-13T20:13:51Z,0,3.65,de
METRO app,METRO Companion,METRO (reference),Google Play,us,de,1,"Kundenservice gibt es keinen, oder er ist im Jahresurlaub. Ich habe auf meine Stornierung vor einer Woche immer noch keine Antwort bekommen. Und vor der Wartezeit der Reklamation des defekten Artikels gestern grauts mir jetzt schon.",2024-09-11T07:21:39Z,0,3.65,de
METRO app,METRO Companion,METRO (reference),Google Play,us,de,2,"Mit der App hat man den Ausweis immer dabei. Auch Scan & Go ist gut gelöst. Allerdings fehlt die Anzeigt, wo man ein Produkt findet (Gang, Abteilung,...), d ein Stern Abzug. Zwei Sterne ziehe ich für die grottige Suche ab. Mit Glück findet man das richtige Produkt in einer langen Liste zusammengewürfelter Produkte... absolut unbrauchbar.",2024-09-08T19:30:04Z,6,3.65,de
METRO app,METRO Companion,METRO (reference),Google Play,us,de,5,sehr übersichtlich und anwender freundlich,2024-09-06T15:17:27Z,0,3.65,de
METRO app,METRO Companion,METRO (reference),Google Play,us,de,3,Warum geht die app nicht im Querformat?,2024-08-20T11:47:37Z,0,3.64,de
METRO app,METRO Companion,METRO (reference),Google Play,us,de,3,Leider fehlt die Funktion der Digitale Einkaufsvollmacht und nicht wie auf der Homepage beschrieben auf der Startseite. Auch in anderen Menü Punkten ist diese nicht zu finden.,2024-08-11T02:54:03Z,0,3.63,de
METRO app,METRO Companion,METRO (reference),Google Play,us,de,3,Haben die App extra runtergeladen wegen der Einfachheit der digitalen vollmachten. Können das aber nicht auf der Startseite finden oder sonst wo,2024-07-18T11:32:38Z,0,3.63,de
METRO app,METRO Companion,METRO (reference),Google Play,us,de,5,Ich bin sehr zufrieden mit der Metro und kaufe dort gerne.,2024-07-12T06:16:54Z,0,3.61,de
METRO app,METRO Companion,METRO (reference),Google Play,us,de,5,"Ich habe gerade gemerkt, dass wenn ich eine einkaufsliste auf einem gerät erstelle, wird es nicht mit der zweiten handy synchronisiert. Also die einkaufsliste wird nur auf dem gerät gespeichert und nicht in der cloud. Funktion wurde hinzugefügt mit der neuen update",2024-07-05T11:39:02Z,2,3.62.3,de
METRO app,METRO Companion,METRO (reference),Google Play,us,de,3,Nach anfänglichen Problemen ist die App inzwischen auch auf älterem Android nutzbar. Leider kann man nicht alle Werbeemails in den Einstellungen verhindern ohne Kontolöschung.,2024-07-05T06:39:43Z,1,3.62.3,de
METRO app,METRO Companion,METRO (reference),Google Play,us,de,5,Einfach und gut,2024-07-01T16:02:14Z,0,3.62.3,de
METRO app,METRO Companion,METRO (reference),Google Play,us,de,5,"Sehr freundlich , bekomme alles für Beruf und privat .Alles übersichtlich und für unseren kleinen gibt es auch was .Kleine Pause Kaffee schmeckt , die Atmosphäre sehr angenehm",2024-06-30T16:33:58Z,1,3.62.1,de
METRO app,METRO Companion,METRO (reference),Google Play,us,de,2,"Die neuen Merklisten sind exkrementenhaft. Ich frage mich, warum muss man ein funktionierendes Feature so verändern, dass die Bedienung wesentlich mehr Klicks benötigt ohne einen echten Mehrwert darzustellen. Hat der Programmierer keinen Teamleiter, der ihn überwacht? Ziehe ein Downgrade über alternativen PlayStore in Betracht.",2024-06-28T17:35:56Z,1,NA,de
METRO app,METRO Companion,METRO (reference),Google Play,us,de,3,"Eigentlich praktisch, Karte immer dabei, Einkaufvolmachten schnell erstellen und verwalten. Aber in einigen Bereichen lange Ladezeiten, und Prospekte und Angebote anderer Metros werden nicht geladen.",2024-06-28T14:52:26Z,1,3.62.3,de
METRO app,METRO Companion,METRO (reference),Google Play,us,de,5,Alles bestens! 👍😄,2024-06-27T11:16:48Z,0,NA,fr
METRO app,METRO Companion,METRO (reference),Google Play,us,de,5,Funktioniert Perfekt,2024-06-22T19:50:14Z,0,3.62.3,de
METRO app,METRO Companion,METRO (reference),Google Play,us,de,2,"Leider kann ich das Unternehmenskonto in der App nicht löschen, weil der ""löschen"" Button nicht erreichbar ist. Die Funktion ""Unternehmen hinzufügen"" zeigt das verknüpfte Unternehmen nicht an, das Profil kann nicht gewechselt werden. Im Moment ist die App nicht nutzbar...",2024-06-16T17:01:40Z,1,3.62.1,de
METRO app,METRO Companion,METRO (reference),Google Play,us,de,5,Ich bin zufrieden. Weitet so,2024-06-13T11:01:46Z,0,3.61,de
METRO app,METRO Companion,METRO (reference),Google Play,us,de,4,Die App lässt sich nicht öffnen. Hat bisher immer geklappt. Heute wollte ich sie nutze. Sie schließt sofort wieder.,2024-06-11T11:08:55Z,0,3.61,de
METRO app,METRO Companion,METRO (reference),Google Play,us,de,5,Super app,2024-06-05T21:01:20Z,0,NA,fr
METRO app,METRO Companion,METRO (reference),Google Play,us,de,1,Bei der Eingabe des Verifizierungs-Code bricht die Installation ab. XIAOMI 13.,2024-06-01T07:53:46Z,0,3.61,de
METRO app,METRO Companion,METRO (reference),Google Play,us,de,5,Mein Arbeitgeber seit 1976,2024-05-14T19:48:20Z,0,3.61,de
METRO app,METRO Companion,METRO (reference),Google Play,us,de,1,"Leider funktioniert Scan & Go nicht. Bei antippen von Scan & Go wird die App geschlossen. Wenn alle Optionen funktionieren, ist die App 👍",2024-04-26T16:21:27Z,0,3.61,de
METRO app,METRO Companion,METRO (reference),Google Play,us,de,1,"Mit einem Konto angemeldet, Karte hinzufügen quittiert die App bei Eingabe des Bestätigungscodes nur mit Abstürzen... Vllt weil Sie in einem anderen Konto schon hinzugefügt ist?!",2024-04-16T10:58:02Z,0,3.60,de
METRO app,METRO Companion,METRO (reference),Google Play,us,de,5,Geile App für Metro Kunden Alle Rechnungen digital Werbung Man kann einkauftsvollmachen mit einem Klick schicken. Scan and Go ist auch super ind spart Zeit! Und die Karte brauch man auch nicht mehr!,2024-04-08T10:20:46Z,1,3.60,de
METRO app,METRO Companion,METRO (reference),Google Play,us,de,5,Megastarke IT und Support von Metro. Ein kleines Problem wurde schnell und professionell gelöst. Vielen Dank!,2024-04-02T15:51:07Z,0,3.60,de
METRO app,METRO Companion,METRO (reference),Google Play,us,de,1,"Seit einer Woche komme ich nicht mehr rein. Fehlermeldung ""keine Verbindung zum Server"". Support sagt nur, ich soll es mit einer besseren Internetverbindung versuchen. Ohne meine digitale Karte kann ich aber nicht mehr einkaufen gehen.",2024-03-28T08:29:01Z,0,3.60,de
METRO app,METRO Companion,METRO (reference),Google Play,us,de,4,"Alles bestens, bis auf das ich keine digitale Einkaufsvollmacht auszustellen kann.",2024-03-25T21:39:19Z,0,3.60,de
METRO app,METRO Companion,METRO (reference),Google Play,us,de,4,Gerne Kunde. Alles schick,2024-03-24T19:26:44Z,0,3.60,de
METRO app,METRO Companion,METRO (reference),Google Play,us,de,5,Eine wirklich tolle App die immer mehr Funktionen bekommt!,2024-03-21T10:49:44Z,1,3.59,de
METRO app,METRO Companion,METRO (reference),Google Play,us,de,1,Braucht physische Karte. Hinweis damit statt mit der vergessenen Karte rein zu kommen vom Support vor Ort also falsch. Erlaubt weder die Eingabe der Kundennummer noch die vorhandene Metro Karte in Google Wallet zu nutzen. Email an Support wurde nie beantwortet.,2024-03-14T22:05:47Z,1,3.59,de
METRO app,METRO Companion,METRO (reference),Google Play,us,de,1,Diese APP kostet mich mehr Zeit als 30km zum Markt zu fahren ...,2024-03-11T13:57:15Z,1,3.59,de
METRO app,METRO Companion,METRO (reference),Google Play,us,de,2,"16.11.21:Eigentlich fand ich die App sehr gut. Leider werden Produkte ständig als Verfügbar angezeigt, im Markt ist das Regal dann aber leer. Das ist extrem ärgerlich und unwirtschaftlich, wenn man nach der Verfügbarkeit den Markt und Einkauf auswählt und plant. 06.03.24 Leider funktioniet die Verfügbarkeitabfrage immer noch nicht zuverlässig. Auch die Suchfunktion ist sehr schlecht, wenn man bei der Suche nach Versandkartons auch Alkoholprodukte angezeigt bekommt.",2024-03-06T13:06:11Z,9,3.59,de
METRO app,METRO Companion,METRO (reference),Google Play,us,de,5,Leider oft Angebote schnell vergriffen.,2024-02-29T13:03:25Z,0,3.59,de
METRO app,METRO Companion,METRO (reference),Google Play,us,de,5,Sehr praktisch und übersichtlich und informativ,2024-02-28T20:09:00Z,0,3.59,de
METRO app,METRO Companion,METRO (reference),Google Play,us,de,3,"App lässt sich sehr leicht einrichten. Alle Belege sind abrufbar, gekaufte Artikel einsehbar. Leider ist die Suchfunktion sehr schlecht, einfache Suchanfragen wie ""Mixer"", oder ""Miniofen"" ergeben 0 Resultate. Bei Suchanfrage ""Einwegbecher"" erhält man auch Glasvarianten. Wird man bei einem Artikel fündig, lässt sich weder ein Filter noch eine Sortiermöglickeit anwenden. Das Menü ist unübersichtlich. Die Mailadresse lässt sich nicht ändern, mal schauen, wann der Kundendienst auf reagiert.",2024-02-27T21:02:57Z,3,3.59,de
METRO app,METRO Companion,METRO (reference),Google Play,us,de,5,Alles gut.,2024-02-18T11:04:10Z,0,3.57,fr
METRO app,METRO Companion,METRO (reference),Google Play,us,de,4,Die App scheint wertlos! Die Metro-Karte zu scannen geht noch. Jedoch nach Eingabe des Namens geht nichts mehr. Der Klick auf WEITER tut nichts mehr. Na dann eben nicht. Nachtrag: Habe heute eine Aktualisierung der App bekommen. Auf einmal funktioniert es. Darum habe ich die Sterne von einem auf 4 hochgestuft.,2024-02-15T18:39:31Z,7,3.58.2,de
METRO app,METRO Companion,METRO (reference),Google Play,us,de,5,Gute App! Besonders praktisch ist die digitale Kundenkarte und das Feature Scan & Go. So wird der Einkauf zusätzlich vereinfacht.,2024-01-31T12:49:10Z,0,NA,de
METRO app,METRO Companion,METRO (reference),Google Play,us,de,1,Kann keinen Barcode scannen.,2024-01-19T16:25:35Z,0,3.57,de
METRO app,METRO Companion,METRO (reference),Google Play,us,de,2,Leider geht die Scan & Go Funktion nicht. Wenn man Scan & Go aufruft hängt sich die App auf.,2024-01-07T18:18:37Z,0,3.57,de
METRO app,METRO Companion,METRO (reference),Google Play,us,de,5,"Ich bin spätestens nach meinem ersten ""scan and go""-Einkauf restlos zufrieden mit der App!!!",2023-12-30T15:12:10Z,0,3.57,de
METRO app,METRO Companion,METRO (reference),Google Play,us,de,4,Es sind leider nicht alle Gutscheine in der App,2023-12-28T07:14:35Z,1,3.57,de
METRO app,METRO Companion,METRO (reference),Google Play,us,de,5,Sehr Gut,2023-12-25T19:12:56Z,0,3.57,de
METRO app,METRO Companion,METRO (reference),Google Play,us,de,4,So weit so gut. Man könnte die App um einen Bereich Einkaufsberechtigungen / Mitgliederverwaltung ergänzen,2023-12-12T16:36:42Z,0,3.56.1,de
METRO app,METRO Companion,METRO (reference),Google Play,us,de,2,Ich kann nicht wie beschrieben eine temporäre Vollmacht erteilen.,2023-12-10T18:19:14Z,0,NA,de
METRO app,METRO Companion,METRO (reference),Google Play,us,de,3,"Der Suchbutton um Produkte ausfindig zu machen ist katastrophal. Ständig werden die Produkte wahllos gewürfelt und ausgeworfen. Als Beispiel, ich suchte für meine Tochter einen Barbie Camper. Ausgeworfen wurden mir unter anderem unter der Rubrik Spielzeug, Werkzeugklingen.",2023-12-06T20:04:19Z,1,NA,de
METRO app,METRO Companion,METRO (reference),Google Play,us,de,1,Funktioniert meist nicht oder sehr langsam,2023-11-27T13:19:31Z,0,3.56.1,de
METRO app,METRO Companion,METRO (reference),Google Play,us,de,5,Super 😃 bekomme viele Infos darüber,2023-11-11T00:40:07Z,0,3.56.1,de
METRO app,METRO Companion,METRO (reference),Google Play,us,de,5,Einfach und bequem bedienen,2023-11-03T03:53:11Z,0,3.55.2,de
METRO app,METRO Companion,METRO (reference),Google Play,us,de,4,Bei Nutzung von Scan and go beendet sich die Anwendung auf meinen Galaxy Z Fold 5 (beide Bildschirme). Den Cache zu leeren bringt keine Abhilfe. Sonst läuft die App ohne Probleme.,2023-11-02T12:07:03Z,1,3.55.2,de
METRO app,METRO Companion,METRO (reference),Google Play,us,de,1,Digitale Einkaufsberechtigung und Marktplatz geht nicht mehr seit dem Update,2023-11-01T12:14:50Z,0,3.55.2,de
METRO app,METRO Companion,METRO (reference),Google Play,us,de,1,"Scan&Go geht nach wie vor nicht, Support schweigt und die Mitarbeiter haben keine Ahnung. Bis vor kurzem war hier eine 4* Bewertung. Update 22.06.2023: Geht immer noch nicht. Personal: Schulterzucken. Metro Kundenservice: Schweigt, keine Reaktion auf Mails oder Rezensionen. 18.10.2023: Geht nach wie vor nicht. Mitarbeiter zucken mit den Schultern und sagen ""Systemfehler"".",2023-10-18T18:46:00Z,11,3.54.1,de
METRO app,METRO Companion,METRO (reference),Google Play,us,de,1,😡👎 Viel Potential nach oben. Unprofessionell und wenig hilfreich. Leider immer noch kein Login mit Fingerabdruck möglich.,2023-10-07T10:03:08Z,1,3.54.1,de
METRO app,METRO Companion,METRO (reference),Google Play,us,de,2,"App gut nutzbar aber seit 14 Tagen erscheint immer die Meldung "" Metro App angehalten und das schliesst sie . Knn weder dugutake Kundenkarte noch sonstiges bei App nutzen . Feedback geschrieben aber keinerlei Rückmeldung erhalten . Support ist meines Erachtens etwas anderes, als das was hier geboten wird . APP FUNKTIONIERT IMMER NOCH NICHT. DAS PROBLEM WURDE NICHT BEHOBEN",2023-10-05T09:24:38Z,0,3.54,de
METRO app,METRO Companion,METRO (reference),Google Play,us,de,1,Bleibt ständig stehen!,2023-10-03T11:33:24Z,0,3.54,de
METRO app,METRO Companion,METRO (reference),Google Play,us,de,1,"Nach der Installation hat die App genau 1 mal funktioniert. Jeder Versuch die App zu öffnen geht nicht, App muss immer angehalten werden, so die Fehlermeldung. 🙁",2023-09-28T16:15:44Z,0,3.54,de
METRO app,METRO Companion,METRO (reference),Google Play,us,de,1,"Hallo Hilfe,App stürzt seit 1 Woche immer wieder ab! Deinstalliert neu geladen,keine Besserung",2023-09-28T15:19:31Z,2,3.54,de
METRO app,METRO Companion,METRO (reference),Google Play,us,de,1,Seit letzter Woche stürzt die App nach dem öffnen direkt ab. Daten und Cache löschen bringt nix. Nach Neuinstallation und Anmeldung besteht das Problem immer noch bzw wieder.,2023-09-26T08:19:00Z,3,3.54,de
METRO app,METRO Companion,METRO (reference),Google Play,us,de,5,Ich habe sehr gute Erfahrungen mit der App gemacht.,2023-09-25T13:39:05Z,0,3.54,de
METRO app,METRO Companion,METRO (reference),Google Play,us,de,5,Funktioniert,2023-09-19T10:09:07Z,0,3.54,de
METRO app,METRO Companion,METRO (reference),Google Play,us,de,5,"Zugriff von überall und zu jeder Zeit, klar strukturiert, tolle Angebote",2023-09-05T06:22:53Z,0,3.49.1,de
METRO app,METRO Companion,METRO (reference),Google Play,us,de,1,Die App funktioniert heute am Freitag immer noch nicht!! Seit 2 Tagen stürzt die App beim Öffnen ab und schließt sich wieder.,2023-08-25T10:33:34Z,1,3.53,de
METRO app,METRO Companion,METRO (reference),Google Play,us,de,1,Stürzt sofort ab,2023-08-22T20:30:42Z,0,3.52,de
METRO app,METRO Companion,METRO (reference),Google Play,us,de,1,App stürzt immer ab beim einloggen,2023-08-12T11:26:37Z,0,3.51.2,de
METRO app,METRO Companion,METRO (reference),Google Play,us,de,1,Kann weder meine Karte aktivieren noch mich registrieren. App bricht immer alls ab.,2023-08-12T10:31:49Z,1,3.51.2,de
METRO app,METRO Companion,METRO (reference),Google Play,us,de,4,"Übersichtlich ...und ausgesprochen praktisch. Perfekt, wenn sich die Einkaufsliste noch mit iPad und Handy synchronisieren ließe. Und praktisch wäre eine Sortierfunktion der Merkliste.",2023-07-25T18:55:29Z,1,3.51.1,de
METRO app,METRO Companion,METRO (reference),Google Play,us,de,3,"Die App an sich ist ok. Leider hat man vergessen den Mitarbeitern beizubringen, dass Kunden die App (insbesondere Scan & Go) tatsächlich nutzen möchten und daher auch die die App nur halb so nützlich.",2023-07-21T15:50:27Z,0,3.51.1,de
METRO app,METRO Companion,METRO (reference),Google Play,us,de,3,Kann die Karte nicht digitalisieren.,2023-07-15T12:08:07Z,0,3.51,de
METRO app,METRO Companion,METRO (reference),Google Play,us,de,2,Leider kann ich keine digitale Einkaufvollmacht erstellen!,2023-07-11T12:31:25Z,1,3.51,de
METRO app,METRO Companion,METRO (reference),Google Play,us,de,2,"Da sollten die App Ersteller noch Mal zur Schule gehen. Überfüllt, unübersichtlich nicht funktionell. Meist funktioniert sie nicht ein Mal. Schade",2023-06-21T18:16:01Z,2,3.50,de
METRO app,METRO Companion,METRO (reference),Google Play,us,de,5,Super sehr gut,2023-06-19T15:57:14Z,0,3.50.1,de
METRO app,METRO Companion,METRO (reference),Google Play,us,de,5,Klasse weiter so!!!,2023-05-30T17:54:27Z,0,3.50,de
METRO app,METRO Companion,METRO (reference),Google Play,us,de,5,"Top Ware, immer alles vorrätig und falls Mal nicht kann man es bestellen und 2-3 Tage später ist es da gutes Preis Leistung Verhältnis",2023-05-30T16:14:15Z,0,3.50,de
METRO app,METRO Companion,METRO (reference),Google Play,us,de,4,Ich kann in der App auf dem Handy nicht mehr auf die Prospekte zugreifen. Auf dem Tablet funktioniert alles einwandfrei.,2023-05-18T06:41:32Z,0,3.49.1,de
METRO app,METRO Companion,METRO (reference),Google Play,us,de,1,"Da ich meine Firma nicht mehr habe und demzufolge meine Karte abgelaufen ist, brauche ich die App auch nicht mehr. Schade, aber ich kann auch wo anders einkaufen gehen und das dann oft noch günstiger, wie ich festgestellt habe. Bedauern??? Ich darf ja nicht ohne Membercard.🖕",2023-05-11T16:34:43Z,0,NA,de
METRO app,METRO Companion,METRO (reference),Google Play,us,de,1,"Unbrauchbar, wenn man nach ""kopierpapier a4 weiß "" sucht, bekommt man bereits an der 3. Stelle farbiges Papier.",2023-05-08T20:22:37Z,0,3.49.1,de
METRO app,METRO Companion,METRO (reference),Google Play,us,de,5,"Super, immer dabei, keine Karte mehr",2023-04-26T13:20:13Z,0,3.48.2,de
METRO app,METRO Companion,METRO (reference),Google Play,us,de,5,Soweit eine super Sache.,2023-04-24T22:37:48Z,0,3.48.2,de
METRO app,METRO Companion,METRO (reference),Google Play,us,de,1,"Ich habe genau das Problem welches bereits Michael V. geschildert hat. Ich kann den gesamten Einkauf scannen, d.h. die Artikel werden gefunden. Im Warenkorb wird jedoch kein Gesamtbetrag erzeugt, der Einkauf lässt sich im Kassenbereich nicht abschließen. Liebes Metro Team, die Meldung habe ich bereits gemacht. Im Übrigen ist die App keine Herausforderung, ich habe sie lange genug erfolgreich genutzt 😉!",2023-04-17T11:13:45Z,10,3.48.2,de
METRO app,METRO Companion,METRO (reference),Google Play,us,de,4,"Update: Die Entwickler haben sofort reagiert, toller Service! ****** Um eine digitale Einkaufsberechtigung zu erteilen, soll ich die App aktualisieren. Die App ist auf dem neuesten Stand, keine Aktualisierung möglich. Der Barcode Scanner stellt nicht immer scharf, wie bei anderen Lese-Apps. Sonst ganz ok!",2023-03-29T08:54:36Z,1,3.48.2,de
METRO app,METRO Companion,METRO (reference),Google Play,us,de,2,"Die App funktioniert jetzt wieder HURRAAAAA Obwohl Kein Update gemacht wurde...... Komisch komisch, doch ein Fehler auf eurem Server....... Werde mir im Markt trotzdem mal eine Karte holen, und updates der app werde ich erstmal NICHT laden solange es jetzt funzt.... Sachen vormerken, aber wo die liegen ????? Gang X Regal Y..... Sagte ja EXTRA: NICHT UPDATEN !!!! Jetzt nicht jammern wenn nix geht.",2023-03-28T18:12:57Z,0,3.47.3,de
METRO app,METRO Companion,METRO (reference),Google Play,us,de,1,"Nicht möglich, 2 GETRENNTE Kunden Nummern zu nutzen. Schade. Offenbar werden Zugänge auch einfach Kommentar los zusammen gelegt. Das will man sicher nicht immer... Ja genau das will ich nicht, denn dann wird der zugefügte Zugang gelöscht und hier integriert. Das schrob ich aber auch gerade... 🫣",2023-03-28T13:29:52Z,0,3.48.2,de
METRO app,METRO Companion,METRO (reference),Google Play,us,de,1,Installiert und nix geht mehr,2023-03-27T11:57:57Z,0,3.48.1,de
METRO app,METRO Companion,METRO (reference),Google Play,us,de,2,"Unglaublich kompliziert 10 x anmelden, dann 10 google......dann bitte warten",2023-03-27T11:33:57Z,0,3.48.1,de
METRO app,METRO Companion,METRO (reference),Google Play,us,de,5,Alles kann man auch nicht kaufen weil es woanders günstiger ist aber wenn man zb gutes Fleisch möchte ist man hier richtig,2023-03-22T16:29:24Z,0,3.48.1,de
METRO app,METRO Companion,METRO (reference),Google Play,us,de,1,Ich kann meine App leider nicht mehr öffnen auch nicht mit WLAN.,2023-03-08T10:25:14Z,0,3.47.3,de
METRO app,METRO Companion,METRO (reference),Google Play,us,de,5,Wir ja Klo reicherrrr1unn GB. Gw wieder w wnwnh ZTE,2023-03-08T07:07:07Z,0,3.47.3,de
METRO app,METRO Companion,METRO (reference),Google Play,us,de,2,"Hängt ständig , Markt lässt sich nicht wählen , müll .....",2023-03-04T22:14:38Z,0,3.47.3,de
METRO app,METRO Companion,METRO (reference),Google Play,us,de,1,"Warum muss man etwas kaputt machen, was gut funktioniert hat???",2023-03-03T08:19:21Z,0,3.47.3,de
METRO app,METRO Companion,METRO (reference),Google Play,us,de,4,"Nun funktioniert alles, besten Dank für die Hilfe. Ein paar Kleinigkeiten könnten noch verbessert werden, aber so ist die App ganz gut.",2023-02-23T21:47:18Z,0,3.47.3,de
METRO app,METRO Companion,METRO (reference),Google Play,us,de,5,Einfach gut,2023-02-21T16:46:59Z,1,3.47.3,de
METRO app,METRO Companion,METRO (reference),Google Play,us,de,4,Tommerhack,2023-02-20T04:08:09Z,0,3.47.3,de
METRO app,METRO Companion,METRO (reference),Google Play,us,de,2,Funktioniert nicht richtig. Kann nicht meine Metro auswählen. Zu langsam beim Starten. Werbung wird nicht angezeigt. Ist nicht zu gebrauchen.,2023-02-15T06:24:13Z,1,3.47.3,de
METRO app,METRO Companion,METRO (reference),Google Play,us,de,3,Leider funktioniert Scan&go offenbar nicht mehr (nicht nur bei mir).,2023-02-13T13:58:17Z,0,NA,de
METRO app,METRO Companion,METRO (reference),Google Play,us,de,5,Sehr gut,2023-02-09T12:46:38Z,0,3.47.2,de
METRO app,METRO Companion,METRO (reference),Google Play,us,de,2,"Gute App mittlerweile, aber Coupons werden von den Kassen bzw. Kassenpersonal nicht akzeptiert. Kassen zeigen an, dass der Coupon ungültig ist o. ä. und statt zu helfen ist es natürlich einfacher sich unwissend zu stellen. Daher nutze ich Lieber wieder Plastikkarte und Papiercoupons.",2023-02-07T10:47:18Z,0,NA,de
METRO app,METRO Companion,METRO (reference),Google Play,us,de,1,"Unbenutzbar dank ewiger Ladezeiten, die meistens kein Ergebnis liefern. Cyberangriff hin oder her, das kann doch nicht zwei Monate dauern?",2023-02-04T19:50:42Z,0,3.47.1,de
METRO app,METRO Companion,METRO (reference),Google Play,us,de,1,Seit dem letzten Update werden keine Prospekte mehr angezeigt bei mir. Fehlerbericht gesendt und als Antwort wollte man meine Kundennumer haben??? Was hat meine Kundennummer mit der App zu tun? Meine Karte ist nicht in der App implementiert.,2023-02-02T16:56:58Z,1,3.47.1,de
METRO app,METRO Companion,METRO (reference),Google Play,us,de,5,"Praktische Erfindung, nutze ich regelmäßig, allerdings zu wenig bekannt bei Metro Kunden",2023-01-30T13:23:09Z,0,3.47.1,de
METRO app,METRO Companion,METRO (reference),Google Play,us,de,3,Die App ist Gut Gemacht nur manchmal geht da Karnix oder ladet Ewigkeiten.,2023-01-28T09:26:27Z,0,3.47.1,de
METRO app,METRO Companion,METRO (reference),Google Play,us,de,1,Einlesen des QR Codes von der Karte nicht möglich.Warum kann man dann nicht händisch eingeben?,2023-01-23T13:26:11Z,0,3.46.2,de
METRO app,METRO Companion,METRO (reference),Google Play,us,de,3,"App kaputt gespielt. Marktauswahl nicht mehr möglich. Blauer Button ist funktionslos... OK ich nehme die Bewertung zurück, beim öffnen des Prospekts in der Mail, öffnet sich die Webseite und nicht die App. Also ist die Webseite kaputt...",2023-01-17T10:56:10Z,1,3.46.2,de
METRO app,METRO Companion,METRO (reference),Google Play,us,de,5,"....ich kann nichts negatives sagen , hatte etwas Probleme damit die App lief aber direkt vor Ort ist mir super kompetent weitergeholfen worden . Auch die Preisabfrage vor Ort im Markt funktioniert bei mir fehlerfrei - ich bin super zufrieden!",2023-01-16T22:12:57Z,1,3.46.2,de
METRO app,METRO Companion,METRO (reference),Google Play,us,de,1,Übernimmt nicht den Standort Oldenburg.Nach Eingabe von Oldenburg sucht die App in einer Tour aber bleibt auf Düsseldorf,2023-01-12T04:32:33Z,0,NA,de
METRO app,METRO Companion,METRO (reference),Google Play,us,de,5,Praktische App. Karte somit immer dabei. Artikel selbst scannen und papierlose Rechnung finde ich auch sehr gelungen 👍,2023-01-11T21:35:17Z,0,3.46.1,de
METRO app,METRO Companion,METRO (reference),Google Play,us,de,4,Sehr zufrieden,2023-01-05T16:56:35Z,0,3.46.1,de
METRO app,METRO Companion,METRO (reference),Google Play,us,de,5,Die App ist einfach zu bedienen,2023-01-04T14:30:05Z,0,3.46.1,de
METRO app,METRO Companion,METRO (reference),Google Play,us,de,2,"Die App würde gut funktionieren, wenn beim Aufruf der Werbung nicht dauernd diese dämliche Animation vorgeschaltet wäre. Dadurch lassen sich regelmäßig die Prospekte nicht aufrufen und die Animation blockiert alles. Diese Spielerei braucht kein Mensch. Ich möchte mit die Prospekte ansehen und keinen fahrenden LKW in einem Kreis.",2023-01-03T19:41:24Z,1,3.46.1,de
METRO app,METRO Companion,METRO (reference),Google Play,us,de,5,"Perfekt, alles was man braucht",2022-12-29T16:02:54Z,0,3.46.1,de
METRO app,METRO Companion,METRO (reference),Google Play,us,de,1,"Die App ist eine einzige Katastrophe. Eher gewinnt man mit 6 Richtigen im Lotto, bevor sich in der App ein Prospekt öffnen lässt.",2022-12-29T00:06:06Z,0,3.46.1,de
METRO app,METRO Companion,METRO (reference),Google Play,us,de,1,"Seit Monaten Probleme die Prospekte zu laden. Sowohl per wlan oder mobiled Internet lädt sich die app quasi tod, beim Versuch einen Prospekt zu öffnen",2022-12-27T10:15:31Z,0,3.46.1,de
METRO app,METRO Companion,METRO (reference),Google Play,us,de,2,Stürzt häufig ab und und funktioniert nicht richtig. Tickets an den Betreiber werden nicht beantwortet.,2022-12-24T17:15:19Z,0,3.46.1,de
METRO app,METRO Companion,METRO (reference),Google Play,us,de,2,"In der App werden zwar die Rechnungen angezeigt, aber wenn man ein PDF-Dokument erzeugen will schmiert die komplette App ab. Bitte dringend fixen!",2022-12-22T20:44:48Z,0,3.46.1,de
METRO app,METRO Companion,METRO (reference),Google Play,us,de,1,"App stürzt bei egal was ab oder macht was sie will. Hat auch nichts mit einem Cyberangriff zu tun, war vorher schon so!",2022-12-22T17:29:25Z,0,3.46.1,de
METRO app,METRO Companion,METRO (reference),Google Play,us,de,1,"Das Einzige,was sich in der App bewegt, ist der Weihnachtsbaum. Anzeige der Prospekte dauert Stunden",2022-12-22T12:47:46Z,1,3.46.1,de
METRO app,METRO Companion,METRO (reference),Google Play,us,de,1,"Ich weiss, dass es es einen Cyberangriff gab. Aber dass die APP seit fast 3 Wochen nur noch abstürzt, geht einfach nicht. Wie lange soll das noch dauern?",2022-12-18T19:54:05Z,0,3.46.1,de
METRO app,METRO Companion,METRO (reference),Google Play,us,de,5,"Super Idee, Karte konnte nun endlich erstellt werden.",2022-12-17T19:52:57Z,0,3.46.1,de
METRO app,METRO Companion,METRO (reference),Google Play,us,de,4,Funktioniert sehr gut.,2022-12-16T15:44:11Z,0,3.46.1,de
METRO app,METRO Companion,METRO (reference),Google Play,us,de,5,"UPDATE: Der Login klappt wieder. Tolle App. Erleichtert deutlich den Einkauf. Man braucht die Plastikkarte nicht mehr und auch an der Kasse läuft es schneller, da man nicht mehr auf die Rechnung warten muss, da diese direkt an die App geschickt wird.",2022-12-14T21:25:22Z,0,3.46.1,de
METRO app,METRO Companion,METRO (reference),Google Play,us,de,4,"Login funktioniert nicht. Erhalte immer die Meldung ""Ein Fehler ist aufgetreten"" Edit: Jetzt funktioniert der Login und die App bietet alles, was ich benötige.",2022-12-09T05:29:05Z,2,3.46.1,de
METRO app,METRO Companion,METRO (reference),Google Play,us,de,5,Gut sehr 👍,2022-12-08T08:23:29Z,0,3.46.1,de
METRO app,METRO Companion,METRO (reference),Google Play,us,de,1,"Anmeldung nicht möglich und somit sind auch die Gutscheine der APP nicht zu benutzen. Anstelle einer Fehlermeldung, die aussagt, warum man sich nicht anmelden kann kommt nur, dass es einen Fehler gibt.",2022-12-05T14:51:14Z,0,3.46.1,de
METRO app,METRO Companion,METRO (reference),Google Play,us,de,1,"Leider klappt die Anmeldung bereits gar nicht, das Scannen der Karte ist unmöglich",2022-12-05T14:26:56Z,0,NA,de
METRO app,METRO Companion,METRO (reference),Google Play,us,de,1,"Die Karte lässt sich zwar erstmal einscannen dann kommt ständig eine Fehlermeldung, dass man es nochmal versuchen soll. Beim nächsten Scannen kommt die Meldung, dass die Karte hinterlegt wurde. Möchte man sich nun einloggen bekommt man die Meldung bitte fügen Sie ihre Karte hinzu. Man dreht sich also ""im Kreis"" und kommt zu keinem Ergebnis. Ich bin nach 15 Minuten total genervt von dieser unterirdischen App und deinstalliere diese jetzt wieder. 6 ! Setzen!",2022-12-05T11:27:58Z,8,3.46.1,de
METRO app,METRO Companion,METRO (reference),Google Play,us,de,1,"Rechnungen werden nicht ausgedruckt, da eine Bereitstellung in der App erfolgen soll. Dort passiert aber (immer noch) nichts. Die Rechnungen werden aber dringend für die Buchhaltung benötigt. Wie kann eine so wichtige Funktion nur so lange nicht gefixed werden??",2022-12-05T09:13:15Z,1,3.46.1,de
METRO app,METRO Companion,METRO (reference),Google Play,us,de,4,"Auch bei mir (Android 13) ist im App das Einloggen nicht möglich und kommt ständig die Fehlermeldung ""Ein Fehler aufgetreten"". Eine Deinstallation und Neuinstallation hat nichts gebracht. Auf der Homepageseite kann ich mich ohne Probleme einloggen. Somit ist die Anwendung fehlerhaft und nicht nutzbar. Als dies funktionierte, fand ich es sehr benutzerfreundlich und übersichtlich und ich war sehr zufrieden damit. Ich hoffe, dass es bald wieder funktioniert.",2022-12-04T12:09:32Z,2,3.46.1,de
METRO app,METRO Companion,METRO (reference),Google Play,us,de,1,Login fehlgeschlagen seit einer Woche.,2022-12-04T10:19:22Z,0,3.46.1,de
METRO app,METRO Companion,METRO (reference),Google Play,us,de,1,Leider funktioniert die App Produktsuche seit einigen Tagen/Wochen wegen technischer Störung nicht mehr. Dachte ok das hält nur 1-2 Tage an jetzt doch länger. Merkliste geht dadurch nicht also zurück zum Papier. 🤷,2022-12-03T17:43:48Z,0,NA,de
METRO app,METRO Companion,METRO (reference),Google Play,us,de,1,"Hallo App Team, wann kann man die App wieder vollumfänglich nutzen (Anmeldung)? Viele Grüße",2022-12-03T08:52:07Z,0,3.46.1,de
METRO app,METRO Companion,METRO (reference),Google Play,us,de,1,"Seit mehr als einer Woche kein login möglich. Bei der Hotline sagte man mir, dass ich solange nicht einkaufen kann, da meine Kundenarte erst nach login sichtbar ist. Ergänzung: es ist immer noch kein login möglich, aber man sieht, dass dran gearbeitet wird. Vor der Fehlermeldung wurde jetzt ein animierter, wackelnder Weihnachtsbaum eingefügt. Das ja fast die halbe Miete.",2022-12-02T13:15:24Z,4,3.46.1,de
METRO app,METRO Companion,METRO (reference),Google Play,us,de,1,Ich kann mich gar nicht erst einloggen nach der Registrierung. :(,2022-12-02T09:32:34Z,0,3.46.1,de
METRO app,METRO Companion,METRO (reference),Google Play,us,de,1,"Unbrauchbar, da einloggen nicht funktioniert! Müll",2022-12-02T07:46:12Z,0,NA,de
METRO app,METRO Companion,METRO (reference),Google Play,us,de,1,Seit dem letzten Update kein einloggen mehr möglich in den digitalen Ausweis,2022-12-02T04:34:49Z,0,3.46.1,de
METRO app,METRO Companion,METRO (reference),Google Play,us,de,1,"Funktioniert mal wieder nicht. Weder Suche im Sortiment, noch Online-Rechnungen. Damit ist die App nutzlos.",2022-12-01T18:11:41Z,1,3.46.1,de
METRO app,METRO Companion,METRO (reference),Google Play,us,de,1,"Ich war ganz begeistert davon, meine Karte digital zur Hand haben zu können. Aber leider liegt irgendwo ein Fehler vor, so dass ich die App mangels möglicher Anmeldung gar nicht nutzen kann. Auch eine Deinstallation und Neuinstallation haben mich nicht weiter gebracht. Da es im Markt selbst Probleme mit der Technik gab, hoffte ich, dass sich das Problem in ein paar Tagen von selbst erledigen würde. Leider war dem nicht so. Werde wohl deinstallieren müssen. Schade.",2022-12-01T12:06:46Z,29,3.46.1,de
METRO app,METRO Companion,METRO (reference),Google Play,us,de,1,"Vor fast 2 Monaten war der angebliche Cyberangriff. Die Folgen sind immer noch nicht beseitigt. Ein Einloggen in die App (und somit eine sinnvolle Nutzung) ist weiterhin nicht möglich. Ich gehe davon aus, dass die gesamte IT Abteilung aus einer Halbtagsstelle besteht. Das würde auch erklären, warum ein erfolgreicher Angriff überhaupt möglich war. Vielleicht könnte man auch das aufgeweckte Kerlchen, das seit Wochen den stets gleichen Textbaustein als Antwort, postet zur IT Fachkraft umschulen.",2022-12-01T07:57:51Z,3,3.46.1,de
METRO app,METRO Companion,METRO (reference),Google Play,us,de,1,"Gibt es aktuell Probleme mit der App? ""Ein Fehler ist aufgetreten"" kommt beim Loginversuch. Schade ...",2022-12-01T07:38:13Z,0,3.46.1,de
METRO app,METRO Companion,METRO (reference),Google Play,us,de,3,"Die aktuelle Version der App zeigt in meinem ausgewählt Markt keine Artikel an. Unter ""Sortiment durchsuchen"" steht "" Hmmm ... hier herrscht eine gähnende Leere"". Dazu ist eine Karikatur eines Astronauten zu sehen. Was ist da los? Ergänzung: Für beliebige andere Märkte werden derzeit ebenfalls keine Waren angezeigt. Ergänzung 2: Soeben erfahre ich, dass es einen Cyberangriff bei Metro gegeben hat. Davon war mir nichts bekannt. Alles Gute!",2022-11-30T17:58:47Z,1,3.46.1,de
METRO app,METRO Companion,METRO (reference),Google Play,us,de,2,Mit Rabatt geworben aber bei der Lieferung ohne Rabatt berechnet,2022-11-30T12:20:27Z,0,3.46.1,de
METRO app,METRO Companion,METRO (reference),Google Play,us,de,2,Normal gut aber in letzter Zeit immer wieder Probleme. Und ich darf dann an der Info eine Tages Karte beantragen. Irgendwann nervt das,2022-11-29T18:27:52Z,0,3.46.1,de
METRO app,METRO Companion,METRO (reference),Google Play,us,de,5,aufgeräumte App mit digitaler Metro Card,2022-11-29T12:47:40Z,0,3.46.1,de
METRO app,METRO Companion,METRO (reference),Google Play,us,de,1,Kein Zugriff auf Sortiment. Unsere App steht zur Zeit nur eingeschränkt zur Verfügung. Was soll ich drunter verstehen.nutzlos.,2022-11-29T11:33:03Z,4,3.46.1,de
METRO app,METRO Companion,METRO (reference),Google Play,us,de,2,Kann das Sortiment nicht mehr durchsuchen 😕 Warum nicht?? 😕,2022-11-28T18:31:47Z,0,3.46.1,de
METRO app,METRO Companion,METRO (reference),Google Play,us,de,1,"Katastrophal! Nichts funktioniert mehr an dieser App und dies schon seit Tagen. Das schlimmste ist, dass dies bereits bekannt sein muss, aber sich bis heute nicht geändert hat.",2022-11-27T07:42:12Z,5,3.46.1,de
METRO app,METRO Companion,METRO (reference),Google Play,us,de,1,"Erst konnte die Karte nicht hinzugefügt werden und jetzt erscheint beim anmelden die Meldung ""ein Fehler ist aufgetreten"" was ist das bitte für eine Fehlermeldung?!? Wer soll damit was anfangen können?!?",2022-11-25T16:43:16Z,1,3.46.1,de
METRO app,METRO Companion,METRO (reference),Google Play,us,de,3,"TOP: Keine Metro Karte dabei haben FLOP: seit dem letzten Update werden Aktionen und Gutscheine nicht mehr geladen und die App steht ""nur eingeschränkt"" zur Verfügung",2022-11-25T15:09:15Z,1,3.46.1,de
METRO app,METRO Companion,METRO (reference),Google Play,us,de,2,"Das Anzeigen der Prospekte funktioniert gut. Leider lässt sich die Metro-Karte nicht hinzufügen. Das Melden dieses Fehlers über die App schlägt ebenfalls fehl, da die Nachricht nicht zugestellt werden kann.",2022-11-25T14:35:07Z,0,3.46.1,de
METRO app,METRO Companion,METRO (reference),Google Play,us,de,1,"Na ja, Begeisterung hält sich in Grenzen. Die App funktioniert öfters Mal nicht. Letzten konnte der Strichcode am Eingang nicht eingelesen werden. Jetzt funktioniert Login nicht. Der Coupon für Bf wird nicht angezeigt. Gut ist anders.",2022-11-25T09:30:23Z,1,3.46.1,de
METRO app,METRO Companion,METRO (reference),Google Play,us,de,1,"Ich kann mich nicht einloggen. Es erscheint ständig die Meldung ""Es ist ein Fehler aufgetreten""",2022-11-24T18:28:43Z,1,3.46.1,de
METRO app,METRO Companion,METRO (reference),Google Play,us,de,1,"Eigentlich war ich bisher zufrieden, aber seit dem Update bom 21.11.2022 kann ich mich nicht mehr in der App einloggen. ""Ein Fehler ist aufgetreten."" Selbst Löschung aller App-Daten oder Neuinstallation ändert nix.",2022-11-24T14:35:51Z,4,3.46.1,de
METRO app,METRO Companion,METRO (reference),Google Play,us,de,5,Geht einfach gut,2022-11-23T17:59:54Z,0,3.46.1,de
METRO app,METRO Companion,METRO (reference),Google Play,us,de,1,"Ich kann mich nicht anmelden, ständig kommt eine Fehlermeldung. Völlig unbrauchbar.",2022-11-23T14:26:49Z,4,3.46.1,de
METRO app,METRO Companion,METRO (reference),Google Play,us,de,1,"Erstkontakt mit der App ist schon negativ. Ich kann mich mit meinen Nutzerdaten nicht einloggen, laufe direkt in eine Fehlermeldung. Über die Browserversion klappt der Login aber problemlos. So nutzt mir die App nichts und fliegt wieder runter!",2022-11-23T11:48:32Z,4,3.46.1,de
METRO app,METRO Companion,METRO (reference),Google Play,us,de,1,Es treten Fehler auf. Ich kann mich nicht anmelden.,2022-11-23T10:13:15Z,0,3.46.1,de
METRO app,METRO Companion,METRO (reference),Google Play,us,de,4,Die Karte wird nicht eingescannt,2022-11-21T19:50:08Z,1,3.46.1,de
METRO app,METRO Companion,METRO (reference),Google Play,us,de,1,Nach Update funktioniert sie gar nicht mehr. Vorher kam ich nur nicht rein.,2022-11-17T13:13:24Z,2,3.45.2,de
METRO app,METRO Companion,METRO (reference),Google Play,us,de,1,Ich kann auch meine Karte nicht Scannen,2022-11-12T06:49:59Z,1,NA,de
METRO app,METRO Companion,METRO (reference),Google Play,us,de,5,"Ich kann mich leider überhaupt nicht einloggen in die App. Trotz Online Registrierung und Passwort zurücksetzen kommt immer die Meldung - ein Fehler ist aufgetreten. Update: ich hab die App einfach gelassen und habe versucht mich paar Tage später erneut einzuloggen. Es ging alles einwandfrei! Warum auch immer, jetzt passt alles!",2022-11-06T17:07:05Z,1,3.45.2,de
METRO app,METRO Companion,METRO (reference),Google Play,us,de,1,Scannen funktioniert nicht Debug-Information: App-Version: 3.45.2 / 31479 Gerät: motorola moto g(30) Betriebssystem: 12 API 31 Sprache/Region: de_DE (de),2022-11-06T07:39:18Z,0,3.45.2,de
METRO app,METRO Companion,METRO (reference),Google Play,us,de,5,Sehr geile App. Viele Funktionen,2022-11-02T21:11:13Z,0,3.45.2,de
METRO app,METRO Companion,METRO (reference),Google Play,us,de,5,Metro wird digital. Die App ist gut und wird kontinuierlich besser. Knackpunkt ist gegenwärtig eher das hinter der App liegende Wären Wirtschaftssystem.,2022-11-02T17:07:02Z,0,3.45.2,de
METRO app,METRO Companion,METRO (reference),Google Play,us,de,3,"Bisschen behäbig und unübersichtlich, aber wer Zeit hat, kommt zuweilen zum Ziel",2022-10-28T20:50:10Z,0,3.41.1,de
METRO app,METRO Companion,METRO (reference),Google Play,us,de,4,"Die App tut soweit was sie soll, leider ist es nicht mehr möglich einen Markt auszuwählen. Ich wähle meinen Markt und auf der App erscheint nur das Wartesymbol... muss nach einer Weile erfolglos abgebrochen werden. Wahrscheinlich weil der Konzern gehackt wurde, keine live Einsicht in die Filiale möglich.",2022-10-24T12:20:55Z,0,3.45,de
METRO app,METRO Companion,METRO (reference),Google Play,us,de,1,"Seit dem Update, kann ich meine Kundenkarte nicht hinzuzufügen. Definitiv kein ""individueller Fehler"", wie unten geschrieben.",2022-10-23T14:56:42Z,0,3.44.1,de
METRO app,METRO Companion,METRO (reference),Google Play,us,de,2,"Immer wieder Fehler und Probleme, Suchfunktion zeigt alles an, nur nicht das wonach man sucht. Keine Erleichterung und kein Mehrwert. Beschreibungen der Artikel zum Teil absoluter Unsinn und wenn die Sufu mal etwas findet wird einem nicht angezeigt, wo im Markt das Produkt zu finden ist. Alles in allem kaum nutzen aber viel Frust.",2022-10-13T06:30:48Z,1,3.44.1,de
METRO app,METRO Companion,METRO (reference),Google Play,us,de,1,Rückständig. Wer braucht ne app wo man nicht kaufen kann und geliefert wird. Wenn ich lesen will gehe ich in eine Bibliothek. Überhaupt sind die Metro alle unerreichbar für die wo kein Auto haben. Versuche mal im Saarland in Ensdorf über die Autobahn zu Fuß oder mit Fahrrad oder Behinderten Rollstuhl zu kommen. Jeder Metro Markt wurde für Fußgänger und Co unerreichbar hinter der Autobahn Straße geparkt. Gerade in Spritmangel und hohe Ölpreise wird das noch interessant. GW gibt's keine ohne FSK?,2022-10-10T09:28:15Z,0,3.44.1,de
METRO app,METRO Companion,METRO (reference),Google Play,us,de,5,"Super app. ganz einfach mit meiner bereits vorhandenen My Metro Login eingeloggt, und ein foto von mir gemacht, und schon kann es losgehen. einfache app, ohne Probleme. Für jedem zu empfehlen. Scan & go und tolle rabattcoupons findet man dort auch.",2022-10-07T23:29:13Z,10,3.44.1,de
METRO app,METRO Companion,METRO (reference),Google Play,us,de,4,Digitales Wochenangebot 👍 Passt schon✌️,2022-09-29T12:06:43Z,0,NA,de
METRO app,METRO Companion,METRO (reference),Google Play,us,de,3,"Scannen um reinzukommen kann man, super! Rechnung abrufen funktioniert niiie. Immer Probleme. Push-Up Benachrichtigung kommt aber dann angeblich 'hier herrscht eine gähnende Leere' - geht besser..",2022-09-28T19:49:21Z,0,3.44.1,de
METRO app,METRO Companion,METRO (reference),Google Play,us,de,5,"Super Alles in einem echt kompakt, übersichtlich spitze.",2022-09-28T19:35:11Z,0,3.44.1,de
METRO app,METRO Companion,METRO (reference),Google Play,us,de,1,"Weit kommt man mit der App leider nicht. Schon bei der Registrierung schlägt das Scannen der Karte fehl. Obwohl diese deutlich und scharf abgebildet ist. Ja natürlich ist der Kamerazugriff aktiviert. Der Barcodescanner (andere App) geht problemlos. Wenn das scannen von Barcodes im Markt dann auch so schlecht geht, bleibe ich doch lieber bei der konventionellen Methode.",2022-09-26T20:07:51Z,17,3.44.1,de
METRO app,METRO Companion,METRO (reference),Google Play,us,de,4,"Also macht erst einmal einen guten Eindruck, aber die zweite Firma bzw Karte lässt sich nicht hinzufügen oder muss ich extra eine neue Firma registrieren, wäre natürlich schön wenn man zwei Firmen hat, dass man zwei Karten in der App nutzen kann",2022-09-15T10:20:21Z,0,3.43.2,de
METRO app,METRO Companion,METRO (reference),Google Play,us,de,2,"Seit der letzten Aktualisierung funktionieren die Angebote nicht mehr, kundenkarte registrieren funktioniert immer noch nicht, Leute, macht euren Job.",2022-09-01T05:42:59Z,0,NA,de
METRO app,METRO Companion,METRO (reference),Google Play,us,de,1,"Könnte wohl ganz interessant sein, wenn alle Funktionen nutzbar wären. Leider sind die Hinweisfenster so groß, dass sie über den Bildschirm meines Smartpho nes hinausgehen und Schaltflächen gar nicht sichtbar sind, klicken daher nicht möglich. Scrollfunktion oder Zoom ebenfalls nicht vorhanden, somit leider die App für mich nicht nutzbar und gleich wieder deinstalliert:-(",2022-08-25T08:44:42Z,1,NA,de
METRO app,METRO Companion,METRO (reference),Google Play,us,de,2,App ist in Ordnung und funktioniert gut......Mitarbeiter vor Ort leider nicht!,2022-08-24T00:41:07Z,0,3.42,de
METRO app,METRO Companion,METRO (reference),Google Play,us,de,5,Immer gute Angebote. Preis/Leistungsverhältnis stimmt.,2022-08-22T13:05:07Z,0,3.42,de
METRO app,METRO Companion,METRO (reference),Google Play,us,de,3,"Was bedeutet Aktivierung ""blau""?",2022-08-19T15:49:31Z,0,3.42.1,de
METRO app,METRO Companion,METRO (reference),Google Play,us,de,4,"Warum nur 4 Sterne? Eigentlich ist die App klasse. Eigentlich. Meinen inneren Monk stört allerdings, dass man die Merkliste nicht sortieren kann. Wenn ich händische Einkaufszettel schreibe, dann immer nach Gangfolge, damit ich ne bessere Übersicht habe und nicht am Schluss nochmal zum Anfang zurücklaufen muss. Es bedarf nicht viel, nur eine kleine Sortierfunktion.",2022-08-15T12:05:16Z,8,3.42,de
METRO app,METRO Companion,METRO (reference),Google Play,us,de,5,Sehr gut man kann jeder Zeit Angebote ansehn,2022-08-14T10:25:15Z,0,3.42,de
METRO app,METRO Companion,METRO (reference),Google Play,us,de,5,"Kundenkarte, Preisinformation und Werbeprospekt in einem (unter anderem) und die App läuft zuverlässig und absturzfrei - was will ich mehr.",2022-08-08T10:34:55Z,0,3.41.1,de
METRO app,METRO Companion,METRO (reference),Google Play,us,de,1,App lässt sich seit Wochen nicht öffnen! Samsung Galaxy S21 Ultra,2022-08-05T23:41:17Z,0,3.41.1,de
METRO app,METRO Companion,METRO (reference),Google Play,us,de,5,Eigendlich immer zufrieden mit der App. Ich bestelle immer über die App meine Waren. Per Lieferservice. Seit Tagen komme ich nicht mehr auf meinen Warenkorb. Das lädt nur und nix passiert.,2022-08-04T08:30:58Z,0,3.41.1,de
METRO app,METRO Companion,METRO (reference),Google Play,us,de,5,Hallo Muss man eine metro karte haben damit man die app benutzen kann oder geht das auch ohne karte. Ich habe keine metro karte wurde aber gerne eine haben wollen,2022-08-02T16:52:18Z,0,NA,de
METRO app,METRO Companion,METRO (reference),Google Play,us,de,1,"Suuuper Sache! Erst gibt's, natürlich NUR per App, für heute 10% auf alles...dann gibt's aber leider kein Gutschein in der App...nachdem man dann notgedrungen dennoch seine Besorgungen erledigt hat, kommt am Nachmittag die Meldung: Fehler behoben! Gutschein ist jetzt verfügbar! Vielen Dank für's Locken, immerhin hat das funktioniert 😒",2022-08-02T14:20:10Z,0,3.41.1,de
METRO app,METRO Companion,METRO (reference),Google Play,us,de,3,Soweit ok. Alles zur Hand. Prima wären jetzt noch die persönlichen Gutscheine und Rabatte. Leider ist das Sortiment immer noch nicht abrufbar? Kategorien sind nicht vorhanden? So kann man keine Einkaufsliste erstellen? Ohne Sortiment kein Einkauf? 1 Stern Abzug weil sich nichts geändert hat.,2022-08-01T19:00:24Z,4,3.41.1,de
METRO app,METRO Companion,METRO (reference),Google Play,us,de,1,"Sorry, der Mehrwert der App erschließt sich nicht mir. Den Karten-Code kann ich in jeder Wallet-App speichern. Da man das Bild selbst ändern kann, ist das auch kein Sicherheitsmerkmal. D.h. das Argument des Bildes und das ""wabernde"" Logo verhindert nicht, dass man den Code weitergeben kann. Stattdessen bin ich gezwungen eine weiter App zu haben. Bitte auch Wallets zulassen. Danke.",2022-07-27T14:16:47Z,2,3.41.1,de
METRO app,METRO Companion,METRO (reference),Google Play,us,de,3,"Die neuen Features sind super, leider gehen die Rabattaktionen nicht, wenn man auf ""zum Cupon"" klickt passiert nichts, es kommt ganz kurz der Seitenladestatus. Zu den Angeboten funktioniert. Samsung S22",2022-07-25T09:59:49Z,0,3.41.1,de
METRO app,METRO Companion,METRO (reference),Google Play,us,de,5,"Alle Prospekte, Infos zu den Produkten. Spitze 👍",2022-07-25T08:40:47Z,0,3.41.1,de
METRO app,METRO Companion,METRO (reference),Google Play,us,de,5,Sehr praktisch und informativ,2022-07-17T21:15:56Z,0,3.40.3,de
METRO app,METRO Companion,METRO (reference),Google Play,us,de,1,"Toll man wird gezwungen die App zu aktualisieren, was man tut und danach geht gar nichts mehr! App stürzt nonstop ab, und das Handy warnt sofort wegen schädlicher Software! Wieder mal grandios, nicht! P.S. die App kann man nicht Mal öffnen, das System hindert die App überhaupt zu laufen! Wie soll ich dann bitte in irgendwelche Menüs der App gehen oder Screenshots schicken?",2022-07-17T12:54:12Z,1,3.41.1,de
METRO app,METRO Companion,METRO (reference),Google Play,us,de,1,Stürzt seit dem Update ständig ab,2022-07-13T20:15:06Z,0,3.41.1,de
METRO app,METRO Companion,METRO (reference),Google Play,us,de,5,Die App ist sehr gut ARNO Tessmer,2022-06-22T04:24:03Z,0,NA,de
METRO app,METRO Companion,METRO (reference),Google Play,us,de,5,Die App ist ein richtiger Glücksgriff und wird immer weiterentwickelt. Da heisst es nur: Weiter so...,2022-06-21T10:41:04Z,0,3.39.1,de
METRO app,METRO Companion,METRO (reference),Google Play,us,de,4,App geht wieder nach neu Installation.,2022-06-14T05:35:32Z,0,3.39.1,de
METRO app,METRO Companion,METRO (reference),Google Play,us,de,5,Ich bin sehr zufrieden 😀 Und es funktioniert 😀,2022-06-11T10:59:50Z,0,3.39,de
METRO app,METRO Companion,METRO (reference),Google Play,us,de,5,Sehr zufrieden.,2022-06-04T20:03:28Z,0,3.39,de
METRO app,METRO Companion,METRO (reference),Google Play,us,de,1,Leider lässt sich die App weder auf dem Startbildschirm noch im playstore öffnen Schade auch das Update hat keine Abhilfe gebracht. Schade Grüße EG,2022-06-03T02:09:15Z,0,3.39,de
METRO app,METRO Companion,METRO (reference),Google Play,us,de,4,Es geht,2022-05-28T12:25:29Z,0,3.38.2,de
METRO app,METRO Companion,METRO (reference),Google Play,us,de,5,Super App. Rechnungen auf einen Klick. Alles super,2022-05-28T08:00:52Z,0,3.39,de
METRO app,METRO Companion,METRO (reference),Google Play,us,de,3,Meine App lässt sich nicht mehr öffen? Kann mir jemand helfen?,2022-05-07T11:27:19Z,0,3.38.2,de
METRO app,METRO Companion,METRO (reference),Google Play,us,de,3,"Viele Produkte haben die Status ""Verfügbar"" in der App, aber im Laden sind sie schon längst ausverkauft, oft fährt man umsonst hin :/",2022-04-27T05:26:27Z,1,3.34,de
METRO app,METRO Companion,METRO (reference),Google Play,us,de,1,Die App geht seit paar Wochen nicht mehr auf! :-(,2022-04-25T12:28:55Z,0,3.38.2,de
METRO app,METRO Companion,METRO (reference),Google Play,us,de,1,"Hallo METRO-Team, einen Fehlerbericht aus der App kann ich nicht schicken, da mir leider keine Fehlermeldung angezeigt wird.",2022-04-22T08:04:46Z,0,3.38.2,de
METRO app,METRO Companion,METRO (reference),Google Play,us,de,5,Top Angebote... Wird von Euroschwimmpass empfohlen!,2022-04-17T09:19:17Z,0,3.38.2,de
METRO app,METRO Companion,METRO (reference),Google Play,us,de,5,",Alles wunderbar,super,",2022-04-13T19:44:32Z,0,3.38.2,de
METRO app,METRO Companion,METRO (reference),Google Play,us,de,5,Die App war gut aber Metro hat meine alte Kundenkarte in der App nicht mehr zugelassen. Hab sie wieder Deaktiviert. Lieber Metrokonzern wenn ihr mein Geld nicht mehr wollt....da freut sich dann die Konkurrenz,2022-04-02T04:08:59Z,0,NA,de
METRO app,METRO Companion,METRO (reference),Google Play,us,de,2,"Nach einer Neuregistrierung wird ein Foto verlangt, damit die digitale Karte angezeigt werden kann. Jedoch kann ich weder über dir Gallerie noch über die Kamera ein Foto bestätigen bzw. hinzufügen.",2022-04-01T13:05:33Z,0,3.37.1,de
METRO app,METRO Companion,METRO (reference),Google Play,us,de,1,"Die App startet nicht mehr. Nach dem Öffnen, schließt sie gleich wieder. Ich habe ein oneplus 8 pro.",2022-03-31T20:59:27Z,0,3.37.1,de
METRO app,METRO Companion,METRO (reference),Google Play,us,de,5,Praktisch,2022-03-28T20:43:11Z,0,3.37,de
METRO app,METRO Companion,METRO (reference),Google Play,us,de,2,Seit dem letzten Update lässt sich die App nicht mehr öffnen. Bitte um Überprüfung und Fehlerbehebung.,2022-03-26T20:12:06Z,2,3.37,de
METRO app,METRO Companion,METRO (reference),Google Play,us,de,1,Sehr höher Energieverbrauch und über 1 GB Datenvolumen an einem Einkauf. Alternative: Hand-Scanner am Eingang bereitstellen.,2022-03-26T18:34:53Z,0,3.36.1,de
METRO app,METRO Companion,METRO (reference),Google Play,us,de,1,"Leider lässt sich die App seit dem letzten Update nicht mehr öffnen. Blöd ist, wenn es am Eingang bei metro auffällt und man seine Karte nicht dabei hat.",2022-03-25T19:23:09Z,1,3.36.1,de
METRO app,METRO Companion,METRO (reference),Google Play,us,de,1,Ich kann die App seit Tagen nicht öffnen!,2022-03-24T06:40:47Z,0,3.36.1,de
METRO app,METRO Companion,METRO (reference),Google Play,us,de,5,App läuf seit Anfroid 12 Update nicht mehr?!?,2022-03-18T23:43:45Z,0,3.36.1,de
METRO app,METRO Companion,METRO (reference),Google Play,us,de,3,"Gute Idee mit Luft nach oben! (Samsung Galaxy s20fe Android 12) Probleme/Verbesserungswünsche 1. App startet manchmal nicht und hängt sich auf 2. Scan and Go funktioniert beim zahlen nicht. Lt. Mitarbeiter ein Problem mit Huawei und Samsung Smartphones. 3. Nicht das gesamte Sortiment in der Suche (z.B. Dreistern Rindfleisch, Maggi Fette Brühe) 4. Tabakwaren werden überhaupt nicht unterstützt 5. Lagerort anzeigen wäre Klasse (z.B. wie in der Obi App). Würde die App sonst öfter nutzen.",2022-03-18T05:57:33Z,0,NA,de
METRO app,METRO Companion,METRO (reference),Google Play,us,de,4,"Eigentlich top, leider funktioniert sie nicht mehr...... Gibt es eine Lösung oder bin ich der Einzige?",2022-03-17T06:59:00Z,0,3.36.1,de
METRO app,METRO Companion,METRO (reference),Google Play,us,de,2,"Scan und go wird von mir vorerst nicht mehr brnutzt. Auch beim heutigen zweiten Versuch hat der Login an der Kasse nicht funktioniert. Nichts ist so dumm, als eine App, die nicht einmal darstellt, dass sie sich im Kassenbereich nicht verbindet - hier muss irgendwo eine Meldung auftauchen (Kasse oder Nutzer). Hinzukommt, dass Sonderaktionen nicht aktiviert werden können - obwohl sie doch über einen Barcode verfügen. Natürlich sind das ""Anfangsprobleme"" - so die freundliche Verkäuferin.",2022-03-15T14:01:21Z,6,3.36.1,de
METRO app,METRO Companion,METRO (reference),Google Play,us,de,1,Man kann die App nicht benutzen,2022-03-15T12:13:48Z,0,3.36.1,de
METRO app,METRO Companion,METRO (reference),Google Play,us,de,1,Leider lässt sich die App nicht mehr öffnen 😢,2022-03-14T15:15:26Z,0,3.36.1,de
METRO app,METRO Companion,METRO (reference),Google Play,us,de,2,"Nette Idee, im Papier-Prospekt Rezeptabruf mit QR Code. Code gescannt, Link führt zu ""Rezept/Prospektübersicht"".. Suche nach diesem Rezept, Bild gefunden, anklicken und man landet wieder in den aktuellen Prospekten. Von diesem Rezept (Lachs im Brick) keine Spur ...super. Danach stürzt die App so komplett ab, dass sie sich nicht mehr öffnen lässt, nur eine Neuinstallation hilft...",2022-03-06T09:44:43Z,1,3.35.2,de
METRO app,METRO Companion,METRO (reference),Google Play,us,de,4,Grundsätzlich Lob für so viel Innovationsbemühungen auch wenn im Detail noch geschliffen werden kann. 1) Scan&Go hat beim Probelauf keinen großen Mehrwert gebracht. 2) Wo in der App kann ich die Papierrechnung an der Kasse deaktivieren? 3) Wenn man schon das gesamte Sortiment durchsuchen kann (super) dann zeigt doch bitte an in welchem Regal ich das Produkt finden kann. Positiv: ich brauche meine Karte nicht mehr im Portemonnaie mitzuführen und Rechnungen und Prospekte habe ich stets im Zugriff.,2022-03-06T06:50:02Z,15,3.36,de
METRO app,METRO Companion,METRO (reference),Google Play,us,de,5,Seit dem letzten Update öffnet die App nicht mehr!!,2022-02-13T21:30:18Z,0,3.35,de
METRO app,METRO Companion,METRO (reference),Google Play,us,de,1,Kann mich als Karteninhaber Einkäufer nicht einloggen. Passwort vergessen E-Mails kommen nicht an.,2022-02-12T16:23:55Z,0,3.35,de
METRO app,METRO Companion,METRO (reference),Google Play,us,de,3,"Alle Artikel eingescannt, aber an der Kasse wurde der Warenkorb nicht übertragen. Es kam nur der Hinweis, dass ich mich in die Nähe einer Kasse begeben solle... Die zwei Male davor hat es noch gut funktioniert.",2022-02-11T00:29:43Z,0,3.35,de
METRO app,METRO Companion,METRO (reference),Google Play,us,de,1,Öffnet sich nicht,2022-02-10T09:13:11Z,0,3.35,de
METRO app,METRO Companion,METRO (reference),Google Play,us,de,1,Die App stürzt ständig ab. Gerne friert dabei auch mal der Bildschirm.,2022-02-08T17:16:52Z,1,3.35,de
METRO app,METRO Companion,METRO (reference),Google Play,us,de,1,Lässt sich seit dem letzten Update nicht mehr öffnen.,2022-02-08T12:38:40Z,1,3.35,de
METRO app,METRO Companion,METRO (reference),Google Play,us,de,3,"Scan & Go ist schon 'ne schöne Idee aber muss noch deutlich bedienungsfreundlicher und vor allem stabiler werden. Einzelne Posten im Warenkorb per Swipe zu löschen ist super unintuitiv. Preise werden beim Scannen nicht angezeigt sondern nur als Summe später im Warenkorb, das ist auch unangenehm. Aber der Hammer: An der Kasse passiert gar nix. Ich konnte meinen gesamten Einkauf wieder auspacken und regulär über die Kasse schieben und wieder einpacken. Das geht überhaupt gar nicht! (editiert nach Antwort und einen Stern hinzugefügt)",2022-02-08T11:37:17Z,4,3.35,de
METRO app,METRO Companion,METRO (reference),Google Play,us,de,3,Nach Update musste ich den Speicher der App löschen und mich bei anmelden. Jetzt geht es wieder.,2022-02-02T10:28:21Z,1,3.35,de
METRO app,METRO Companion,METRO (reference),Google Play,us,de,3,"Kassenbon digitall das ist super, aber heute beim bezahlen an der Kasse, hat das leider nicht funktioniert. Ein paar mal mit der Frau probiert und im endeffekt, musste ich mein Einkaufswagen leer machen. Produkte abscannen und Endbetrag, das hat super geklappt, sondern nur an der Kasse leider nicht. Standort war an und Internet voll LTE In ca 2 Wochen probiere ich mal wieder. Wenn das Problem behoben wird dann natürlich 5 Sterne Samsung S21",2022-01-29T13:32:29Z,1,3.34,de
METRO app,METRO Companion,METRO (reference),Google Play,us,de,5,"Klasse Helfer Die App spart erst einmal eine Plastikkarte im Portmonai. Ich habe direkten Zugriff auf die Angebote und super ist, die Rechnung sofort in der App abrufen zu können. Super! Schön wäre jetzt noch, wenn ich über das scannen eines ean Codes Artikel und Preis für mich sehen zu können. (funktioniert leider nicht)",2022-01-25T20:40:11Z,6,3.34,de
METRO app,METRO Companion,METRO (reference),Google Play,us,de,1,Das Löschen negativer Kritik lässt tief blicken.,2022-01-21T18:21:25Z,0,3.34,de
METRO app,METRO Companion,METRO (reference),Google Play,us,de,5,Korrekt sehr zufrieden immer wieder gerne,2022-01-20T23:38:12Z,0,NA,de
METRO app,METRO Companion,METRO (reference),Google Play,us,de,1,"Bin momentan sehr unzufrieden, beim Einloggen stürzt die App ab. Feedback ist schon geschrieben, bitte drum kümmern. Vorher war ich zufrieden.",2022-01-19T18:54:08Z,0,3.34,de
METRO app,METRO Companion,METRO (reference),Google Play,us,de,3,Bis zum letzten Update sehr gut. Jetzt macht die App garnicht mehr auf. Wenn ich im Markt bin keine Verbindung möglich. Also muss die Karte wieder ran.,2022-01-14T21:27:48Z,1,3.34,de
METRO app,METRO Companion,METRO (reference),Google Play,us,de,1,"Beim Öffnen der App muss man angeben, in welchem Land man Kunde ist. Ich bin Kunde in Russland, das Land steht aber nicht zur Auswahl. Ungenügende Kunden Orientierung!!!",2022-01-05T10:52:40Z,0,3.34,de
METRO app,METRO Companion,METRO (reference),Google Play,us,de,5,Sehr gut 👍,2022-01-04T14:48:41Z,0,3.34,de
METRO app,METRO Companion,METRO (reference),Google Play,us,de,1,Leider gibt es keine digitale Prospekte mehr so ein großes Konzern und so schlechte App.,2022-01-04T09:47:21Z,0,3.34,de
METRO app,METRO Companion,METRO (reference),Google Play,us,de,5,Sehr gute ..Würde ich jedem Empfehlen,2021-12-23T08:28:07Z,0,3.34,de
METRO app,METRO Companion,METRO (reference),Google Play,us,de,1,Funktioniert nicht,2021-12-21T16:48:49Z,0,3.34,de
METRO app,METRO Companion,METRO (reference),Google Play,us,de,4,"Prinzipiell eine lohnende Sache die App. Man kann sie als Orientierung nutzen. Habe letztens das Scan & Go ausprobiert und hat problemlos funktioniert. Was ich leider ärgerlich finde, daß man nicht mehrere Kundenkonten in der App nutzen kann. Wenn man verschiedene Firmen hat ist es leider nur möglich die App für eine zu nutzen. Hier sollte nachgebessert werden. Und auch das persönliche Preise besser eingepflegt werden",2021-12-16T13:32:12Z,9,3.34,de
METRO app,METRO Companion,METRO (reference),Google Play,us,de,1,"Eigentlich ist die App speziell für den Ausweis und Kataloge super. Da aber der Warenbestand in der App nicht der Realität entspricht und man alles was man per App gescannt hat sowieso nochmal auspacken muss, die Kassiererin alles nochmal selbst scannt und Probleme hat den Lieferschein der gescannten waren wieder zu löschen ist die App leider unbrauchbar und verursacht viel Ärger und raubt Zeit wenn man die gut gemeinten Funktionen wirklich nutzt.",2021-12-10T16:48:47Z,6,3.34,de
METRO app,METRO Companion,METRO (reference),Google Play,us,de,3,"Ich finde die App etwas unstruckturiert aufgebaut. Aber erst mal zu dem, was ich gut finde! - Der Kassenbon kann Digital angezeigt werden, dies erspart den Ausdruck von Papier. - Man kann darüber in Kataloge rein schauen und über sie auch bestellen, das ist sehr hilfreich. Negativ -Der Shopping Bereich ist sehr kompliziert aufgebaut, gerade jetzt zur Weihnachtszeit habe ich es gemerkt, als ich angegeben habe in der Such-Leiste ""Weihnachten"", wurden nicht alle Weihnachtssachen angezeigt.",2021-12-05T00:03:52Z,18,3.33.1,de
METRO app,METRO Companion,METRO (reference),Google Play,us,de,5,Da möchte gerne Kunde werden möchte bei metro viele einkaufen zu können mit freundlichen Grüßen Marco Strätz,2021-12-04T20:06:15Z,0,NA,de
METRO app,METRO Companion,METRO (reference),Google Play,us,de,4,"Bin zufrieden, macht was sie soll und ist wesentlich bequemer als mit der Karte",2021-12-01T14:28:00Z,0,3.33,de
METRO app,METRO Companion,METRO (reference),Google Play,us,de,2,Rechnungen werden nicht mehr angezeigt seit Oktober,2021-12-01T13:30:18Z,0,3.33.1,de
METRO app,METRO Companion,METRO (reference),Google Play,us,de,5,"Ich find die App nicht schlecht. Sowohl auf meinem Xiaomi 10 als auch 11 läuft die App super. Mein Portemonnaies ist um eine Karte leichte. Super finde ich, dass ich die Prospekte direkt einsehen kann. Negativ finde ich, dass es keine Möglichkeit gibt die Gutscheine digital zu hinterlegen. Toll wäre auch ein Bonusprogramm für das benutzen der App. Gruß an den Markt Schwelm und danke für die Hilfsbereitschaft an die Fischtheke. Macht echt spaß hier einzukaufen.",2021-11-18T18:50:27Z,37,3.32.1,de
METRO app,METRO Companion,METRO (reference),Google Play,us,de,1,Gerade habe ich mich registiert. Bis dahin ok. Dann plötzlich beim Einloggen steht jetzt Ungültige Eingabe,2021-11-16T07:58:30Z,0,3.32.1,de
METRO app,METRO Companion,METRO (reference),Google Play,us,de,1,"Foto gemacht und hochgeladen. Antwort: es scheint, daß sie bereits registriert sind. Laden sie ein Foto ihrer Metrokarte hoch. Also nochmal, gleiches Ergebnis. App deinstalliert.",2021-11-12T11:11:43Z,8,3.31,de
METRO app,METRO Companion,METRO (reference),Google Play,us,de,1,"Danke für die Info, leider ist das Foto auf meinem Ausweis etwas unscharf.",2021-11-09T20:57:08Z,0,3.31,de
METRO app,METRO Companion,METRO (reference),Google Play,us,de,5,Macht was sie soll,2021-11-07T02:00:48Z,0,3.32.1,de
METRO app,METRO Companion,METRO (reference),Google Play,us,de,1,Scannen der Karte klappt nicht. Weder aus der App noch im web. Entweder Foto zu gross (20mb limit) odee nicht scharf genug. Und es scheint so zu sein dass man nur eine karte speichern kann. Ich habe aber die einkaufsberechtigung für verschiedene Unternehmen. Leider unbrauchbar.,2021-10-13T11:27:29Z,3,3.31,de
METRO app,METRO Companion,METRO (reference),Google Play,us,de,1,"Das Hochladen des Fotos funktioniert nicht. Der Hinweis auf den Kundenservice ist ja schön, aber wenn das Formular dann ""Wegen technischer Schwierigkeiten"" nicht abgesendet wird, ist die App unbrauchbar.",2021-10-12T08:53:09Z,0,NA,de
METRO app,METRO Companion,METRO (reference),Google Play,us,de,1,Das Laden /installieren läuft nun bereits seit 20 min Breche den Vorgang ab Unausgereifte App,2021-10-08T18:19:09Z,0,NA,de
METRO app,METRO Companion,METRO (reference),Google Play,us,de,5,Finde ich super,2021-10-06T08:28:09Z,0,3.31,de
METRO app,METRO Companion,METRO (reference),Google Play,us,de,1,Schon bei der Registrierung versagt die App. Lasst bloß die Finger weg!,2021-09-28T12:56:21Z,0,3.30.3,de
METRO app,METRO Companion,METRO (reference),Google Play,us,de,5,Sehr gut Gruß Ingo Waldschmidt,2021-09-23T11:02:27Z,0,3.30.3,de
METRO app,METRO Companion,METRO (reference),Google Play,us,de,1,Man kann die Zeit wirklich besser investieren IT mäßig reine Katastrophe,2021-09-22T17:50:29Z,0,3.30.3,de
METRO app,METRO Companion,METRO (reference),Google Play,us,de,1,Kein Foto der Karte möglich. Mehrfache Versuche ohne Erfolg.,2021-09-15T08:10:32Z,0,3.30.3,de
METRO app,METRO Companion,METRO (reference),Google Play,us,de,1,Zeit verschwenderisch,2021-09-13T20:27:07Z,0,NA,de
METRO app,METRO Companion,METRO (reference),Google Play,us,de,5,Finde es klasse dass man die app als Kundenkarte nutzen kann und einstellbar ob man seine Rechnungen nur noch als digitalen Anhang in der App bekommt. Super!!! Find ich klasse!!!,2021-09-10T18:42:26Z,12,3.30.3,de
METRO app,METRO Companion,METRO (reference),Google Play,us,de,5,"Die App ist gut Besser wäre natürlich wen ìch über die App scannen könnte im Markt, damit ich meine Preise sehe.",2021-09-08T12:58:52Z,13,3.30.3,de
METRO app,METRO Companion,METRO (reference),Google Play,us,de,1,Leider wurde ich geduzt. Die App habe ich gelöscht.,2021-08-18T18:05:53Z,1,NA,de
METRO app,METRO Companion,METRO (reference),Google Play,us,de,1,Wirklich schlecht. Erkennt keine unserer Metro Karten. Warum lässt man solche Apps nicht von Leuten entwickeln die sich mit so etwas auskennen.,2021-08-18T16:44:26Z,0,3.30.1,de
METRO app,METRO Companion,METRO (reference),Google Play,us,de,4,"App funktioniert wieder, es herrscht keine gähnende Leere mehr",2021-08-17T10:00:24Z,0,3.30.1,de
METRO app,METRO Companion,METRO (reference),Google Play,us,de,5,Bei mir funktioniert alles einwandfrei. Super App,2021-08-15T15:15:32Z,0,3.30.1,de
METRO app,METRO Companion,METRO (reference),Google Play,us,de,1,"Praktisch keinen Nutzen. Kann mich mit meiner Karte nicht registrieren, da es einen Upload-Fehler gibt. Keine genauen Angaben warum und ein Bild mit der App selbst zu machen funktioniert auch nicht. So ist die App nutzlos für mich!",2021-08-07T08:43:40Z,2,3.29.1,de
METRO app,METRO Companion,METRO (reference),Google Play,us,de,1,Leider lässt sich der Rechnungsdruck im Markt nicht ausschalten. Es kommt immer eine Meldung das keine Verbindung zum Internet hergestellt werden kann obwohl sie besteht. Die Meldung beim Support ist auch bis heute nicht bearbeitet worden. Sehr schwach von so einem großen Unternehmen,2021-08-07T03:32:54Z,8,3.29.1,de
METRO app,METRO Companion,METRO (reference),Google Play,us,de,4,Sehr gut dass man seine Rechnungen in der App hat.,2021-08-06T18:40:07Z,0,3.29.1,de
METRO app,METRO Companion,METRO (reference),Google Play,us,de,1,Um die Digitale Karte zu erstellen muss man sich registrieren da wird dann eine Kundenkarte benötigt. Laut eMail vom Service ist das aber nicht so Dito passt Prozess in der App nicht zur Service Auskunft.,2021-08-02T15:47:05Z,1,3.29.1,de
METRO app,METRO Companion,METRO (reference),Google Play,us,de,1,"Beim hochladen des Bildes kann man nur auf Google Drive zugreifen und nicht auf den Kamera Ordner des Handys, obwohl ich der App die passende Freigabe erteilt habe. Das hochladen des Bildes für die Metro Karte bricht ständig ab. Man weiß nicht woran es liegt, Dateigröße?, Bildformat?. Ich nutze Android 11.",2021-08-01T08:17:11Z,12,3.29.1,de
METRO app,METRO Companion,METRO (reference),Google Play,us,de,1,"Totaler Murks! Rechnungen und Belege lassen sich nicht abrufen, Sortiment lässt sich nicht durchsuchen... Die App ist sinn- und nutzlos!",2021-07-29T06:16:43Z,0,3.29.1,de
METRO app,METRO Companion,METRO (reference),Google Play,us,de,4,"Die App funktioniert wieder vollständig. Ist aber beim laden der neuen Seite sehr langsam, so dass man denken könnte die App reagiert nicht. Ansonsten läufts. Danke für das beheben der Probleme.",2021-07-20T19:11:46Z,2,3.29,de
METRO app,METRO Companion,METRO (reference),Google Play,us,de,1,"App lässt nicht zu eine digitale Metro Karte zu erstellen, die Funktion ist sich immer wieder nur am aktualisieren. Nur das Schwingrad mitte oben bewegt sich. Aber man kann Bild herunterladen.",2021-07-20T16:05:10Z,0,NA,de
METRO app,METRO Companion,METRO (reference),Google Play,us,de,1,"Ich kann mich der Mehrheit anschließen, seit dem 'Update' funktioniert nichts mehr. Die Coupons der letzten Juniaktion wurden nicht gutgeschrieben. Die neuen ab 9.7. sah ich kurz, nur die Hälfte ließ sich aktivieren und am nächsten Tag war wieder alles Stand Mitte Juni...",2021-07-15T06:46:05Z,4,3.28.4,de
METRO app,METRO Companion,METRO (reference),Google Play,us,de,1,Funktioniert nicht foto kann ich nicht runter laden,2021-07-13T09:54:45Z,0,3.28.4,de
METRO app,METRO Companion,METRO (reference),Google Play,us,de,1,Wo ist Metro Österreich??? Gelöscht .. nicht brauchbar. Nur die ist in Deutschland nicht zum runterladen und kann somit im Grenzgebiet nicht genutzt werden.,2021-07-05T11:01:30Z,0,3.28.4,de
METRO app,METRO Companion,METRO (reference),Google Play,us,de,2,"Leider erhält man, wenn man sich für Metro Friends registrieren will, einen Hinweis, dass dies nur der gesetzliche Vertreter kann. Aber auch der Hauptkarteninhaber erhält den gleichen Hinweis.",2021-07-01T08:21:09Z,1,3.28.4,de
METRO app,METRO Companion,METRO (reference),Google Play,us,de,1,"Trotz des Updates ist es nicht möglich Aktionsgutscheine zu aktivieren. Ärgerlich. Ergänzung: es handelt sich um alle Gutscheine, die unter Metro Friends ""Aktionen"" angeboten werden. Am 30.6.21 wollte ich diese nutzen.",2021-06-30T16:02:32Z,0,3.28.4,de
METRO app,METRO Companion,METRO (reference),Google Play,us,de,5,"Seit dem 24.6. funktioniert die App nicht mehr. Auch das Update auf 3.28.3, löschen des Cache hat nichts gebracht. Stand29. 6. Update geladen, alles funktioniert wieder einwandfrei. Vielen Dank für die schnelle Fehlerbehebung.",2021-06-29T11:08:41Z,5,3.28.4,de
METRO app,METRO Companion,METRO (reference),Google Play,us,de,4,seit gestern 25.06 nach dem update nicht mehr zu öffnen ab dem 28.6 geht es wieder,2021-06-28T17:34:07Z,0,3.28.4,de
METRO app,METRO Companion,METRO (reference),Google Play,us,de,2,"Lässt sich leider seit Kurzem nicht mehr starten, vorher war alles enthalten was man so braucht.",2021-06-28T10:39:31Z,0,3.28.3,de
METRO app,METRO Companion,METRO (reference),Google Play,us,de,1,"Erst funktioniert der Button zum Hochladen der Metro-Karte nicht, dann gibt es zwar ein entsprechendes Update aber die App akzeptiert die Karte nicht (unbekannter Fehler). Eine entsprechende Supportanfrage blieb bis jetzt unbeantwortet. Leider schade, dass es hier keine Minuspunkte gibt.",2021-06-28T09:51:49Z,3,3.28.3,de
METRO app,METRO Companion,METRO (reference),Google Play,us,de,1,Funktioniert seit neuestem Update nicht mehr. Schliesst mit Fehler wieder. Schade,2021-06-27T17:42:04Z,0,3.28.3,de
METRO app,METRO Companion,METRO (reference),Google Play,us,de,1,Seit Wochen funktioniert die App nur eingeschränkt. Sämtliche Metro Friends Optionen sind nicht nutzbar. Ist es so schwer heutzutage eine funktionierende App zu programmieren???,2021-06-26T09:43:54Z,0,3.28.3,de
METRO app,METRO Companion,METRO (reference),Google Play,us,de,4,"Sehr gute und durchdachte App - tolles Entwicklerteam. Login Problem für Metro Friends Treueprogramm unter Android wurde super schnell gefixed! Leider lassen sich die Coupons momentan nicht aktivieren. Wäre super, wenn der Bug behoben wird.",2021-06-25T18:39:45Z,1,3.28.3,de
METRO app,METRO Companion,METRO (reference),Google Play,us,de,3,"Nach mehrfachen Neuinstalationen läuft die Apo nun auch im friends Modus. Ärgerlich ist nur, dass man ständig die AGBs erneut bedtätigen muss.",2021-06-25T13:38:44Z,1,3.28.3,de
METRO app,METRO Companion,METRO (reference),Google Play,us,de,1,"Funktioniert seit heute nicht mehr, Cache geleert, bringt aber nichts. App bricht beim Start mit Fehler ab und öffnet sich nicht mehr, Nachrichten über Rechnungen gehen aber ein. Und das mit Galaxy note 10plus und aktuellen Updates.",2021-06-24T21:07:52Z,0,3.28.2,de
METRO app,METRO Companion,METRO (reference),Google Play,us,de,1,Lächerlich....einfach nur lächerlich!!Mit dieser App sollen Gastronomen professionell arbeiten. Ich lach mich schlapp....funktioniert mal gar nicht....man findet nix.....!!!!,2021-06-24T10:58:42Z,1,3.28.2,de
METRO app,METRO Companion,METRO (reference),Google Play,us,de,3,"Habe zwei Kundennummern, schaffe es aber nicht, die zweite anzumelden. Wäre wichtig, wegen Rechnungsanzeige.",2021-05-30T17:03:08Z,1,3.27,de
METRO app,METRO Companion,METRO (reference),Google Play,us,de,5,"Registrierung hat funktioniert, kann mich aber nicht mit dem gewählten Benutzernamen anmelden, sondern nur mit meiner hinterlegten Emailadresse. Das stört aber nicht. Bin bis jetzt zufrieden",2021-05-29T04:55:56Z,3,3.27,de
METRO app,METRO Companion,METRO (reference),Google Play,us,de,1,Teurer als Rewe!! Das ist ja lächerlich,2021-05-27T21:57:46Z,0,NA,de
METRO app,METRO Companion,METRO (reference),Google Play,us,de,1,"Lächerlich schlecht. Will meine Adresse ändern kann mich aber nur per Post frei schaltung Registrieren. Angerufen bei metro setzt den ganzen die keine auf, richtiger boomer Laden",2021-05-26T15:39:48Z,1,3.27,de
METRO app,METRO Companion,METRO (reference),Google Play,us,de,4,"Der Animations Balken bei der Darstellung der Metro Karte funktioniert nicht. Ich hatte Probleme an der Kasse, weil mir unterstellt wurde, dass es ein Screenshot sei.",2021-05-02T08:17:10Z,5,3.27,de
METRO app,METRO Companion,METRO (reference),Google Play,us,de,1,"Ich habe versucht, meine Kundennummer in die App einzutragen, um die App freizuschalten. Nach 6 Fehlersuchen hab ich die App gelöscht. Die Eingabefelder in der App lassen eine Anmeldung nicht zu.",2021-04-24T16:54:11Z,1,NA,de
METRO app,METRO Companion,METRO (reference),Google Play,us,de,3,Klappt nicht mit dem eintragen der persönlichen Daten,2021-04-15T17:29:56Z,0,NA,de
METRO app,METRO Companion,METRO (reference),Google Play,us,de,4,Hilfreich in der Selbständigkeit!,2021-04-09T09:53:12Z,0,NA,de
METRO app,METRO Companion,METRO (reference),Google Play,us,de,1,"App eben installiert. Anmeldung am PC via metro.de funktioniert, über die App erscheint die Meldung ""Es ist ein Fehler aufgetreten"". Ja welcher denn? Dann wollte ich am PC den Newsletter abonnieren, Fehlermeldung ""keine Metro Karte"". Mit der war ich doch gestern einkaufen? So bindet Ihr definitiv keine Kunden...",2021-04-09T07:27:34Z,0,NA,de
METRO app,METRO Companion,METRO (reference),Google Play,us,de,4,Sehr gut,2021-04-09T07:03:52Z,0,3.25.2,de
METRO app,METRO Companion,METRO (reference),Google Play,us,de,1,"Auswahl von Sortiment funktioniert absolut gar nicht... EDIT: Da ich keinen Screenshot hochladen kann hier das Problem. Sobald ich bei einem Artikel der im Angebot ist auf diesen klicke um dann auf den Button ""Menge hinzufügen"" klicken kann, reagiert dieser einfach nicht und ich kann den Artikel nicht hinzufügen. Ein weiteres Problem. Gebe ich in der Suchfunktion z.B. Brut Dargent ein, erscheint zwar der Ladekreis, aber kein Artikel (hängt sich im Ladekreis auf bzw. findet einfach keinen einzigen Artikel).",2021-03-24T19:36:26Z,10,3.25.2,de
METRO app,METRO Companion,METRO (reference),Google Play,us,de,1,Geht nicht... Nicht Mal runterladen geht,2021-03-23T13:02:35Z,0,NA,de
METRO app,METRO Companion,METRO (reference),Google Play,us,de,1,Registrierung funktioniert überhaupt nicht. PIN Code per Post erhalten. Nun hängt sich das System allerdings nach Eingabe der Kartennummer und Bestätigung der reCaptcha Abfrage weg - Es ist ein Fehler aufgetreten. Zeitverschwendung!,2021-03-15T15:21:11Z,4,3.25.1,de
METRO app,METRO Companion,METRO (reference),Google Play,us,de,5,"Must have, wenn ich die Karte vergess",2021-03-12T18:45:07Z,0,3.25.1,de
METRO app,METRO Companion,METRO (reference),Google Play,us,de,1,Anmeldung hat trotz Kundenkarte nicht funktioniert.,2021-03-07T15:06:22Z,0,NA,de
METRO app,METRO Companion,METRO (reference),Google Play,us,de,4,"Eigentlich eine super App. Die Karte muss man nicht mehr im Geldbeutel rumtragen, das Sortiment kann durchsucht werden und damut eine Einkaufsliste erstellt werden und die Rechnungen kann man einsehen. Einen Stern Abzug gibts, da man auf dem Merkzettel zwar streichen kann, aber die gestrichenen Elemente alle einzeln löschen muss. Sowas wie ""Alle gestrichenen Artikel löschen"" wäre da super.",2021-02-27T16:05:30Z,3,3.24,de
METRO app,METRO Companion,METRO (reference),Google Play,us,de,1,"Kundennummer wird nicht angenommen, wenn man sich registriert will",2021-02-18T15:54:48Z,0,3.24,de
METRO app,METRO Companion,METRO (reference),Google Play,us,de,1,Warum gibt es keine Anleitung zur Eingabe der Kundennummer einer alten Metrokarte?,2021-02-16T16:11:19Z,0,3.24,de
METRO app,METRO Companion,METRO (reference),Google Play,us,de,1,"Registrierung scheitert: DieAufforderung 'Cookies akzeptieren' erscheint immer wieder, wie auch immer ich sie beantworte. 'Alle annehmen' schwenkt die Bratpfanne und kehrt wieder zur Aufforderung zurück. Das wiederholt sich endlos.",2021-02-11T09:29:07Z,2,3.24,de
METRO app,METRO Companion,METRO (reference),Google Play,us,de,4,"Die Artikelsuche ist ein Spassvogel: Beim Suchbegriff ""Bratpfanne"" wird auch ein MaggiFix für ein Pfannengericht angezeigt ... Sonst ganz okay.",2021-02-10T17:19:19Z,1,3.24,de
METRO app,METRO Companion,METRO (reference),Google Play,us,de,4,Moin zusammen die Funktion Rechnung Druck Markt /Digital funktioniert nicht wenn man bei my Metro schon umgestellt hat auf Digital b.B in der App zurück zu stellen auf Druck Markt (Android) mfg Axel,2021-02-03T04:34:25Z,1,3.24,de
METRO app,METRO Companion,METRO (reference),Google Play,us,de,1,"Seid dem ich die App habe, komme ich nicht rein, beim einloggen wird mir immer wieder Fehler angezeigt, Passwort ändern gedrückt, wurde erfolgreich geändert aber trotzdem kommt man nicht rein.",2021-02-01T09:09:26Z,1,3.23,de
METRO app,METRO Companion,METRO (reference),Google Play,us,de,4,Gut übersichtlich,2021-01-28T10:19:35Z,0,3.23,de
METRO app,METRO Companion,METRO (reference),Google Play,us,de,1,"Katastrophal kann ich nur sagen. Prospekte werden nur zur Hälfte angezeigt, bei der Suche nach Artikeln werden ganz andere Artikel angezeigt, keine aktuellen Warenbestände im System. Diese App braucht man nicht.",2021-01-25T08:00:23Z,1,3.23,de
METRO app,METRO Companion,METRO (reference),Google Play,us,de,5,"Metro, in Corona - Zeiten unverzichtbar. Mit und ohne App.",2021-01-22T22:24:36Z,1,3.23,de
METRO app,METRO Companion,METRO (reference),Google Play,us,de,4,"Etwas schwierige Registrierung, da der Bestätigungslink nicht zeitnah abgerufen werden konnte. Dies lag aber sicher an den Einstellungen unserer Domaine.",2021-01-22T17:54:06Z,0,3.23,de
METRO app,METRO Companion,METRO (reference),Google Play,us,de,1,"Hallo. Die App ließ sich einfach installlieren, die Registrierung war auch okay, aber dann..... Ich kann mich nicht einloggen. Der Kundenservice hat ""angeblich"" mehrfach die Einstellungen verändert und mir immer wieder mitgeteilt, dass es jetzt funktionieren müsse. Leider ohne Erfolg. Ich habe die Nase voll und die App wieder gelöscht. Wenn es Mal eine funktionierende App gibt, bin ich für alles offen.",2021-01-18T15:53:41Z,15,NA,de
METRO app,METRO Companion,METRO (reference),Google Play,us,de,1,Login nicht möglich.,2021-01-17T08:08:40Z,0,3.23,de
METRO app,METRO Companion,METRO (reference),Google Play,us,de,5,Top. Gute Funktionen,2021-01-04T08:26:05Z,0,3.23,de
METRO app,METRO Companion,METRO (reference),Google Play,us,de,1,Format der Kundennummer passt nicht zu den Eingabefeldern. Pfusch ist ein sehr milder Ausdruck für so etwas. Wer hat denn diese Sabotage programmiert?,2021-01-02T10:05:55Z,0,3.23,de
METRO app,METRO Companion,METRO (reference),Google Play,us,de,5,Bester Arbeitgeber ever gutes Betriebsklima super Kollegen,2020-12-28T21:59:24Z,0,3.23,de
METRO app,METRO Companion,METRO (reference),Google Play,us,de,3,"Was vorhanden ist, das funktioniert auch. Beim Barcodescannen fällt negativ auf, dass wohl nicht dieselbe Datenbank verwendet wird, welche der Markt benutzt, in dem man sich gerade befindet, denn leider wurden einige meiner Testartikel nicht identifiziert. Schade. Aber die freundliche Mitarbeiterin vor Ort hat dann mithilfe der Kasse bei der Preisanfrage ausgeholfen. Auch aktuelle Gutscheine könnten schon eingepflegt sein oder auch wenigstens scannen lassen. Das fehlt!",2020-12-20T20:49:39Z,16,3.23,de
METRO app,METRO Companion,METRO (reference),Google Play,us,de,1,Leider steht bei mir das ich gesperrt sei. Gehe komischerweise immernoch dort einkaufen 🤔,2020-12-19T20:01:38Z,0,3.23,de
METRO app,METRO Companion,METRO (reference),Google Play,us,de,4,Tut was sie soll. Bin zufrieden,2020-12-17T18:10:42Z,0,3.23,de
METRO app,METRO Companion,METRO (reference),Google Play,us,de,3,"Android App wenn man auf KARTE ANZEIGEN geht schaltet die App die volle Helligkeit an, und bleibt auch so. Es erfolgt keine Abschaltung nach 30 sec. Vergisst man das manuelle abschalten wird der AKKU schnell leer gesaugt.",2020-12-12T13:56:45Z,0,3.22.2,de
METRO app,METRO Companion,METRO (reference),Google Play,us,de,1,Metro friends nicht auf der Startseite,2020-12-12T12:05:45Z,0,3.21,de
METRO app,METRO Companion,METRO (reference),Google Play,us,de,1,"Schlimmster, fehlerhafte Anmeldeprozess den ich je erlebt habe",2020-12-12T10:21:23Z,0,3.21,de
METRO app,METRO Companion,METRO (reference),Google Play,us,de,1,"Die Usability scheitert schon bei der Eingabe der Kundennummer: Wieso markiert Ihr in der Anleitung die Prüfziffer, wenn ich sie nicht eingeben muss? Oder macht einfach ein Feld dafür? Ist doch egal, wenn Ihr die nicht braucht, so lange die Benutzung dadurch einfacher wird. Und vor allem: Warum kann ich nicht einfach den Barcode scannen? Ist auch egal, anschließend ist eh Schluss wegen Fehler.",2020-12-11T07:03:42Z,5,3.21,de
METRO app,METRO Companion,METRO (reference),Google Play,us,de,1,"Schon die Registrierung funktioniert nicht. Nach Bestätigung der Recaptcha-Eingabe passiert erstmal nichts. Dann heisst es, die Bestätigung sei abgelaufen. Dass Recaptcha immer wieder Probleme verursacht ist eigentlich hinlänglich bekannt. Unverständlich, dass die Metro solche halbgaren Programme verwendet.",2020-12-11T03:13:00Z,7,3.21,de
METRO app,METRO Companion,METRO (reference),Google Play,us,de,5,Sehr geil,2020-12-11T01:25:03Z,0,3.22.2,de
METRO app,METRO Companion,METRO (reference),Google Play,us,de,1,Registrierung unmöglich. Nicht nutzbar.,2020-12-10T18:43:09Z,0,NA,de
METRO app,METRO Companion,METRO (reference),Google Play,us,de,5,Super praktisch,2020-12-06T02:12:22Z,0,3.22.2,de
METRO app,METRO Companion,METRO (reference),Google Play,us,de,1,"Ware wird in der App als vorrätig angezeigt, ist tatsächlich in Esslingen nicht mehr vorhanden. Was soll das ganze? Wie leben nicht in der Steinzeit, bitte korrigieren. Besten Dank. Besten Dank für die Antwort, es war Rotwein La Pena und ich zwischen Anzeige und eintreffen im Markt war 1h vergangen. Ist jetzt 3 Monate her, bislang hatte sich aber niemand gemeldet.",2020-11-29T09:29:10Z,5,3.22.2,de
METRO app,METRO Companion,METRO (reference),Google Play,us,de,5,Update funktioniert jetzt seit 27.11 problemlos.,2020-11-28T14:26:02Z,0,3.22.2,de
METRO app,METRO Companion,METRO (reference),Google Play,us,de,4,Die App läuft wieder :),2020-11-28T14:17:20Z,2,3.22.2,de
METRO app,METRO Companion,METRO (reference),Google Play,us,de,5,Danke für die Info und die schnelle Behebung 👍🏼 (Startet nach Update nicht mehr wird sofort beendet),2020-11-28T00:10:16Z,4,3.22.2,de
METRO app,METRO Companion,METRO (reference),Google Play,us,de,5,Einen Tag nach meiner Meckerei schon ein Fix! Für die Reaktion sage ich danke und gebe schon deswegen volle Punktzahl.,2020-11-27T19:21:16Z,0,3.22.2,de
METRO app,METRO Companion,METRO (reference),Google Play,us,de,4,Die App stürzt sofort nach dem Start ab. Derzeit nicht zu benutzen. Update : nach neu installieren geht es wieder,2020-11-27T19:06:41Z,5,3.22.1,de
METRO app,METRO Companion,METRO (reference),Google Play,us,de,1,Apple stürzt ab,2020-11-27T18:47:17Z,0,NA,de
METRO app,METRO Companion,METRO (reference),Google Play,us,de,1,App öffnet nach update nicht mehr!,2020-11-27T17:20:15Z,1,3.22.1,de
METRO app,METRO Companion,METRO (reference),Google Play,us,de,1,Ab heute stürzt die App sofort ab. Bitte dringend nachbessern!!!!,2020-11-27T16:30:43Z,0,3.22.1,de
METRO app,METRO Companion,METRO (reference),Google Play,us,de,1,Die App stürzt nach dem letzten Update nur noch ab.,2020-11-25T18:31:38Z,0,3.22.1,de
METRO app,METRO Companion,METRO (reference),Google Play,us,de,1,tolles Update: jetzt geht gar nichts mehr!,2020-11-25T17:21:45Z,0,3.22.1,de
METRO app,METRO Companion,METRO (reference),Google Play,us,de,3,Am Anfang super. Seit einiger Zeit zeigt mit die App kein Sortiment mehr an (egal welchen Markt ich auswähle). Bekomme immer nur den Hinweis das hier gähnende Leere herrscht. Ein Klick auf aktualisieren bringt leider keinen Erfolg.,2020-11-18T07:53:23Z,0,3.21,de
METRO app,METRO Companion,METRO (reference),Google Play,us,de,5,Funktioniert bei mir Super finde die app wirklich toll,2020-11-11T19:31:42Z,0,3.21,de
METRO app,METRO Companion,METRO (reference),Google Play,us,de,3,"Kundennummer kann man auf Smartphone nicht eingeben, da nicht sichtbar. Markt auswählen nicht möglich.",2020-11-04T19:40:22Z,2,3.21,de
METRO app,METRO Companion,METRO (reference),Google Play,us,de,1,Ich kann keine Dokumente hochgeladen!,2020-11-03T09:42:26Z,0,3.21,de
METRO app,METRO Companion,METRO (reference),Google Play,us,de,1,"Wofür braucht man die, wenn sie nicht richtig funktioniert?",2020-10-30T10:49:46Z,0,3.21,de
METRO app,METRO Companion,METRO (reference),Google Play,us,de,1,Kann kein Dokument hochladen um mich zu registrieren. Hab es mehrfach versucht.,2020-10-29T15:48:10Z,3,3.21,de
METRO app,METRO Companion,METRO (reference),Google Play,us,de,5,"Die App bietet viele Vorteile und macht den Einkauf leichter. Massiver Kritikpunkt: es werden nicht aus allen Märkten die Rechnungen angezeigt und was noch mehr stört: viele Artikel, die im Markt erhältlich sind, kennt die App nicht !? Weitere Verbesserungsvorschlag: Wenn auch noch der Lagerort zum Produkt angezeigt würde.",2020-10-25T08:51:48Z,28,3.20.1,de
METRO app,METRO Companion,METRO (reference),Google Play,us,de,5,"Super App, praktisch mit der elektronischen Karte und den werbeheften",2020-10-03T09:29:26Z,1,3.20.1,de
METRO app,METRO Companion,METRO (reference),Google Play,us,de,1,Funktioniert leider überhaupt nicht. Blitzt kurz auf und ist gleich wieder weg,2020-09-28T06:51:25Z,2,3.20.1,de
METRO app,METRO Companion,METRO (reference),Google Play,us,de,5,Super App! Ist schonend für die Umwelt und man hat seine Rechnungen immer griffbereit.,2020-08-17T08:17:11Z,1,3.19.2,de
METRO app,METRO Companion,METRO (reference),Google Play,us,de,1,"Habe mich registriert, kann aber nicht einloggen, also weg damit.",2020-08-15T12:31:32Z,0,3.19.2,de
METRO app,METRO Companion,METRO (reference),Google Play,us,de,2,Kataloge kann man nicht mehr öffnen cokies können nicht akzeptiert werden,2020-08-13T23:59:13Z,0,3.19.2,de
METRO app,METRO Companion,METRO (reference),Google Play,us,de,1,"Wird regelmäßig Kauputt geupdatet... Man kann aktuell die cookies nicht mehr in der App akzeptieren, das Banner springt immer wieder hoch und man kann sich daher die Prospekte in der App nicht mehr ansehen. Ich verstehe nicht wieso man den Kram nicht mal so lassen kann wie er ist. Hat immer astrein funktioniert. Jetzt nicht mehr.",2020-08-12T09:33:49Z,12,3.19.2,de
METRO app,METRO Companion,METRO (reference),Google Play,us,de,1,"Seit dem letzten Update bleibt der Einkaufswagen leer und die App somit unbrauchbar geworden! Und dies nicht Ur bei mir, sondern auch bei meiner Mitarbeiterin!",2020-07-30T20:43:14Z,3,3.19,de
METRO app,METRO Companion,METRO (reference),Google Play,us,de,3,"Rechnungen als PDF runterladen funktioniert nicht mehr. Als Fehlermeldung kommt nur ""später"" probieren. Der Metro Support sagt ich solle den Chrome Cache löschen, weil die Fachabteilung nach einer Prüfung festgestellt hat, dass auf Seiten von Metro kein Fehler vorliegt. Ende vom Lied: Hilfe Fehlanzeige und das Problem besteht nach wie vor! Nachtrag: Ironischerweise hat die Fachabteilung jetzt doch einen Fehler gefunden und behoben. Es bleibt eine Frechheit zuerst dem Kunden die Schuld zu geben",2020-07-08T08:36:41Z,7,3.18,de
METRO app,METRO Companion,METRO (reference),Google Play,us,de,1,"App funktioniert nicht, zeigt laufend FEHLER an! Mein Handy Samsung S9",2020-07-02T06:19:47Z,1,3.17,de
METRO app,METRO Companion,METRO (reference),Google Play,us,de,1,"Mein Feedback bezieht sich auf den Initialen login / Registrierungsprozess: Viele Bugs, keine gute User experience auf dem Handy, backend Fehler (500 Server error) beim verifizieren als Kunde, Session expired beim anlegen des Accounts obwohl alles innerhalb von 2 Minuten eingetragen wurde. Es scheint so als würde eine Desktop Webseite in der App dort embedded wird",2020-06-28T21:59:54Z,12,3.17,de
METRO app,METRO Companion,METRO (reference),Google Play,us,de,5,"Praktisch, immer auf dem laufenden.",2020-06-27T05:14:12Z,0,3.17,de
METRO app,METRO Companion,METRO (reference),Google Play,us,de,1,"Eine einzige Katastrophe. Artikelsuche überhaupt nicht möglich, die App ist völlig sinnfrei.",2020-06-01T19:12:34Z,4,3.15,de
METRO app,METRO Companion,METRO (reference),Google Play,us,de,1,Suche katastrophal,2020-05-19T09:50:00Z,0,NA,de
METRO app,METRO Companion,METRO (reference),Google Play,us,de,5,"Schnell ,Praktisch",2020-05-18T08:34:22Z,0,3.14.1,de
METRO app,METRO Companion,METRO (reference),Google Play,us,de,1,Funktioniert nicht. Keine Artikelanzeige in den Kategorien möglich🙄,2020-05-10T13:56:23Z,1,NA,de
METRO app,METRO Companion,METRO (reference),Google Play,us,de,3,"Schon ganz gut, bitte weiter entwickeln und nicht ausruhen. Da geht noch mehr (siehe Kommentare).",2020-05-05T18:31:26Z,0,3.14.1,de
METRO app,METRO Companion,METRO (reference),Google Play,us,de,2,"Auf Lager oder nicht? Tja, Waren sind lt. App auf Lager, ist man in Laden, sind sie (schon länger) ausverkauft. Was nützt mir die App also. Fragen werden nicht beantwortet, und einen Merkzettel wird nicht angeboten. Prinzipiell ist die App gut gemacht, aber ohne Abgleich mit dem Lager wenig brauchbar.",2020-04-29T18:15:19Z,15,3.14,de
METRO app,METRO Companion,METRO (reference),Google Play,us,fr,1,"Je souhaite partager mon expérience avec un vendeur sur la marketplace Metro. J’ai acheté un appareil neuf qui s’est avéré défectueux dès la première mise en marche. Malgré mes signalements répétés, le vendeur a initialement refusé toute responsabilité en avançant des justifications contradictoires. Après plusieurs échanges, il a finalement été convenu que le produit serait récupéré, mais à ce jour, malgré un délai d’un mois, aucune intervention n’a été effectuée. Le remboursement reste égalemen",2026-04-20T05:52:07Z,2,3.80,fr
METRO app,METRO Companion,METRO (reference),Google Play,us,fr,4,nouveau client,2026-04-16T08:48:02Z,0,3.80,fr
METRO app,METRO Companion,METRO (reference),Google Play,us,fr,3,"bonne application mais depuis quelques semaines , l'application se met en anglais toute seule, impossible de remettre en français.... alors je désinstalle puis réinstalle, la ça parle français tout nickel mais au bout de quelques heureuses elle revient en anglais...",2026-03-22T07:53:22Z,0,3.79.1,fr
METRO app,METRO Companion,METRO (reference),Google Play,us,fr,1,"entreprise de la honte, infesté de rats et d'insectes sur l'entrepôt de bordeaux lac. Manager nullissime et moins compétant que le service nettoyage. a fuir, aucun avenir ici",2025-12-16T09:44:19Z,0,NA,fr
METRO app,METRO Companion,METRO (reference),Google Play,us,fr,3,L'application est pas mal mais certaines options n'apparaissent pas notamment pour ajouter des collaborateurs. J'espère qu'une prochaine mise à jour le permettra.,2025-12-03T08:37:24Z,2,3.77,fr
METRO app,METRO Companion,METRO (reference),Google Play,us,fr,4,"Plutôt pratique dans l'ensemble et assez intuitif. Merci pour la correction de bug ! L'écran du panier est plus facile à lire. Pour ma part, j'aimais bien l'idée de mettre les articles de ma liste dans le panier grâce au petit chariot, et choisir mes quantités une fois dans le panier. Merci pour la prise en compte des com'",2025-11-17T18:23:42Z,6,3.77,fr
METRO app,METRO Companion,METRO (reference),Google Play,us,fr,5,j'adore,2025-10-04T15:17:47Z,0,NA,pt
METRO app,METRO Companion,METRO (reference),Google Play,us,fr,5,l accueil et le professionnalisme des employés toujours disponibles et aimables,2025-07-10T06:15:13Z,0,3.73,fr
METRO app,METRO Companion,METRO (reference),Google Play,us,fr,1,fonctionne pas bien,2025-06-02T20:20:26Z,2,3.73,fr
METRO app,METRO Companion,METRO (reference),Google Play,us,fr,5,"Très professionnel dans ses relations avec les entreprises, il répond à tous les besoins si vous êtes un restaurant ou un magasin de détail.",2025-05-28T02:47:55Z,2,3.73,fr
METRO app,METRO Companion,METRO (reference),Google Play,us,fr,5,Très bien reçu a plusieurs reprises très bonne qualité de viande,2025-01-21T18:12:32Z,11,3.69,fr
METRO app,METRO Companion,METRO (reference),Google Play,us,fr,1,que dire..... rien ne va,2024-12-14T10:37:58Z,0,3.34,fr
METRO app,METRO Companion,METRO (reference),Google Play,us,fr,1,"Plante régulièrement, ne trouve aucun produit. Donnez-moi une carte physique, cette appli est non aboutie",2024-10-20T17:54:18Z,1,3.67,fr
METRO app,METRO Companion,METRO (reference),Google Play,us,fr,1,"Nulle nulle nulle... Impossible de trouver ce que l'on cherche. Impossible de trouver des références banales, je ne comprends pas. Est-ce un problème de gestion des stocks ou le problème de gestionnaires de base de donnée incapables de mettre de l'ordre ? Quoiqu'il en soit, ça ne fonctionne pas.",2024-10-08T14:51:12Z,12,3.66.1,fr
METRO app,METRO Companion,METRO (reference),Google Play,us,fr,2,"Pas pratique, encore une énième appli soi disant indispensable",2024-10-03T06:31:42Z,0,NA,fr
METRO app,METRO Companion,METRO (reference),Google Play,us,fr,1,Impossible de chercher un produit,2024-09-29T18:45:10Z,0,NA,fr
METRO app,METRO Companion,METRO (reference),Google Play,us,fr,5,Et bah c'est super comme application ! Super mes chuaffages,2024-09-20T12:59:12Z,1,3.66.1,fr
METRO app,METRO Companion,METRO (reference),Google Play,us,fr,2,"L'application était super pratique pour noter ce dont on a besoin. Depuis qu'ils ont mis le système de liste, obligé de créer une nouvelle pour rajouter ce dont on a besoin, car impossible de supprimer les produits dans une liste. Ce qui rend l'application bien moins pratique.",2024-09-03T14:07:40Z,2,NA,fr
METRO app,METRO Companion,METRO (reference),Google Play,us,fr,5,"Je suis la ds 5 MN vs le 5545bb53j de 6 chiots reste 2 mâles 5 pour les 5 t. 5 5 8iu est pas, votre annonce m'intéresse t, was die. et, votre annonce m'intéresse die sind die sind die 3 e,,, c,, xx,,, votre 5ème et la, votrm'intéresse rc est toujours passer5, 36c c fc e de votre, annonce5",2024-09-01T17:28:37Z,0,3.65,fr
METRO app,METRO Companion,METRO (reference),Google Play,us,fr,5,Très simple et sécurisée,2024-08-30T22:54:35Z,3,3.65,fr
METRO app,METRO Companion,METRO (reference),Google Play,us,fr,1,Je suis un particulier et je n ai pas de carte Métro. Application inutile pour moi.,2024-08-18T00:06:14Z,1,3.64,fr
METRO app,METRO Companion,METRO (reference),Google Play,us,fr,1,"Les personnes qui développent ne se servent pas de l'application, c'est visible. Les personnes qui commande une application, encore moins.",2024-08-14T14:50:19Z,4,3.64,fr
METRO app,METRO Companion,METRO (reference),Google Play,us,fr,1,Impossible de sélectionner les bonnes catégories lors de la recherche de produits. Toujours bloqué sur la même ce qui rend l'application inutile...,2024-07-30T08:15:08Z,3,3.63,fr
METRO app,METRO Companion,METRO (reference),Google Play,us,fr,1,Impossible de changer mon ancienne carte metro perdue par la nouvelle. La carte digitale est donc fausse.,2024-05-27T12:54:45Z,2,3.61,fr
METRO app,METRO Companion,METRO (reference),Google Play,us,fr,1,"zéro,ne donne pas accès au catalogue métro",2024-01-21T18:07:18Z,0,3.57,fr
METRO app,METRO Companion,METRO (reference),Google Play,us,fr,2,Beaucoup de problèmes avec l'application. Elle rame de plus en plus.,2023-10-16T08:57:11Z,2,3.54,fr
METRO app,METRO Companion,METRO (reference),Google Play,us,fr,2,"Application bien construite mais peu fonctionnelle, on ne peut consulter les catalogues qui ne se chargent pas, pareil pour les produits, ça rame beaucoup trop, avec ou sans wifi, j'ai tout essayé et en lisant les autres commentaires, j'ai compris qu'il y a une grosse grosse mise à jour à effectuer par les concepteurs pour satisfaire les utilisateurs. Allez on y croit, et merci d'avance !",2023-08-28T21:13:59Z,28,3.53,fr
METRO app,METRO Companion,METRO (reference),Google Play,us,fr,2,L appli ne fonction pas et ma carte digitale Bugue...,2023-08-12T11:08:54Z,0,3.51.2,fr
METRO app,METRO Companion,METRO (reference),Google Play,us,fr,5,Très bien,2023-07-16T20:05:01Z,0,3.51,fr
METRO app,METRO Companion,METRO (reference),Google Play,us,fr,2,Impossible d'avoir les prix promos sur Android . Les prix ne sont pas à jour contrairement à l'appli iOS,2023-06-06T11:50:20Z,1,3.50,fr
METRO app,METRO Companion,METRO (reference),Google Play,us,fr,1,De pire en pire,2023-05-25T17:13:26Z,0,3.50,fr
METRO app,METRO Companion,METRO (reference),Google Play,us,fr,1,L'application ne fonctionne pas depuis un moment déjà.,2023-05-23T19:50:24Z,0,NA,fr
METRO app,METRO Companion,METRO (reference),Google Play,us,fr,1,Ne fonctionne jamais correctement,2023-05-03T10:22:13Z,0,3.46.1,fr
METRO app,METRO Companion,METRO (reference),Google Play,us,fr,3,"Bonjour, Depuis que j'ai changé de smartphone : j'ai actuellement un Xiaomi Redmi Note 11, la fonctionnalité de scan de code-barres pour accéder aux informations des articles ne fonctionne plus : il y a bien un accès à l'appareil photo, mais cela ne détecte pas le code barre. Auparavant, j'avais un Redmi Note 5 et cela fonctionnait très bien. Cdt",2023-04-09T07:16:30Z,12,3.48.2,fr
METRO app,METRO Companion,METRO (reference),Google Play,us,fr,5,Impossible de télécharger l'application !!!!,2023-03-24T20:46:25Z,0,NA,fr
METRO app,METRO Companion,METRO (reference),Google Play,us,fr,1,Moteur de recherche zéro...,2023-02-28T22:41:26Z,0,3.47.3,fr
METRO app,METRO Companion,METRO (reference),Google Play,us,fr,3,"Application pratique mais pour retrouver, en cas de doute, l email utilisateur , pas pratique du tout.",2023-02-22T18:34:55Z,0,3.47.3,fr
METRO app,METRO Companion,METRO (reference),Google Play,us,fr,2,"On ne peut même plus utiliser la fonction ""recherche"". Pitoyable quand on sait que cette enseigne est destinée aux pros qui se battent pour leur business 👎",2022-12-29T10:29:53Z,1,3.46.1,fr
METRO app,METRO Companion,METRO (reference),Google Play,us,fr,1,"La carte Métro ne fonctionne pas, application inutile !",2022-12-21T17:11:53Z,0,NA,fr
METRO app,METRO Companion,METRO (reference),Google Play,us,fr,4,Impossibilité totale de s'identifier sur l'application. Modification de mon appréciation suite à la résolution qui a été très rapide.,2022-12-13T10:40:56Z,4,3.46.1,fr
METRO app,METRO Companion,METRO (reference),Google Play,us,fr,1,Carte qui disparaît 😠,2022-12-07T12:41:40Z,0,3.46.1,fr
METRO app,METRO Companion,METRO (reference),Google Play,us,fr,1,"Ça bug de malade !! Quand on cherche quelques choses dans la barre de recherche c'est écrit ""hmmm... il manque quelque chose."" OUI ! Il manque surtout un développeur !!!",2022-12-05T22:39:36Z,4,3.46.1,fr
METRO app,METRO Companion,METRO (reference),Google Play,us,fr,1,"Problème provenant de l'appli depuis 1 mois, toujours pas résolu !!",2022-12-05T21:47:52Z,0,3.46.1,fr
METRO app,METRO Companion,METRO (reference),Google Play,us,fr,2,C'était pas mal quand ça marchait. J'ai changé de téléphone et impossible de me connecter. Alors que sur l'ancien j'étais bien connecter. Après m'être déconnecter sur l'ancien pour voir si il y avait un conflit entre les deux appareils impossible de me reconnecter sur mon ancien non plus ! Et cela ne vient pas de mes id et mdp car tout marche encore sur dans un navigateur internet. Dommage qu'une 'Erreur inconnue' rende l'appli obsolète.,2022-12-03T08:29:34Z,14,3.46.1,fr
METRO app,METRO Companion,METRO (reference),Google Play,us,fr,1,Impossible de se connecter à sa carte digitale depuis plus d'1 semaine. Message d'erreur. Quand est ce que ça sera corrigé ?,2022-12-02T21:22:14Z,0,3.46.1,fr
METRO app,METRO Companion,METRO (reference),Google Play,us,fr,1,Impossible de se connecter à son compte sur l'appli pourtant sur le pc aucun soucis 😖,2022-11-24T20:15:22Z,1,3.46.1,fr
METRO app,METRO Companion,METRO (reference),Google Play,us,fr,1,Depuis quelque temps impossible de me connecter avec mon adresse mail et mot de passe... message d'erreur à chaque fois. et impossible à me connecter en modifiant le mot de passe. du coup je n'ai plus accès à ma carte métro digitale. ni accès à l approvisionnement des magasins. je suis déçu.,2022-11-24T05:11:50Z,22,3.46.1,fr
METRO app,METRO Companion,METRO (reference),Google Play,us,fr,5,Impossible de scanner ma carte depuis l'app 😔 mais j'ai réussi à la scanner sur votre portail Web (avec la cam de mon pc) 😊 donc problème résolu 😊,2022-11-15T15:19:23Z,7,3.45.2,fr
METRO app,METRO Companion,METRO (reference),Google Play,us,fr,3,"Bonjour, j'ai fais la demande de ma carte reflexe le 12 octobre , alors je sais que vous avez été victime d'une cyber attaque mais depuis le 123 octobre , je n'ai plus de nouvelle pour la confection de ce carte , par avance, merci de votre retour",2022-10-31T09:13:14Z,0,3.45,fr
METRO app,METRO Companion,METRO (reference),Google Play,us,fr,1,"Magasin avec problème informatique depuis 2 semaines, du coup impossible de créer ma carte métro physiquement, on me dit de rentrer manuellement via un numéro, mais l'appli ne propose pas de rentrée de carte manuelle que via scan d'une carte physique, on tourne en rond, l'appli ne me sert a rien et je n'ai toujours pas de carte métro ..",2022-10-23T15:41:40Z,11,3.44.1,fr
METRO app,METRO Companion,METRO (reference),Google Play,us,fr,3,Le scanner des produits ne fonctionne pas du tout,2022-10-17T06:13:27Z,1,3.44.1,fr
METRO app,METRO Companion,METRO (reference),Google Play,us,fr,3,"Ne fonctionne qu'à moitié, peu de fonctionnalités...",2022-10-05T16:26:42Z,2,3.44.1,fr
METRO app,METRO Companion,METRO (reference),Google Play,us,fr,1,"Ne sert à rien au final. Impossible de me connecter à mon compte, magasin très régulièrement en rupture de produits, choix limité, ... Promocash va gagner 1 client.",2022-09-08T19:10:03Z,1,3.43.1,fr
METRO app,METRO Companion,METRO (reference),Google Play,us,fr,5,Félicitations,2022-09-03T22:38:35Z,0,3.42,fr
METRO app,METRO Companion,METRO (reference),Google Play,us,fr,4,Il manque les promos dans la liste de courses,2022-08-11T20:50:25Z,3,3.42.1,fr
METRO app,METRO Companion,METRO (reference),Google Play,us,fr,2,"Impossible d'être reconnu par adresse mail, sur l'ancienne version on rentrait son nom et numéro de carte et ça marchait très bien... Galère depuis",2022-08-04T09:48:51Z,4,3.41.1,fr
METRO app,METRO Companion,METRO (reference),Google Play,us,fr,5,Bonne application,2022-07-19T15:30:25Z,0,3.30.3,it
METRO app,METRO Companion,METRO (reference),Google Play,us,fr,1,"Les stocks ne sont pas mis a jour, donc surprise quand on arrive en magasin il n'y a pas certains produit pourtant en vert. Certains code barres produits ne sont pas reconnus par l'application. Dommage l'application pourrait être un tres bon outil s'il était fiable",2022-05-12T12:13:41Z,10,3.38,fr
METRO app,METRO Companion,METRO (reference),Google Play,us,fr,1,Ne fonctionne plus,2022-05-09T10:40:22Z,0,3.38,fr
METRO app,METRO Companion,METRO (reference),Google Play,us,fr,1,Nulle tu mets 3 heures à tenter de prouver que t es clients. Usine à gaz. Comme leur site internet ou on se perd. Il faudrait que vous embauchez un monsieur simplification qui ne soit pas payé à la procédure de sécurité qui ennuie tout le monde. Bref revenez à la formule carte manuelle et même des fois ça ne fonctionne pas. Des fois je préfère aller chez carrefour plus simple et moins cher.,2022-04-29T11:25:11Z,11,3.36.1,fr
METRO app,METRO Companion,METRO (reference),Google Play,us,fr,1,Trop compliqué on tourne en rond..impossible.,2022-04-01T19:55:13Z,0,NA,fr
METRO app,METRO Companion,METRO (reference),Google Play,us,fr,3,"ne fonctionne plus très bien ,quel galère quand on veut juste avoir accès au site en temps que client et voire les prix pour prépare son passage au magasin.",2022-03-25T23:42:08Z,11,3.36.1,fr
METRO app,METRO Companion,METRO (reference),Google Play,us,fr,5,Super application,2022-03-18T20:30:53Z,1,3.36.1,it
METRO app,METRO Companion,METRO (reference),Google Play,us,fr,1,Ne fonctionne pas lors de la connexion 😞 Déçue....,2022-03-15T07:17:51Z,1,3.36.1,fr
METRO app,METRO Companion,METRO (reference),Google Play,us,fr,1,Ne fonctionne plus du tout,2022-03-09T23:38:55Z,1,3.36.1,fr
METRO app,METRO Companion,METRO (reference),Google Play,us,fr,1,Et sinon pour la Belgique; la recherche des produits en français c'est pour quand ?,2022-03-06T07:30:59Z,0,3.35.2,fr
METRO app,METRO Companion,METRO (reference),Google Play,us,fr,1,Ne fonctionne plus. Très gênant quand on s'y est habitué. Ça fait presque 1 mois c'est long.,2022-02-18T08:03:51Z,8,3.35.2,fr
METRO app,METRO Companion,METRO (reference),Google Play,us,fr,1,Depuis la dernière mise à jour l'application ne fonctionne plus du tout (sur Android). Faudrait régler ce problème.,2022-02-12T22:06:26Z,9,3.35,fr
METRO app,METRO Companion,METRO (reference),Google Play,us,fr,5,"Excellente Application, on ne peut plus pratique pour préparer ses produits à acheter en Dépôt ou à commander en ligne.",2021-12-25T13:23:22Z,9,NA,fr
METRO app,METRO Companion,METRO (reference),Google Play,us,fr,5,Grand choix,2021-12-05T08:57:00Z,0,3.33.1,en
METRO app,METRO Companion,METRO (reference),Google Play,us,fr,5,"Très bien achalandé, mais pas suffisamment en produits BIO ???,alors que c'est pourtant la tendance profonde et générale !!!",2021-10-27T10:55:43Z,2,3.31,fr
METRO app,METRO Companion,METRO (reference),Google Play,us,fr,1,"Une honte de discriminer les particuliers à l'accès de votre enseigne dans le 54. Alors que beaucoup de grossistes plus intéressants dont des firmes et françaises et américaines se développent comme des petits pains en nombre à Paris et proche région sans limiter l'accès aux particuliers. Eux au moins ils ont tout compris au commerce. Désolée mais il fallait que cela soit dit. Du coup pour ce coup là, ce sera 1 seule étoile pour publier(0 mérité)à moins que vous changiez de tactique commerciale",2021-08-07T13:49:51Z,1,3.29.1,fr
METRO app,METRO Companion,METRO (reference),Google Play,us,fr,2,"Bonjour, Hormis remplacer la carte physique et retrouver ses factures, cette application ne sert pas pas grand chose... je trouve que Metro devrait mettre le paquet... pourquoi ne peut on pas payer avec (comme la carte reflexe) ? A quand un module de commande et pas juste une vulgaire liste de course qui s assimile à la fonction bloc note du téléphone (comme transgourmet ?) Dommage...",2021-06-29T11:31:33Z,9,3.28.4,fr
METRO app,METRO Companion,METRO (reference),Google Play,us,fr,1,Je ne reçois pas de mail quand je demande à changer de mot de passe,2021-06-25T15:19:58Z,2,3.28.3,fr
METRO app,METRO Companion,METRO (reference),Google Play,us,fr,1,Elle ne fonctionne pas sur un tel samsung,2021-06-21T18:36:27Z,3,3.28,fr
METRO app,METRO Companion,METRO (reference),Google Play,us,fr,1,"Ne s'ouvre pas, bug",2021-06-21T13:53:16Z,0,3.28,fr
METRO app,METRO Companion,METRO (reference),Google Play,us,fr,3,Bonjour L'application est bonne surtout le service de facturation mais il manque une option pour commander directement via l'application.,2021-06-18T10:22:22Z,1,NA,fr
METRO app,METRO Companion,METRO (reference),Google Play,us,fr,1,"Inutile! L'application fait soi disant portefeuille de carte . Alors oui, j'ai pu rentrer avec la dites carte mais arriver en caisse on me demande la carte originale et non la dématérialisée. Je ne l'avais pas sur moi et donc la personne (et le responsable) n'ont pas voulu m'encaisser . A quoi sert ce service dans ce cas ?",2021-04-26T15:33:43Z,13,3.27,fr
METRO app,METRO Companion,METRO (reference),Google Play,us,fr,4,"Bonjour j'ai une question, ayant fait les démarches récemment et par la suite validé, puis-je me rendre dans les entrepôts métro avec ma carte numérique de l'application ? Car j'ai pas de carte physique, merci.",2021-04-22T04:15:26Z,7,3.27,fr
METRO app,METRO Companion,METRO (reference),Google Play,us,fr,1,Nullissime l'appli par contre le site est parfait,2021-01-21T16:17:40Z,1,NA,fr
METRO app,METRO Companion,METRO (reference),Google Play,us,fr,3,À quoi correspond la petite vignette jaune à côté du nom de la société de la carte métro ?,2021-01-19T16:02:42Z,0,3.23,fr
METRO app,METRO Companion,METRO (reference),Google Play,us,fr,1,Impossible de se connecter site nul,2020-12-01T16:36:11Z,0,NA,fr
METRO app,METRO Companion,METRO (reference),Google Play,us,fr,4,Seul inconvénient .. liste de courses l'écran s'éteint,2020-11-16T13:15:40Z,3,3.21,fr
METRO app,METRO Companion,METRO (reference),Google Play,us,fr,1,Idem que précédents commentaires : impossible de trouver les produits dans la liste de courses depuis plusieurs semaines... Appli devenue inutile,2020-11-15T07:18:33Z,10,3.21,fr
METRO app,METRO Companion,METRO (reference),Google Play,us,fr,2,Rien ne fonctionne depuis 4 semaines.,2020-11-12T12:03:40Z,1,3.21,fr
METRO app,METRO Companion,METRO (reference),Google Play,us,fr,1,Impossible de scanner la carte,2020-11-06T17:08:21Z,6,3.21,fr
METRO app,METRO Companion,METRO (reference),Google Play,us,fr,1,La recherche de produits dans la liste de courses ne fonctionne plus depuis plusieurs semaines...,2020-10-19T18:35:34Z,3,3.20,fr
METRO app,METRO Companion,METRO (reference),Google Play,us,fr,2,"Bonjour, l'appli bug, la recherche de produits dans la liste de xourses ne fonctionne pas.... Et impossible de contacter le support via l'appli...",2020-10-12T09:59:24Z,6,3.20,fr
METRO app,METRO Companion,METRO (reference),Google Play,us,fr,1,Impossible de se connecter au serveur depuis deux semaines. Désinstaller et remis l'application pareil !!!!!!! Plus les produits dans la liste de courses et plus les catalogues..........,2020-10-09T02:56:18Z,11,3.20,fr
METRO app,METRO Companion,METRO (reference),Google Play,us,fr,1,"Désinstallation de l'application. Impossible de voir les produits du catalogue et la liste de course, les produits de métro ne s'affiche. Application inutile et perte de temps avec tous ces bugs.",2020-10-08T05:43:26Z,3,NA,fr
METRO app,METRO Companion,METRO (reference),Google Play,us,fr,4,Super prarique,2020-10-06T10:52:24Z,0,3.20,fr
METRO app,METRO Companion,METRO (reference),Google Play,us,fr,1,Impossible de faire ma liste de course,2020-09-28T03:30:29Z,0,3.20,fr
METRO app,METRO Companion,METRO (reference),Google Play,us,fr,1,Metro dans toute ca splendeur..faire ca liste de course mais ne pas pouvoir la validité ??? Allo la terre ???😂m'étonne pas d eux..,2020-08-30T20:46:45Z,4,3.19.3,fr
METRO app,METRO Companion,METRO (reference),Google Play,us,fr,2,Ne peux pas faire les courses sur cette appli,2020-07-25T19:22:42Z,1,3.18,fr
METRO app,METRO Companion,METRO (reference),Google Play,us,fr,1,Ne s'ouvre pas sur Huawei P30 Pro...,2020-07-24T14:38:01Z,1,3.18,fr
METRO app,METRO Companion,METRO (reference),Google Play,us,fr,1,Aplication inutile,2020-07-12T08:32:59Z,0,NA,en
METRO app,METRO Companion,METRO (reference),Google Play,us,fr,5,Super pratique,2020-06-30T10:58:51Z,1,3.17,fr
METRO app,METRO Companion,METRO (reference),Google Play,us,fr,2,"Je suis vraiment déçu de cette application, car impossible de passer ma commande depuis mon téléphone , j'ai fait ma liste et je peut pas la commandé, c'est vraiment dommage car je la trouvais bien l'appli. Pas très professionnel de la part de métro.. J'espère qu'il vont vite mettre a jour leur application.",2020-06-23T16:06:19Z,19,3.16,fr
METRO app,METRO Companion,METRO (reference),Google Play,us,fr,1,"Le seul réel intérêt sera de pourvoir payer en caisse avec son smartphone, et pour l'instant cela n'est pas possible, donc 1 seule étoile",2020-04-04T10:21:33Z,1,NA,fr
METRO app,METRO Companion,METRO (reference),Google Play,us,fr,3,Ça serait bien qu'on puisse connecter plusieurs cartes,2020-04-02T07:58:23Z,1,NA,fr
METRO app,METRO Companion,METRO (reference),Google Play,us,fr,3,"Bjr, faudrait penser à ceux qui on plusieurs cartes métro... Plusieur entité juridique on peut pas intégrer toute les carte sur l'application... Une mise à jour serait souhaitée... Merci",2020-02-10T11:28:53Z,15,3.11,fr
METRO app,METRO Companion,METRO (reference),Google Play,us,fr,3,"Comment faire si on a plusieurs restaurant, et donc plusieurs cartes ?",2020-02-03T12:48:17Z,3,3.11,fr
METRO app,METRO Companion,METRO (reference),Google Play,us,fr,1,"Aucun moyen de passer commande via cette application. Sert juste à avoir sa carte Metro en digital, et à lire les catalogues de promo. C'est bien dommage.",2020-01-29T05:16:48Z,12,3.10,fr
METRO app,METRO Companion,METRO (reference),Google Play,us,fr,1,"Inutile. A part consulter ses factures et sa carte métro, l'application ne sert à rien. Même pas de liste de courses !",2020-01-19T22:22:43Z,7,3.10,fr
METRO app,METRO Companion,METRO (reference),Google Play,us,fr,1,Malgré des identifiants exact la carte métro qui s affiche n a pas le bon numéro et le code barre ne réagi pas a la douchette vraiment pas terrible cette application peut mieux faire,2019-12-09T22:33:54Z,5,3.8.2,fr
METRO app,METRO Companion,METRO (reference),Google Play,us,fr,5,"Bonne appli, toujours ma carte avec moi",2019-12-05T13:06:03Z,4,3.8.2,fr
METRO app,METRO Companion,METRO (reference),Google Play,us,fr,5,"Application très pratique , merci metro",2019-11-06T02:48:21Z,2,3.7,fr
METRO app,METRO Companion,METRO (reference),Google Play,us,fr,5,Permet D AVOIR SES FACTURES en copie pour impression,2019-10-22T06:36:21Z,4,3.7,fr
METRO app,METRO Companion,METRO (reference),Google Play,us,fr,5,Super appli,2019-07-24T10:48:13Z,1,3.3.1,fr
METRO app,METRO Companion,METRO (reference),Google Play,us,fr,5,"Appli très pratique avec les catalogues, les factures directs et surtout la carte métro directement sur mon appli",2019-07-19T13:43:25Z,9,3.3.1,fr
METRO app,METRO Companion,METRO (reference),Google Play,us,fr,5,Très pratique pour la carte digital !,2019-07-16T15:27:45Z,4,3.3,fr
METRO app,METRO Companion,METRO (reference),Google Play,us,it,5,"la Metro magazxjno negozio di Bari, dove ho comprato il mio Primo computer , il Personal IBM 486..., tempo fa era il 1993/1994 non ricordo bene",2026-03-21T16:00:42Z,0,NA,it
METRO app,METRO Companion,METRO (reference),Google Play,us,it,5,Ottimo,2025-12-29T14:34:45Z,24,3.78,it
METRO app,METRO Companion,METRO (reference),Google Play,us,it,4,professionalità e competenza,2025-11-21T16:52:27Z,0,3.77,it
METRO app,METRO Companion,METRO (reference),Google Play,us,it,5,Ottimo negozio,2025-09-15T15:57:45Z,0,3.75.2,it
METRO app,METRO Companion,METRO (reference),Google Play,us,it,1,quindi se ho capito bene se non hai un'attività non puoi fare la spesa qui?,2025-05-27T01:10:17Z,0,NA,it
METRO app,METRO Companion,METRO (reference),Google Play,us,it,2,non mi funzione l'applicazione,2025-05-12T11:42:43Z,0,3.69,it
METRO app,METRO Companion,METRO (reference),Google Play,us,it,5,Gentilezza cortesia e molta disponibilità,2025-03-11T20:02:24Z,3,3.71.1,it
METRO app,METRO Companion,METRO (reference),Google Play,us,it,5,Personale molto gentile ottima scelta di prodotti,2025-02-27T19:19:34Z,2,3.71.1,it
METRO app,METRO Companion,METRO (reference),Google Play,us,it,1,Non arrivano le notifiche. Già fatto ma non arrivano le notifiche.,2025-01-16T08:46:02Z,3,3.69,it
METRO app,METRO Companion,METRO (reference),Google Play,us,it,1,"Un applicazione che letteralmente non serve a nulla, non si vedono i prodotti, i prezzi, le disponibilità, non serve per comprare online, ma allora a cosa serve?",2024-11-06T12:25:36Z,2,3.67,it
METRO app,METRO Companion,METRO (reference),Google Play,us,it,1,"Serve solo come tessera elettronica, per il resto la trovo totalmente inutile, almeno fino a quando non attiveranno un e-commerce",2024-06-19T08:26:18Z,6,3.62.2,it
METRO app,METRO Companion,METRO (reference),Google Play,us,it,1,Ho mandato email per un problema con la tessera mai risposto,2024-03-12T19:45:35Z,2,3.59,it
METRO app,METRO Companion,METRO (reference),Google Play,us,it,5,Eccellente organizzazione,2024-03-05T12:21:51Z,0,3.59,it
METRO app,METRO Companion,METRO (reference),Google Play,us,it,5,"I clienti dovrebbero imparare a disporre la merce sulla cassa , sarebbe tutto più veloce e le cassiere agevolate nel lavoro.",2024-01-31T15:13:04Z,24,3.57,it
METRO app,METRO Companion,METRO (reference),Google Play,us,it,5,Professionali,2023-12-08T21:33:56Z,0,3.56.1,en
METRO app,METRO Companion,METRO (reference),Google Play,us,it,1,Applicazione con problemi di registrazione seri inviata email per assistenza ma ancora nessuna risposta.... La vecchia Card era la soluzione migliore.. ovviamente disinstallo Applicazione...,2023-12-02T08:39:32Z,14,3.56.1,it
METRO app,METRO Companion,METRO (reference),Google Play,us,it,1,È pietosa La funzione cerca non trova niente il codice a Barre idem praticamente inutile,2023-08-23T15:06:49Z,15,3.52,it
METRO app,METRO Companion,METRO (reference),Google Play,us,it,1,"Non funziona, si chiude in continuazione",2022-12-14T14:30:25Z,1,3.46.1,it
METRO app,METRO Companion,METRO (reference),Google Play,us,it,1,Non funziona...provvedete!!!,2022-11-29T18:42:44Z,1,3.46.1,it
METRO app,METRO Companion,METRO (reference),Google Play,us,it,5,fantastico,2022-10-25T18:56:12Z,0,NA,it
METRO app,METRO Companion,METRO (reference),Google Play,us,it,5,"Per il momento va bene, grazie.",2022-08-23T13:22:28Z,0,3.42,it
METRO app,METRO Companion,METRO (reference),Google Play,us,it,5,Positivo,2022-07-04T10:38:48Z,0,3.40.2,pt
METRO app,METRO Companion,METRO (reference),Google Play,us,it,1,"non posso dare 0...pesante ,lenta e chiede tempo x registrare....",2022-06-23T08:32:11Z,0,NA,it
METRO app,METRO Companion,METRO (reference),Google Play,us,it,1,"Fatto il login si blocca, un vero disservizio",2022-06-12T08:39:53Z,3,3.39,it
METRO app,METRO Companion,METRO (reference),Google Play,us,it,1,Non si apre neanche...,2022-05-25T21:17:46Z,0,3.38,it
METRO app,METRO Companion,METRO (reference),Google Play,us,it,1,"Appena installata. Non appena tento il login, l'app va in crash, si chiude e non si apre più.",2022-05-23T17:17:54Z,10,3.38,it
METRO app,METRO Companion,METRO (reference),Google Play,us,it,1,Da far perdere tempo ! Si blocca si blocca si blocca,2022-05-16T16:06:37Z,6,3.38,it
METRO app,METRO Companion,METRO (reference),Google Play,us,it,1,Dopo aver cliccato su login si blocca,2022-05-10T13:06:54Z,2,3.38,it
METRO app,METRO Companion,METRO (reference),Google Play,us,it,1,Penosa,2022-05-06T21:54:37Z,1,3.38,es
METRO app,METRO Companion,METRO (reference),Google Play,us,it,1,Non riesco inserire la tessera,2022-04-23T10:51:53Z,1,3.38,it
METRO app,METRO Companion,METRO (reference),Google Play,us,it,5,"Ottima, metro è sempre un ottimo punto di riferimento autorevole",2022-03-11T09:40:54Z,14,3.34,it
METRO app,METRO Companion,METRO (reference),Google Play,us,it,1,Non mi fa inserire le credenziali della tessera fisica e non funziona.,2022-02-16T13:56:13Z,3,3.35,it
METRO app,METRO Companion,METRO (reference),Google Play,us,it,1,Allora sono molto arrabiato per il fatto che volevo comprare dei cartoni della pizza a 16 euro anche se un prezzo esagerato mi andava bene solo che nella cassa mi dicono che con ľ Iva costano 20 euro e sono pure di bassissima qualità dopo questo fatto spero di non andarci mai e che risolviate il problema diminuendo il prezzo e aumentare la qualità,2022-01-21T16:18:13Z,5,3.34,it
METRO app,METRO Companion,METRO (reference),Google Play,us,it,5,Simple à utiliser super merci Métro et Merci Jessica et Bianco de Voglan,2021-12-14T17:39:04Z,0,3.34,fr
METRO app,METRO Companion,METRO (reference),Google Play,us,it,1,"Non si riesce a scaricarla con Google Play, è assurdo.",2021-11-16T17:08:35Z,3,NA,it
METRO app,METRO Companion,METRO (reference),Google Play,us,it,2,possibile che anche disistallando e reistallando non si riesca a cambiare il numero della tessera? come cavolo posso fare per registrare quella nuova? anche cambiando e mail e psw sempre quella vecchia tiene in memoria.,2021-11-08T11:31:54Z,6,NA,it
METRO app,METRO Companion,METRO (reference),Google Play,us,it,1,Pur inserendo tutti i numeri e nome corretto non funziona .,2021-08-02T14:56:55Z,8,3.29.1,it
METRO app,METRO Companion,METRO (reference),Google Play,us,it,5,Ora finalmente dopo aggiornamento funziona ottimamente. Bravi!,2021-07-08T13:52:34Z,6,3.28.4,it
METRO app,METRO Companion,METRO (reference),Google Play,us,it,1,"Impossibile da utilizzare, continua ad interrompersi durante l'avvio",2021-06-21T20:09:07Z,7,3.28,it
METRO app,METRO Companion,METRO (reference),Google Play,us,it,1,Non funziona,2021-06-21T17:31:15Z,4,3.28,it
METRO app,METRO Companion,METRO (reference),Google Play,us,it,1,"Non si riesce ad accedere al proprio account, fatta malissimo, poco usabile.",2021-06-08T11:51:33Z,7,NA,it
METRO app,METRO Companion,METRO (reference),Google Play,us,it,5,Business shopping brand,2021-04-04T02:45:41Z,2,3.24,en
METRO app,METRO Companion,METRO (reference),Google Play,us,it,2,"Ho scaricato l'applicazione, mi sono registrata ma quando voglio entrare mi dice che non vanno bene le credenziali, ho disinstallato, perché deve sembrare così complicato?",2021-03-21T13:25:05Z,6,NA,it
METRO app,METRO Companion,METRO (reference),Google Play,us,it,5,"Stupenda app facile da usare e molto utile, grazie.",2021-03-05T12:59:50Z,11,3.24,it
METRO app,METRO Companion,METRO (reference),Google Play,us,it,1,Non mi fa registrare,2021-01-22T13:01:02Z,3,NA,it
METRO app,METRO Companion,METRO (reference),Google Play,us,it,1,Impossibile registrarsi ... no comment ...,2020-12-27T14:08:47Z,5,NA,it
METRO app,METRO Companion,METRO (reference),Google Play,us,it,5,Ottima app,2020-12-02T14:44:50Z,1,3.21,it
METRO app,METRO Companion,METRO (reference),Google Play,us,it,2,Non consente la registrazione,2020-11-15T18:18:41Z,8,3.21,it
METRO app,METRO Companion,METRO (reference),Google Play,us,it,5,Efficace,2020-11-10T10:07:03Z,3,NA,en
METRO app,METRO Companion,METRO (reference),Google Play,us,it,1,Impossibile,2020-10-26T21:36:24Z,5,NA,it
METRO app,METRO Companion,METRO (reference),Google Play,us,it,1,"Pur troppo se non funziona l'acquisto online con consegna serve solo per avere la tessera a portata di mano. Di questi tempi l'acquisto online è vitale. Vi consiglio vivamente di aggiornarvi con i tempi che viviamo, poiché questo comunque è il futuro delle grandi catene di negozi.",2020-10-26T09:57:22Z,73,3.20,it
METRO app,METRO Companion,METRO (reference),Google Play,us,it,4,Buon servizio,2020-08-29T21:49:33Z,0,3.19.2,it
METRO app,METRO Companion,METRO (reference),Google Play,us,it,1,"Mi registro, inserisco i dati corretti e mi dice che il numero di tessera non corrisponde al nome! Provato più volte, stesso messaggio di errore",2020-06-14T20:01:07Z,23,3.16,it
METRO app,METRO Companion,METRO (reference),Google Play,us,it,4,"Solo 4 stelle perché il download delle fatture non si capisce dove le scarichi. Mettere prima del download dove memorizzarle, grazie",2020-06-05T12:31:37Z,7,3.16,it
METRO app,METRO Companion,METRO (reference),Google Play,us,it,5,Fantastica!!!!!,2020-06-05T10:19:31Z,4,3.16,it
METRO app,METRO Companion,METRO (reference),Google Play,us,es,2,No hay precios competitivos,2025-03-11T15:16:24Z,0,3.71.1,pt
METRO app,METRO Companion,METRO (reference),Google Play,us,es,1,Immer Fehler,2023-07-04T14:43:48Z,1,NA,de
METRO app,METRO Companion,METRO (reference),Google Play,us,es,1,"It always says the products are available in the stores and when you are already there, they are not. Update: . . . And they just asume you don't know how to use their app instead of doing research and report the issue to the people in charge. Sincerely, the user that didn't select the right store and also didn't ask 4 people in the store for availability.",2023-03-28T05:26:32Z,1,3.48.1,en
METRO app,METRO Companion,METRO (reference),Google Play,us,es,1,"Ich warte seit 1 Monat auf meine Zugangsdaten. Selbst nach Nachfrage, reagiert der Support nicht auf meine Email.",2021-07-03T14:52:30Z,3,3.28.4,de
METRO app,METRO Shop,METRO (reference),Google Play,us,en,1,"Login geht nicht. Nicht mit mail, nicht mit Kartennummer. Schlechte Kundenführung.",2025-08-12T21:22:13Z,0,3.0.4,de
METRO app,METRO Shop,METRO (reference),Google Play,us,en,1,"Unable to login, why?",2025-02-18T16:54:36Z,1,3.0.2,en
METRO app,METRO Shop,METRO (reference),Google Play,us,en,1,The web page is better,2024-02-16T16:01:06Z,0,NA,en
METRO app,METRO Shop,METRO (reference),Google Play,us,en,1,"Wonderful! Unable to login with the provided credentials. You can only reset the password, but it does not work within the app. Creat app, congratulations ... :/",2022-10-06T16:57:22Z,4,2022.09.03.2,en
METRO app,METRO Shop,METRO (reference),Google Play,us,en,5,Ideal um schnell Bestellungen unterwegs abzugeben.,2022-04-07T13:40:26Z,0,2021.12.09.3,de
METRO app,METRO Shop,METRO (reference),Google Play,us,de,1,Ich habe mein Kundenkonto vor Ort im Metro für die App freischalten bzw. auch die digitale Kundenkarte freischalten lassen. Das Kennwort per Email erhalten... Login Versuch... geht nicht. Mittlerweile schon 4x das Kennwort resettet ohne Erfolg. Das geht gar nicht!,2026-04-27T16:20:30Z,0,3.2.3,de
METRO app,METRO Shop,METRO (reference),Google Play,us,de,3,"digitale Kundenkarte, die man NICHT an der SB-Kassa nutzen kann. Wer hat sich da was genau dabei überlegt? In der App nur QR-Code, kein Strichcode aber SB-Kassen Hardware vor kurzem neu im Markt Vösendorf installiert, die den QR-Code nicht lesen kann. Muss man als Kunde nicht verstehen!",2026-03-08T09:30:42Z,0,3.2.4,de
METRO app,METRO Shop,METRO (reference),Google Play,us,de,1,"App lässt sich nicht einschalten, es Crashed andauernd!",2026-01-28T06:45:36Z,0,3.2.3,de
METRO app,METRO Shop,METRO (reference),Google Play,us,de,1,"Der letzte Schrott. Habe ein Metro Kundenkonto bei dem ich mich am Pc auch problemlos einloggen kann. In der App werden die Logindaten aber als falsch angegeben. Telefonsupport nur endlos Warteschleife, Support Mail nicht auffindbar...",2025-08-11T11:59:13Z,0,3.0.4,de
METRO app,METRO Shop,METRO (reference),Google Play,us,de,1,App stürzt pausenlos ab und man kann sich nicht anmelden: Zugangsdaten werden einfach nicht gespeichert,2025-07-10T10:29:40Z,0,3.0.4,de
METRO app,METRO Shop,METRO (reference),Google Play,us,de,1,ich zucke fast jedes mal aus bei verwendung dieser app,2025-05-17T06:34:01Z,0,3.0.3,de
METRO app,METRO Shop,METRO (reference),Google Play,us,de,1,"Zum Vergessen! Langsam, merkt sich kein Passwort, und lässt sich nicht einmal normal schließen.",2025-05-08T10:16:15Z,0,3.0.3,de
METRO app,METRO Shop,METRO (reference),Google Play,us,de,1,"Unglaublich langsame App. Auch die Tag-Setzung der einzelnen Produkte lässt sehr zu wünschen über. Selbst mit dem offziellen Produktnamen sind die Produkte so teilweise fast nicht auffindbar. Zusätzlich stürzt die App seit über einer Woche bei jeder Hinzufügung zum Warenkorb ab und ist somit eigentlich überhaupt nicht mehr nutzbar. Traurig, dass ein Unternehmen dieser Größe digital so hinter der Zeit zurückbleiben kann....",2024-12-02T01:01:51Z,3,2.8.5,de
METRO app,METRO Shop,METRO (reference),Google Play,us,de,1,"Ich frage mich, warum niemand der Entwickler dieser App auf die vielen negativen Rezensionen reagiert? Der Login funktioniert überhaupt nicht, auch nach mehrmaligem De- und Neuinstallieren bleibt man erfolglos. Auch am Schalter konnte man mir nicht helfen. Wann wird hier endlich professionalisiert?? Die negativen Rückmeldungen ziehen sich schon über Jahre hin. Es wird Zeit....",2024-06-03T08:32:52Z,1,2.8.3,de
METRO app,METRO Shop,METRO (reference),Google Play,us,de,1,Schlecht brobierte 1 stunde online zum anmelden gan schlecht,2023-11-30T14:02:02Z,0,2.7.0,de
METRO app,METRO Shop,METRO (reference),Google Play,us,de,1,Eines von den schlechten App die es in Österreich gibt. Bis man die Produkte findet dauert sehr lange und wenn man eine Bestellung getätigt hat kann man sie danach beim App nicht mehr finden. Ein Stern ist schon zuviel,2023-10-05T18:28:52Z,3,2.6.0,de
METRO app,METRO Shop,METRO (reference),Google Play,us,de,1,Öffnet und stürzt sofort wieder ab.,2023-04-20T16:26:41Z,0,2023.03.08.1,de
METRO app,METRO Shop,METRO (reference),Google Play,us,de,3,"App wäre ja super, aber seit der Aktualisierung vor 2 Tagen lässt sich kein Lieferdatum mehr eingeben??? Hoffe, dass dieser Fehler bald behoben wird. Gerhard Dreier",2023-02-26T15:16:03Z,0,2023.02.23.2,de
METRO app,METRO Shop,METRO (reference),Google Play,us,de,1,"Unbedienbar langsam und träge. Schade, muss man wohl weiter alles am PC machen.",2023-02-24T17:59:55Z,0,2023.02.23.2,de
METRO app,METRO Shop,METRO (reference),Google Play,us,de,3,"Kann mich nach anfänglichen Schwierigkeiten nun endlich einloggen, obwohl ich noch immer die selben Zugangsdaten verwende. Da gibt's wohl eine Zeitverzögerung nach der erforderlichen Registrierung via PC/Notebook. Darauf könnte zumindest hingewiesen werden um unnötigen Frust zu erzeugen...",2022-11-21T21:45:50Z,0,2022.10.31.1,de
METRO app,METRO Shop,METRO (reference),Google Play,us,de,4,Durchschnitt,2022-10-16T10:41:43Z,0,NA,de
METRO app,METRO Shop,METRO (reference),Google Play,us,de,1,Sinnlos. Man kann sich als Kunde nicht einloggen 🤦‍♂️,2022-09-13T12:28:14Z,0,2022.09.03.2,de
METRO app,METRO Shop,METRO (reference),Google Play,us,de,1,"Total sinnlos. Anmeldung aufgrund ""falschem"" Passwort nicht möglich. Wollte die App, da Mitarbeiter die Kartenspeicherfunktion anderer Apps nicht scannen dürfen. Man wird wohl auch weiterhin die physische Karte mitführen müssen. Metro ist noch lange nicht im digitalen Zeitalter angekommen.",2022-06-19T19:09:29Z,3,NA,de
METRO app,METRO Shop,METRO (reference),Google Play,us,de,1,"Richtig bewerten kann man die App ja nicht, wenn man sich nicht einloggen und alle Funktionen nutzen kann. Daher gibt es vorerst nur einen Stern. Sehr seltsam, dass hier seitens der Entwickler nicht schneller reagiert wird, auf all die Anfragen anderer Benutzer, die dasselbe Problem haben. Es ist einfach nur unfassbar, so etwas habe ich noch bei keiner App erlebt. Nach weiteren Login Problemen im Dez. 2021 ist dies bis heute nicht anständig gelöst, wenn man das Passwort für den Shop zurücksetzt.",2022-03-04T12:12:43Z,10,2021.12.09.3,de
METRO app,METRO Shop,METRO (reference),Google Play,us,de,3,"Hatte anfangs auch das Problem mit dem falschen Kennwort in der App wenn man versucht sich anzumelden, konnte das Rätsel aber dann mit der Dame am Empfang lösen: sie musste noch in der MyMetro Verwaltung in meinem Kundenkonto die Funktion ""digitale Kundenkarte"" aktivieren. Ich habe es direkt nachdem sie es aktiviert hat in der App probiert und konnte mich dann sofort anmelden. In der App musste ich dann noch die Kundenkarte meinerseits aktivieren und jetzt funktioniert alles 😃 Hoffe es hilft!",2022-01-31T18:18:32Z,6,2021.12.09.3,de
METRO app,METRO Shop,METRO (reference),Google Play,us,de,1,"Seit dem Update Kennwort ""falsch"", ok, neues Kennwort, uups, neues, soeben per Email erhaltenes Kennwort wiederum falsch! Telefonanruf: da müssens zum Schalter beim Eingang kommen! Schöne Feiertage!",2021-12-27T10:14:56Z,0,2021.12.09.3,de
METRO app,METRO Shop,METRO (reference),Google Play,us,de,1,App ist laut Support nicht für den allgemeinen Einsatz gedacht. Kundenkarte darin zu verwalten oder Rechnungen einzusehen somit nicht möglich. Warum wird das so nicht kommuniziert? Gibt es eine alternative App? Im Gegensatz zu der Antwort ist ein Einloggen in die App nicht möglich. Weder der Telefonische Support noch die Mitarbeiterin vor Ort konnte weiterhelfen.,2021-09-30T20:20:37Z,4,NA,de
METRO app,METRO Shop,METRO (reference),Google Play,us,de,1,Ich kann mich nicht anmelden.,2021-05-15T19:06:58Z,0,2.1.0,de
METRO app,METRO Shop,METRO (reference),Google Play,us,de,1,Unbrauchbar,2021-04-19T17:36:38Z,1,NA,de
METRO app,METRO Shop,METRO (reference),Google Play,us,de,1,Ich kann mich nicht in der App einloggen,2021-03-09T16:03:06Z,0,2.0.10,de
METRO app,METRO Shop,METRO (reference),Google Play,us,de,1,Der Login funktioniert nicht daher 1 Stern.,2021-01-26T15:17:21Z,2,2.0.10,de
METRO app,METRO Shop,METRO (reference),Google Play,us,de,1,Login leider nicht möglich ...,2021-01-17T10:24:10Z,1,2.0.10,de
METRO app,METRO Shop,METRO (reference),Google Play,us,de,1,"Müll App, funktioniert nicht",2021-01-06T20:56:30Z,0,NA,de
METRO app,METRO Shop,METRO (reference),Google Play,us,de,1,"Anmelden in der App ist unmöglich, App ist leider unbrauchbar!",2020-11-28T08:55:10Z,4,2.0.10,de
METRO app,METRO Shop,METRO (reference),Google Play,us,de,5,Gute Anzeige,2020-10-20T01:17:42Z,0,NA,de
METRO app,METRO Shop,METRO (reference),Google Play,us,de,1,"Sehr beschissene App, seit ein monat kann man nicht reinloggen. Habe es wieder des installiert, nicht zum empfehlen.",2020-10-12T12:12:42Z,2,NA,de
METRO app,METRO Shop,METRO (reference),Google Play,us,de,1,"Wie anmelden? Bei Anmeldung wird ein Benutzername angefragt, weder Email noch Nummer der Karte funktioniert. Warum funktioniert sie nicht? Es wäre einfach, bei der Anmeldung ein paar erklärende Worte dazu zu schreiben.",2020-04-04T14:19:59Z,3,1.10.8,de
METRO app,METRO Shop,METRO (reference),Google Play,us,de,1,Absoluter Müll. Ich habe noch nie eine neue App so schnell wieder deinstalliert wie diese.,2020-03-10T06:39:49Z,4,NA,de
METRO app,METRO Shop,METRO (reference),Google Play,us,de,1,"App überlastet das Telefon, Login nicht möglich (Credentials sind aber ok), sry ...",2019-12-15T12:45:19Z,4,NA,de
METRO app,METRO Shop,METRO (reference),Google Play,us,de,1,Funktioniert nicht,2019-11-10T18:06:33Z,0,1.10.8,de
METRO app,METRO Shop,METRO (reference),Google Play,us,de,1,Funktioniert gar nicht,2019-04-30T09:18:59Z,0,1.9.5,de
METRO app,METRO Shop,METRO (reference),Google Play,us,de,5,funktioniert einwandfrei,2019-04-05T17:32:29Z,1,1.9.5,de
METRO app,METRO Shop,METRO (reference),Google Play,us,de,1,dieser App funktioniert nie und das seid Anfang an.,2019-03-29T21:12:08Z,5,1.7.0,de
METRO app,METRO Shop,METRO (reference),Google Play,us,de,5,Super funktioniert Klasse.,2018-11-05T12:31:39Z,2,NA,de
