"Authors","Author full names","Author(s) ID","Title","Year","Source title","Link","Affiliations","Authors with affiliations","Abstract","Author Keywords","Index Keywords","Document Type","Open Access","Source"
"Zhang D.; Liu X.; Li J.; Fan M.","Zhang, Daohai (23972191300); Liu, Xue (57201698662); Li, Juan (57201700116); Fan, Mingyue (57222326920)","23972191300; 57201698662; 57201700116; 57222326920","Sentiment topic mining based on comment tags","2018","IOP Conference Series: Materials Science and Engineering","https://www.scopus.com/pages/publications/85045842164?origin=resultslist","School of Management, Jiangsu University, Zhenjiang, China","Zhang D., School of Management, Jiangsu University, Zhenjiang, China; Liu X., School of Management, Jiangsu University, Zhenjiang, China; Li J., School of Management, Jiangsu University, Zhenjiang, China; Fan M., School of Management, Jiangsu University, Zhenjiang, China","With the development of e-commerce, various comments based on tags are generated, how to extract valuable information from these comment tags has become an important content of business management decisions. This study takes HUAWEI mobile phone tags as an example using the sentiment analysis and topic LDA mining method. The first step is data preprocessing and classification of comment tag topic mining. And then make the sentiment classification for comment tags. Finally, mine the comments again and analyze the emotional theme distribution under different sentiment classification. The results show that HUAWEI mobile phone has a good user experience in terms of fluency, cost performance, appearance, etc. Meanwhile, it should pay more attention to independent research and development, product design and development. In addition, battery and speed performance should be enhanced. © Published under licence by IOP Publishing Ltd.","","Cellular telephones; Mining; Mobile phones; Product design; Sentiment analysis; Telephone sets; Business management; Cost performance; Data preprocessing; Independent research; Product design and development; Sentiment classification; Speed performance; User experience; Data mining","Conference paper","All Open Access; Gold Open Access","Scopus"
"Chen Q.; Wang S.; Lin A.","Chen, Qin (55490934100); Wang, Siyi (55311860200); Lin, Angela (8419054100)","55490934100; 55311860200; 8419054100","The joint beta distribution with refund rate in online C2C trust building: A theoretical study on Taobao","2012","2012 International Conference on E-Learning and E-Technologies in Education, ICEEE 2012","https://www.scopus.com/pages/publications/84869405035?origin=resultslist","Information School, University of Sheffield, Sheffield, S1 4DP, Regent Court, 211 Portobello, United Kingdom; Department of Electronic and Electrical Engineering, University of Sheffield, Sheffield, S1 3JD, Mappin Street, United Kingdom","Chen Q., Information School, University of Sheffield, Sheffield, S1 4DP, Regent Court, 211 Portobello, United Kingdom; Wang S., Department of Electronic and Electrical Engineering, University of Sheffield, Sheffield, S1 3JD, Mappin Street, United Kingdom; Lin A., Information School, University of Sheffield, Sheffield, S1 4DP, Regent Court, 211 Portobello, United Kingdom","Lack of trust is one of the fundamental reasons for losing customers from ""faceless"" e-commerce websites in the consumer-to-consumer market. In order to combat problems with dishonest market participants, a reputation system based on the trustworthiness of sellers has been widely established by the service provider. Traditionally this trust model is mainly based on feedback mechanism while neglecting the other important factors, such as, refund rate, which may lead to transaction risks in the new transaction. This paper proposes a global reputation rating method by using joint beta probability density functions to combine positive feedback rating and refund rate. The new trust model has the advantage of tractability and scalability as well as its theoretical sound basis on statistics. © 2012 IEEE.","C2C; joint beta distribution; online shopping; refund rate; reputation system; trust","E-learning; Electronic commerce; Probability density function; Security of data; Beta distributions; C2C; Online shopping; refund rate; Reputation systems; trust; Engineering education","Conference paper","","Scopus"
"Ho S.-C.; Chuang W.-L.","Ho, Shu-Chun (7403716942); Chuang, Wei-Li (58099135400)","7403716942; 58099135400","Identifying and prioritizing the critical quality attributes for business-to-business cross-border electronic commerce platforms","2023","Electronic Commerce Research and Applications","https://www.scopus.com/pages/publications/85147855160?origin=resultslist","Department of Software Engineering and Management, National Kaohsiung Normal University, Taiwan, No.62, Shenjhong Rd., Yanchao District, Kaohsiung, 82446, Taiwan","Ho S.-C., Department of Software Engineering and Management, National Kaohsiung Normal University, Taiwan, No.62, Shenjhong Rd., Yanchao District, Kaohsiung, 82446, Taiwan; Chuang W.-L., Department of Software Engineering and Management, National Kaohsiung Normal University, Taiwan, No.62, Shenjhong Rd., Yanchao District, Kaohsiung, 82446, Taiwan","Business-to-business (B2B) cross-border e-commerce (EC) platforms play a critical role in reducing the psychological barriers to cross-border demand. For example, they simplify the search for and comparison of products and suppliers across countries. However, little research on the quality attributes of B2B cross-border EC platforms has been conducted. To alleviate this research gap, this study aimed to identify and prioritize the quality attributes of B2B cross-border EC platforms. Two research methods were applied: First, the modified Delphi technique was used to identify the critical quality attributes from journal articles with the approval of industrial practitioners. In addition, based on the theory of attractive quality, we conducted focus group interviews with industrial practitioners to prioritize the quality attributes of B2B cross-border EC platforms. The results of a Kano model analysis revealed 7 must-be, 15 one-dimensional, 14 attractive, and one indifference quality attributes of B2B cross-border EC platforms among the identified 37. This study provides practical insights for designers and sellers of B2B cross-border EC platforms. © 2023 The Author(s)","B2B cross-border e-commerce platform; Kano model analysis; Modified Delphi technique; Quality attribute; Theory of attractive quality","Electronic commerce; Forecasting; Industrial research; B2B cross-border e-commerce platform; Commerce platforms; Cross-border; Delphi technique; E- commerces; Kano model; Kano model analyse; Modeling analyzes; Modified delphi technique; Quality attributes; Theory of attractive quality; Quality control","Article","All Open Access; Hybrid Gold Open Access","Scopus"
"Gong H.; Zhao Q.; Li T.; Cho D.; Nguyen D.","Gong, Hao (57219876908); Zhao, Qifang (57214673419); Li, Tianyu (57205735982); Cho, Derek (57219876586); Nguyen, DuyKhuong (59441456700)","57219876908; 57214673419; 57205735982; 57219876586; 59441456700","Learning to Profile: User Meta-Profile Network for Few-Shot Learning","2020","International Conference on Information and Knowledge Management, Proceedings","https://www.scopus.com/pages/publications/85095865442?origin=resultslist","Rakuten Institute of Technology and Rakuten Inc., Tokyo, Japan; Data Science and Ai Department, Rakuten Inc., Tokyo, Japan","Gong H., Rakuten Institute of Technology and Rakuten Inc., Tokyo, Japan; Zhao Q., Rakuten Institute of Technology and Rakuten Inc., Tokyo, Japan; Li T., Rakuten Institute of Technology and Rakuten Inc., Tokyo, Japan; Cho D., Rakuten Institute of Technology and Rakuten Inc., Tokyo, Japan; Nguyen D., Data Science and Ai Department, Rakuten Inc., Tokyo, Japan","Meta-learning approaches have shown great success in solving challenging knowledge transfer and fast adaptation problems with few samples in vision and language domains. However, few studies discuss the practice of meta-learning for large-scale industrial applications, e.g., representation learning for e-commerce platform users. Although e-commerce companies have spent many efforts on learning accurate and expressive representations to provide a better user experience, we argue that such efforts cannot be stopped at this step. In addition to learning a strong profile of user behaviors, the challenging question about how to effectively transfer the learned representation and quickly adapt the learning process to the subsequent learning tasks or applications is raised simultaneously. This paper introduces the contributions that we made to address these challenges from three aspects. 1) Meta-learning model: In the context of representation learning with e-commerce user behavior data, we propose a meta-learning framework called the Meta-Profile Network, which extends the ideas of matching network and relation network for knowledge transfer and fast adaptation; 2) Encoding strategy: To keep high fidelity of large-scale long-term sequential behavior data, we propose a time-heatmap encoding strategy that allows the model to encode data effectively; 3) Deep network architecture: A multi-modal model combined with multi-task learning architecture is utilized to address the cross-domain knowledge learning and insufficient label problems. Moreover, we argue that an industrial model should not only have good performance in terms of accuracy, but also have better robustness and uncertainty performance under extreme conditions. We evaluate the performance of our model with extensive control experiments in various extreme scenarios, i.e. out-of-distribution detection, data insufficiency and class imbalance scenarios. The Meta-Profile Network shows significant improvement in the model performance when compared to baseline models. © 2020 ACM.","meta-learning; multi-modal model; multi-task learning; representation learning","Behavioral research; Electronic commerce; Encoding (symbols); Knowledge management; Multi-task learning; Network architecture; Signal encoding; User experience; Control experiments; Extreme conditions; Industrial modeling; Knowledge transfer; Matching networks; Meta-learning approach; Meta-learning frameworks; Meta-learning models; Learning systems","Conference paper","","Scopus"
"Zhao Y.; Sundaresan N.; Shen Z.; Yu P.S.","Zhao, Yuchen (36769943200); Sundaresan, Neel (7005588783); Shen, Zeqian (14830686700); Yu, Philip S. (7402366049)","36769943200; 7005588783; 14830686700; 7402366049","Anatomy of a web-scale resale market: A data mining approach","2013","WWW 2013 - Proceedings of the 22nd International Conference on World Wide Web","https://www.scopus.com/pages/publications/84893062577?origin=resultslist","University of Illinois at Chicago, United States; EBay Research Labs, United States; King Abdulaziz University, Saudi Arabia","Zhao Y., University of Illinois at Chicago, United States; Sundaresan N., EBay Research Labs, United States; Shen Z., EBay Research Labs, United States; Yu P.S., University of Illinois at Chicago, United States, King Abdulaziz University, Saudi Arabia","Reuse and remarketing of content and products is an integral part of the internet. As E-commerce has grown, online resale and secondary markets form a significant part of the commerce space. The intentions and methods for reselling are diverse. In this paper, we study an instance of such markets that affords interesting data at large scale for mining purposes to understand the properties and patterns of this online market. As part of knowledge discovery of such a market, we first formally propose criteria to reveal unseen resale behaviors by elastic matching identification (EMI) based on the account transfer and item similarity properties of transactions. Then, we present a large-scale system that leverages MapReduce paradigm to mine millions of online resale activities from petabyte scale heterogeneous ecommerce data. With the collected data, we show that the number of resale activities leads to a power law distribution with a 'long tail', where a significant share of users only resell in very low numbers and a large portion of resales come from a small number of highly active resellers. We further conduct a comprehensive empirical study from different aspects of resales, including the temporal, spatial patterns, user demographics, reputation and the content of sale postings. Based on these observations, we explore the features related to ""successful"" resale transactions and evaluate if they can be predictable. We also discuss uses of this information mining for business insights and user experience on a real-world online marketplace. Copyright is held by the International World Wide Web Conference Committee (IW3C2).","Behavioral analysis; Big data; E-commerce; EBay; MapReduce; Prediction; Resale market; Reseller","Data mining; Electronic commerce; Forecasting; World Wide Web; Behavioral analysis; Big datum; EBay; Map-reduce; Reseller; Sales","Conference paper","","Scopus"
"","","","Proceedings - 2009 IITA International Conference on Services Science, Management and Engineering, SSME 2009","2009","Proceedings - 2009 IITA International Conference on Services Science, Management and Engineering, SSME 2009","https://www.scopus.com/pages/publications/71049121116?origin=resultslist","","","The proceedings contain 149 papers. The topics discussed include: implementation of China's export tax rebates in global financial crisis; research on coordinate control influencing factors evaluation among enterprises of B2B EC; model and algorithms for emergency service facility location problem; designing supply chain KPIs for upper-level management; regional and urban traffic state estimation system; web personalization method based on relevance feedback on keyword space; the fuzzy synthesize assess in reliability and maintainability of military engineer machinery; optimization way of engineering equipment maintenance based on process algebra; strategic management model of investor relations; evaluation of self-organization and orderliness in m and a system; mobile authentication scheme using SMS; an object-oriented development process and UML modeling tools; and the transformation of business organizational structures under the environment of e-commerce; distance constrained facility location problem.","","","Conference review","","Scopus"
"Chen L.; Pu P.","Chen, Li (55739265400); Pu, Pearl (7005276079)","55739265400; 7005276079","Experiments on user experiences with recommender interfaces","2014","Behaviour and Information Technology","https://www.scopus.com/pages/publications/84898624673?origin=resultslist","Department of Computer Science, Hong Kong Baptist University, Kowloon, Hong Kong, 224 Waterloo Road, Hong Kong; Human Computer Interaction Group, School of Computer and Communication Sciences, Swiss Federal Institute of Technology in Lausanne (EPFL), CH-1015 Lausanne, Switzerland","Chen L., Department of Computer Science, Hong Kong Baptist University, Kowloon, Hong Kong, 224 Waterloo Road, Hong Kong; Pu P., Human Computer Interaction Group, School of Computer and Communication Sciences, Swiss Federal Institute of Technology in Lausanne (EPFL), CH-1015 Lausanne, Switzerland","Recommender systems have been increasingly adopted as personalisation services in e-commerce. They facilitate users to locate items which they would be interested in viewing or purchasing. However, most studies have emphasised on the algorithm's performance, rather than on in-depth analysis of user experiences with the recommender interface. In this article, we report the results of two studies that compared two recommender interfaces: the organisation-based interface (where recommendations are presented in a category structure via the preference-based organisation method) and the standard ranked list (where recommendations are listed one after the other as ordered by their prediction scores).The first study focuses on evaluating users' eye-movement behaviour in these interfaces. With the help of an eye tracker, we found that the organisation interface (ORG) can significantly attract users' attentions to more recommended items. As a result, more users made product choices in that interface. The second, larger-scale, cross-cultural user survey further shows that the ORG performed significantly better in terms of enhancing users' perceived recommendation quality, perceived ease of use and perceived usefulness of the system. Hence, these empirical findings suggest that the change of recommender interface design can not only alter users' attention distribution, but also influence their subjective attitudes towards the system. © 2012 Taylor & Francis.","cross-cultural validation; e-commerce; evaluation methodology; eye-tracking experiment; organisation interface; Product recommender systems; ranked list; subjective perceptions; user study","Experiments; Eye movements; Recommender systems; cross-cultural validation; Evaluation methodologies; Eye-tracking; Product recommender system; ranked list; Subjective perceptions; User study; Electronic commerce","Article","All Open Access; Green Open Access","Scopus"
"Shi Y.","Shi, Yunshan (60632758600)","60632758600","Application of KNN algorithm integrating Gaussian function in accurate marketing classification of e-commerce platforms","2026","Discover Applied Sciences","https://www.scopus.com/pages/publications/105038904356?origin=resultslist","School of Digital Economics, Changzhou College of Information Technology, Changzhou, 213164, China","Shi Y., School of Digital Economics, Changzhou College of Information Technology, Changzhou, 213164, China","As the boost of the e-commerce industry, classifying users to achieve precise marketing has become an important topic. The traditional K-nearest neighbor algorithm is sensitive to outliers and has high computational complexity. Existing research lacks robust classification methods that can effectively handle the noise and high-dimensional features commonly present in e-commerce data while maintaining a low computational complexity. Therefore, the research proposes a new method integrating the Gaussian function into the KNN algorithm framework. The core innovation lies in the utilization of the probabilistic characteristics and smoothing properties of the Gaussian function, fundamentally changing the traditional KNN decision-making mechanism based on uniform distance. This method achieves a fundamental breakthrough in dealing with complex user behavior patterns by assigning probability-based weights to neighboring samples, thereby enhancing the model’s robustness to noisy data and local density variations. The experiment showcases that the model possesses a subject working feature area of 0.86 and 0.82 on the training and testing sets, respectively, which is significantly better than other models. This algorithm performs better in terms of convergence speed and average sum of squares of error compared to traditional algorithms, with an increase of 55.56% in convergence speed and a decrease of 71.74% in average sum of squares of error. In terms of customer feature classification, the algorithm significantly improves in terms of indicators. After strategic optimization, the marketing strategy forecast achieves high sales, and the overall revenue increases by approximately 20.74% compared to the traditional marketing strategy forecast. The research confirms the significant application value of the G-KNN algorithm in precise marketing of e-commerce: on the one hand, it can achieve more refined customer segmentation, providing a reliable basis for personalized recommendations and targeted promotions; On the other hand, by enhancing the accuracy of classification, marketing costs are effectively reduced and the input–output ratio of marketing are improved. This algorithm provides a practical technical tool for e-commerce platforms to optimize marketing decisions and enhance user satisfaction. © The Author(s) 2026.","E-commerce industry; Fusion Gaussian function; K-nearest neighbor algorithm; Marketing services; Precision marketing","Behavioral research; Classification (of information); Computational complexity; Decision making; Electronic commerce; Forecasting; Learning algorithms; Nearest neighbor search; Sales; Strategic planning; Commerce platforms; Convergence speed; E- commerces; E-commerce industry; Fusion gaussian function; Gaussian functions; K-near neighbor algorithm; Marketing service; Nearest-neighbor algorithms; Precision marketings; Gaussian distribution","Article","All Open Access; Gold Open Access; Green Open Access","Scopus"
"Xiao L.; Wang R.; Li C.; Pan Q.; Xu Y.","Xiao, Lina (57202642863); Wang, Ruiqi (57202650802); Li, Chao (57202651109); Pan, Qi (57202640079); Xu, Ying (57202643185)","57202642863; 57202650802; 57202651109; 57202640079; 57202643185","Research on E-commerce marketing model of agricultural products - Taking Zigui navel orange as an example","2017","Proceedings of the 7th International Conference on Logistics and Systems Engineering 2017","https://www.scopus.com/pages/publications/85048953850?origin=resultslist","School of Management, Wuhan Donghu University, 301 Wenhua Ave, Jiangxia District, Wuhan City, Hubei, 430212, China","Xiao L., School of Management, Wuhan Donghu University, 301 Wenhua Ave, Jiangxia District, Wuhan City, Hubei, 430212, China; Wang R., School of Management, Wuhan Donghu University, 301 Wenhua Ave, Jiangxia District, Wuhan City, Hubei, 430212, China; Li C., School of Management, Wuhan Donghu University, 301 Wenhua Ave, Jiangxia District, Wuhan City, Hubei, 430212, China; Pan Q., School of Management, Wuhan Donghu University, 301 Wenhua Ave, Jiangxia District, Wuhan City, Hubei, 430212, China; Xu Y., School of Management, Wuhan Donghu University, 301 Wenhua Ave, Jiangxia District, Wuhan City, Hubei, 430212, China","Nowadays, the Internet + agriculture is a hot issue. But we should know that, the current development of China's agricultural e-commerce faces a lot of problems, such as platform construction, logistics distribution, We-Media interaction, user experience and talents shortage, etc. By taking Zigui navel orange as an example, this paper mainly compared the traditional marketing mode and e-commerce marketing model, and then put forward relevant proposals based on the analysis of the existing agricultural e-commerce marketing problems. © 2017 Aussino Academic Publishing House. All rights reserved.","Agricultural products; E-commerce; Marketing model; Zigui navel orange","Agricultural products; Citrus fruits; Marketing; Systems engineering; Know-that; Logistics distribution; Marketing models; Navel orange; Platform construction; User experience; Electronic commerce","Conference paper","","Scopus"
"Nazih M.; Alaa G.","Nazih, Marina (54784880400); Alaa, Ghada (6506711177)","54784880400; 6506711177","Generic service patterns for web enabled public healthcare systems","2011","Proceedings of the 2011 7th International Conference on Next Generation Web Services Practices, NWeSP 2011","https://www.scopus.com/pages/publications/83755196102?origin=resultslist","Faculty of Informatics and Computer Science, British University in Egypt, Cairo, Egypt","Nazih M., Faculty of Informatics and Computer Science, British University in Egypt, Cairo, Egypt; Alaa G., Faculty of Informatics and Computer Science, British University in Egypt, Cairo, Egypt","Different technologies are used to build different projects in the same organization. Service Oriented Architecture (SOA) is the data bridge between incompatible technologies. It is considered the most important technology for integration. A service modeling technique based on the suggested healthcare service patterns has been applied on an Egyptian public healthcare case study where SOA is used for integrating the hospitals through an Enterprise Service Bus (ESB). Interactions between different hospitals through a governmental portal are known as Government to Government (G2G) services that are similar to Business to Business (B2B) e-commerce transactions but it is on the governmental level. This paper will cover the analysis and design of public healthcare integration services and their orchestration over the governmental ESB portal. The service patterns are the contribution of this paper and they resemble healthcare activities invoked by five major actors; the government as facilitator, the producers to cover the doctors and nurses, the healthcare providers represented in hospitals and clinics, the health intermediaries to include health insurance companies and pharmacies and finally the patient. Re-usability, abstraction, loose coupling and scalability are the software metrics used in this study to ensure that the proposed patterns are generic to any kind of public healthcare application. © 2011 IEEE.","Enterprise Service Bus; Government to Government (G2G); public healthcare; Service Oriented Architecture (SOA)","Computer software reusability; Health care; Health insurance; Hospitals; Industry; Information services; Service oriented architecture (SOA); Analysis and design; Business to business; E-commerce transactions; Egyptians; Enterprise service bus; Generic services; Government to Government (G2G); Governmental portal; Health care application; Health care providers; Health-care system; Healthcare services; Insurance companies; Integration services; Loose couplings; Service modeling; Service Oriented; Software metrics; Web services","Conference paper","","Scopus"
"Saraswat M.; Chakraverty S.; Sharma A.","Saraswat, Mala (36609147300); Chakraverty, Shampa (7005011462); Sharma, Agrim (57225854008)","36609147300; 7005011462; 57225854008","Review-based topic distribution profile for recommender systems","2020","Lecture Notes in Electrical Engineering","https://www.scopus.com/pages/publications/85076891393?origin=resultslist","Department of Computer Engineering, NSUT, New Delhi, India; Department of Information Technology, NSUT, New Delhi, India","Saraswat M., Department of Computer Engineering, NSUT, New Delhi, India; Chakraverty S., Department of Computer Engineering, NSUT, New Delhi, India; Sharma A., Department of Information Technology, NSUT, New Delhi, India","Using social media and e-commerce sites, users convey their preferences and interests via reviews, feedback, and comments. These comments and reviews consist of details about a given product or an item and also users’ thoughts. Different features of user-generated content include various features such as emotions, sentiments, review usefulness, and so forth that exhibit a promising exploration in the domain of recommendation frameworks. This paper harness reviews as the content generated from user to exploit topics based on topic modeling using latent Dirichlet allocation for generating topic distribution profile of users. Examination of topic distribution profile of users gives us a new prospect for recommendation of products which is based on hidden thematic framework of user preferences. Assessment on books and movie dataset confirms the adequacy of the suggested topic distribution profile for recommendation system framework. © Springer Nature Singapore Pte Ltd. 2020.","Collaborative filtering; Recommender systems; Reviews; Topic modeling; User-generated content","Collaborative filtering; Electronic commerce; Reviews; Statistics; E-commerce sites; Latent Dirichlet allocation; Social media; Topic distributions; Topic Modeling; User-generated content; Recommender systems","Conference paper","","Scopus"
"Flores A.G.; Garcia N.; Zorrilla A.; Chapa D.; Guzman C.","Flores, Ana Gabriela (59092604600); Garcia, Nadia (59092030900); Zorrilla, Ana (59090358300); Chapa, Diana (59092031000); Guzman, Cristina (59092604700)","59092604600; 59092030900; 59090358300; 59092031000; 59092604700","Impacts of the local E-commerce","2022","Conference Proceedings - 23rd IAPRI World Conference on Packaging, IAPRI Bangkok 2022","https://www.scopus.com/pages/publications/85192578495?origin=resultslist","Department of Industrial Design, School of Architecture and habitat sciences, Universidad de Monterrey, San Pedro N.L., 66238, Mexico; Graduate Department of Art and Design, Design and Development Packaging Master Universidad de Monterrey, San Pedro N.L., 66238, Mexico; Innovation Center ABRE-UDEM, Universidad de Monterrey, Apodaca N.L, 66600, Mexico","Flores A.G., Department of Industrial Design, School of Architecture and habitat sciences, Universidad de Monterrey, San Pedro N.L., 66238, Mexico; Garcia N., Department of Industrial Design, School of Architecture and habitat sciences, Universidad de Monterrey, San Pedro N.L., 66238, Mexico; Zorrilla A., Department of Industrial Design, School of Architecture and habitat sciences, Universidad de Monterrey, San Pedro N.L., 66238, Mexico, Innovation Center ABRE-UDEM, Universidad de Monterrey, Apodaca N.L, 66600, Mexico; Chapa D., Graduate Department of Art and Design, Design and Development Packaging Master Universidad de Monterrey, San Pedro N.L., 66238, Mexico; Guzman C., Department of Industrial Design, School of Architecture and habitat sciences, Universidad de Monterrey, San Pedro N.L., 66238, Mexico, Graduate Department of Art and Design, Design and Development Packaging Master Universidad de Monterrey, San Pedro N.L., 66238, Mexico, Innovation Center ABRE-UDEM, Universidad de Monterrey, Apodaca N.L, 66600, Mexico","Nowadays, everyone talks about e-commerce and how distribution and supply chain has changed—distinguishing the acceleration of the deliveries is one of the strategies to achieve the market goals. But what has happened in the micro scenarios? What is happening in the cities? How has the pandemic changed the commerce of food and groceries? How do the restaurants of fast and slow cooking change paradigms? The new restaurant trend called “dark kitchens” has revolutionized food deliveries and interaction between food and consumers' experiences. User experience and the unboxing trend in social media had been promoters of the specialized packages, converting the packaging as part of the brand into an eye-catching product. Even though not all restaurants have invested in packaging, disposable packaging rouses exponentially, and the real problem translates into collecting and recycling. This paper aims to discuss this social problem, for example, the growth of food-to-go in Europe increased by 85% from 2019 to 2021. Reviewing how packaging companies are developing biodegradable plates and containers which require special conditions to dispose of them, even though the local garbage dump doesn't know or have a correct treatment. And finally, how social media had impulse the packaging design to gain markets and consumers. This study is a literature review of case studies during the last three years, focused on the changes in food delivery, user experience in the marketing field, and the new sustainable commercial materials and their way of disposing of them, on the circular economy trend. © Conference Proceedings - 23rd IAPRI World Conference on Packaging, IAPRI Bangkok 2022. All rights reserved.","biodegradable materials; circular economy; disposable packaging; e-commerce; packaging design","Packaging; Packaging materials; Social networking (online); Supply chains; Biodegradable material; Circular economy; Disposable packaging; Disposables; E- commerces; Food delivery; Food interactions; Packaging designs; Social media; Users' experiences; Electronic commerce","Conference paper","","Scopus"
"Ebrahimzadeh E.; Cozzi A.; Bagherjeiran A.","Ebrahimzadeh, Ehsan (59594106800); Cozzi, Alex (58413881400); Bagherjeiran, Abraham (8834165500)","59594106800; 58413881400; 8834165500","Counterfactual Learning to Rank via Knowledge Distillation","2024","CEUR Workshop Proceedings","https://www.scopus.com/pages/publications/85212225386?origin=resultslist","eBay Search Ranking and Monetization","Ebrahimzadeh E., eBay Search Ranking and Monetization; Cozzi A., eBay Search Ranking and Monetization; Bagherjeiran A., eBay Search Ranking and Monetization","Knowledge distillation is a transfer learning technique to improve the performance of a student model trained on a Distilled Empirical Risk, formed by a label distribution defined by some teacher model, which is typically trained on the same task and belongs to a hypothesis class with richer representational capacity. In this work, we study knowledge distillation in the context of counterfactual Learning To Rank(LTR) from implicit user feedback. We consider a generic partial information search ranking scenario, where the relevancy of the items in the logged search context is observed only in the event of an explicit user engagement. The key idea behind using knowledge distillation in this counterfactual setup is to leverage the teacher's distilled knowledge in the form of soft predicted relevance labels to help the student with more effective list-wise comparisons, variance reduction, and improved generalization behavior. We build empirical risk estimates that rely not only on the de-biased observed user feedback via standard Inverse Propensity Weighting, but also on the teacher's distilled knowledge via potential outcome modeling. We analyze the generalization performance of the proposed empirical risk estimators from a theoretical perspective by establishing bounds on their estimation error. We also conduct rigorous counterfactual offline evaluations as well as online controlled randomized experiments for a product search ranking task in a major E-commerce platform. The primary distinction of the proposed distillation-based perspective in contrast to the standard counterfactual inference based on potential outcome modeling is that we leverage teachers trained on different, yet related, tasks to improve the generalization power of a student model for a ranking task. Specifically, we report strong empirical results showing that the distilled knowledge from a teacher trained on expert judgments can significantly improve the generalization performance of a student ranker. We also show how explanatory click models, trained for a click prediction task with privileged encoding of the presentation context in observational data, can explain away the effect of presentation-related confounding for the LTR model. © 2024 Copyright for this paper by its authors. Use permitted under Creative Commons License Attribution 4.0 International (CC BY 4.0).","Counterfactual Inference; Doubly Robust Estimation; Knowledge Distillation; Learning to Rank; Potential Outcome Modeling","Adversarial machine learning; Distillation; Federated learning; Inverse problems; Learning to rank; Risk analysis; Risk assessment; Risk perception; Students; Teaching; Transfer learning; Counterfactual inference; Counterfactuals; Doubly robust estimation; Empirical risks; Knowledge distillation; Potential outcome modeling; Potential outcomes; Robust estimation; Student Modeling; Teachers'; Contrastive Learning","Conference paper","","Scopus"
"Yang H.; Chen Y.; Zheng L.; Xu X.; Cao X.","Yang, Hua (55731104200); Chen, Yunxiang (55943825000); Zheng, Liqiang (55252999700); Xu, Xin (57188657464); Cao, Xia (56112604600)","55731104200; 55943825000; 55252999700; 57188657464; 56112604600","Analysis of internet use behaviors among clinical medical students in China","2014","BMC Medical Education","https://www.scopus.com/pages/publications/84898493569?origin=resultslist","Library of Shengjing Hospital, China Medical University, Heping District, Shenyang, Liaoning Province 110004, No. 36 Sanhao Street, China","Yang H., Library of Shengjing Hospital, China Medical University, Heping District, Shenyang, Liaoning Province 110004, No. 36 Sanhao Street, China; Chen Y., Library of Shengjing Hospital, China Medical University, Heping District, Shenyang, Liaoning Province 110004, No. 36 Sanhao Street, China; Zheng L., Library of Shengjing Hospital, China Medical University, Heping District, Shenyang, Liaoning Province 110004, No. 36 Sanhao Street, China; Xu X., Library of Shengjing Hospital, China Medical University, Heping District, Shenyang, Liaoning Province 110004, No. 36 Sanhao Street, China; Cao X., Library of Shengjing Hospital, China Medical University, Heping District, Shenyang, Liaoning Province 110004, No. 36 Sanhao Street, China","Background: The availability of internet-based information resources is increasing and the appropriate use of such resources is an important subject for clinical medical students. The aims of this study were to investigate the behaviors of clinical medical students regarding the use of internet-based activities, to analyze the behavior and characteristics of the students' information demands, and to discuss the behaviors and time preferences related to internet use of students with different levels of education. Methods. Librarians obtained real-time feedback from 999 clinical medical students to record online activities. The data was recorded in a standard form and then analyzed statistically. Results: There were significant differences in the use of the internet for learning activities among the different groups of clinical medical students (P < 0.0001). Learning accounted for 73.5% of all internet use for doctoral candidates, 47.6% of internet use for master's candidates, 28.7% of internet use for seven-year undergraduate students, and 14.1% of use for five-year undergraduate students. There was also a significant difference in the proportions of leisure and e-commerce activities among the student groups (P < 0.0001), with five-year students displaying the highest total proportion of these activities (59.4% and 18.8%). Internet use for entertainment activities was the same for all groups of clinical medical students. Time of day of internet use was consistent across all student groups, but internet use differed by day of the week (P < 0.01). There was no difference among the time of day of internet use for learning, leisure and entertainment activities during a single day (P > 0.05), but e-commerce activities varied according to time of day (P < 0.05). Learning and e-commerce activities by clinical medical students did not vary by day of the week (P > 0.05), but the distributions of leisure and entertainment activities were different according to day of the week (P < 0.05). Conclusions: A stronger demand for learning is associated with a higher academic level of clinical medical students. Differences exist among student groups regarding internet use behaviors and internet use during different time periods. © 2014Yang et al.; licensee BioMed Central Ltd.","","China; Humans; Information Seeking Behavior; Internet; Students, Medical; China; epidemiology; human; information seeking; Internet; medical student; psychology; statistics and numerical data; utilization","Article","All Open Access; Gold Open Access; Green Open Access","Scopus"
"Ma Z.","Ma, Zhijun (57469710300)","57469710300","An Optimization Algorithm of Overseas Surgical Warehouse Location of Cross-Border Medical Supply Chain Network Based on Parallel Big Data Mining","2023","Journal of Testing and Evaluation","https://www.scopus.com/pages/publications/85125381517?origin=resultslist","School of Management Science and Engineering, Zhengzhou University of Aeronautics, No. 15, Wenyuan West Rd., Zhengdongxinqu, Henan province, Zhengzhou, 450046, China","Ma Z., School of Management Science and Engineering, Zhengzhou University of Aeronautics, No. 15, Wenyuan West Rd., Zhengdongxinqu, Henan province, Zhengzhou, 450046, China","Because the current algorithm fails to combine the actual needs of the demand area to build the market-value evaluation system, the user satisfaction and optimal probability decrease, and the minimum cost of the system increases. This paper proposes an optimization algorithm of overseas surgical warehouse location in the cross-border medical supply chain network based on parallel big data mining. Taking the overseas warehouse location problem of cross-border e-commerce enterprises as the research background, the paper establishes an overseas warehouse with parallel big data mining technology in the case of domestic supply points determined, so as to meet the demand of the overseas market for distribution services. According to the cross-border transportation cost, local transportation cost, and warehouse building operation cost, the total logistics cost of overseas warehouse mode is composed; the actual demand of overseas warehouse location is analyzed; and the market value is introduced into the decision-making of overseas warehouse location. Through the preliminary analysis of the factors affecting the market value, combined with the level analysis method, the market-value evaluation system of demand area is constructed, and the market value right of each demand area is calculated. By introducing the concept of time window, the customer satisfaction function is established based on whether the delivery time meets the customer's psychological expectation; by introducing market value and customer satisfaction, the multi-objective location model of customer satisfaction considering cost and market value is established. The improved particle swarm optimization algorithm is applied to the multi-objective model to solve the multi-objective location problem with constraints, so as to obtain a higher market share and determine the best location. Simulation results show that the proposed algorithm can effectively improve user satisfaction and optimal probability and reduce the lowest cost of the system. Copyright © 2022 by ASTM International","Cross-border supply chain network; Location optimization algorithm; Overseas warehouse; Parallel big data mining","Big data; Commerce; Competition; Costs; Customer satisfaction; Decision making; Location; Particle swarm optimization (PSO); Sales; Supply chains; Surgery; Warehouses; Cross-border; Cross-border supply chain network; Location optimization; Location optimization algorithm; Market values; Optimization algorithms; Oversea warehouse; Parallel big data mining; Supply chain network; Warehouse location; Data mining","Retracted","","Scopus"
"Farag M.; Halina P.; Zaytsev A.; Munagala A.; Ahmed I.; Wang J.","Farag, Michael (60072293900); Halina, Patrick (60072247200); Zaytsev, Andrey (60072113200); Munagala, Alekhya (57212058254); Ahmed, Imtihan (57824199700); Wang, Junhao (60072247300)","60072293900; 60072247200; 60072113200; 57212058254; 57824199700; 60072247300","Cross-Domain Web Information Extraction at Pinterest","2025","Proceedings of the ACM SIGKDD International Conference on Knowledge Discovery and Data Mining","https://www.scopus.com/pages/publications/105014324119?origin=resultslist","Pinterest, Toronto, ON, Canada; Pinterest, San Francisco, CA, United States","Farag M., Pinterest, Toronto, ON, Canada; Halina P., Pinterest, Toronto, ON, Canada; Zaytsev A., Pinterest, San Francisco, CA, United States; Munagala A., Pinterest, Toronto, ON, Canada; Ahmed I., Pinterest, Toronto, ON, Canada; Wang J., Pinterest, Toronto, ON, Canada","The internet offers a massive repository of unstructured information, but it's a significant challenge to convert this into a structured format. At Pinterest, the ability to accurately extract structured product data from e-commerce websites is essential to enhance user experiences and improve content distribution. In this paper, we present Pinterest's system for attribute extraction, which achieves remarkable accuracy and scalability at a manageable cost. Our approach leverages a novel webpage representation that combines structural, visual, and text modalities into a compact form, optimizing it for small model learning. This representation captures each visible HTML node with its text, style and layout information. We show how this allows simple models such as eXtreme Gradient Boosting (XGBoost) to extract attributes more accurately than much more complex Large Language Models (LLMs) such as Generative Pre-trained Transformer (GPT). Our results demonstrate a system that is highly scalable, processing over 1,000 URLs per second, while being 1000 times more cost-effective than the cheapest GPT alternatives. © 2025 ACM.","information extraction; large language models; machine learning; web data mining","Artificial intelligence; Cost effectiveness; Data mining; Electronic commerce; Learning systems; User experience; Websites; Cross-domain; E-commerce websites; Information extraction; Language model; Large language model; Machine-learning; Product data; Structured product; Web data mining; Web information extraction; Information retrieval","Conference paper","All Open Access; Green Open Access","Scopus"
"Martínez Guerrero M.; Manuel Ortega Egea J.; Victoria Román González M.","Martínez Guerrero, Mario (15769309900); Manuel Ortega Egea, José (15770183600); Victoria Román González, María (57226383800)","15769309900; 15770183600; 57226383800","Characterization of online shoppers with navigation problems","2007","Direct Marketing: An International Journal","https://www.scopus.com/pages/publications/84986059459?origin=resultslist","University of Almería, Almería, Spain","Martínez Guerrero M., University of Almería, Almería, Spain; Manuel Ortega Egea J., University of Almería, Almería, Spain; Victoria Román González M., University of Almería, Almería, Spain","Purpose – Many internet users are not able to navigate through e-commerce web pages and reach their targets. Navigation problems lead to customers' disappointment and, as a consequence, companies fail to provide information and offer direct sales through the internet. The purpose of this paper is to profile internet users experiencing navigation problems while shopping online using socio-demographic indicators. The application of usability is proposed as a solution to web site navigation issues. Design/methodology/approach – Hierarchical segmentation and regression analysis are applied to a sample of online shoppers with navigation problems. Findings – Socio-demographic profiles of online shoppers with navigation problems. Research limitations/implications – This paper focuses on customers' socio-demographic features. Other indicators, such as attitudes or behaviours, have not been considered. Practical implications – Understanding the socio-demographic profiles of customers with higher levels of navigation problems is useful for e-commerce companies in order to provide support to user segments experiencing more difficulties. Originality/value – This paper highlights the importance of usability, which has been somewhat ignored in the development of e-commerce web sites. Demographic profiles of online shoppers experiencing navigation problems are constructed. © 2007, Emerald Group Publishing Limited","Distribution channels and markets; Electronic-commerce","","Article","","Scopus"
"Zhan M.; Gao H.; Liu H.; Peng Y.; Lu D.; Zhu H.","Zhan, Mingjun (57204046786); Gao, Hongming (57210966468); Liu, Hongwei (56797336600); Peng, Yidan (57215602486); Lu, Dan (57215605292); Zhu, Hui (57190386467)","57204046786; 57210966468; 56797336600; 57215602486; 57215605292; 57190386467","Identifying market structure to monitor product competition using a consumer-behavior-based intelligence model","2021","Asia Pacific Journal of Marketing and Logistics","https://www.scopus.com/pages/publications/85081406229?origin=resultslist","School of Management, Guangdong University of Technology, Guangzhou, China; Faculty of Business and Economics, The University of Hong Kong, Pokfulam, China; Department of Electronic Commerce, Guangzhou University, Guangzhou, China","Zhan M., School of Management, Guangdong University of Technology, Guangzhou, China; Gao H., School of Management, Guangdong University of Technology, Guangzhou, China, Faculty of Business and Economics, The University of Hong Kong, Pokfulam, China; Liu H., School of Management, Guangdong University of Technology, Guangzhou, China; Peng Y., School of Management, Guangdong University of Technology, Guangzhou, China; Lu D., School of Management, Guangdong University of Technology, Guangzhou, China; Zhu H., Department of Electronic Commerce, Guangzhou University, Guangzhou, China","Purpose: The objective of this paper is to propose a consumer-behavior-based intelligence (CBBI) model to identify market structure so as to monitor product competition. Competitive intelligence extracted from Chinese e-business clickstream data is exploited to examine the relevance of consumers' heterogeneous behavioral feedback, namely, click, tag-into-favorite, time-of-browsing, add-into-cart, and remove-from-cart, to visualize the competitive product market structure and to predict product-level sales. Design/methodology/approach: Our proposed CBBI model consists of visualization and prediction, which explore e-business clickstream data. We conduct the visualization and segmentation of market structure in the form of a perceptual map by employing K-means clustering algorithm and multidimensional scaling technique. Concurrently, we developed an updated Bayesian linear regression (BLR) to predict product-level sales by considering consumers' heterogeneous feedback. Our updated BLR specifically integrated the estimated knowledge of the previous periods to verify whether product sales are period-dependent due to the consumer memory effect in e-commerce, improving the conventional BLR of diffuse prior distribution setup in terms of mean absolute error (MAE) and root mean squared error (RMSE). Findings: Considering the performance of consumers' heterogeneous actions, the present research visualized three different segments of the competitive market structure in a perceptual map, and its horizontal axis is shown as a signal of the ascending trend of product sales. The previous five-day period was ascertained to be the best size of a time window for the consumer memory effect on product sales prediction. This hypothesis is supported by the concept that product sales are period-dependent. The results of the proposed updated BLR indicate that consumer tag-into-favorite, add-into-cart, and remove-from-cart feedback have positive impacts on product-level sales while click and time-of-browsing have the opposite effect. Originality/value: While the identified competitive product market structure elaborates consumer heterogeneous feedback toward alternative product choices, this paper contributes by extending those homogeneous consumer preferences-related marketing studies. The perceptual map's configuration in respect to period-dependent product sales facilitates the effective inclusion of consumer behavior application in product sales prediction research in e-commerce. This paper helps sellers and retailers better comprehend the impacts of heterogeneous feedback and the consumer memory effect on the degree of competition in the form of product sales. The research results also offer a managerial implication about shaping the competitive edge by conducting different product management strategies in e-commerce platforms. © 2020, Emerald Publishing Limited.","Bayesian linear regression; Clickstream; Competitive intelligence; Consumer memory effect; Market structure; Perceptual maps; Product competition; Product sales","","Article","","Scopus"
"Pal G.; Atkinson K.; Li G.","Pal, Gautam (57204567748); Atkinson, Katie (35609745200); Li, Gangmin (57198457861)","57204567748; 35609745200; 57198457861","Real-time user clickstream behavior analysis based on apache storm streaming","2023","Electronic Commerce Research","https://www.scopus.com/pages/publications/85121532441?origin=resultslist","Department of Computer Science, The University of Liverpool, Liverpool, L69 7ZX, United Kingdom; School of Computer Science & Technology, University of Bedfordshire, Luton, LU1 3JU, United Kingdom","Pal G., Department of Computer Science, The University of Liverpool, Liverpool, L69 7ZX, United Kingdom; Atkinson K., Department of Computer Science, The University of Liverpool, Liverpool, L69 7ZX, United Kingdom; Li G., School of Computer Science & Technology, University of Bedfordshire, Luton, LU1 3JU, United Kingdom","This paper presents an approach to analyzing consumers’ e-commerce site usage and browsing motifs through pattern mining and surfing behavior. User-generated clickstream is first stored in a client site browser. We build an ingestion pipeline to capture the high-velocity data stream from a client-side browser through Apache Storm, Kafka, and Cassandra. Given the consumer’s usage pattern, we uncover the user’s browsing intent through n-grams and Collocation methods. An innovative clustering technique is constructed through the Expectation-Maximization algorithm with Gaussian Mixture Model. We discuss a framework for predicting a user’s clicks based on the past click sequences through higher order Markov Chains. We developed our model on top of a big data Lambda Architecture which combines high throughput Hadoop batch setup with low latency real-time framework over a large distributed cluster. Based on this approach, we developed an experimental setup for an optimized Storm topology and enhanced Cassandra database latency to achieve real-time responses. The theoretical claims are corroborated with several evaluations in Microsoft Azure HDInsight Apache Storm deployment and in the Datastax distribution of Cassandra. The paper demonstrates that the proposed techniques help user experience optimization, building recently viewed products list, market-driven analyses, and allocation of website resources. © 2021, The Author(s).","Apache storm; Cassandra; Clickstream analytics; Datastax; Real-time big data analytics; Real-time data ingestion","","Article","All Open Access; Green Open Access; Hybrid Gold Open Access","Scopus"
"Brero G.; Mibuari E.; Lepore N.; Parkes D.C.","Brero, Gianluca (56692970000); Mibuari, Eric (39061739500); Lepore, Nicolas (57466502800); Parkes, David C. (7006281808)","56692970000; 39061739500; 57466502800; 7006281808","Learning to Mitigate AI Collusion on Economic Platforms","2022","Advances in Neural Information Processing Systems","https://www.scopus.com/pages/publications/85144586340?origin=resultslist","Data Science Initiative, Brown University, United States; School of Engineering and Applied Sciences, Harvard University, United States","Brero G., Data Science Initiative, Brown University, United States; Mibuari E., School of Engineering and Applied Sciences, Harvard University, United States; Lepore N., Data Science Initiative, Brown University, United States; Parkes D.C., Data Science Initiative, Brown University, United States","Algorithmic pricing on online e-commerce platforms raises the concern of tacit collusion, where reinforcement learning algorithms learn to set collusive prices in a decentralized manner and through nothing more than profit feedback. This raises the question as to whether collusive pricing can be prevented through the design of suitable ""buy boxes,"" i.e., through the design of the rules that govern the elements of e-commerce sites that promote particular products and prices to consumers. In this paper, we demonstrate that reinforcement learning (RL) can also be used by platforms to learn buy box rules that are effective in preventing collusion by RL sellers. For this, we adopt the methodology of Stackelberg POMDPs, and demonstrate success in learning robust rules that continue to provide high consumer welfare together with sellers employing different behavior models or having out-of-distribution costs for goods. © 2022 Neural information processing systems foundation. All rights reserved.","","Consumer behavior; Costs; Distribution of goods; Electronic commerce; Learning algorithms; Product design; Algorithmic pricing; Commerce platforms; Decentralised; E- commerces; E-commerce sites; Learn+; Reinforcement learning algorithms; Reinforcement learnings; Stackelberg; Tacit collusion; Reinforcement learning","Conference paper","","Scopus"
"Hatem F.; Mirzah N.; Hamdoun S.H.; Krasovska H.","Hatem, Faten (57970876800); Mirzah, Nubogh (58209669400); Hamdoun, Subhi Hammadi (54982728600); Krasovska, Hanna (57189325888)","57970876800; 58209669400; 54982728600; 57189325888","Integration of Programs for Online Shopping for Users of Android Devices","2024","Conference of Open Innovation Association, FRUCT","https://www.scopus.com/pages/publications/85193360920?origin=resultslist","Al-Rafidain University College, Baghdad, Iraq; Al-Turath University College, Baghdad, Iraq; Al-Noor University College, Nineveh, Iraq; Taras Shevchenko National University of Kyiv, Kyiv, Ukraine","Hatem F., Al-Rafidain University College, Baghdad, Iraq; Mirzah N., Al-Turath University College, Baghdad, Iraq; Hamdoun S.H., Al-Noor University College, Nineveh, Iraq; Krasovska H., Taras Shevchenko National University of Kyiv, Kyiv, Ukraine","Background: As smartphones, particularly Android devices, have increased in popularity, so have e-commerce applications. Online purchasing, divided into B2C (business-to-consumer) and B2B (business-to-business) sectors, provides customers with ease and a wealth of options. However, security issues and a disconnected experience across numerous platforms present difficulties.Objective: This article aims to create a user-centric Android shopping application coupled with a cart application on an XAMPP server. The objective is to provide a unified, smooth shopping experience across all product lines and platforms.Methods: By developing the app in Java and XML to guarantee compatibility and usability across multiple Android devices. A connection between the application and a MySQL database will be created, allowing for shared resources with a web server and assuring effective operation.Results: With a single complete interface, this integrated strategy attempts to eliminate fragmentation in the online purchasing experience by eliminating the need for different applications and logins. It also anticipates personalised ideas, pricing, and promotions to improve the buying experience.Conclusion: By focusing on user experience, design, and integration, this Android shopping software has the potential to transform the e-commerce environment by reducing operations and creating a more immersive, safe, and efficient purchasing experience.  © 2024 FRUCT.","","Android (operating system); Electronic commerce; Business sector; Business to Consumer; Business-to-business; E-Commerce applications; Online purchasing; Online shopping; Productline; Security issues; Smart phones; User-centric; Sales","Conference paper","","Scopus"
"","","","2013 International Conference of Information Science and Management Engineering, ISME 2013, Volume 3","2014","WIT Transactions on Information and Communication Technologies","https://www.scopus.com/pages/publications/84888106429?origin=resultslist","","","The proceedings contain 398 papers. The special focus in this conference is on Production and Operation Management, Logistics and Supply Chain Management, Advanced Manufacturing System, Management Information System, Computer Engineering and Technology, Computer Networks, Financial Engineering and Risk Management, Safety Management and Human Factors Engineering, Technological Management, Innovation and Evaluation, Optimisation Technology and Algorithm, Knowledge Management and Data Mining and Digital Manufacturing. The topics include: Research of power demand side management under smart grid environment; research of cost management mode of power transmission project and its evaluation; influence of investment fund on stock dividend policy; IPO accounting fraud, audit supervision, and media monitoring; heavy commercial vehicles sound quality database system design; a method by using Gaussian estimation for the semi-parametrical panel data models; agricultural monitoring system based on wireless sensor network; design of smart grid system based on cloud computing; detection of water quantity in leaves based on image processing technology; the research and applications of agricultural automation based on internet of things; application discussion of salary management during the human resource management; algorithm optimization of sentence similarity based on sematic disambiguation; research on onshore oil and gas pipeline management system based on the dynamic risk assessment; the risk assessment of supply chain financing based on core enterprise; the highway bridge head jumps off cause and prevention research; the new utility current power generation device design; medical risks and management countermeasures; teaching reform of welding robot based on integration of teaching, learning, and practice; an empirical study of consumer acceptance of e-commerce web site; the securities market month K line forecast based on SVC; evaluation and empirical analysis of innovation capability of electronic information industry; the performance evaluation of fund family based on the super-efficiency DEA model; exploring the impacts of customer orientation on college students' satisfaction; the application of research of storage method for civil aviation emergency domain ontology; study on the fitness model for regional technological innovation ecosystem based on niche theory; social network analysis on Chinese urban community; self-maintenance for service cooperation driven by contract-performing circumstance; the optimization of mining areas and ore dressing plants match in Yunnan tin regional mine; determine the degree of annihilators by using run-length property of pseudorandom sequences; distributed lag structure of knowledge production; an investigation of digital management for paper periodicals in university library; the integration of follow-up audit resources in the post-disaster reconstruction projects; a new method of XML-based information exchanging between databases; the adaptation of governance for venture capital firm in China; the model of advertising on social networking platform; economic value estimation-based pricing for software as a service; design of the intelligent internet of things for examination service; fast PSO algorithm for community detection in graph; a knowledge discovery method based on web information retrieval; a point symmetry clustering algorithm based on PSO; a robust image hiding approach for secure multimodal biometrics; wireless sensor networks data recovery based on zero-norm minimization; design of state feedback controller for discrete linear systems with time delay; computer forensics based on particle swarm optimization in cloud computing; a hierarchical federated integration framework for trust e-commerce cloud; research of outliers in time series of stock prices based on improved K-MEANS clustering algorithm; group finance company and expropriation of controlling shareholder; Mongolian word segmentation system based on unsupervised statistical mode; the role agent design based on the rules engine; computer application of finance analysis on the accounting management; design and application of iris recognition system based on neural network; study on developing data warehouse for guidance ammunition support; an empirical study on the structural of corporate social responsibility performance; feature points matching method of UAV images based on local RANSAC; research on the paths and trends of Chinese social management system; formalization and semantics computing of Chinese sentence type; a high embedding efficiency speech information hiding approach; response RS interpretation for disaster situation and secondary geologic hazards of Wenchuan earthquake; a new algorithm for weakening phase distortion in GPS receiver; research on the knowledge-based e-learning teaching application platform; Tate pairing algorithm resistant to fault attack over binary field; a study on the impact of supply chain management practice on enterprise performance; uniform access control platform of web service based on semantic message; the models of quality assurance in assembly process of complex mechanical products; study on the risk assessment of iron ore shipping channel in China; a new lifetime distribution with decreasing failure rate; decision support system for inventory policies of complex distribution systems; a new approach to building ontologies from heterogeneous databases; emotion monitoring and abnormal warning based on online comments; an improved multiple sparse representation classification approach; design and implementation of commodity information query system based on android and mobile internet; the method of network-based weighted voronoi diagram; research on acquisition algorithm based on prior information for weak signal; discussion of agile development used in large enterprise application system; research on influence maximization problem in dynamic networks; segmentation for brain MRI image based on the fuzzy c-means clustering algorithm; dynamic fault-tolerant routing based on link state in fat tree; analysis and realization on the image filter; research on network robot real-time communication strategy; method analysis and design on self-organizing network; identity-based proxy signcryption schemes; study on innovation integration based on technological growth; an algorithm for energy efficient placement of base station in wireless sensor networks; stabilized voltage design and magnetic circuit analysis on hybrid excitation generator for vehicle application; research on the colleges and universities accounting and enterprise accounting system; the research of data exchange platform based on web services; value-driven and bilateral resource integration oriented service information systems; design of wireless sensor networks nodes for hydraulic system pressure monitoring; method for test results analysis of e-learning based on rough set theory; a modified hexagon diamond search algorithm for fast motion estimation; RFID security authentication protocol based on key update mechanism; MFCC extraction in AAC domain for audio content analysis; a research on the training mode of applied financial talents based on the market demand; design and implementation of a component based on multi-bidirectional queue; discovery of direct and indirect temporal association patterns in large transaction databases; a lightweight timestamp-based method for data and China's development of low carbon economy; foreign trade development in Shandong province of Bohai economic circle; Color study and design of biological garments; sustainable development of holiday economy in China; research on the relationship between urbanization and urban public expenditure; green economic development and management and the research on financing model of traffic safety facilities.","","","Conference review","","Scopus"
"Li Z.; Zhang C.; Lyu R.","Li, Zhitang (57222640241); Zhang, Cuihua (60383779200); Lyu, Ruxia (57211423339)","57222640241; 60383779200; 57211423339","The developer’s optimal distribution strategy in the differentiated platform: the value of user feedback data and negotiation","2025","Electronic Commerce Research","https://www.scopus.com/pages/publications/85160427017?origin=resultslist","School of Business Administration, Northeastern University, Shenyang, 110169, Thailand; School of Business, The University of Queensland, Brisbane, 4072, QLD, Australia; Faculty of Business and Economics, The University of Melbourne, Melbourne, 3010, VIC, Australia","Li Z., School of Business Administration, Northeastern University, Shenyang, 110169, Thailand, School of Business, The University of Queensland, Brisbane, 4072, QLD, Australia; Zhang C., School of Business Administration, Northeastern University, Shenyang, 110169, Thailand; Lyu R., School of Business Administration, Northeastern University, Shenyang, 110169, Thailand, Faculty of Business and Economics, The University of Melbourne, Melbourne, 3010, VIC, Australia","As a variety of online game products are released on different platforms, developers actively collect user review data, we explore the optimal distribution channels of the online game considering application platform service level and network externalities, while also assessing the data's value in the context of digital products. In comparison to prior research, our challenge is to examine the distribution strategy of online games across regional and international platforms, and to explore the influence of data value on the distribution strategy. We have drawn some interesting conclusions. Firstly, regardless of data value, the optimal distribution channel is the international application platform when its inadaptability is low. However, when the inadaptability of the international platform is high, the optimal distribution channels are the domestic and foreign platforms. Secondly, developers may distribute a low-profit product and there is a tendency to release products for free. Additionally, the benefits resulting from data value can compensate for the drawbacks caused by the increased inadaptability of international platforms. Thirdly, the platforms and developers will determine whether to implement the data value strategy by analyzing the positive and negative data value. Furthermore, we explore the tripartite negotiation and bilateral negotiation between the developer and the platform. And the role of the platform as a bilateral application platform for developers and customers is analyzed. © The Author(s), under exclusive licence to Springer Science+Business Media, LLC, part of Springer Nature 2023.","Application platform; Data value; Distribution channel; E-commerce; Negotiation","Application platforms; Data values; Distribution channel; Distribution strategies; International platforms; Negotiation; On-line games; Optimal distributions; User feedback; User reviews; Social networking (online)","Article","","Scopus"
"Zhu L.; Chen H.; Wei C.; Zhang W.","Zhu, Lvxing (57196236120); Chen, Hao (58369992400); Wei, Chao (57216892951); Zhang, Weiru (57216897227)","57196236120; 58369992400; 57216892951; 57216897227","Enhanced Representation with Contrastive Loss for Long-Tail Query Classification in e-commerce","2022","ECNLP 2022 - 5th Workshop on e-Commerce and NLP, Proceedings of the Workshop","https://www.scopus.com/pages/publications/85137715369?origin=resultslist","Alibaba Group, Hangzhou, China","Zhu L., Alibaba Group, Hangzhou, China; Chen H., Alibaba Group, Hangzhou, China; Wei C., Alibaba Group, Hangzhou, China; Zhang W., Alibaba Group, Hangzhou, China","Query classification is a fundamental task in an e-commerce search engine, which assigns one or multiple predefined product categories in response to each search query. Taking click-through logs as training data in deep learning methods is a common and effective approach for query classification. However, the frequency distribution of queries typically has long-tail property, which means that there are few logs for most of the queries. The lack of reliable user feedback information results in worse performance of long-tail queries compared with frequent queries. To solve the above problem, we propose a novel method that leverages an auxiliary module to enhance the representations of long-tail queries by taking advantage of reliable supervised information of variant frequent queries. The long-tail queries are guided by the contrastive loss to obtain category-aligned representations in the auxiliary module, where the variant frequent queries serve as anchors in the representation space. We train our model with real-world click data from AliExpress and conduct evaluation on both offline labeled data and online AB test. The results and further analysis demonstrate the effectiveness of our proposed method. © 2022 Association for Computational Linguistics.","","Classification (of information); Electronic commerce; Learning systems; Search engines; Click through; E- commerces; E-commerce search engines; Effective approaches; Learning methods; Long tail; Product categories; Query classification; Search queries; Training data; Deep learning","Conference paper","","Scopus"
"Zhou M.; Dresner M.; Windle R.J.","Zhou, Ming (23053577100); Dresner, Martin (7005466873); Windle, Robert J. (7006051877)","23053577100; 7005466873; 7006051877","Online reputation systems: Design and strategic practices","2008","Decision Support Systems","https://www.scopus.com/pages/publications/38749090577?origin=resultslist","Supply Chain and Operations Management, Department of Organization and Management, Lucas Graduate School of Business, CA, 95192 - 0070, BT 659, One Washington Square, San Jose, United States; Robert H. Smith School of Business Logistics, Business and Public Policy, College Park, MD 20742-1815, 3433 Van Munching Hall, United States; Robert H. Smith School of Business Logistics, Business and Public Policy, College Park, MD 20742-1815, 3409 Van Munching Hall, United States","Zhou M., Supply Chain and Operations Management, Department of Organization and Management, Lucas Graduate School of Business, CA, 95192 - 0070, BT 659, One Washington Square, San Jose, United States; Dresner M., Robert H. Smith School of Business Logistics, Business and Public Policy, College Park, MD 20742-1815, 3433 Van Munching Hall, United States; Windle R.J., Robert H. Smith School of Business Logistics, Business and Public Policy, College Park, MD 20742-1815, 3409 Van Munching Hall, United States","This paper provides a comprehensive framework for evaluating the effects of feedback systems, and the potential problems with feedback systems, on seller incentives to provide high quality products under the case of asymmetric information. In particular, a baseline auction system without a feedback-based reputation system is first modeled and it is shown that the market for the sale of high quality products may not be sustainable. We then show how the institution of a feedback system can lead to sustainable market outcomes. Next, we demonstrate how three practices - the changing of identifications by dishonest sellers, shilling, and failure to leave feedback - can negate the usefulness of the feedback system in maintaining the market. Finally, we describe some actions that may be taken to overcome these problems. These results highlight the important role market managers play in ameliorating these market failure problems and ensuring the effective functioning of a market. © 2007 Elsevier B.V. All rights reserved.","B2B; B2C; e-Commerce; Incentive Structure; Trust","Electronic commerce; Failure analysis; Feedback control; Industrial management; Problem solving; Quality control; Feedback systems; Incentive Structure; Trust; Online systems","Article","","Scopus"
"Li Y.; Zeng F.; Zhang N.; Chen Z.; Zhou L.; Huang M.; Zhu T.; Wang J.","Li, Yu (57214961728); Zeng, Fanxiang (58338533400); Zhang, Nan (57826759800); Chen, Zulong (57220594368); Zhou, Li (57164971800); Huang, Maolei (58337871500); Zhu, Tianqi (58340516600); Wang, Jing (58339855000)","57214961728; 58338533400; 57826759800; 57220594368; 57164971800; 58337871500; 58340516600; 58339855000","Multitask Learning Using Feature Extraction Network for Smart Tourism Applications","2023","IEEE Internet of Things Journal","https://www.scopus.com/pages/publications/85162649028?origin=resultslist","Hangzhou Dianzi University, Department of Computing, Hangzhou, 310018, China; Alibaba Group, Department of Enterprise Intelligence, Hangzhou, 43017-6221, China; Institute of Computing Technology, Chinese Academy of Sciences, Beijing, 410192, China","Li Y., Hangzhou Dianzi University, Department of Computing, Hangzhou, 310018, China; Zeng F., Alibaba Group, Department of Enterprise Intelligence, Hangzhou, 43017-6221, China; Zhang N., Alibaba Group, Department of Enterprise Intelligence, Hangzhou, 43017-6221, China; Chen Z., Alibaba Group, Department of Enterprise Intelligence, Hangzhou, 43017-6221, China; Zhou L., Hangzhou Dianzi University, Department of Computing, Hangzhou, 310018, China; Huang M., Institute of Computing Technology, Chinese Academy of Sciences, Beijing, 410192, China; Zhu T., Alibaba Group, Department of Enterprise Intelligence, Hangzhou, 43017-6221, China; Wang J., Alibaba Group, Department of Enterprise Intelligence, Hangzhou, 43017-6221, China","Recently around half of the world's current population resides in urban areas and benefit from rich services in the smart city. The majority of smart city services are recommendation-related services, and with the development of Internet, most recommendation services in smart economy are online recommendations. Online travel platforms (OTPs) (like Booking, Airbnb, Ctrip, and Fliggy) provide people sufficient resources and convenient approaches to plan and enjoy their trips in smart city. Hotel recommendation is essential for the success of OTPs. However, it is more challenging compared to item recommendation in typical E-commerce scenarios (e.g., Taobao, Jd, and YouTube). The in-nature characteristics of low-frequency and high unit-price lead to more severe sparse and long-tail data distributions. Moreover, for enhancing user experience and business returns, the recommender system seeks to improve both click-through rate (CTR) and conversion rate (CVR) where the seesaw phenomenon may occur. In order to address the aforementioned shortages in hotel recommendation, a multitask learning (MTL) method with a novel flexible multilevel extraction network [denoted as flexible MTL (FMTL)] is proposed. Particularly, FMTL takes MTL into consideration in a unified representation learning framework and is divided into feature encoding and task prediction. In the feature encoding phase, we introduce a novel multirepresentation extractor with temperature-adjusted gating mechanism (T-MRE) for each task, producing more flexible representations for sparse and long-tail data. Moreover, we fuse different representations for each task with three strategies during the prediction phase and empirically demonstrate that the simple concatenation strategy is superior than other relatively complex gating approaches. Offline and live experiments with regard to both overall metrics and user group analysis based on the scarcity of user behaviors illustrate that without significantly increasing model parameters, our FMTL model outperforms substantially over several state-of-the-art models.  © 2014 IEEE.","Multitask learning (MTL); parameter sharing; smart service; temperature-adjusted gating; transfer learning","Behavioral research; Electronic commerce; Encoding (symbols); Extraction; Job analysis; Learning systems; Linearization; Signal encoding; Smart city; Encodings; Features extraction; Long tail; Multitask learning; Parameter sharing; Predictive models; Smart services; Task analysis; Temperature-adjusted gating; Transfer learning; Feature extraction","Article","","Scopus"
"Bilgaiyan S.; Mishra B.S.P.; Ansari R.; Sagnika S.","Bilgaiyan, Saurabh (56126787500); Mishra, Bhabani Shankar Prasad (37048783800); Ansari, Rashid (58311595100); Sagnika, Santwana (56125481100)","56126787500; 37048783800; 58311595100; 56125481100","A collaborative cloud model of auto scaling with load balancing for effective e-commerce","2022","Empirical Research for Futuristic E-Commerce Systems: Foundations and Applications","https://www.scopus.com/pages/publications/85161676432?origin=resultslist","Kalinga Institute of Industrial Technology (Deemed), Bhubaneswar, India","Bilgaiyan S., Kalinga Institute of Industrial Technology (Deemed), Bhubaneswar, India; Mishra B.S.P., Kalinga Institute of Industrial Technology (Deemed), Bhubaneswar, India; Ansari R., Kalinga Institute of Industrial Technology (Deemed), Bhubaneswar, India; Sagnika S., Kalinga Institute of Industrial Technology (Deemed), Bhubaneswar, India","Cloud computing focuses on the collaboration of distributed resource services over the network. This chapter focuses on the problem of unequal distribution of traffic load across a different number of subnets of a VPC (virtual private cloud) in a cloud computing environment. It also highlights the idea of collaborating auto scaling and load balancing to achieve an equal distribution of load across the servers. This chapter demonstrates the efficiency of our techniques through detailed process. The load balancer behaves as a single point of contact for the traffic. The benefit of this combined technique can easily be implemented in an e-commerce system (i.e., during sales/certain events, there is a huge spike in traffic at once, which may result in the crashing of the server). Here, load balancer and auto scalability can work in combination for smooth user experience. Finally, this chapter concludes that the collaboration of load balancer along with auto scaling will increase the performance of the instances. © 2022, IGI Global. All rights reserved.","","","Book chapter","","Scopus"
"Wang T.-C.; Chang T.-H.; Chen T.-H.; Wang P.","Wang, Tien-Chin (8254824600); Chang, Tsung-Han (7404725891); Chen, Tsung-Hung (55498081300); Wang, Peter (13806577800)","8254824600; 7404725891; 55498081300; 13806577800","Apply incremental classification for a P2P MOD system","2005","Proceedings - International Conference on Advanced Information Networking and Applications, AINA","https://www.scopus.com/pages/publications/33744493165?origin=resultslist","Department of Information Engineering, I-Shou University, Taiwan; Chief Telecom Group, Taiwan","Wang T.-C., Department of Information Engineering, I-Shou University, Taiwan; Chang T.-H., Department of Information Engineering, I-Shou University, Taiwan; Chen T.-H., Department of Information Engineering, I-Shou University, Taiwan; Wang P., Chief Telecom Group, Taiwan","With the fast development of technology and science, there come various changes and demands in consumer service market. The plan integrating ""Broadband Network"" with ""Application Service"" is potential and farsighted in network industry. Academic and technological institutes start researching and promoting the MOD (multimedia on demand) system, which transits multimedia information and provides users interactive interface via setop-box in broadband network. Implement cost, learning content and user behaviors might be taken into account when constructing MOD system. Besides, how to increase the MOD's capability of interaction and portability is a practical issue. Sharing and participating are of great importance for network users. This paper first proposes a digital content platform, which combines peer-to-peer (P2P) technology and sharable content object reference model (SCORM). Such a mechanism makes it possible for content providers to share versatile multimedia information with others in digital channel. Followed by a description of file sharing methods in P2P framework. Then we advocate incremental k-Nearest-Neighbor (k-NN) algorithm analyzing SCORM metadata and user access records to improve system load, content feature classification efficiency, file index distribution and user query-feedback speed. © 2005 IEEE.","","Algorithms; Broadband networks; Classification (of information); Data transfer; Multimedia systems; Video on demand; Consumer service market; Implement cost; Learning content; Multimedia on demand (MOD); Sharable content object reference model (SCORM); Distributed computer systems","Conference paper","","Scopus"
"Kamble V.; Shah N.; Marn D.; Parekh A.; Ramchandran K.","Kamble, Vijay (57193224609); Shah, Nihar (35754109600); Marn, David (57203397574); Parekh, Abhay (7006077589); Ramchandran, Kannan (59246855500)","57193224609; 35754109600; 57203397574; 7006077589; 59246855500","The Square Root Agreement Rule for Incentivizing Truthful Feedback on Online Platforms","2023","Management Science","https://www.scopus.com/pages/publications/85147139813?origin=resultslist","Department of Information and Decision Sciences, University of Illinois Chicago, Chicago, 60607, IL, United States; School of Computer Science, Carnegie Mellon University, Pittsburgh, 15213, PA, United States; Department of Electrical Engineering and Computer Sciences, University of California, Berkeley, Berkeley, 94720, CA, United States","Kamble V., Department of Information and Decision Sciences, University of Illinois Chicago, Chicago, 60607, IL, United States; Shah N., School of Computer Science, Carnegie Mellon University, Pittsburgh, 15213, PA, United States; Marn D., Department of Electrical Engineering and Computer Sciences, University of California, Berkeley, Berkeley, 94720, CA, United States; Parekh A., Department of Electrical Engineering and Computer Sciences, University of California, Berkeley, Berkeley, 94720, CA, United States; Ramchandran K., Department of Electrical Engineering and Computer Sciences, University of California, Berkeley, Berkeley, 94720, CA, United States","A major challenge in obtaining evaluations of products or services on e-commerce platforms is eliciting informative responses in the absence of verifiability. This paper proposes the square root agreement rule (SRA): a simple reward mechanism that incentivizes truthful responses to objective evaluations on such platforms. In this mechanism, an agent gets a reward for an evaluation only if the answer matches that of a peer agent, where this reward is inversely proportional to a popularity index of the answer. This index is defined to be the square root of the empirical frequency at which any two agents performing the same evaluation agree on the particular answer across evaluations of similar entities operating on the platform. Rarely agreed-on answers thus earn a higher reward than answers for which agreements are relatively more common. We show that in the many tasks regime, the truthful equilibrium under SRA is strictly payoff-dominant across large classes of natural equilibria that could arise in these settings, thus increasing the likelihood of its adoption. Although there exist other mechanisms achieving such guarantees, they either impose additional assumptions on the response distribution that are not generally satisfied for objective evaluations or they incentivize truthful behavior only if each agent performs a prohibitively large number of evaluations and commits to using the same strategy for each evaluation. SRA is the first known incentive mechanism satisfying such guarantees without imposing any such requirements. Moreover, our empirical findings demonstrate the robustness of the incentive properties of SRA in the presence of mild subjectivity or observational biases in the responses. These properties make SRA uniquely attractive for administering reward-based incentive schemes (e.g., rebates, discounts, reputation scores, etc.) on online platforms. © 2022 INFORMS.","bargaining theory; economics: game theory; electronic commerce; information systems: IT policy and management; information systems: systems analysis and design; systems design and implementation","Electronic commerce; Feedback; Game theory; Information management; Information systems; Information use; Management information systems; Online systems; Bargaining theory; Design and implementations; Economic game theory; Information system: IT policy and management; Information system: system analyse and design; IT management; IT policies; Square-root; System analysis and design; System design and implementation; Systems analysis","Article","","Scopus"
"Gupta S.; Maji S.","Gupta, Shashank (57211862439); Maji, Subhadeep (57201361988)","57211862439; 57201361988","Predicting Session Length for Product Search on E-commerce Platform","2020","SIGIR 2020 - Proceedings of the 43rd International ACM SIGIR Conference on Research and Development in Information Retrieval","https://www.scopus.com/pages/publications/85090116285?origin=resultslist","Flipkart Internet Private Limited, India, India","Gupta S., Flipkart Internet Private Limited, India, India; Maji S., Flipkart Internet Private Limited, India, India","Estimation of session duration for an e-commerce search engine is important for various downstream applications, including user satisfaction prediction, personalization, and diversification of search results. It has been shown in previous studies that search session length has a strong correlation with user's explore vs specific purchase intent. Based on previous work [14], we hypothesize that early prediction of session length distribution can be used to control the degree of explore vs exploit (loosely related to diversification v/s personalization) for Search Engine Result Pages (SERPs) in the user's session to follow. In this work, we try to early predict the user's session length, which will enable the control on explore v/s exploit of the search results. Towards this end, based on previous work and strong empirical evidence, we hypothesize session lengths are Weibull distributed and propose its parameters being modeled by a Recurrent Neural Network over actions in user's search sessions. Through experimentation, we demonstrate that our method performs better as compared to strong baselines for the same. © 2020 ACM.","e-commerce; product search; search session","Electronic commerce; Forecasting; Information retrieval; Search engines; Downstream applications; E-commerce search engines; Early prediction; Length distributions; Search engine results; Session durations; Strong correlation; User satisfaction; Recurrent neural networks","Conference paper","","Scopus"
"Jha A.; Sharma P.; Upmanyu R.; Sharma Y.; Tiwari K.","Jha, Arti (58990898000); Sharma, Pratyut (58991452100); Upmanyu, Ritik (58990898100); Sharma, Yashvardhan (22981757500); Tiwari, Kamlesh (59616039000)","58990898000; 58991452100; 58990898100; 22981757500; 59616039000","Machine Learning-Based Optimization of E-Commerce Advertising Campaigns","2024","International Conference on Agents and Artificial Intelligence","https://www.scopus.com/pages/publications/85190671177?origin=resultslist","Dept. of Computer Science and Information System, Birla Institute of Technology and Science, Pilani, India","Jha A., Dept. of Computer Science and Information System, Birla Institute of Technology and Science, Pilani, India; Sharma P., Dept. of Computer Science and Information System, Birla Institute of Technology and Science, Pilani, India; Upmanyu R., Dept. of Computer Science and Information System, Birla Institute of Technology and Science, Pilani, India; Sharma Y., Dept. of Computer Science and Information System, Birla Institute of Technology and Science, Pilani, India; Tiwari K., Dept. of Computer Science and Information System, Birla Institute of Technology and Science, Pilani, India","E-commerce platforms facilitate the generation of advertisement campaigns by retailers for the purpose of promoting their products. Marketers need to generate demand for their products by means of online advertising (ad). Game theoretic and continuous experimentation feedback-based advertising optimization is imperative to enable efficient and effective advertising at scale. To address this, we propose a solution that utilizes machine learning and statistical techniques to optimize e-commerce ad campaigns, intending to create an optimal and targeted ad campaign strategy. The dataset utilized here is Amazon’s e-commerce dataset obtained from a prominent e-commerce firm. The proposed work examines these key approaches: For predicting profitability and campaign impressions, we implemented a model using the first approach, blending statistical techniques with machine-learning algorithms. The results provide a comparison between the algorithms, offering insights into the observed outcomes. In the second approach, we leverage the k-means clustering algorithm and Bayesian Information Criterion (BIC) technique to establish a correlation between keyword performance, campaign profitability, and bidding strategies. In the concluding approach, we introduce an innovative model that uses Joint Probability Distribution and Gaussian functions to determine the profitability of ad campaigns. This model generates multivariate-density graphs, enabling a comprehensive exploration to better comprehend and predict profitability, specifically in terms of Return on Ad Spend (ROAS). For example, we can now answer questions like: How do the profitability (ROAS) and awareness (%impression share) of a campaign change with variations in the budget? How do the profitability (ROAS) and awareness (%impression share) of a keyword change with different bid values? These insights provide valuable information for optimizing campaign performance and making informed decisions regarding budget allocation, bid adjustments, and overall campaign structure. The results offer practical insights for optimizing an ad campaign’s performance through developing effective and targeted strategies. © 2024 by SCITEPRESS – Science and Technology Publications, Lda.","ACOS Analysis; Ad Campaign Optimization; K-Means Clustering; Machine Learning-Based ad Optimizer; Performance Forecasting; Probabilistic ACOS; Profitability","","Conference paper","All Open Access; Gold Open Access","Scopus"
"Gupta A.; Prabhu A.; Pallavi N.; Phalapradha M.J.; Yashaswini P.","Gupta, Aakriti (60102517800); Prabhu, Akshatha (57482771200); Pallavi, N. (60582767100); Phalapradha, M.J. (60102591400); Yashaswini, P. (60102822100)","60102517800; 57482771200; 60582767100; 60102591400; 60102822100","Sentiment Analysis of Product Reviews: Deep Learning Approach","2025","Proceedings of the 2025 12th International Conference on Computing for Sustainable Global Development, INDIACom 2025","https://www.scopus.com/pages/publications/105016105228?origin=resultslist","School of Computing, Amrita Vishwa Vidyapeetham, Department of Computer Science, Mysuru, India","Gupta A., School of Computing, Amrita Vishwa Vidyapeetham, Department of Computer Science, Mysuru, India; Prabhu A., School of Computing, Amrita Vishwa Vidyapeetham, Department of Computer Science, Mysuru, India; Pallavi N., School of Computing, Amrita Vishwa Vidyapeetham, Department of Computer Science, Mysuru, India; Phalapradha M.J., School of Computing, Amrita Vishwa Vidyapeetham, Department of Computer Science, Mysuru, India; Yashaswini P., School of Computing, Amrita Vishwa Vidyapeetham, Department of Computer Science, Mysuru, India","The proposed work explores the diverse impacts of customer feedback in the e-commerce sector, with a particular focus on online product reviews. Sentiment analysis helps businesses understand consumer satisfaction by gaining insights into customer preferences. The study provides five sentiment categories-Extremely Negative, Negative, Neutral, Positive, and Extremely Positive. The approach integrates feature engineering and deep learning techniques, including tokenization, stop word removal, and lemmatization followed by feature extraction using Word2Vec and sentiment analysis through VADER for sentiment scoring. Convolutional Neural Networks (CNNs) such as Text CNN, GRU, Bi-LSTM and Naïve Bayes are utilized as to effectively harness these features, generating strong representations and capturing contextual information. The results demonstrated that the Text CNN model achieved an overall precision of 0.88 for extremely negative, 0.91 for negative, 0.97 for neutral, 0.96 for positive, and 0.98 for extremely positive sentiments. The accuracy achieved is 96%. The test cases were also compared with other architectures across all sentiments. The work uses visualizations, to display the sentiment distribution of 75 different products. A word cloud is created to highlight the most frequently used terms in reviews categorized as positive or negative. Additionally, a list of products with the highest number of reviews is generated, reflecting their popularity and customer engagement.  © 2025 Bharati Vidyapeeth, New Delhi.","product review; sentiment; Text CNN; VADER; word cloud; Word2Vec","","Conference paper","","Scopus"
"Liu M.; Yu J.; Liu M.; Zhu Z.; Liu X.; Nie C.","Liu, Mi (60353387400); Yu, Jia (58087588100); Liu, Min (60353611200); Zhu, Zhiqiang (60353611300); Liu, Xilong (58896993700); Nie, Chuanhao (59640213200)","60353387400; 58087588100; 60353611200; 60353611300; 58896993700; 59640213200","Research on AI-enabled UGC Content Innovation in Mobile Social E-commerce","2026","GAITDI 2025 - International Conference on Implementing Generative AI into Telecommunication and Digital Innovation 2025","https://www.scopus.com/pages/publications/105028802826?origin=resultslist","Department of Business Administration, Shanghai Information Technology College, Shanghai, China; School of Information and Technology, Shanghai Shanda University, Shanghai, China; School of Economics & Management, Shanghai Technical Institute of Electronics & Information, Shanghai, China; College of Computing, Georgia Institute of Technology, Atlanta, GA, United States","Liu M., Department of Business Administration, Shanghai Information Technology College, Shanghai, China; Yu J., School of Information and Technology, Shanghai Shanda University, Shanghai, China; Liu M., School of Information and Technology, Shanghai Shanda University, Shanghai, China; Zhu Z., School of Information and Technology, Shanghai Shanda University, Shanghai, China; Liu X., School of Economics & Management, Shanghai Technical Institute of Electronics & Information, Shanghai, China; Nie C., College of Computing, Georgia Institute of Technology, Atlanta, GA, United States","Abstract :Artificial intelligence (AI) technology is rapidly developing, with increasing application in mobile social e-commerce and playing a key role in user-generated content (UGC) innovation. This article, using the women's community platform ""Little Red Book""as an example, explores how AI empowers innovation in the UGC content ecosystem. The study finds that AI has significantly improved content production efficiency and user experience by establishing a content generation mechanism driven by female users, optimizing the dissemination pathways for lifestyle-related UGC, and enabling personalized content distribution. The practice of Little Red Book demonstrates the significant role of AI in content creation, distribution, and commercialization, providing a valuable reference for the intelligent development of social e-commerce platforms. This research has both theoretical and practical significance for understanding the integration of AI and UGC and promoting the optimization of platform content ecosystems.  © 2025 Copyright held by the owner/author(s).","AI; Content Innovation; Little Red Book; Mobile Social E-commerce; UGC","Abstracting; Electronic commerce; Human engineering; User experience; Artificial intelligence technologies; Content ecosystems; Content innovation; Content production; E- commerces; Little red book; Mobile social E-commerce; Production efficiency; User-generated; User-generated content; Artificial intelligence","Conference paper","All Open Access; Gold Open Access","Scopus"
"Lin X.; Zhou C.; Wu J.; Zou L.; Pan S.; Cao Y.; Wang B.; Wang S.; Yin D.","Lin, Xixun (57214889779); Zhou, Chuan (56703955100); Wu, Jia (23971568900); Zou, Lixin (57193339041); Pan, Shirui (55522732400); Cao, Yanan (55431244700); Wang, Bin (57161232700); Wang, Shuaiqiang (22636318500); Yin, Dawei (35759826200)","57214889779; 56703955100; 23971568900; 57193339041; 55522732400; 55431244700; 57161232700; 22636318500; 35759826200","Towards Flexible and Adaptive Neural Process for Cold-Start Recommendation","2024","IEEE Transactions on Knowledge and Data Engineering","https://www.scopus.com/pages/publications/85168658772?origin=resultslist","Baidu Inc, Beijing, 100193, China; Chinese Academy of Sciences, Academy of Mathematics and Systems Science, Beijing, 100190, China; Macquarie University, Department of Computing, Sydney, 2113, Australia; Griffith University, School of Information and Communication Technology, Clayton, 3800, Australia; Chinese Academy of Sciences, Institute of Information Engineering, Beijing, 100093, China; Xiaomi Inc., Xiaomi Ai Lab, Beijing, 100085, China","Lin X., Baidu Inc, Beijing, 100193, China; Zhou C., Chinese Academy of Sciences, Academy of Mathematics and Systems Science, Beijing, 100190, China; Wu J., Macquarie University, Department of Computing, Sydney, 2113, Australia; Zou L., Baidu Inc, Beijing, 100193, China; Pan S., Griffith University, School of Information and Communication Technology, Clayton, 3800, Australia; Cao Y., Chinese Academy of Sciences, Institute of Information Engineering, Beijing, 100093, China; Wang B., Xiaomi Inc., Xiaomi Ai Lab, Beijing, 100085, China; Wang S., Baidu Inc, Beijing, 100193, China; Yin D., Baidu Inc, Beijing, 100193, China","Recommender systems have been widely adopted in various online personal e-commerce applications for improving user experience. A long-standing challenge in recommender systems is how to provide accurate recommendation to users in cold-start situations where only a few user-item interactions can be observed. Recently, meta learning methods provide a promising solution, and most of them follow a way of parameter initialization where predictions can be fast adapted via multiple gradient descent steps. While these meta-learning recommenders promote model performance, how to derive a fundamental paradigm that enables both flexible approximations of complex user interaction distributions and effective task adaptations of global knowledge still remains a critical yet under-explored problem. To this end, we present the Flow-based Adaptive Neural Process (FANP), a new probabilistic meta-learning model where estimating the preference of each user is governed by an underlying stochastic process. Following an encoder-decoder generative framework, FANP is an effective few-shot function estimator that directly maps limited user interactions to a predictive distribution without complicated gradient updates. Through introducing a conditional normalization flow-based encoder, FANP can get rid of the model bias on latent variables and thereby derive more flexible variational distributions. Meanwhile, we propose a task-adaptive mechanism capturing the relevance of different tasks for improving adaptation ability of global knowledge. The learned task-specific and task-relevant representations are simultaneously exploited to generate the decoder parameters via a novel modulation-augmented hypernetwork. FANP is evaluated on both scenario-specific and user-specific cold-start recommendations on various real-world datasets. Extensive experimental results and detailed model analyses demonstrate that our model yields superior performance compared with multiple state-of-the-art meta-learning recommenders.  © 1989-2012 IEEE.","Cold-start recommendation; meta learning; neural processes","Decoding; Electronic commerce; Gradient methods; Job analysis; Online systems; Random processes; Recommender systems; Signal encoding; Stochastic models; Stochastic systems; Adaptation models; Cold-start Recommendations; Decoding; E-Commerce applications; Global knowledge; Metalearning; Neural process; Task analysis; User interaction; Learning systems","Article","","Scopus"
"Pala M.; Edum-Fotwe F.; Ruikar K.; Doughty N.; Peters C.","Pala, Mesut (56002449100); Edum-Fotwe, Francis (6602887399); Ruikar, Kirti (6507859039); Doughty, Nathan (56001576600); Peters, Chris (57224709845)","56002449100; 6602887399; 6507859039; 56001576600; 57224709845","Post-implementation analysis of a B2B e-marketplace","2019","Journal of Information Technology in Construction","https://www.scopus.com/pages/publications/85066945159?origin=resultslist","Centre for Innovative and Collaborative Engineering, Loughborough University, Leicestershire, LE11 3TU, United Kingdom; School of Architecture, Building and Civil Engineering, Loughborough University, LE11 3TU, United Kingdom; Asite Ltd, Albert House, 1 Mark Square, London, EC2A 4EG, United Kingdom","Pala M., Centre for Innovative and Collaborative Engineering, Loughborough University, Leicestershire, LE11 3TU, United Kingdom; Edum-Fotwe F., School of Architecture, Building and Civil Engineering, Loughborough University, LE11 3TU, United Kingdom; Ruikar K., School of Architecture, Building and Civil Engineering, Loughborough University, LE11 3TU, United Kingdom; Doughty N., Asite Ltd, Albert House, 1 Mark Square, London, EC2A 4EG, United Kingdom; Peters C., Asite Ltd, Albert House, 1 Mark Square, London, EC2A 4EG, United Kingdom","The advent of Business-to-Business (B2B) e-Marketplaces gave the AEC (Architecture, Engineering and Construction) firms the opportunity to conduct more efficient and effective commercial interaction with their supply chain partners. Despite the large body of literature in generic Information Systems (IS) domain, there has been a very little work done to-date to investigate the B2B e-Marketplace systems implementation by AEC firms. By adopting a case study research method with a longitudinal approach to data collection, the study on which this paper is based explored the challenges in the adoption and on-going use of a large UK contractor firm's e-Marketplace systems from the perspective of end-users. Utilising a well-established theoretical model from the IS body of knowledge, the analysis revealed several important challenges related to system (functionality and usability), information (content quality) and service (training and support) dimensions of e-Marketplace systems implementation. Through incorporating the case study findings to the conceptual model, the study offers several suggestions for AEC firms to take on board during implementation of the B2B e-Marketplace systems. COPYRIGHT: © 2019 The author(s).","Adoption; AEC; B2B case study; E-commerce; E-marketplace; Evaluation","Commerce; Electronic commerce; Supply chains; Adoption; Architecture , engineering and constructions; B2B case study; Business to business; E-marketplaces; Evaluation; Supply chain partners; Systems implementation; Quality control","Article","","Scopus"
"Romero D.; Rouvoy R.; Chabridon S.; Conan D.; Pessemier N.; Seinturier L.","Romero, Daniel (34977559400); Rouvoy, Romain (23089521900); Chabridon, Sophie (6506799021); Conan, Denis (6506330043); Pessemier, Nicolas (14050997600); Seinturier, Lionel (6603303741)","34977559400; 23089521900; 6506799021; 6506330043; 14050997600; 6603303741","Enabling context-aware web services: A middleware approach for ubiquitous environments","2010","Enabling Context-Aware Web Services: Methods, Architectures, and Technologies","https://www.scopus.com/pages/publications/85027289174?origin=resultslist","University of Lille 1, Lille, France; Institut Telecom, Telecom and Management SudParis, Paris, France","Romero D., University of Lille 1, Lille, France; Rouvoy R., University of Lille 1, Lille, France; Chabridon S., Institut Telecom, Telecom and Management SudParis, Paris, France; Conan D., Institut Telecom, Telecom and Management SudParis, Paris, France; Pessemier N., University of Lille 1, Lille, France; Seinturier L., University of Lille 1, Lille, France","In ubiquitous environments, mobile applications should sense and react to environmental changes to provide a better user experience. In order to deal with these concerns, Service-Oriented Architectures (SOA) provide a solution allowing applications to interact with the services available in their surroundings. In particular, context-aware Web Services can adapt their behavior considering the user context. However, the limited resources of mobile devices restrict the adaptation degree. Furthermore, the diverse nature of context information makes difficult its retrieval, processing and distribution. To tackle these challenges, we present the CAPPUCINO platform for executing context-aware Web Services in ubiquitous environments. In particular, in this chapter we focus on the middleware part that is built as an autonomic control loop that deals with dynamic adaptation. In this autonomic loop we use FRASCATI, an implementation of the Service Component Architecture (SCA) specification, as the execution kernel for Web Services. The context distribution is achieved with SPACES, a flexible solution based on REST (REpresentational State Transfer) principles and benefiting from the COSMOS (COntext entitieS coMpositiOn and Sharing) context management framework. The application of our platform is illustrated with a mobile commerce application scenario that combines context-aware Web Services and social networks. © 2010 by Taylor and Francis Group, LLC.","","Behavioral research; Information services; Middleware; Mobile commerce; Mobile telecommunication systems; Network architecture; Service oriented architecture (SOA); Websites; Context distribution; Context-aware web services; Environmental change; Mobile applications; Mobile commerce applications; Representational state transfer; Service component architecture; Ubiquitous environments; Web services","Book chapter","","Scopus"
"Yuan Z.; Wan Q.; Zhang T.; Huo C.","Yuan, Zheng (57218628572); Wan, Qian (59664654500); Zhang, Tao (57211544759); Huo, Chengfu (26436423200)","57218628572; 59664654500; 57211544759; 26436423200","PISDR: Page and Item Sequential Decision for Re-ranking Based on Offline Reinforcement Learning","2024","Proceedings of Machine Learning Research","https://www.scopus.com/pages/publications/85219558430?origin=resultslist","Alibaba Group, China","Yuan Z., Alibaba Group, China; Wan Q., Alibaba Group, China; Zhang T., Alibaba Group, China; Huo C., Alibaba Group, China","Re-ranking is the last part of a multi-stage recommendation system, involving the reordering of lists based on historical user behavior to better align with user preferences. Offline Reinforcement Learning (RL) has been employed in both the prediction and ranking phases of recommendation systems to align with long-term objectives, surpassing the efficacy of supervised learning. However, extrapolation error is a common problem in offline RL, due to the biased distribution of features, which can lead to the reduction of recommendation accuracy. Consider that as users browse an e-commerce app, their preferences are influenced by previously recommended items or pages, therefore the history can be used to correct the bias of offline RL. This paper uses offline RL to model re-ranking and presents a re-ranking algorithm named Page and Item Sequential Decision for Re-ranking (PISDR) to improve accuracy by correcting bias at two levels (pages and items). PISDR employs sequential RL, leveraging a session-level data structure that encapsulates global information at the page level and item-level interrelationships. Additionally, PISDR utilizes a multi-tower critic network to assess various feedback metrics, including click-through rate, conversion rate, etc. which can raise actor network from the long-term reward. Experimental results validate the effectiveness of PISDR in significantly enhancing of Area Under Curve (AUC), Mean Average Precision (MAP) and Normalized Discounted Cumulative Gain (NDCG) about 1.4% in generated re-ranking sequences when compared to current state-of-the-art re-ranking algorithms. Finally, as a consequence, our method achieves a significant improvement (2.59%) in terms of Click-Through Rate (CTR) over the industrial-level ranking model in online A/B tests. © 2024 Z. Yuan, Q. Wan, T. Zhang & C. Huo.","Offline Reinforcement Learning; Re-ranking; Recommendation System","Adversarial machine learning; Contrastive Learning; Data encapsulation; Recommender systems; Self-supervised learning; Supervised learning; Clickthrough rates (CTR); Multi-stages; Offline; Offline reinforcement learning; Ranking algorithm; Re-ranking; Reinforcement learnings; Sequential decisions; User behaviors; User's preferences; Reinforcement learning","Conference paper","","Scopus"
"Kasimu M.; Hellen N.; Marvin G.","Kasimu, Mukwaya (58490067000); Hellen, Nakayiza (57385781800); Marvin, Ggaliwango (57302525500)","58490067000; 57385781800; 57302525500","Explainable Sentiment Analysis for Textile Personalized Marketing","2023","Lecture Notes in Electrical Engineering","https://www.scopus.com/pages/publications/85164968596?origin=resultslist","Brac University, Dhaka, 1212, Bangladesh","Kasimu M., Brac University, Dhaka, 1212, Bangladesh; Hellen N., Brac University, Dhaka, 1212, Bangladesh; Marvin G., Brac University, Dhaka, 1212, Bangladesh","According to the United Nations (UN), the 2030 Agenda recognizes ending poverty in all of its forms and dimensions, including severe poverty which is the biggest global challenge and a necessity for sustainable development. Sustainable Development Goal (SDG) 1 aims to “end poverty in all its forms everywhere” but a global uniform approach has not been found rather than country-specific programs that tackle poverty with international initiatives to support them toward the SDG poverty eradication goal. With the opportunities generated by the 4th Industrial Revolution, nations can optimize their economic strengths to end poverty. Since the textile industry is one of the economic power engines of many developing countries, optimal strategic enhancements can feasibly ignite unexplored potentials with the emerging 4th Industrial Revolution technologies. With the rapid technological infrastructural developments, cloud computing has powered up lots of e-commerce businesses that enhance distribution of textile products. The problem is that there is no feedback channel for local and global customers to share their experience with the textile product developers and distributors, and this limits the marketing potentials of the textile producers and distributors locally and globally. In this work, we propose and demonstrate an explainable data-driven solution that optimizes 4th industrial Artificial Intelligence potentials and Natural Language Processing to boost textile product development and distribution. Our proposed Artificial Intelligence approach to sentiment analysis transparently explains evolving customer sentiments and preferences for textile products and provides insights for textile product development, personalized marketing, and distribution of textile garments for women. © 2023, The Author(s), under exclusive license to Springer Nature Singapore Pte Ltd.","Explainable Artificial Intelligence (XAI); Personalized marketing; Sentiment analysis; Technology adoption and management; Textile industry","Commerce; Developing countries; Product development; Sentiment analysis; Sustainable development; Textiles; Explainable artificial intelligence (XAI); Global challenges; Industrial revolutions; Personalized marketings; Poverty eradication; Sentiment analysis; Technology adoption; Technology managements; Textile products; United Nations; Textile industry","Conference paper","","Scopus"
"Gogleva A.; Papa E.; Jansson E.; De Baets G.","Gogleva, Anna (59805981800); Papa, Eliseo (25655220800); Jansson, Erik (57270856800); De Baets, Greet (47761031500)","59805981800; 25655220800; 57270856800; 47761031500","Drug discovery as a recommendation problem: Challenges and complexities in biological decisions","2021","RecSys 2021 - 15th ACM Conference on Recommender Systems","https://www.scopus.com/pages/publications/85115638246?origin=resultslist","RandD It, AstraZeneca, Cambridge, United Kingdom; BioPharmaceuticals RandD, AstraZeneca, Cambridge, United Kingdom","Gogleva A., RandD It, AstraZeneca, Cambridge, United Kingdom; Papa E., RandD It, AstraZeneca, Cambridge, United Kingdom; Jansson E., BioPharmaceuticals RandD, AstraZeneca, Cambridge, United Kingdom; De Baets G., RandD It, AstraZeneca, Cambridge, United Kingdom","Drug discovery is notorious for its low success rates [5]. Despite best research efforts, the majority of drugs fail at early stages of development, even before they enter clinical trials. This phenomenon stems from the inherent complexity of biological systems and our poor understanding of human diseases. To improve that understanding, swaths of data have been generated in recent years. Still, data does not easily translate into knowledge or actionable insights. Here we explore how approaches from the recommendation system domain could help scientists comprehend the ever-growing amount of biomedical facts. The aim of these efforts is to make better drug development decisions, which ultimately result in safe and efficient treatments for patients [3]. Recommendation systems are well established in e-commerce, streaming and social media platforms, however in the biomedical domain their usage is limited to a few recent studies [1, 6, 7, 8]. Direct transfer of classic recommendation approaches to the biomedical domain is not trivial. Specifics of the problem space impose numerous challenges for a recommendation system practitioner, to name a few: Regardless of the challenges, the adoption of recommendation systems presents numerous opportunities to support and accelerate drug discovery. Even a slight increase in success rate of drug pipelines will result in a vast number of patients gaining access to safe and effective treatments. Recommendation systems could play a leading role in this process. Adding context to experimental data is one class of problems that could benefit from recommenders. In this process new data is integrated with prior evidence to produce a new hypothesis. In a typical scenario, thousands of genes need to be ranked by their relevance to a disease given new and existing data. As a case study we focused on finding out why some lung cancer patients develop resistance to treatments. Current protocol to find resistance markers starts with high-throughput genomic screens resulting in an initial list of potential gene candidates, followed by tedious manual curation by several experts to reduce the list to a manageable number for further follow-up. To find resistance markers faster and to reduce bias we built a hybrid recommendation system on top of a heterogeneous biomedical knowledge graph [2]. In the absence of continuous feedback and training data, we approached recommendations as a multi-objective optimization problem [4]. Genes were ranked by trading off diverse types of evidence that link them to potential mechanisms of resistance in lung cancer. We used a knowledge graph as the primary source of features, so that the relevance of a gene could be expressed via properties of a graph. Our hybrid feature set also included clinical and pre-clinical data as well as metrics of literature support obtained with natural language processing techniques. This hybrid approach helped to identify novel resistance mechanisms that could have been overlooked by experts due to inherent bias or limited integration of data. Most importantly, our method reduced the time required to prioritise resistance markers from months to minutes and became a standard procedure for processing genomic screens. Another class of problems exists around target identification tasks. The idea here is to find a molecular target, often a gene or a protein, that could be modulated with a drug to treat a disease. As the number of potential targets is large, the search space can be reduced using network propagation on a dedicated subgraph that captures the functional relationship between genes. This approach also requires a set of seed genes, defined based on high confidence associations with diseases. Disease preferences are then propagated through the network resulting in a preference distribution for the complete set of genes which is used to reduce the search space. In contrast to adding context to experiments, a considerable amount of training data is available to support target identification. For instance, both successful and failed clinical trials can act as a useful source of data for target identification. Such a setting warrants use of supervised recommendation systems. A supervised approach, however introduces another machine learning hurdle-trust. Since supervised models are typically ""black boxes"", their quality must be ascertained indirectly, for example using train-test split and estimating model's performance on the test set. Such quantitative performance metrics often are of little value to a biological expert looking for relevant gene targets. Instead, experts instinctively assess model quality by checking if a list of recommendations contains a handful of expected genes [9]. To simultaneously use biologists' intuitions as training data, while avoiding an overly optimistic trust in model output, we used an ensemble modeling approach. We partitioned training data among multiple models such that each available training gene was omitted from one model's training data. The model was then permitted to assess this previously unseen gene in constructing its final list of recommendations, while training genes were removed from consideration. Each model therefore produced a list of recommendations based on an incomplete set of genes. A final set of recommendations was then constructed by collating each individual model's output list. Because these output lists were constructed with biologist input through supervised training, biologists placed a higher degree of trust in the recommendations. This allowed roughly two dozen genes to be fast-tracked for manual assessment and experimental screening. In summary, accumulation of large amounts of biomedical data coupled with a need to comprehend and reason about it makes drug discovery an attractive field to apply recommendation techniques. Specifics of the problem space and complexity of biological systems call for efficient recommendation solutions that could operate in unsupervised or weakly supervised settings. At the same time, a strong emphasis on explainability is essential to gain trust of biomedical experts.  © 2021 Owner/Author.","Drug discovery; Knowledge graph; Multi-objective optimization; Natural language processing","Biological organs; Clinical research; Diseases; Multiobjective optimization; Natural language processing systems; Recommender systems; Biomedical domain; Clinical trial; Drug discovery; Knowledge graphs; Language processing; Multi-objectives optimization; Natural language processing; Natural languages; Target's identifications; Training data; Genes","Conference paper","","Scopus"
"Wang L.-B.; Chai J.; Wen L.-Y.","Wang, Le-Bin (60163285600); Chai, Jian (34067502900); Wen, Lu-Ying (60163537700)","60163285600; 34067502900; 60163537700","Analysis of Price Dynamic Competition and Stability in Cross-Border E-Commerce Supply Chain Channels Empowered by Blockchain Technology","2025","Entropy","https://www.scopus.com/pages/publications/105020310325?origin=resultslist","School of Economics and Management, Xidian University, Xi’an, 710126, China; School of Management, Xi’an Jiaotong University, Xi’an, 710049, China","Wang L.-B., School of Economics and Management, Xidian University, Xi’an, 710126, China; Chai J., School of Economics and Management, Xidian University, Xi’an, 710126, China; Wen L.-Y., School of Management, Xi’an Jiaotong University, Xi’an, 710049, China","Based on the perspective of multi-stage dynamic competition, this study constructs a discrete dynamic model of price competition between the “direct sales” and “resale” channels in cross-border e-commerce (CBEC) under three blockchain deployment modes. Drawing on nonlinear dynamics theory, the Nash equilibrium of the system and its stability conditions are examined. Using numerical simulations, the effects of factors such as the channel price adjustment speed, tariff rate, and commission ratio on the dynamic evolution, entropy, and stability of the system under the empowerment of blockchain technology are investigated. Furthermore, the impact of noise factors on system stability and the corresponding chaos control strategies are further analyzed. This study finds that a single-channel deployment tends to induce asymmetric system responses, whereas dual-channel collaborative deployment helps enhance strategic coordination. An increase in price adjustment speed, tariffs, and commission rates can drive the system’s pricing dynamics from a stable state into chaos, thereby raising its entropy, while the adoption of blockchain technology tends to weaken dynamic stability. Therefore, after deploying blockchain technology, each channel should make its pricing decisions more cautiously. Moderate noise can exert a stabilizing effect, whereas excessive disturbances may cause the system to diverge. Hence, enterprises should carefully assess the magnitude of disturbances and capitalize on the positive effects brought about by moderate fluctuations. In addition, the delayed feedback control method can effectively suppress chaotic fluctuations and enhance system stability, demonstrating strong adaptability across different blockchain deployment modes. © 2025 by the authors.","blockchain; cross-border e-commerce; entropy; price competition; sales mode; stability","","Article","All Open Access; Gold Open Access; Green Open Access","Scopus"
"Luo X.; Qiang W.; Zhang X.; Wu M.","Luo, Xiangdong (56398776800); Qiang, Wei (58235794000); Zhang, Xiying (58236248400); Wu, Meng (58422511100)","56398776800; 58235794000; 58236248400; 58422511100","User evaluation and sentiment analysis of running shoes based on text mining; [基于文本挖掘的跑鞋用户评价及情感分析]","2024","Journal of Silk","https://www.scopus.com/pages/publications/85208579006?origin=resultslist","Shoe and Clothing Big Data and Standardization Research Center, Xi'an, 710021, China; School of Design & Art, Shaanxi University of Science and Technology, Xi'an, 710021, China","Luo X., Shoe and Clothing Big Data and Standardization Research Center, Xi'an, 710021, China, School of Design & Art, Shaanxi University of Science and Technology, Xi'an, 710021, China; Qiang W., Shoe and Clothing Big Data and Standardization Research Center, Xi'an, 710021, China, School of Design & Art, Shaanxi University of Science and Technology, Xi'an, 710021, China; Zhang X., School of Design & Art, Shaanxi University of Science and Technology, Xi'an, 710021, China; Wu M., Shoe and Clothing Big Data and Standardization Research Center, Xi'an, 710021, China, School of Design & Art, Shaanxi University of Science and Technology, Xi'an, 710021, China","With the consumption pattern of online shopping becoming increasingly common the way for consumers to obtain product evaluation information has changed from word of mouth in the past to online reviews. More than 70% of consumers refer to e-commerce platform product evaluation information when shopping online and more than 90% of enterprises believe that reviews will play a decisive role in future consumer behavior. Unlike subjective survey data product online reviews are not subject to the subjective judgment of researchers during the survey process and can reflect the real user experience and emotional tendency. Therefore it is important to study the ways in which user evaluation big data drive product design research and development such as accelerating the shift in product design promoting marketing and improving user satisfaction. Current research on running shoes mainly focuses on product function development shoe last redesign and market demand classification. At present no scholars have explored the factors that consumers pay attention to when buying and using running shoes from the perspective of e-commerce big data. Understanding the consumption trend and consumer preference of running shoes is of great significance for industrial development and marketing strategy formulation. To mine consumers' attention information in their buying running shoes online firstly Requests library and Pymysql library in Python 3. 11 were used to collect the sales feature data of top 600 running shoes sold on Jingdong Mall and 100 000 user comments. Secondly text preprocessing of online review text was performed by using the precise mode in the Chinese word segmentation system of Jieba Database. Thirdly Origin 2021 was used to analyze the basic information of the sales characteristics of running shoes. Fourthly LDA model and Gibbs sampling were used to cluster review texts to explore the distribution of product feature words under different themes. Finally SnowNLP was used to score the text for emotion so as to obtain positive and negative labels and topic analysis was performed based on emotion labels to compare the difference in topic distribution of positive and negative comments. From the perspective of big data analysis this paper used LDA model to conduct text mining on 100 000 online reviews of running shoes conduct word frequency co-occurrence analysis topic clustering and sentiment analysis on product review data analyze the causes of problems from the dimensions of brand technology and after-sales service and put forward relevant suggestions. Domestic running shoes have a complete product layout from the entry market to the high-end market but due to the world brand effect technology accumulation and user reputation there is still a long way to go compared with the top brands in sales and focusing on the mid-to-high-end market. Most of the running shoes with top sales ranking participate in discount and coupon activities and the proportion of self-operated store sales and quality certification labels is higher than the overall level while self-operated and coupon labels have a significant role in promoting the purchase of running shoes. When consumers buy running shoes online they mainly pay attention to the appearance details functional attributes cost performance wearing feelings service concessions and so on. A small number of consumers have a poor attitude towards the wearing experience product quality and service promotion of running shoes. In the future in-depth research can be carried out according to various characteristics of consumers. On the basis of collecting big data of user comments it is necessary to further mine user information such as age region and occupation so that the comment topic can be mapped to specific user groups which is helpful to meet the targeted research and development of specific consumer groups and the implementation of precision marketing. In addition to make the results more universally valuable it is necessary to continue to increase the amount of data in the future to make the model better understand the various topics domains and contexts so as to improve the reliability and validity of the results. © 2024 China Silk Association. All rights reserved.","cluster analysis; LDA model; running shoes; sentiment analysis; text mining","","Article","","Scopus"
"Mo Y.; Wang H.","Mo, Yayelin (59714018000); Wang, Haowen (58287265000)","59714018000; 58287265000","Session-Based Recommendation Method Using Popularity-Stratified Preference Modeling","2025","Mathematics","https://www.scopus.com/pages/publications/105001417459?origin=resultslist","School of Electronics and Information Engineering, Beijing Jiaotong University, Beijing, 100444, China; Department of Energy Engineering, Zhejiang University, Hangzhou, 310027, China","Mo Y., School of Electronics and Information Engineering, Beijing Jiaotong University, Beijing, 100444, China; Wang H., Department of Energy Engineering, Zhejiang University, Hangzhou, 310027, China","Large-scale offline evaluations of user–project interactions in recommendation systems are often biased due to inherent feedback loops. To address this, many studies have employed propensity scoring. In this work, we extend these methods to session-based recommendation tasks by refining propensity scoring calculations to reflect dataset-specific characteristics. We evaluate our approach using neural models, specifically GRU4REC, and K-Nearest Neighbors (KNN)-based models on music and e-commerce datasets. GRU4REC is selected for its proven sequential model and computational efficiency, serving as a robust baseline against which we compare traditional methods. Our analysis of trend distributions reveals significant variations across datasets, and based on these insights, we propose a hierarchical approach that enhances model performance. Experimental results demonstrate substantial improvements over baseline models, providing a clear pathway for mitigating biases in session-based recommendation systems. © 2025 by the authors.","popularity stratified; propensity scoring; recommender system bias; session-based recommendation","","Article","All Open Access; Gold Open Access; Green Open Access","Scopus"
"An H.; Li W.; Yu Y.; Wang Z.","An, Haiyuan (59680436500); Li, Wenli (35272930800); Yu, Yahe (57219931442); Wang, Zhen (57859771200)","59680436500; 35272930800; 57219931442; 57859771200","Biases in online reviews: the default positive review rule and the conditional rebate strategy","2025","Internet Research","https://www.scopus.com/pages/publications/86000528604?origin=resultslist","School of Economics and Management, Dalian University of Technology, Dalian, China; Institute for Quantitative Economics and Statistics, Huaqiao University, Xiamen, China","An H., School of Economics and Management, Dalian University of Technology, Dalian, China; Li W., School of Economics and Management, Dalian University of Technology, Dalian, China; Yu Y., School of Economics and Management, Dalian University of Technology, Dalian, China; Wang Z., Institute for Quantitative Economics and Statistics, Huaqiao University, Xiamen, China","Purpose: This study examines how default bias, driven by the default positive review (DPR) rule – which automatically classifies reviews not provided by consumers within a specified period as positive – and rebate bias, associated with the conditional rebate strategy (CRS), where sellers offer rebates exclusively to consumers who submit positive reviews, distort the distribution of online product reviews over time and impact consumer satisfaction. Design/methodology/approach: A key aspect of our method lies in developing latent variable models that capture the relationship between biased online reviews and consumer satisfaction levels. By applying our models to a panel dataset from Taobao – a leading Chinese e-commerce platform – and using insights from online consumer feedback surveys, we assess the extent of the biases introduced by DPR and CRS in a given feedback system. A hierarchical regression model was employed to investigate the impact of the proposed biases on consumer satisfaction. Findings: Consumers who have previously written online reviews experience satisfaction outcomes 72.9% of the time with DPR and up to 81.3% when CRS is included. Implementing DPR may boost product sales to some extent, but it would significantly amplify consumer dissatisfaction, whereas offering a rebate could effectively alleviate consumer discontent, even though the rebate is conditional. Originality/value: Our findings reveal the extent of biases introduced by CRS and DPR in online reviews and inform the consumer satisfaction debate regarding the phenomenon of excessive positive reviews resulting from these practices. © 2025, Emerald Publishing Limited.","Biases; Conditional rebate strategy (CRS); Consumer satisfaction; Default positive review (DPR) rule; Fake reviews; Online reviews","","Article","","Scopus"
"Thilini Jayasinghe J.M.; Dassanayaka S.","Thilini Jayasinghe, J.M. (60023145400); Dassanayaka, Sachith (58885694000)","60023145400; 58885694000","Detecting deception: employing deep neural networks for fraudulent review detection on Amazon","2025","Neural Computing and Applications","https://www.scopus.com/pages/publications/105012203042?origin=resultslist","Department of Mathematics, University of Dayton, College Park, Dayton, 45469, OH, United States; Department of Mathematics and Computer Science, Wittenberg University, W Ward St, Springfield, 45504, OH, United States","Thilini Jayasinghe J.M., Department of Mathematics, University of Dayton, College Park, Dayton, 45469, OH, United States; Dassanayaka S., Department of Mathematics and Computer Science, Wittenberg University, W Ward St, Springfield, 45504, OH, United States","In the era of e-commerce dominance, an increase in fake reviews on online shopping platforms compromises the integrity of consumer feedback systems. This study focuses on Amazon, a leading e-commerce platform in the USA, where fake reviews have become a significant concern. Given the limited availability of authentic datasets for analysis, we propose a novel methodology to differentiate between genuine and fraudulent reviews across verified and non-verified purchases. Our approach utilizes the bootstrap distribution of cosine similarity values, providing a robust statistical foundation for review classification. We present a comprehensive framework integrating convolutional neural networks with word embedding and emotion-mining techniques through natural language processing, using a novel loss function. This multifaceted approach enhances detection accuracy and offers insights into the linguistic and emotional markers of fake reviews. Our method demonstrates exceptional performance, achieving an accuracy rate of over 96% in distinguishing fake reviews from user reviews. This study contributes to the growing research on online review authenticity and offers practical implications for e-commerce platforms, regulatory bodies, and consumers. This research aims to foster trust in online marketplaces and protect consumers from misleading information by providing a powerful tool for fake review detection. © The Author(s) 2025.","Amazon fake reviews; Bootstrap; Convolutional neural network; Cosine similarity; Natural language processing","Convolution; Convolutional neural networks; Deep neural networks; Electronic commerce; Fake detection; Linguistics; Online systems; Purchasing; Amazon fake review; Bootstrap; Commerce platforms; Convolutional neural network; Cosine similarity; E- commerces; Language processing; Natural language processing; Natural languages; Neural-networks; Natural language processing systems","Article","All Open Access; Hybrid Gold Open Access","Scopus"
"Nandankar S.; Sachan A.; Adhikari A.; Mukherjee A.","Nandankar, Sunil (57216892426); Sachan, Amit (59835426900); Adhikari, Arnab (57190621872); Mukherjee, Arindam (57193266753)","57216892426; 59835426900; 57190621872; 57193266753","Developing and validating e-marketplace service quality model in B2G e-commerce settings: a mixed-methods approach","2023","International Journal of Operations and Production Management","https://www.scopus.com/pages/publications/85150421581?origin=resultslist","Department of Operations Management, Indian Institute of Management, Ranchi, India; Department of Information Systems and Business Analytics, Indian Institute of Management, Ranchi, India","Nandankar S., Department of Operations Management, Indian Institute of Management, Ranchi, India; Sachan A., Department of Operations Management, Indian Institute of Management, Ranchi, India; Adhikari A., Department of Operations Management, Indian Institute of Management, Ranchi, India; Mukherjee A., Department of Information Systems and Business Analytics, Indian Institute of Management, Ranchi, India","Purpose: The research aims to qualitatively explore e-marketplace service quality (EMSQ) from the perspective of an industrial buyer as a sole decision-maker. It further intends to quantitatively examine its impact on the industrial buyer's perceived value (PV), overall satisfaction (SAT), and e-loyalty (ELOY) in the context of business-to-government (B2G) e-commerce. Design/methodology/approach: The research used an exploratory sequential mixed-method design. A qualitative exploratory study of EMSQ was conducted using a Straussian grounded theory (GT) technique, followed by an explanatory quantitative study using PLS-SEM to evaluate causal links between various research variables. Findings: In the area of e-services, the investigation found that the hierarchical structure of EMSQ encompasses six broadly applicable dimensions and one B2G context-specific dimension of the e-governance process quality. The study also reinforced previous research findings in the B2C and B2B e-commerce domains, highlighting that e-service quality positively impacts online buyer's PV, SAT and ELOY. Research limitations/implications: This research contributed to the area of e-service operations by developing and validating the EMSQ model in the B2G e-commerce settings. Further, it has opened up new research avenues in B2G e-commerce. Practical implications: The findings from this research highlighted that e-service operations managers should focus on usability, technological concerns, product/vendor quality concerns, customer support reliability, along with effective e-governance, ordering and logistics processes for e-business success. It also provides policymakers with guidelines for making B2G e-marketplaces sustainable. Originality/value: To the best of the author's knowledge, this is the first study employing the GT and PLS-SEM techniques to explore EMSQ from the viewpoint of industrial buyers in B2G e-commerce. The study contributed to prior literature by proposing and validating the hierarchical EMSQ model. © 2023, Emerald Publishing Limited.","B2B; B2G; E-commerce; E-marketplace; E-Service quality; Mixed-method","","Article","","Scopus"
"Zhao H.; Liu W.; Gao C.; Shi W.; Zhang Z.; Chen J.","Zhao, Hongbo (60161942200); Liu, Wei (60161850500); Gao, Congming (56310900200); Shi, Weining (58921346200); Zhang, Zhihong (55644004034); Chen, Jianfei (57212281958)","60161942200; 60161850500; 56310900200; 58921346200; 55644004034; 57212281958","HGAA: A Heterogeneous Graph Adaptive Augmentation Method for Asymmetric Datasets","2025","Symmetry","https://www.scopus.com/pages/publications/105020161100?origin=resultslist","Institute of Artificial Intelligence, Xiamen University, Xiamen, 361005, China; School of Informatics, Xiamen University, Xiamen, 361005, China; NARI Group Corporation, State Grid Electric Power Research Institute, Nanjing, 211106, China; State Grid Shandong Electric Power Company, Jinan, 250000, China","Zhao H., Institute of Artificial Intelligence, Xiamen University, Xiamen, 361005, China; Liu W., School of Informatics, Xiamen University, Xiamen, 361005, China, NARI Group Corporation, State Grid Electric Power Research Institute, Nanjing, 211106, China; Gao C., School of Informatics, Xiamen University, Xiamen, 361005, China; Shi W., School of Informatics, Xiamen University, Xiamen, 361005, China; Zhang Z., School of Informatics, Xiamen University, Xiamen, 361005, China; Chen J., State Grid Shandong Electric Power Company, Jinan, 250000, China","Edge intelligence plays an increasingly vital role in ensuring the reliability of distributed microservice-based applications, which are widely used in domains such as e-commerce, industrial IoT, and cloud-edge collaborative platforms. However, anomaly detection in these systems encounters a critical challenge: labeled anomaly data are scarce. This scarcity leads to severe class asymmetry and compromised detection performance, particularly under the resource constraints of edge environments. Recent approaches based on Graph Neural Networks (GNNs)—often integrated with DeepSVDD and regularization techniques—have shown potential, but they rarely address this asymmetry in an adaptive, scenario-specific way. This work proposes Heterogeneous Graph Adaptive Augmentation (HGAA), a framework tailored for edge intelligence scenarios. HGAA dynamically optimizes graph data augmentation by leveraging feedback from online anomaly detection. To enhance detection accuracy while adhering to resource constraints, the framework incorporates a selective bias toward underrepresented anomaly types. It uses knowledge distillation to model dataset-dependent distributions and adaptively adjusts augmentation probabilities, thus avoiding excessive computational overhead in edge environments. Additionally, a dynamic adjustment mechanism evaluates augmentation success rates in real time, refining the selection processes to maintain model robustness. Experiments were conducted on two real-world datasets (TraceLog and FlowGraph) under simulated edge scenarios. Results show that HGAA consistently outperforms competitive baseline methods. Specifically, compared with the best non-adaptive augmentation strategies, HGAA achieves an average improvement of 4.5% in AUC and 4.6% in AP. Even larger gains are observed in challenging cases: for example, when using the HGT model on the TraceLog dataset, AUC improves by 14.6% and AP by 18.1%. Beyond accuracy, HGAA also significantly enhances efficiency: compared with filter-based methods, training time is reduced by up to 71% on TraceLog and 8.6% on FlowGraph, confirming its suitability for resource-constrained edge environments. These results highlight the potential of adaptive, edge-aware augmentation techniques in improving microservice anomaly detection within heterogeneous, resource-limited environments. © 2025 by the authors.","anomaly detection; artificial intelligence; asymmetry learning; edge intelligence; Graph Neural Networks; training optimization","","Article","All Open Access; Gold Open Access","Scopus"
"Aldayel M.; Ykhlef M.","Aldayel, Mashael (55608201500); Ykhlef, Mourad (26647882500)","55608201500; 26647882500","A new sentiment case-based recommender","2017","IEICE Transactions on Information and Systems","https://www.scopus.com/pages/publications/85021719872?origin=resultslist","Information Technology Department, College of Computer and Information Sciences, King Saud University, Riyadh, Saudi Arabia; Information System Department, College of Computer and Information Sciences, King Saud University, Riyadh, Saudi Arabia","Aldayel M., Information Technology Department, College of Computer and Information Sciences, King Saud University, Riyadh, Saudi Arabia, Information System Department, College of Computer and Information Sciences, King Saud University, Riyadh, Saudi Arabia; Ykhlef M., Information System Department, College of Computer and Information Sciences, King Saud University, Riyadh, Saudi Arabia","Recommender systems have attracted attention in both the academic and the business areas. They aim to give users more intelligent methods for navigating and identifying complex information spaces, especially in e-commerce domain. However, these systems still have to overcome certain limitations that reduce their performance, such as overspecialization of recommendations, cold-start, and difficulties when items with unequal probability distribution exist. A novel approach addresses the above issues through a case-based recommendation methodology which is a form of content-based recommendation that is well suited to many product recommendation domains, owing to the clear organization of users' needs and preferences. Unfortunately, the experience-based roots of case-based reasoning are not clearly reflected in case-based recommenders. In other words, the concept that product cases, which are usually fixed feature-based tuples, are experiential is not adopted well in case-based recommenders. To solve this problem as well as the recommenders' rating sparsity issue, one can use product reviews which are generated from users' experience with the product a basis of product information. Our approach adapts the use of sentiment scores along with feature similarity throughout the recommendation unlike traditional case-based recommender systems, which tend to depend entirely on pure similarity-based approaches. This paper models product cases with the products' features and sentiment scores at the feature level and product level. Thus, combining user experience and similarity measures improves the recommender performance and gives users more flexibility to choose whether they prefer products more similar to their query or better qualified products. We present the results using different evaluation methods for different case structures, different numbers of similar cases retrieved and multilevel sentiment-approaches. The recommender performance was highly improved with the use of feature-level sentiment approach, which recommends product cases that are similar to the query but favored for customers.","Case-based reasoning (CBR); Case-based recommenders; Opinion mining; Recommenders","Electronic commerce; Probability distributions; Recommender systems; Case based; Casebased reasonings (CBR); Complex information; Content-based recommendation; Feature similarities; Opinion mining; Product recommendation; Recommenders; Case based reasoning","Article","All Open Access; Gold Open Access","Scopus"
"","","","2014 International Conference on Materials Science and Computational Engineering, ICMSCE 2014","2014","Advanced Materials Research","https://www.scopus.com/pages/publications/84902289858?origin=resultslist","","","The proceedings contain 1116 papers. The special focus in this conference is on Material Sciences, Computational Science Technology, Algorithms, Biological Engineering and Chemistry, Manufacturing and Industrial Technology, Electronics and Information Technology, Environmental Protection and Resource Development, Operations Research and Management Science. The topics include: Thermal oxidation mechanism of CuO nanowires and layered copper oxides structure; structure analysis and fabrication of binary colloid crystals; optimal number of contact angle measurements on pyrite surface; advances in high-purity alumina and resource distribution; alignment of electrospun nanofibers on folding foil; analysis of double hybrid medium absorbing microwave performance; dynamiclly functional materials based on hydrogen-bonded liquid crystals; effects of friction on constrained groove pressing of pure Al sheets; effects of temperature on crack propagation of nanocrystalline nickel; experimental study on the grinding rate with different grinding concentration of dahongshan copper; experimental study on the thermal stability of surfactant aqueous solutions; extract vanadium and molybdenum from spent catalyst; magnetic composite microspheres of cassava starch; measuring the W-J parameter of graphite via a pressure-jump method; plastic deformation at high temperature and processing map of AZ61 magnesium alloy; preparation process and performance of porous alumina ceramics; research and application of high-tech materials adapted in the sport training; research of epoxy resin modified by polyether imidazole ionic liquid; research on beneficiation of a copper sulphide ore In Yunnan; role of nitrite ions and natural organic matters as photosensitizers on photolysis of phenol; studies on the geometric and electronic structures of sic polytypes; study on properties of modified poplar wood; study on properties of modified poplar wood; synthesis of zinc phthalocyanine and its dimerization in DMF; the preparation of polysaccharide in froth flotation; the study on infrared radiation characteristics of textile materials; an investigation on explosive welding of bimetallic ribbed panel; design and fabrication of inkjet materials; a study on the explosive welding of three-layer panel; fault diagnosis of composite insulators based on the X-Ray; the study on magnetron sputtering rate of metal targets; the study of zinc doped in chitosan-hydrxyapatite composite; accelerating image pyramid on GPUs; research on fiber Bragg grating sensor technology; the harmonic suppression of DFIG; first-principles studies on electronic structures of ZnO; design of low-noise receiving amplifier circuit for laser proximity fuze; effects of temperature changes on the transmission spectra of tilted fiber Bragg grating; research of DSP-based automatic quasi-synchronization device; analysis of effect factors about shear lag in curved box girder under seismic loads; application of electrical energy saving technology in architectural engineering; development of bridge concealment engineering state detection technology; experimental research on bond behavior between recycled concrete and rebar; influencing factors of laws of bending force on railway bridge; numerical simulation analysis on the collapse of slope in iron mine; research on durability design of concrete structure under chloride environment; the analysis on failure characteristic of piled wharf system; the construction of the later poured band and quality control; the developing of query and analysis system for 3D digital city; the status of the full decoration residential and the systematic design; air material order optimization strategy based on aircraft availability; analysis and optimization of motor assembly process flow; calculation model for thermal crown of work roll in hot strip rolling; improvement of process capability in a multistep machining process; mechanical analysis of cycloid gear rod; pressure and flow stability for ultra-high pressure water jet system; the research of power matching optimization design for mini cars; injection mould design of mobile phone back shell; fabrication comparison of the SCS-based and SOI-based micromachining; analysis of ship renewable alternative energy sources; the analysis of single bus-bar connection and its switching operation; research on the priorities, challenges and risk factors of urban inhabitant health; medicinal material quality analysis and evaluation of Paris plant; application of PID controller for servo motors; design and implementation of elevator monitoring terminal; environmental art design of subway station; interaction factors effecting on gas heat of sectional straw gasifier; study on AFR control for a PFI air-cooled motorcycle engine; the design of a maintenance simulation system for lasers; the intelligent identification and control systems of vehicles drunk driving; servo control system of electrical discharge machining based on PMAC; a method to get template for ultrasonic inspection; measuring light based on sphere integrating engineering design; simulation of airborne electronic reconnaissance system based on HLA; the new design of globe valve virtual assembly design; a matrix completion based spectrum prediction scheme under incomplete data; application research of genetic neural network in speech recognition; the application of virtual reality technology in industrial design; a modified AODV to cope with marine mobile ad-hoc networks; effect of rotation of a high altitude platform on handover; ontology construction using multiple concept lattices; research on key technology of internet public sentiment; research on the deployment and configuration of IPv6 in campus network; technical analysis of the PLC access networks; the research on GNSS message synchronization method based on SOC; the study of the basically same convergence problem; blog topic detection based on the model; tourism planning and design of the proposed system of computer software; design of data acquisition module based on power line carrier; a new simple channel simulator based on FPGA; research on multimedia active service system of city sports park; research on the agent oriented software design engineering; computer aided sports technology in physical training; augmented reality based on mobile terminals; design of the software for wirelessly intercepting voices; construction of E-commerce information services platform in international trade; data mining and its application in modern animal husbandry; service and role oriented access control model; research on development of sports information management systems; the research and implementation of wireless channel multipath effect based on FPGA; the research of ad hoc network routing protocols; software engineering and software quality management; application of cloud technology in social science research; research on the application of video-feedback method in volleyball training; research on common virus properties in computer lab; the application of BIM technology to improve the installation accuracy of curtain; a new method of image fusion based on wavelet transform; accelerate Bregman MRI image reconstruction algorithm; computer animation process research; image background removal by contour feature; on improving path clearance optimization method for motion planning; peak feature extraction of target in SAR image; research on the algorithm of automatic urban traffic congestion identification; stereo vision based distance measurement and its application; the realization of real-time motion tracking algorithm based on FPGA; water surface floater clustering based on mean shift; a text location method for web images; compression method for good visual quality based on JPEG XR; football extraction method based on image segmentation algorithm; research on chaos theory improved evolutionary algorithm; moving object detection based on bionic compound eye; the frontier of route planning algorithm for UAV; data mining clustering algorithm research and application; power control optimization algorithm in cognitive radio network; saliency detection through nonlinear metric fusion; construction of evaluation system for risk investment institutions; economic management of enterprises in E-commerce environment; optimization and analysis of production plan of mechanical products; research on the development of China's social tourism; RFID based supply chain management information system; study on the sustainable development of private enterprises; the research of NBA sports culture communication strategy in China; analysis of road capacity based on traffic volatility models; identification and control of hazard in underground blasting; the research on the traffic rules of freeways; analysis of wellbore integrity system; an analysis of the surface wind field in Kangding airport; ecological effect of vegetation on the reservoir shore; recovery of silver and lead through reprocessing of lead tailings from Yunnan; research on phenolic wastewater treatment based on adsorption methods; study on industrial carbon emission of Qinhuangdao city; an empirical study of internet-based collaborative language learning in China; ecological design in network learning resources; reflections on the polymer material of the English language; research on teaching quality evaluation using data mining technique; the application analysis of imagery training in aerobics training; the application of multimedia technology in vocal music teaching; the research of mobile learning; design of stadium management ERP system; research on fall point control of badminton techniques training; office informatization in the new private universities and poetic dwelling art in information technology age.","","","Conference review","","Scopus"
"Gao C.","Gao, Chen (59697928900)","59697928900","Dual contrastive enhancement-based multimodal recommendation","2025","Proceedings of SPIE - The International Society for Optical Engineering","https://www.scopus.com/pages/publications/105014314085?origin=resultslist","Shue Yan University Hong Kong, 10 Hui Tsui Road, Braemar Hill, North Point, Hong Kong, 999077, Hong Kong","Gao C., Shue Yan University Hong Kong, 10 Hui Tsui Road, Braemar Hill, North Point, Hong Kong, 999077, Hong Kong","Multi-modal recommendation systems are widely applied in user service fields such as e-commerce and social platforms. They have become a key method to improve user experience and promote personalized recommendations. However, existing recommendation systems face challenges such as long tail distribution, data sparsity, and semantic mismatch between modalities. These challenges limit the accuracy and robustness of recommendations and reduce user satisfaction. To address these issues, a multi-modal recommendation system DCE-MMR is proposed based on dual contrastive enhancement in this paper. Firstly, we utilize intra-modal contrastive learning to improve the expression of item features. The impact of long tail distribution and data sparsity is reduced by item feature optimization with contrastive learning; Secondly, inter-modal contrastive learning is adopted to align the features of different modalities and address the problem of semantic misalignment between modalities. Finally, the features from different modalities are fused with Cross Attention mechanism to enhance the feature representation. Experiments were conducted on two recommendation datasets. The experimental results show that the proposed method has significant improvements compared to existing methods, especially in terms of recommendation accuracy for processing long tail data and sparse data.  © COPYRIGHT SPIE.","contrastive learning; cross attention; graph neural network; Multi-modal recommendation; personalized recommendation","Contrastive Learning; Data handling; Electronic commerce; Information management; Recommender systems; User experience; User interfaces; Cross attention; Data sparsity; E- commerces; Graph neural networks; Long-tail distribution; Multi-modal; Multi-modal recommendation; Personalized recommendation; User services; Users' experiences; Semantics","Conference paper","","Scopus"
"Hu L.; Cao L.; Cao J.; Gu Z.; Xu G.; Wang J.","Hu, Liang (57188765841); Cao, Longbing (8672631400); Cao, Jian (57218980017); Gu, Zhiping (37013360300); Xu, Guandong (8987733300); Wang, Jie (55742706500)","57188765841; 8672631400; 57218980017; 37013360300; 8987733300; 55742706500","Improving the quality of recommendations for users and items in the tail of distribution","2017","ACM Transactions on Information Systems","https://www.scopus.com/pages/publications/85022329028?origin=resultslist","Advanced Analytics Institute, University of Technology, Sydney, Australia; Department of Computer Science and Engineering, Shanghai Jiao Tong University, Shanghai, China; Department of Electronics Engineering, Shanghai Technical Institute of Electronic Information, Shanghai, China; Center for Sustainable Development and Global Competitiveness, Stanford University, United States","Hu L., Advanced Analytics Institute, University of Technology, Sydney, Australia; Cao L., Advanced Analytics Institute, University of Technology, Sydney, Australia; Cao J., Department of Computer Science and Engineering, Shanghai Jiao Tong University, Shanghai, China; Gu Z., Department of Electronics Engineering, Shanghai Technical Institute of Electronic Information, Shanghai, China; Xu G., Advanced Analytics Institute, University of Technology, Sydney, Australia; Wang J., Center for Sustainable Development and Global Competitiveness, Stanford University, United States","Short-head and long-tail distributed data are widely observed in the real world. The same is true of recommender systems (RSs), where a small number of popular items dominate the choices and feedback data while the rest only account for a small amount of feedback. As a result, most RS methods tend to learn user preferences from popular items since they account for most data. However, recent research in e-commerce and marketing has shown that future businesses will obtain greater profit from long-tail selling. Yet, although the number of long-tail items and users is much larger than that of short-head items and users, in reality, the amount of data associated with long-tail items and users is much less. As a result, user preferences tend to be popularity-biased. Furthermore, insufficient data makes long-tail items and users more vulnerable to shilling attack. To improve the quality of recommendations for items and users in the tail of distribution, we propose a coupled regularization approach that consists of two latent factor models: C-HMF, for enhancing credibility, and S-HMF, for emphasizing specialty on user choices. Specifically, the estimates learned from C-HMF and S-HMF recurrently serve as the empirical priors to regularize one another. Such coupled regularization leads to the comprehensive effects of final estimates, which produce more qualitative predictions for both tail users and tail items. To assess the effectiveness of our model, we conduct empirical evaluations on large real-world datasets with various metrics. The results prove that our approach significantly outperforms the compared methods. © 2017 ACM.","Long tail; Multi-objective learning; Recommender systems; Recurrent mutual regularization; Trust and reputation systems","Electronic commerce; Recommender systems; Empirical evaluations; Long tail; Multi-objective learning; Qualitative predictions; Quality of recommendations; Recurrent mutual regularization; Regularization approach; Trust and reputation systems; Education","Article","All Open Access; Green Open Access","Scopus"
"Gao W.","Gao, Wanli (57336829000)","57336829000","Intelligent Prediction Algorithm of Cross-Border E-Commerce Logistics Cost Based on Cloud Computing","2021","Scientific Programming","https://www.scopus.com/pages/publications/85118985485?origin=resultslist","Economics and Management School, Jilin Agricultural Science and Technology University, Jilin, 132101, China","Gao W., Economics and Management School, Jilin Agricultural Science and Technology University, Jilin, 132101, China","Cross-border e-commerce logistics cost prediction algorithm does not consider logistics distribution scheduling, and logistics information interchange is not enough, which leads to confusion of logistics cost parameters and large deviation. Therefore, an intelligent prediction algorithm of cross-border e-commerce logistics cost based on cloud computing is designed. Introduce cloud computing platforms, optimize the scheduling of cross-border e-commerce logistics distribution tasks, and select the targets for the scheduling of cross-border e-commerce logistics distribution tasks from the aspects such as the shortest waiting time required by customers, the degree of resource load balance, and the costs consumed in completing cross-border e-commerce logistics distribution tasks, and design logistics scheduling process. On this basis, the logistics distribution data are classified, the association rules between the data are mined, and the monitoring of abnormal values in the cost forecasting process is completed. In order to eliminate the interference caused by the difference of different cost management interval, the function value is calculated by weighted Euclidean distance. Design feedback forecast mechanism to realize intelligent forecast algorithm of cross-border e-commerce logistics cost. Experimental results show that the proposed algorithm has better accuracy of cross-border e-commerce logistics cost prediction and higher completion rate of logistics tasks. © 2021 Wanli Gao.","","Cloud computing; Costs; Electronic commerce; Forecasting; Cloud-computing; Cost prediction; Cross-border; Distribution logistics; Distribution scheduling; E- commerces; Intelligent prediction; Logistic costs; Logistic distributions; Prediction algorithms; Scheduling","Retracted","All Open Access; Green Open Access; Hybrid Gold Open Access","Scopus"
"Zhao X.; Xia L.; Zou L.; Liu H.; Yin D.; Tang J.","Zhao, Xiangyu (57199991626); Xia, Long (57043990000); Zou, Lixin (57193339041); Liu, Hui (59060923500); Yin, Dawei (35759826200); Tang, Jiliang (56245477300)","57199991626; 57043990000; 57193339041; 59060923500; 35759826200; 56245477300","Whole-Chain Recommendations","2020","International Conference on Information and Knowledge Management, Proceedings","https://www.scopus.com/pages/publications/85095866402?origin=resultslist","Michigan State University, East Lansing, United States; York University, Toronto, ON, Canada; Baidu Inc., Beijing, China; Baidu, Beijing, China","Zhao X., Michigan State University, East Lansing, United States; Xia L., York University, Toronto, ON, Canada; Zou L., Baidu Inc., Beijing, China; Liu H., Michigan State University, East Lansing, United States; Yin D., Baidu, Beijing, China; Tang J., Michigan State University, East Lansing, United States","With the recent prevalence of Reinforcement Learning (RL), there have been tremendous interests in developing RL-based recommender systems. In practical recommendation sessions, users will sequentially access multiple scenarios, such as the entrance pages and the item detail pages, and each scenario has its specific characteristics. However, the majority of existing RL-based recommender systems focus on optimizing one strategy for all scenarios or separately optimizing each strategy, which could lead to sub-optimal overall performance. In this paper, we study the recommendation problem with multiple (consecutive) scenarios, i.e., whole-chain recommendations. We propose a multi-agent RL-based approach (DeepChain), which can capture the sequential correlation among different scenarios and jointly optimize multiple recommendation strategies. To be specific, all recommender agents (RAs) share the same memory of users' historical behaviors, and they work collaboratively to maximize the overall reward of a session. Note that optimizing multiple recommendation strategies jointly faces two challenges in the existing model-free RL model - (i) it requires huge amounts of user behavior data, and (ii) the distribution of reward (users' feedback) are extremely unbalanced. In this paper, we introduce model-based RL techniques to reduce the training data requirement and execute more accurate strategy updates. The experimental results based on a real e-commerce platform demonstrate the effectiveness of the proposed framework. © 2020 ACM.","multi-agent; recommender system; reinforcement learning","Behavioral research; Electronic commerce; Multi agent systems; Recommender systems; Reinforcement learning; Model-based OPC; Multi agent; Practical recommendation; Recommendation strategies; Recommender agent; Sequential correlations; Training data; User behaviors; Knowledge management","Conference paper","All Open Access; Green Open Access","Scopus"
"Zhao X.; Huang C.; Pan H.","Zhao, Xu (57030728600); Huang, Chuanchao (57189222586); Pan, Hufei (57196079591)","57030728600; 57189222586; 57196079591","Online comments of multi-category commodities based on emotional tendency analysis","2019","Cluster Computing","https://www.scopus.com/pages/publications/85042591537?origin=resultslist","College of Economic & Management, China Three Gorges University, Yichang, 443002, China; Post-Doctoral Scientific Research Workstation, China Merchants Bank, Shenzhen, 518040, China","Zhao X., College of Economic & Management, China Three Gorges University, Yichang, 443002, China; Huang C., Post-Doctoral Scientific Research Workstation, China Merchants Bank, Shenzhen, 518040, China; Pan H., College of Economic & Management, China Three Gorges University, Yichang, 443002, China","As the promotion competition of comprehensive e-commerce platforms becomes increasingly keener, this paper aims at finding the differences and key elements of consumer perceptions of different products from the perspective of category subdivision, and exploring the transformation mechanism between text comments and graded comments in order for accurate recommendation of products. First online commodities were generally divided into six categories; and the dictionary-based method was employed to calculate the emotional distribution of each category; then the key factors affecting user experience were identified through word frequency analysis; next, by adjusting emotion intensity and emotion weights, the correlation between text comment and graded comment was studied; finally, the prediction model was built for grade correction. Significant differences exist in the emotional perceptions of consumers whose concerns have similar dimensions but different degrees. Text comments are correlated with graded comments, but deviation between the two occurs with external interference. Adjustment of emotion intensity and emotion weight has an impact on the comprehensive emotion value of products, based on which the recommendation sequencing can be optimized. © 2018, Springer Science+Business Media, LLC, part of Springer Nature.","Emotion analysis; Emotion weight; Multi-category products; Online comments","Computer networks; Software engineering; Consumer perception; Emotion analysis; Emotion weight; External interference; Multi-category products; Online comments; Transformation mechanisms; Word frequency analysis; Behavioral research","Article","","Scopus"
"Zhong Y.","Zhong, Yiwei (58940001000)","58940001000","SENTIMENT ANALYSIS OF PRODUCT REVIEWS BASED ON BERT_BILSTM MODEL","2024","IET Conference Proceedings","https://www.scopus.com/pages/publications/85216631559?origin=resultslist","Maynooth International College of Engineering, Fuzhou University, Fujian, Fuzhou, 350000, China","Zhong Y., Maynooth International College of Engineering, Fuzhou University, Fujian, Fuzhou, 350000, China","With the development of the times and the advancement of technology, e-commerce formed by combining shopping and the Internet has become more and more important, and in just a few decades, people's daily lives have become inseparable from online shopping. Using the Internet to shop has become one of the main shopping methods today. In the process of using online shopping, consumer reviews often determine whether people will buy the relevant products and services. At the same time, consumer products also serve as an important indicator that allows companies to understand product defects and user satisfaction. However, due to the popularity of online shopping, the number of consumer reviews is huge and customers must invest a great deal of time and effort to get useful information from them. This research suggests a bidirectional encoder representations from transformers with bidirectional long short-term memory (BERT_BiLSTM) model-based sentiment analysis approach to address the associated issues. Throughout the study, streamlined Amazon reviews obtained on kaggle were used as a dataset with a sample size of 4 million with both positive and negative labels. First, adjust the trained bidirectional encoder representations from transformers (BERT) model, and the classification process was performed using a Bi-directional Long Short-Term Memory, resulting in a validation set with a stable accuracy of 0.86. The outcomes of the experiment demonstrate that the BERT_BiLSTM model is significantly improved in accuracy and f1 scores in contrast to the Bidirectional Encoder Representations from Transformers with Recurrent Neural Network and BERT models, and when compared to the Bidirectional Encoder Representations from Transformers with Long Short-Term Memory model, accuracy and f1 scores consistently increase. © The Institution of Engineering & Technology 2024.","BERT_BILSTM; NATURAL LANGUAGE PROCESSING; PRODUCT REVIEWS; SENTIMENT ANALYSIS","Customer satisfaction; Distribution transformers; Natural language processing systems; Network coding; Sales; Bidirectional encoder representation from transformer_BILSTM; Consumer reviews; Language processing; NATURAL LANGUAGE PROCESSING; Natural languages; Online shopping; Product reviews; Sentiment analysis; Short term memory; Transformer modeling; Long short-term memory","Conference paper","","Scopus"
"Abdul-Jabbar S.S.; Farhan A.K.","Abdul-Jabbar, Safa S. (57447951800); Farhan, Alaa K. (57195385426)","57447951800; 57195385426","Secure QR-Code Generation in Healthcare","2023","Karbala International Journal of Modern Science","https://www.scopus.com/pages/publications/85164824119?origin=resultslist","Computer Science Department, College of Science for Women, University of Baghdad, Baghdad, Iraq; Computer Science Department, University of Technology, Baghdad, Iraq","Abdul-Jabbar S.S., Computer Science Department, College of Science for Women, University of Baghdad, Baghdad, Iraq, Computer Science Department, University of Technology, Baghdad, Iraq; Farhan A.K., Computer Science Department, University of Technology, Baghdad, Iraq","QR codes have become ubiquitous across several industries, including e-commerce, education, and healthcare. In the healthcare sector, QR codes are increasingly used to relay essential information regarding medical products, patient history, and healthcare education. In addition, QR codes have proven to help secure and preserve patient records during transmissions. This paper aims to develop and analyze the implementation of QR code technology for healthcare applications. The proposed approach involves generating a unique QR code for each patient's information, facilitating data transmission between nodes such as hospitals. With its small size, the QR code provides a simple solution to transfer patient records, reducing internet capacity requirements and minimizing latency. The proposed system utilizes advanced techniques such as Diffie Hellman and logistic map for key generation and distribution, hash algorithm and Lorenz equation for key mask generation, the salting algorithm for data integrity, DNA encoding, and Huffman Algorithm for data coding. The proposed system's usability was tested with 366 patient records, and the results indicate that 99.76% of data was saved with a compression ratio of 416.8 for each patient record. Moreover, the comparative analysis demonstrated that the proposed strategy outperforms other data capacity, security, and integrity methods. Overall, the proposed system can revolutionize data transmission and security in the healthcare sector, ensuring the safety and confidentiality of patient records. © 2023 University of Kerbala.","Chaos systems; DNA Coding; Huffman coding; Patient records; QR-Codes; Quick response codes","","Article","All Open Access; Gold Open Access","Scopus"
"","","","Sustainable e-Business Management - 16th Americas Conference on Information Systems, AMCIS 2010, SIGeBIZ Track, Selected Papers","2010","Lecture Notes in Business Information Processing","https://www.scopus.com/pages/publications/84911356172?origin=resultslist","","","The proceedings contain 13 papers. The topics discussed include: dynamic revenue model design in the online services business: two cases in Japan; pricing of content services - an empirical investigation of music as a service; informational determinants of customer acquisition and eTailer revenue; adoption of a centralised post-trade processing market infrastructure after the credit crisis; the impact of information technology on European post-trading; privately waiting - a usability analysis of the Tor anonymity network; e-commerce readiness in Ethiopia: a macro-level assessment; agent-based simulation for evaluation of a mobile emergency management system; using ontologies in an e-commerce environment: help or hype?; B2B electronic marketplaces in supply chain management: analyzing recent research activities; proximal business intelligence on the semantic web; and disintermediation in the tourism industry: theory vs. practice.","","","Conference review","","Scopus"
"Kahalimoghadam M.; Thompson R.G.; Rajabifard A.","Kahalimoghadam, Masoud (57224501955); Thompson, Russell G. (56754264400); Rajabifard, Abbas (6603307682)","57224501955; 56754264400; 6603307682","Self-adaptive metaheuristic-based emissions reduction in a collaborative vehicle routing problem","2024","Sustainable Cities and Society","https://www.scopus.com/pages/publications/85195857470?origin=resultslist","Department of Infrastructure Engineering, Faculty of Engineering and IT, The University of Melbourne, Parkville, Australia","Kahalimoghadam M., Department of Infrastructure Engineering, Faculty of Engineering and IT, The University of Melbourne, Parkville, Australia; Thompson R.G., Department of Infrastructure Engineering, Faculty of Engineering and IT, The University of Melbourne, Parkville, Australia; Rajabifard A., Department of Infrastructure Engineering, Faculty of Engineering and IT, The University of Melbourne, Parkville, Australia","Global climate change-related initiatives such as the 2015 Paris Agreement have highlighted the necessity of sustainable transportation. Nevertheless, the rapid growth of e-commerce has notably escalated vehicle kilometres travelled (VKT) and CO2 emissions within cities, posing a direct challenge to sustainability initiatives. To address these challenges, this study formulates a collaborative multi-depot green vehicle routing problem. This model utilises micro-consolidation centres (MCCs) as shared hubs alongside a microscopic approach linking emission rates to vehicle and route characteristics, in order to assess MCCs' effectiveness in reducing CO2 emissions. Introduced here is an innovative self-adaptive metaheuristic algorithm hybridising intelligent water drops and simulated annealing. This methodology differs from established approaches by incorporating a feedback control system that actively monitors the algorithm's performance and convergence towards the global minimum solution. Through continuous adjustments to algorithm parameters via a feedback loop, this methodology strikes a balance between exploitation and exploration. The algorithm is tested in a context-specific approach, first applying it to the Cordeau benchmark and comparing it with previous state-of-the-arts, followed by a case study comparing the collaborative network to an independent one. This approach achieves 43 % and 25 % reductions in VKT and emissions, respectively, enhancing urban logistics networks' efficiency and sustainability. © 2024 The Author(s)","Comprehensive Modal Emission Model; Hybrid metaheuristics algorithm; Knowledge-based systems; MDVRP; Multi-objective programming; Network distribution design","Adaptive control systems; Carbon dioxide; Climate change; Emission control; Feedback control; Global optimization; Multiobjective optimization; Simulated annealing; Sustainable development; Vehicle routing; CO 2 emission; Comprehensive modal emissions modeling; Hybrid metaheuristic algorithms; Knowledge-based systems; MDVRP; Multiobjective programming; Network distribution design; Network distributions; Vehicle Routing Problems; Vehicle-kilometer-travelled; algorithm; carbon dioxide; carbon emission; emission control; knowledge based system; logistics; routing; transport vehicle; urban planning; Knowledge based systems","Article","All Open Access; Hybrid Gold Open Access","Scopus"
"Tasgetiren N.; Safak I.; Aktas M.S.","Tasgetiren, Nail (57226315570); Safak, Ilgin (58706471600); Aktas, Mehmet S. (8410237700)","57226315570; 58706471600; 8410237700","An Event Frequency-Inverse Session Frequency Based Weighting Mechanism for Data Embedding Methodologies","2025","Software - Practice and Experience","https://www.scopus.com/pages/publications/85215764318?origin=resultslist","R&D Center, Hepsiburada, Istanbul, Turkey; R&D Center, Fibabanka, Istanbul, Turkey; Computer Engineering Department, Yildiz Technical University, Istanbul, Turkey","Tasgetiren N., R&D Center, Hepsiburada, Istanbul, Turkey; Safak I., R&D Center, Fibabanka, Istanbul, Turkey; Aktas M.S., Computer Engineering Department, Yildiz Technical University, Istanbul, Turkey","Context: With the rapid increase in data complexity and volume, analyzing and understanding large-scale datasets has become a critical challenge, especially in domains like e-commerce. This paper addresses this challenge by introducing a novel business process that utilizes an event frequency-inverse session frequency (EF-ISF) based weighting mechanism for embedding user navigational behavior in e-commerce websites. Objective: The primary research problem tackled in this study is the detection of patterns and distributions within user behavior data, which is often complicated by dynamic page content and session sparsity. We aim to enhance the interpretability and accuracy of user behavior analysis by integrating EF-ISF with various embedding techniques, including Word2Vec, Node2Vec, DeepWalk, Struc2Vec, and LSTM Autoencoder. Methodology: Our approach is particularly effective in datasets where page refreshes lead to event repetitions, where sequential events with temporal dependencies are prevalent, and where event distributions across sessions are sparse. By applying this methodology across multiple e-commerce datasets, we observe consistent performance in clustering quality, successfully detecting underlying patterns and groups within the data. Results: A prototype implementation demonstrates the practical utility of the proposed method, with evaluation metrics confirming that EF-ISF weighting not only enhances the embeddings but also facilitates a more nuanced and significant segmentation of users' browsing behaviors. Conclusion: These findings provide a valuable contribution to the field of e-commerce data analytics, offering businesses a refined approach to optimizing user experience and engagement through a deeper understanding of user behavior patterns. This methodology can significantly improve the quality of insights derived from user behavior data, ultimately leading to better decision-making and enhanced user satisfaction. © 2025 John Wiley & Sons Ltd.","clickstream data; Deepwalk; E-commerce; embedding; frequency-based weighting; LSTM autoencoder; Node2vec; Struc2vec; user navigational behavior; Word2vec","Data Analytics; Embeddings; Inverse problems; Large datasets; Auto encoders; Clickstream data; Deepwalk; Embeddings; Frequency-based weighting; LSTM autoencoder; Node2vec; Struc2vec; User navigational behavior; Word2vec; Spatio-temporal data","Article","All Open Access; Bronze Open Access","Scopus"
"Aljohani K.","Aljohani, Khalid (57192013650)","57192013650","Optimizing the Distribution Network of a Bakery Facility: A Reduced Travelled Distance and Food-Waste Minimization Perspective","2023","Sustainability (Switzerland)","https://www.scopus.com/pages/publications/85149278317?origin=resultslist","Department of Industrial Engineering, University of Jeddah, Jeddah, 23890, Saudi Arabia","Aljohani K., Department of Industrial Engineering, University of Jeddah, Jeddah, 23890, Saudi Arabia","There are many logistics nuances specific to bakery factories, making the design of their distribution network especially complex. In particular, bakery products typically have a shelf life of under a week. To ensure that products are delivered to end-customers with freshness, speed, quality, health, and safety prioritized, the distribution network, facility location, and ordering system must be optimally designed. This study presents a multi-stage framework for a bakery factory comprised of a selection methodology of an optimum facility location, an effective distribution network for delivery operations, and a practical ordering system used by related supply chain actors. The operations function and distribution network are optimized using a multi-criteria decision-making method comprised of the Analytic Hierarchy Process (AHP) to establish optimization criteria and Technique of Order Preference Similarity to the Ideal Solution (TOPSIS) to select the optimal facility location. The optimal distribution network strategy was found using an optimization technique. This framework was applied to a real-life problem for a bakery supply chain in the Western Region, Saudi Arabia. Using a real-life, quantitative dataset and incorporating qualitative feedback from key stakeholders in the supply chain, the developed framework enabled a reduction in overall distribution costs by 14%, decreasing the total travel distance by 16%, and decreasing estimated food waste by 22%. This result was primarily achieved by solving the facility location problem in favor of operating two factories without dedicated storage facilities and implementing the distribution network strategy of direct shipment of products from the bakery to customers. © 2023 by the author.","facility location decisions; food distribution; food supply chains; food waste; multi-criteria decision-making method; urban distribution","Ghana; Saudi Arabia; Western Region; facility location; food supply; food waste; network analysis; optimization; strategic approach; supply chain management","Article","All Open Access; Gold Open Access; Green Open Access","Scopus"
"Purba M.R.; Akter M.; Ferdows R.; Ahmed F.","Purba, Mahbuba Rahman (57995863500); Akter, Moniya (57996476100); Ferdows, Rubayea (57461468600); Ahmed, Fuad (57461610000)","57995863500; 57996476100; 57461468600; 57461610000","A hybrid convolutional long short-term memory (CNN-LSTM) based natural language processing (NLP) model for sentiment analysis of customer product reviews in Bangla","2022","Journal of Discrete Mathematical Sciences and Cryptography","https://www.scopus.com/pages/publications/85143489350?origin=resultslist","Department of Computer Science and Engineering, International University of Business Agriculture and Technology (IUBAT), 4 Embankment Drive Road, Sector 10 Uttara Model Town, Dhaka, 1230, Bangladesh; Department of Computer Science and Engineering, International University of Business Agriculture and Technology (IUBAT), 4 Embankment Drive Road, Sector 10 Uttara Model Town, Dhaka, 1230, Bangladesh; Department of Computer Science and Engineering, International University of Business Agriculture and Technology (IUBAT), 4 Embankment Drive Road, Sector 10 Uttara Model Town, Dhaka, 1230, Bangladesh; Department of Computer Science and Engineering, Islamic University of Technology (IUT), Boardbazar, Gazipur, Bangladesh","Purba M.R., Department of Computer Science and Engineering, International University of Business Agriculture and Technology (IUBAT), 4 Embankment Drive Road, Sector 10 Uttara Model Town, Dhaka, 1230, Bangladesh; Akter M., Department of Computer Science and Engineering, International University of Business Agriculture and Technology (IUBAT), 4 Embankment Drive Road, Sector 10 Uttara Model Town, Dhaka, 1230, Bangladesh; Ferdows R., Department of Computer Science and Engineering, International University of Business Agriculture and Technology (IUBAT), 4 Embankment Drive Road, Sector 10 Uttara Model Town, Dhaka, 1230, Bangladesh; Ahmed F., Department of Computer Science and Engineering, Islamic University of Technology (IUT), Boardbazar, Gazipur, Bangladesh","Sentiment Analysis (SA) examines how people feel about products, services, people, organizations, events etc. Most of the Natural language processing on SA research has focused on English. In the case of Bangla, it lacks sufficient study as well as a proper dataset. All previous analyses employed KNN, NB, and other methods. We develop a natural language processing (NLP) model for separating opinion and sentiment from Bangla customer surveys. This technology isolates extreme client opinions to help with business and marketing decisions. Bangladesh is embracing e-commerce and f-commerce. Client comments and evaluations are becoming more significant in judging product or service quality, and this industry is evolving toward internet distribution. Organizations utilize client audits to check product quality. Our objective is to systematically collect client feedback and understand their product reaction. We used a hybrid CNN-LSTM based NLP model to classify Bangla texts in 3 viewpoint categories (positive, negative and neutral). We tested our model using a Bangla dataset that we generated. For our dataset, we collected polls and comments from websites and social media. Finally, among the three evaluation matrices, the f-1 score is providing the highest average, and the three-opinion technique is 87.22 percent accurate in determining the performance of our task. © 2022 Taru Publications.","Bangla sentiment analysis; Customer review analysis; Hybrid CNN-LSTM architecture; NLP; Opinion mining; Primary 65C99; Secondary 62K99","","Article","","Scopus"
"Giurca A.; Diaconescu I.-M.; Pascalau E.; Wagner G.","Giurca, Adrian (23392875800); Diaconescu, Ion-Mircea (24478250700); Pascalau, Emilian (22035512600); Wagner, Gerd (55469758400)","23392875800; 24478250700; 22035512600; 55469758400","On the foundations of web-based registries for business rules","2008","Studies in Computational Intelligence","https://www.scopus.com/pages/publications/51849149469?origin=resultslist","Brandenburg University of Technology, Brandenburg, Germany","Giurca A., Brandenburg University of Technology, Brandenburg, Germany; Diaconescu I.-M., Brandenburg University of Technology, Brandenburg, Germany; Pascalau E., Brandenburg University of Technology, Brandenburg, Germany; Wagner G., Brandenburg University of Technology, Brandenburg, Germany","In the last eight years, registries for e-business, such as ebXML or UDDI, enabling enterprise of any size and in any geographical location to conduct their businesses on the World Wide Web, were developed. Applications in domains such as insurance (for example, insurance rating), financial services (loans, claims routing and management, fraud detection), government (tax calculations), telecom customer (care and billing), e-commerce (personalizing the user's experience, recommender systems, auctions), and so on benefit greatly from using rule engines. Therefore, sharing rulesets becomes a necessity for many B2B businesses. This work presents a basic architecture of building a Web-based registry for rules. The main goal of the registry is to allow rulesets discovery. Registry entries contain both required ruleset related data (such as ruleset URI or properties describing their intended scope) and optional metadata covering additional properties such as last modified date. © 2008 Springer-Verlag Berlin Heidelberg.","","","Conference paper","","Scopus"
"Sheldon F.T.; Jerath K.; Pilskalns O.; Kwon Y.-J.; Kim W.-H.; Chung H.","Sheldon, F.T. (7006468020); Jerath, K. (6603129977); Pilskalns, O. (13613355900); Kwon, Young-Jik (56281116800); Kim, Woo-Hun (57184596300); Chung, Hong (55463569500)","7006468020; 6603129977; 13613355900; 56281116800; 57184596300; 55463569500","Case study: B2B e-commerce system specification and implementation employing use-case diagrams, digital signatures and XML","2002","Proceedings - 4th International Symposium on Multimedia Software Engineering, MSE 2002","https://www.scopus.com/pages/publications/84961226637?origin=resultslist","Oak Ridge National Laboratory, United States; School of Electrical Engineering and Computer Science, Washington State University, United States; School of Computers and Communication, Taegu University, South Korea; Department of Computer Engg., Keimyung University, South Korea","Sheldon F.T., Oak Ridge National Laboratory, United States; Jerath K., School of Electrical Engineering and Computer Science, Washington State University, United States; Pilskalns O., School of Electrical Engineering and Computer Science, Washington State University, United States; Kwon Y.-J., School of Computers and Communication, Taegu University, South Korea; Kim W.-H., School of Computers and Communication, Taegu University, South Korea; Chung H., Department of Computer Engg., Keimyung University, South Korea","This paper presents a case study highlighting the best practices for designing and developing a B2B e-commerce system. We developed a remote order-and-delivery Web-based system for an auto-parts manufacturing company. The system requirements were determined by interviewing employee stakeholders. An initial scenario of the system was prototyped and refined until the users and developers were satisfied. A formalized specification of the requirements employing use-case diagrams and based on event flow was developed and coded using XML. This helped keep the documentation simple and clear. Testing was performed at the component level allowing for feedback to previous steps when errors appeared. Digital signatures were employed for implementing security. The end product enabled a reduction in the processing time of transactions, reduced processing cost, improved accuracy, efficiency, reliability, and security of transmitted data; and our strategy shortened the system development life cycle. © 2002 IEEE.","","Authentication; Commerce; Electronic commerce; Network security; Software engineering; Specifications; XML; Component levels; Formalized specifications; Manufacturing companies; Processing costs; System development life cycles; System requirements; Use case diagram; Web-based system; Life cycle","Conference paper","","Scopus"
"","","","2010 2nd International Conference on E-Business and Information System Security, EBISS2010","2010","2010 2nd International Conference on E-Business and Information System Security, EBISS2010","https://www.scopus.com/pages/publications/77954400666?origin=resultslist","","","The proceedings contain 171 papers. The topics discussed include: design of a software watermarking algorithm based on register allocation; coupled chaotic tent map lattices system with uniform distribution; gait recognition using fuzzy principal component analysis; an intrusion detection approach based on system call sequences and rules extraction; group-oriented anti-collusion fingerprint based on BIBD code; evaluation and selection of distributors based on artificial neural network; a high capacity information hiding algorithm in color image; study on logistics distribution simulation based on system dynamics; privacy-preserving segment-ellipse intersect-determination protocol; modeling product feature usability through web mining; a flexible extension of WSDL to describe nonfunctional attributes; application of improved support vector machines in intrusion detection; and efficient analysis of informative advertising strategy in e-commerce platforms.","","","Conference review","","Scopus"
"Goodarzian F.; Abraham A.; Ghasemi P.","Goodarzian, Fariba (57208797688); Abraham, Ajith (7202760099); Ghasemi, Peiman (57190337049)","57208797688; 7202760099; 57190337049","Key success factors for blockchain implementation in supply chain management","2022","Blockchain in a Volatile-Uncertain-Complex-Ambiguous World","https://www.scopus.com/pages/publications/85150081070?origin=resultslist","Machine Intelligence Research Labs (MIR Labs), Scientific Network for Innovation and Research Excellence, Auburn, WA, United States; Engineering Group, School of Engineering, University of Seville, Camino de los Descubrimientos s/n, Seville, Spain; Department of Logistics, Tourism & Service Management, German University of Technology in Oman (GUtech), Muscat, Oman","Goodarzian F., Machine Intelligence Research Labs (MIR Labs), Scientific Network for Innovation and Research Excellence, Auburn, WA, United States, Engineering Group, School of Engineering, University of Seville, Camino de los Descubrimientos s/n, Seville, Spain; Abraham A., Machine Intelligence Research Labs (MIR Labs), Scientific Network for Innovation and Research Excellence, Auburn, WA, United States; Ghasemi P., Department of Logistics, Tourism & Service Management, German University of Technology in Oman (GUtech), Muscat, Oman","Blockchain is a revolutionary computing paradigm that provides a unique opportunity to transfer value over the Internet. Blockchain is a globally distributed general ledger that enables the transfer of assets in a matter of seconds around the world at a very low transaction cost. The value of these assets can be expressed in terms of any value that can be presented digitally. In summary, the supply chain faces problems such as complex network connectivity, inventory management, distribution network regulation, distribution strategy, information flow, and financial transactions. Also, using blockchain benefits are divided into several factors such as reducing or eliminating fraud and errors, improving inventory management, reducing transportation costs, reducing paperwork delays, faster identification of issues, increasing consumer and partner trust, reducing transaction costs, decentralization capability, increasing security, and flexibility of business operations. The key factors affecting the implementation of blockchain for Supply Chain (SC) management can be divided into four groups including (i) growth and innovation: (development of timely delivery capabilities in the system, development of reliable suppliers, and development of ordering systems (reduction of delays, timely delivery, and reduction and elimination of errors)), (ii) financial performance: (providing dedicated resources for the electronic supply chain, forecast demand at the point of sale and improve inventory management and reduce transportation costs), (iii) internal performance of the organization: (support of senior managers, logistics coordination, utilize of modern technology, information sharing with SC members, high flexibility in the production system, focus on strengths and long-term vision for growth and survival), and (iv) customer service and satisfaction: (development and increase of customer trust, development of increase of customer loyalty and reduction of customer complaints). © 2023 Elsevier Inc. All rights reserved.","Blockchain; Decentralization; Flexibility; Supply chain management","","Book chapter","","Scopus"
"Arora A.; Sharma M.; Bhaskaran S.","Arora, Ankur (57211335340); Sharma, Manka (57211339753); Bhaskaran, Suku (59823153400)","57211335340; 57211339753; 59823153400","Blockchain Technology Transforms E-Commerce for Enterprises","2020","Communications in Computer and Information Science","https://www.scopus.com/pages/publications/85087158955?origin=resultslist","GD Goenka University, Gurugram, India","Arora A., GD Goenka University, Gurugram, India; Sharma M., GD Goenka University, Gurugram, India; Bhaskaran S., GD Goenka University, Gurugram, India","Blockchain is an emerging technology and gaining an attraction in businesses. The use of Blockchain technology will ease the processes of businesses and industries. It can be characterized as one of the most important predominant topics nowadays. The issues in Blockchain like privacy, security, and risk are always debatable. It has already transformed many individuals’ lifestyle and companies due to inordinate influence on industries and businesses. The features of blockchain technology guarantee to be more reliable and also expedite the services. It is important to consider the privacy and security issues in this research paper. It also discusses the challenges behind the innovative technology to transform the enterprises. There are several studies focuses on utilizing the blockchain data structure in various B2B and B2C applications. This paper includes the various aspects of trust has been examined at different dimensions. The dimensions of trust can be studied are based at different levels such as foundation, performance, process and purpose. Furthermore, It can delve the model that how the Blockchain technology can adapt in obtaining the trust level by incorporating various factors such as Security, Privacy, Brand Name, Usability, Reliability, Availability, Reputation, Third Party, Risk, Quality, Look and Feel. The use of block chain can transform ecommerce as there are many processes that can be automated and blockchain implementation can help the ecommerce application in the better way as they are working currently. © 2020, Springer Nature Singapore Pte Ltd.","Blockchain; Dimensions; Ecommerce application; Enterprises; Privacy; Security; Transform; Trust","Electronic commerce; Brand names; E-Commerce applications; Emerging technologies; Innovative technology; Privacy and security; Research papers; Third parties; Trust level; Blockchain","Conference paper","","Scopus"
"Wan M.; Ni J.; Misra R.; McAuley J.","Wan, Mengting (57190980291); Ni, Jianmo (56903531900); Misra, Rishabh (57204704069); McAuley, Julian (14822353500)","57190980291; 56903531900; 57204704069; 14822353500","Addressing marketing bias in product recommendations","2020","WSDM 2020 - Proceedings of the 13th International Conference on Web Search and Data Mining","https://www.scopus.com/pages/publications/85079555179?origin=resultslist","Airbnb, Inc., United States; UC San Diego, United States; Twitter, Inc., United States","Wan M., Airbnb, Inc., United States; Ni J., UC San Diego, United States; Misra R., Twitter, Inc., United States; McAuley J., UC San Diego, United States","Modern collaborative filtering algorithms seek to provide personalized product recommendations by uncovering patterns in consumer-product interactions. However, these interactions can be biased by how the product is marketed, for example due to the selection of a particular human model in a product image. These correlations may result in the underrepresentation of particular niche markets in the interaction data; for example, a female user who would potentially like motorcycle products may be less likely to interact with them if they are promoted using stereotypically ‘male’ images. In this paper, we first investigate this correlation between users’ interaction feedback and products’ marketing images on two real-world e-commerce datasets. We further examine the response of several standard collaborative filtering algorithms to the distribution of consumer-product market segments in the input interaction data, revealing that marketing strategy can be a source of bias for modern recommender systems. In order to protect recommendation performance on underrepresented market segments, we develop a framework to address this potential marketing bias. Quantitative results demonstrate that the proposed approach significantly improves the recommendation fairness across different market segments, with a negligible loss (or better) recommendation accuracy. © 2020 Association for Computing Machinery.","","Consumer products; Data mining; Electronic commerce; Information retrieval; Marketing; Signal filtering and prediction; Websites; Collaborative filtering algorithms; Marketing strategy; Personalized products; Product interaction; Product recommendation; Quantitative result; Recommendation accuracy; Recommendation performance; Collaborative filtering","Conference paper","All Open Access; Gold Open Access","Scopus"
"Hammad M.; AbuEnnab N.; Al-Refai M.","Hammad, Mahmoud (57213519446); AbuEnnab, Noor (59695942300); Al-Refai, Mohammed (57222159787)","57213519446; 59695942300; 57222159787","An aspect-based sentiment analysis model for Arabic game reviews based on hybrid transformers models","2025","Neural Computing and Applications","https://www.scopus.com/pages/publications/105000352407?origin=resultslist","Artificial Intelligence Research Center (AIRC), IT Department, Ajman University, Ajman, United Arab Emirates; Software Engineering Department, Jordan University of Science and Technology, Irbid, Jordan; Computer Science Department, Jordan University of Science and Technology, Irbid, Jordan","Hammad M., Artificial Intelligence Research Center (AIRC), IT Department, Ajman University, Ajman, United Arab Emirates, Software Engineering Department, Jordan University of Science and Technology, Irbid, Jordan; AbuEnnab N., Computer Science Department, Jordan University of Science and Technology, Irbid, Jordan; Al-Refai M., Computer Science Department, Jordan University of Science and Technology, Irbid, Jordan","Aspect-based sentiment analysis (ABSA) is a natural language processing (NLP) technique to determine the various sentiments of a customer in a single comment regarding different aspects. The increasing online data content generated by interested customers and reviewers motivated researchers and data scientists to conduct ABSA. ABSA has become increasingly popular in recent years due to its versatility in e-commerce, social media, and customer feedback analysis. However, ABSA faces several significant challenges, including determining the aspects and their sentiment polarities (positive, negative, or neutral) in a given text. Moreover, ABSA faces particular challenges in non-English languages such as Arabic due to the lack of resources and mature models. Typically, ABSA tackles one or more of the ABSA research tasks: (T1) aspect term extraction, (T2) aspect term polarity, (T3) aspect category identification, and (T4) aspect category polarity. To identify the aspects and their corresponding sentiment polarities in a given text, accurate and efficient NLP techniques are required. Despite growing interest in Arabic ABSA, the lack of annotated datasets and pre-trained models has hindered its development. In this research, we have collected a dataset of Arabic game reviews and annotated them using three annotators, and then we trained an ABSA deep learning model based on the BERT pre-trained model combined with zero-shot learning (ZSL) to tackle all the four aforementioned tasks. Our best performing model achieved a high accuracy on all four tasks with an accuracy of 91.61% on T1, 90.99% on T2, 79.08% on T3, and 88.17% on T4. Finally, we compared our model’s accuracy with the state-of-the-art Arabic-based ABSA models on different datasets. © The Author(s), under exclusive licence to Springer-Verlag London Ltd., part of Springer Nature 2025.","ABSA; Aspect-based sentiment analysis; BERT; Bidirectional encoder representations from transformers; Natural language processing; NLP; Zero-shot learning; ZSL","Contrastive Learning; Deep learning; Distribution transformers; Economic and social effects; Natural language processing systems; Reviews; Zero-shot learning; Aspect-based sentiment analyze; BERT; Bidirectional encoder representation from transformer; Language processing; Natural language processing; Natural languages; Sentiment analysis; Sales","Article","","Scopus"
"Kumbhar V.S.; Oza K.S.; Kamat R.K.","Kumbhar, V.S. (57215330958); Oza, K.S. (57190836135); Kamat, R.K. (7006390999)","57215330958; 57190836135; 7006390999","Web mining: A synergic approach resorting to classifications and clustering english","2017","Web Mining: A Synergic Approach Resorting to Classifications and Clustering English","https://www.scopus.com/pages/publications/85070818668?origin=resultslist","Department of Computer Science, Shivaji University, Kolhapur, India","Kumbhar V.S., Department of Computer Science, Shivaji University, Kolhapur, India; Oza K.S., Department of Computer Science, Shivaji University, Kolhapur, India; Kamat R.K., Department of Computer Science, Shivaji University, Kolhapur, India","Web mining is the application of data mining strategies to excerpt learning from web information, i.e. web content, web structure, and web usage data. With the emergence of the web as the predominant and converging platform for communication, business and scholastic information dissemination, especially in the last five years, there are ever increasing research groups working on different aspects of web mining mainly in three directions. These are: mining of web content, web structure and web usage. In this context there are good number of frameworks and benchmarks related to the metrics of the websites which is certainly weighty for B2B, B2C and in general in any e-commerce paradigm. Owing to the popularity of this topic there are few books in the market, dealing more on such performance metrics and other related issues. This book, however, omits all such routine topics and lays more emphasis on the classification and clustering aspects of the websites in order to come out with the true perception of the websites in light of its usability. In nutshell, Web Mining: A Synergic Approach Resorting to Classifications and Clustering showcases an effective methodology for classification and clustering of web sites from their usability point of view. While the clustering and classification is accomplished by using an open source tool WEKA, the basic dataset for the selected websites has been emanated by using a free tool site-analyzer. As a case study, several commercial websites have been analyzed. The dataset preparation using site-analyzer and classification through WEKA by embedding different algorithms is one of the unique selling points of this book. This text projects a complete spectrum of web mining from its very inception through data mining and takes the reader up to the application level. Salient features of the book include: Literature review of research work in the area of web mining Business websites domain researched, and data collected using site-analyzer tool Accessibility, design, text, multimedia, and networking are assessed Datasets are filtered further by selecting vital attributes which are Search Engine Optimized for processing using the Weka attributed tool Dataset with labels have been classified using J48, RBFNetwork, NaïveBayes, and SMO techniques using Weka A comparative analysis of all classifiers is reported Commercial applications for improving website performance based on SEO is given. © 2016 River Publishers All rights reserved.","","","Book","","Scopus"
"Khan S.K.; Khan N.A.; Quratulain; Egorova O.; Zia N.; Akhtar M.","Khan, Shahid Kalim (57194046943); Khan, Naseer Abbas (57202611305); Quratulain (58137934800); Egorova, Olga (58102199100); Zia, Nimra (58138161500); Akhtar, Maria (58138387200)","57194046943; 57202611305; 58137934800; 58102199100; 58138161500; 58138387200","Young Consumers' Usability Preferences for Mobile and Computer Screens for Online Shopping Activities","2023","Human Behavior and Emerging Technologies","https://www.scopus.com/pages/publications/85149879649?origin=resultslist","Department of Management and Administrative Sciences, Thal University, Bhakkar, Pakistan; Department of Industrial Economics and Project Management, South Ural State University, Russian Federation; Malik Firoz Khan Noon Business School, University of Sargodha, Pakistan; The University of Lahore, Sargodha Campus, Pakistan","Khan S.K., Department of Management and Administrative Sciences, Thal University, Bhakkar, Pakistan; Khan N.A., Department of Industrial Economics and Project Management, South Ural State University, Russian Federation; Quratulain, Malik Firoz Khan Noon Business School, University of Sargodha, Pakistan; Egorova O., Department of Industrial Economics and Project Management, South Ural State University, Russian Federation; Zia N., Malik Firoz Khan Noon Business School, University of Sargodha, Pakistan; Akhtar M., The University of Lahore, Sargodha Campus, Pakistan","The current research endeavors to investigate and contrast consumer usability preferences in the context of electronic commerce (e-commerce) and mobile commerce (m-commerce) using the theoretical framework of the theory of planned behavior (TPB). In order to distinguish the variations in usability preferences between e-commerce and m-commerce, a survey consisting of 37 items was administered to a sample of 213 young Chinese respondents. The survey is aimed at gathering information pertaining to the usability aspects of these two online shopping platforms. The findings of this research indicate that consumer preferences for m-commerce and e-commerce are contingent on the specific context of online shopping. The results suggest that individuals tend to prefer one medium over the other based on the specific situation or task at hand. This information is valuable for professionals in the fields of marketing, branding, and distribution as it can inform the development of effective strategies for optimizing online presence and revenue. Specifically, knowledge of consumer preferences can assist in the creation of appropriate communication, branding, and distribution strategies tailored to the specific contexts in which consumers are likely to engage in e-commerce and m-commerce.  © 2023 Shahid Kalim Khan et al.","","","Article","All Open Access; Gold Open Access; Green Open Access","Scopus"
"","","","1st IFIP Conference on E-Commerce, E-Business, E-Government, I3E 2001","2001","IFIP Advances in Information and Communication Technology","https://www.scopus.com/pages/publications/84904187336?origin=resultslist","","","The proceedings contain 62 papers. The special focus in this conference is on E-Commerce, E-Business and E-Government. The topics include: Trust based contracting in virtual organizations; trustbuilders and trustbusters; a taxonomy for trusted services; digital evidence; security requirements of e-business processes; fingerprint authentication system for smart cards; tamper-resistance network; cross-organizational workflow management; modelling a business to business intermediation platform; towards dynamic virtual enterprises; an engineering approach to develop business networks; the community model of content management; learning about the online customer; insights into IST and E-business strategy development; e-commerce strategy formulation; implications of e-commerce for banking and finance; the development of E-commerce in Malaysia; a model for value-added internet service provisioning; a mechanism for evaluating feedback of E-commerce sites; efficient winner determination techniques for internet multi-unit auctions; trading among untrusted partners via voucher trading system; the influence of market uncertainties on business models for online music; security modelling for electronic commerce; the communicative logic of negotiation in B2B e-commerce; hierarchical knowledge and meta-observations; web-driven management thinking; e-engineering through e-business change management; a conditional e-coupon service for location-aware mobile commerce; a functional model for mobile commerce; an adoption framework for mobile commerce; diffusion models in analysing emerging technology-based services; towards a democratic education for e-government; e-democracy and the Scottish parliament; building value into e-government; applying stakeholder theory to e-government; recreating government through effective knowledge management; linking databases and linking cultures; XML-based process representation for e-government serviceflows and a review of the first cooperative projects in the Italian e-government initiative.","","","Conference review","","Scopus"
"Jeunen O.","Jeunen, Olivier (57205646176)","57205646176","A Probabilistic Position Bias Model for Short-Video Recommendation Feeds","2023","Proceedings  of the 17th ACM Conference on Recommender Systems, RecSys 2023","https://www.scopus.com/pages/publications/85167875318?origin=resultslist","ShareChat, Edinburgh, United Kingdom","Jeunen O., ShareChat, Edinburgh, United Kingdom","Modern web-based platforms often show ranked lists of recommendations to users, in an attempt to maximise user satisfaction or business metrics. Typically, the goal of such systems boils down to maximising the exposure probability - conversely, minimising the rank - for items that are deemed ""reward-maximising""according to some metric of interest. This general framing comprises music or movie streaming applications, as well as e-commerce, restaurant or job recommendations, and even web search. Position bias or user models can be used to estimate exposure probabilities for each use-case, specifically tailored to how users interact with the presented rankings. A unifying factor in these diverse problem settings is that typically only one or several items will be engaged with (clicked, streamed, purchased, et cetera) before a user leaves the ranked list. Short-video feeds on social media platforms diverge from this general framing in several ways, most notably that users do not tend to leave the feed after, for example, liking a post. Indeed, seemingly infinite feeds invite users to scroll further down the ranked list. For this reason, existing position bias or user models tend to fall short in such settings, as they do not accurately capture users' interaction modalities. In this work, we propose a novel and probabilistically sound personalised position bias model for feed recommendations. We focus on a 1st-level feed in a hierarchical structure, where users may enter a 2nd-level feed via any given 1st-level item. We posit that users come to the platform with a given scrolling budget that is drawn according to a discrete power-law distribution, and show how the survival function of said distribution can be used to obtain closed-form estimates for personalised exposure probabilities. Empirical insights gained through data from a large-scale social media platform show how our probabilistic position bias model more accurately captures empirical exposure than existing models, and paves the way for improved unbiased evaluation and learning-to-rank. © 2023 ACM.","Mean Reciprocal Rank; Position Bias; Probabilistic Modelling","Budget control; Social networking (online); User profile; Websites; Bias modeling; Business metrics; Mean reciprocal ranks; Position bias; Probabilistic models; Probabilistics; Social media platforms; User Modelling; Users' satisfactions; Web based platform; Probability distributions","Conference paper","All Open Access; Green Open Access","Scopus"
"Kumar M.; Sareen M.","Kumar, Muneesh (55242359700); Sareen, Mamta (55993220800)","55242359700; 55993220800","Role of web interface in building trust in B2B E-exchanges","2011","Human Development and Global Advancements through Information Communication Technologies: New Initiatives","https://www.scopus.com/pages/publications/105012815317?origin=resultslist","University of Delhi South Campus, India; University of Delhi, India","Kumar M., University of Delhi South Campus, India; Sareen M., University of Delhi, India","The emergence of Internet has revolutionized the way businesses are conducted. The impact of e-commerce is pervasive, both on companies and society as a whole. It has the potential to impact the pace of economic development and in turn influence the process of human development at the global level. However, the growth in e-commerce is being impaired by the issue of trust in the buyer-seller relationship which is arising due to the virtual nature of e-commerce environment. The Online trading environment is constrained by a number of factors including web interface that in turn influences user experience. This chapter identifies various dimensions of web interface that have the potential to influence trust in e-commerce. The empirical evidence presented in the chapter is based on a survey of the web interfaces of 65 Indian B2B e-exchanges. © 2011 by IGI Global. All rights reserved.","","Economic and social effects; Electronic trading; Marketplaces; Virtual reality; Buyer-seller relationships; E- commerces; Economic development; Human development; In-buildings; Number of factors; Online trading; Trading environments; Users' experiences; Web interface; Electronic commerce","Book chapter","","Scopus"
"Rashid A.; Chitchyan R.; Speck A.; Pulvermueller E.","Rashid, Awais (7102299639); Chitchyan, Ruzanna (9045047000); Speck, Andreas (7003390451); Pulvermueller, Elke (24071721400)","7102299639; 9045047000; 7003390451; 24071721400","EProMS: An e-commerce based process model for cooperative software development in small organisations","2001","Lecture Notes in Computer Science (including subseries Lecture Notes in Artificial Intelligence and Lecture Notes in Bioinformatics)","https://www.scopus.com/pages/publications/84958041365?origin=resultslist","Computing Department, Lancaster University, Lancaster, LA1 4YR, United Kingdom; Computing for Commerce and Industry, The Open University, United Kingdom; Wilhelm-Schickard Institute for Computer Science, University of Tubingen, Tubingen, 72076, Germany; Institut fuer Programmstrukturen und Datenorganisation, University of Karlsruhe, Karlsruhe, 76128, Germany","Rashid A., Computing Department, Lancaster University, Lancaster, LA1 4YR, United Kingdom; Chitchyan R., Computing for Commerce and Industry, The Open University, United Kingdom; Speck A., Wilhelm-Schickard Institute for Computer Science, University of Tubingen, Tubingen, 72076, Germany; Pulvermueller E., Institut fuer Programmstrukturen und Datenorganisation, University of Karlsruhe, Karlsruhe, 76128, Germany","Existing process models for software development are too resource intensive for small organisations. This paper proposes EProMS, an e-commerce based process model which takes into account the limited resources of these organisations. It distributes the software development process over several small organisations. These organisations, then, co-operate through an ecommerce layer to produce market-driven software. On competitive markets the distribution allows organisations in the co-operation to specialise in specific aspects of software development. This helps them to reduce costs and time to market and achieve a high degree of users’ satisfaction. © Springer-Verlag Berlin Heidelberg 2001.","","Commerce; Electronic commerce; Mobile telecommunication systems; Societies and institutions; Software engineering; Competitive markets; Market-driven softwares; Process model; Process Modeling; Reduce costs; Software development process; Time to market; Software design","Conference paper","","Scopus"
"Al-Ababneh H.A.; Alrhaimi S.A.S.; Al Adwan M.N.; Al Refai Mohammed N.; Sarıhasan I.; Vasudevan A.; Mohammad S.I.","Al-Ababneh, Hassan Ali (57210107560); Alrhaimi, Salem A. S. (57215213270); Al Adwan, Muhammad Noor (57212214124); Al Refai Mohammed, N. (57213988453); Sarıhasan, Imran (57195072752); Vasudevan, Asokan (57268010400); Mohammad, Suleiman Ibrahim (60606407900)","57210107560; 57215213270; 57212214124; 57213988453; 57195072752; 57268010400; 60606407900","Evolution of E-Business from Traditional Trade to Digital Platforms","2026","Studies in Systems, Decision and Control","https://www.scopus.com/pages/publications/105038913391?origin=resultslist","Department of Electronic Marketing and Social Media, Zarqa University, Zarqa, Jordan; College of Business Administration, University of Business and Technology, Jeddah, Saudi Arabia; Department of Quality and Excellence in Security Work, Sharjah Police Science Academy, Sharjah, United Arab Emirates; College of Communication and Media, Al Ain University, Abu Dhabi, United Arab Emirates; Department of Software Engineering Science, Zarqa University, Zarqa, Jordan; Department of International Trade and Business, Samsun University, Samsun, Turkey; Faculty of Business and Communications, INTI International University, Negeri Sembilan, Nilai, Malaysia; Research follower, INTI International University, Negeri Sembilan, Nilai, Malaysia","Al-Ababneh H.A., Department of Electronic Marketing and Social Media, Zarqa University, Zarqa, Jordan, College of Business Administration, University of Business and Technology, Jeddah, Saudi Arabia; Alrhaimi S.A.S., Department of Quality and Excellence in Security Work, Sharjah Police Science Academy, Sharjah, United Arab Emirates; Al Adwan M.N., College of Communication and Media, Al Ain University, Abu Dhabi, United Arab Emirates; Al Refai Mohammed N., Department of Software Engineering Science, Zarqa University, Zarqa, Jordan; Sarıhasan I., Department of International Trade and Business, Samsun University, Samsun, Turkey; Vasudevan A., Faculty of Business and Communications, INTI International University, Negeri Sembilan, Nilai, Malaysia; Mohammad S.I., Department of Electronic Marketing and Social Media, Zarqa University, Zarqa, Jordan, Research follower, INTI International University, Negeri Sembilan, Nilai, Malaysia","The article is devoted to the study of the evolution of e-business, which has undergone significant changes since its inception. The key stages of e-commerce development are considered - from traditional forms of online trading to the creation and widespread distribution of digital platforms that have changed business models and interaction with consumers. The article analyzes the transition from simple online stores to multifunctional platforms that unite sellers, buyers and third parties into single ecosystems. Particular attention is paid to technological innovations such as artificial intelligence, blockchain and cloud computing, which have become the basis for new business models in e-commerce. The changes in consumer preferences and behavior caused by the development of mobile technologies, improved user experience and the growing importance of data are revealed. The process of transformation of traditional companies into digital platforms is considered as the basis for creating new forms of competitive advantages that are able to maintain sustainable growth in unstable conditions. It is shown that the future of e-business will be associated with further integration of new technologies and platforms that will create more complex and interconnected ecosystems that significantly change the ways of doing business and interacting with customers. © The Author(s), under exclusive license to Springer Nature Switzerland AG 2026.","Digital platform; E-business; Efficiency; Evolution; Profitability; Strategy; Trade","","Book chapter","","Scopus"
"Yu Z.; Chen S.; Hu L.; Zhong J.","Yu, Zerui (60568127800); Chen, Siwei (60568127900); Hu, Lingfeng (60569029400); Zhong, Jian (60567449400)","60568127800; 60568127900; 60569029400; 60567449400","A Multi-Task Learning ESMM-based Commodity Recommendation Scheme with Local Differential Privacy","2025","Proceedings - 2025 IEEE International Conference on Blockchain Technology and Information Security, ICBCTIS 2025","https://www.scopus.com/pages/publications/105035191501?origin=resultslist","Guilin University of Electronic Technology, School of Computer Science and Information Security, Guilin, China","Yu Z., Guilin University of Electronic Technology, School of Computer Science and Information Security, Guilin, China; Chen S., Guilin University of Electronic Technology, School of Computer Science and Information Security, Guilin, China; Hu L., Guilin University of Electronic Technology, School of Computer Science and Information Security, Guilin, China; Zhong J., Guilin University of Electronic Technology, School of Computer Science and Information Security, Guilin, China","Personalized recommendation systems have become a critical infrastructure for e-commerce and content distribution platforms to enhance user experience and business conversion. However, traditional recommendation systems that rely on centralized data collection and training pose significant data leakage risks by concentrating and processing large volumes of sensitive user information, severely threatening user privacy. Existing privacypreserving recommendation systems still struggle to balance privacy and recommendation accuracy. Therefore, this paper proposes a multi-task learning ESMM-based commodity recommendation scheme with local differential privacy. By deeply integrating the local differential privacy mechanism with the Entire Space Multi-task Model (ESMM) architecture, this scheme achieves synergistic optimization of privacy protection and recommendation performance under strict privacy budget constraints. First, a data encryption mechanism based on local differential privacy is designed to perturb user-sensitive data locally on the client-side, eliminating the dependency on a trusted third party and achieving end-to-end privacy protection. Second, an ESMMbased entire space multi-task learning model is constructed to model the entire impression space through a probability decomposition mechanism, fundamentally solving the sample selection bias problem and achieving accurate CVR prediction. Extensive experiments on the Adult dataset validate the effectiveness of the proposed method. Under a strict privacy budget, the CVR prediction AUC reaches 0.850, an 8.7% improvement over traditional CVR models, approaching the centralized training baseline while significantly reducing the risk of data leakage. © 2025 IEEE.","Commodity Recommendation; Local Differential Privacy; Multi-Task Learning ESMM; Privacy Protection","Differential privacy; Electronic commerce; Information leakage; Learning systems; Multi-task learning; Privacy-preserving techniques; Recommender systems; User experience; Centralised; Commodity recommendations; Data leakage; Differential privacies; Local differential privacy; Model-based OPC; Multi-task learning entire space multi-task model; Multi-task model; Multitask learning; Privacy protection; Budget control","Conference paper","","Scopus"
"Lv Y.","Lv, Yin (58251772200)","58251772200","Research on optimization of delivery route for express Delivery based on ant colony algorithm","2026","Proceedings of SPIE - The International Society for Optical Engineering","https://www.scopus.com/pages/publications/105030343750?origin=resultslist","School of Digital Business, Liaoning Vocational University of Technology, Liaoning, Jinzhou, 121007, China","Lv Y., School of Digital Business, Liaoning Vocational University of Technology, Liaoning, Jinzhou, 121007, China","The rapid development of e-commerce has led to the unprecedented rapid growth of the express delivery industry. As a key link of direct-to-consumer in e-commerce activities, the service quality and efficiency of terminal distribution directly affect user satisfaction and become a key constraint on the sustainable and steady development of the e-commerce industry. Among them, distribution route planning, as a core factor affecting logistics costs, has always been a difficult problem to be solved in the field of e-commerce logistics. To solve this problem, this paper proposes an optimization model based on time window constraint, and innovatively applies ant colony algorithm to the solving process of traveling salesman problem (TSP). By elaborating the theoretical basis and operation mechanism of ant colony algorithm, and by using MATLAB platform to conduct simulation experiments, this research verifies the practicability and effectiveness of the constructed model. The comparative analysis of experimental data shows that the optimization method not only significantly reduces the distribution cost, but also effectively improves customer satisfaction and provides a feasible solution for the end distribution of e-commerce logistics. © 2026 SPIE.","Ant colony algorithm; delivery path; express terminal","Customer satisfaction; Electronic commerce; MATLAB; Problem solving; Service industry; Simulation platform; Ant colonies algorithm; Delivery path; Delivery routes; E- commerces; Express terminal; Key links; Optimisations; Rapid growth; Service Quality; Terminal distribution; Ant colony optimization","Conference paper","","Scopus"
"Wu D.; Liu X.","Wu, Dan (59753655300); Liu, Xin (59754556400)","59753655300; 59754556400","HC-means clustering algorithm for precision marketing on e-commerce platforms","2025","Systems and Soft Computing","https://www.scopus.com/pages/publications/105003543528?origin=resultslist","Department of Marketing, Guangzhou City University of Technology, Guangzhou, 510800, China","Wu D., Department of Marketing, Guangzhou City University of Technology, Guangzhou, 510800, China; Liu X., Department of Marketing, Guangzhou City University of Technology, Guangzhou, 510800, China","With the rapid development of e-commerce industry, precision marketing has become a key means for enterprises to enhance competitiveness and profitability. However, traditional marketing methods often cannot accurately identify the characteristics of customers, leading to the waste of e-commerce resources. In this context, e-commerce enterprises urgently need a more accurate and efficient marketing method to meet the growing business needs. To this end, this study attempts to optimize the traditional K-means algorithm, and fundamentally improve the clustering effect in precision marketing by optimizing the selection of initial clustering centers and similarity measurement methods. Based on this, the research constructs an e-commerce marketing system based on HC-means algorithm to more accurately divide customer groups, identify high-value customers, potential customers and lost customers, and formulate differentiated marketing strategies for different groups. Experiments show that the average accuracy of HC-means algorithm in Glass database is 93.71, which is 15.48–15.79 higher than the highest accuracy of other two kinds of algorithms in the same kind of database. When the cluster number is 8, the Mahalanobis distance of HC-Means is reduced by 2.1 and 1.2 respectively compared with K-means and DBSCAN, which indicates that the clustering results are more reasonable in data distribution. When the cluster number is 3, more than half of the customers' consumption interval days are mainly concentrated between 8–12 days, and about 10 % of the customers make purchases every 2 days. These accurate customer behavior insights provide a strong basis for marketing strategy development. To sum up, the HC-Means system constructed by the research has achieved remarkable results in e-commerce precision marketing, greatly improving user satisfaction, and providing a valuable reference scheme for e-commerce enterprises to optimize marketing mode and achieve sustainable development. © 2025","Big data; Cluster analysis; Customer segmentation; K-means algorithm; Precision marketing","Commerce; Customer satisfaction; Market Research; Sales; Business needs; Cluster numbers; Commerce platforms; Customers segmentations; E- commerces; E-commerce enterprise; K-mean algorithms; Marketing strategy; Means clustering algorithm; Precision marketings; Marketplaces","Article","All Open Access; Gold Open Access; Green Open Access","Scopus"
"Sharif M.A.; Raghavan V.V.","Sharif, Mohammad Amir (55193676100); Raghavan, Vijay V. (7103398123)","55193676100; 7103398123","A clustering based scalable hybrid approach for web page recommendation","2014","Proceedings - 2014 IEEE International Conference on Big Data, IEEE Big Data 2014","https://www.scopus.com/pages/publications/84921797439?origin=resultslist","Center for Advanced Computer Studies, University of Louisiana at Lafayette, Lafayette, LA, United States","Sharif M.A., Center for Advanced Computer Studies, University of Louisiana at Lafayette, Lafayette, LA, United States; Raghavan V.V., Center for Advanced Computer Studies, University of Louisiana at Lafayette, Lafayette, LA, United States","The distribution of the number of items liked by users plays an important role in designing recommender systems. In case of implicit feedback we rarely get some clicking events compared to large item based e-commerce sites, where preference information is not so rare. In this paper we present a novel hybrid recommendation system based on clustering of items using co-occurrence information of pages and content information of pages. These two different types of clusters are used in a parametric form to get aggregated recommendations based on the available preference information of users. Our experimental results on Yahoo! Front Page 'Today Module User Click Log' dataset show that the content based clusters plays an important role for users having very less preference information and also the clustering based hybrid approach gives better overall performance compared to other approaches. More-over, clustering of items gives a scalable implementation which minimizes the computational complexity. © 2014 IEEE.","Clustering; Collaborative and contentbased filtering; Hybrid recommender; Scalability; Sparsity; User-oriented","Clusterings; Collaborative and contentbased filtering; Content based filtering; Hybrid approach; Hybrid recommender; Implicit feedback; Preference information; Sparsity; User oriented; Web page recommendations; Collaborative filtering","Conference paper","","Scopus"
"Maeno Y.; Kawato M.; Nishimura S.; Machida F.; Kamachi T.","Maeno, Yoshiharu (35917904800); Kawato, Masahiro (7004347771); Nishimura, Shoji (58337557500); Machida, Fumio (6602571402); Kamachi, Tsunehiko (7003946879)","35917904800; 7004347771; 58337557500; 6602571402; 7003946879","Polimatica: Abstraction for customizable private virtual organizations in global grids","2004","Proceedings - IEEE International Conference on Web Services","https://www.scopus.com/pages/publications/4544363398?origin=resultslist","NEC Corporation, Nakahara-ku, Kawasaki 211-8666, 1753 Shimonumabe, Japan","Maeno Y., NEC Corporation, Nakahara-ku, Kawasaki 211-8666, 1753 Shimonumabe, Japan; Kawato M., NEC Corporation, Nakahara-ku, Kawasaki 211-8666, 1753 Shimonumabe, Japan; Nishimura S., NEC Corporation, Nakahara-ku, Kawasaki 211-8666, 1753 Shimonumabe, Japan; Machida F., NEC Corporation, Nakahara-ku, Kawasaki 211-8666, 1753 Shimonumabe, Japan; Kamachi T., NEC Corporation, Nakahara-ku, Kawasaki 211-8666, 1753 Shimonumabe, Japan","We have developed an application service hosting middleware for enterprise information systems, ""Polimatica"", upon which a policy-customizable private virtual organization (pVO) is built. The pVO is a collection of customizable application services in the global grid computing environment. ""Polimatica"" is distinctive in terms of abstraction capabilities in (1) policy instance description, (2) view synthesis of an extensive resource data model, (3) operation aggregation on the OGSI extension interfaces. The performance to enforce the policy instances is measured in a laboratory testbed for an enterprise ASP, providing B2B e-commerce (BizEngine/WS) and interactive media communication service (LiveComm). We have verified that, in 60 seconds, the feedback loop in a pVO adjusts the application services as customized given the changing environment.","","Database systems; Electronic commerce; Interfaces (computer); Mathematical models; Network protocols; Resource allocation; Servers; Telecommunication services; Data reduction; Enterprise resource planning; Functions; Laws and legislation; World Wide Web; Application service providers (ASP); Database servers; Global grid forums (GGF); Resource data models; Grid computing standards; Private virtual organization (pVO); Service providers; Web services; Information technology; Middleware","Conference paper","","Scopus"
"Coba L.; Rook L.; Zanker M.; Symeonidis P.","Coba, Ludovik (57191506505); Rook, Laurens (55151059700); Zanker, Markus (6602177071); Symeonidis, Panagiotis (13006105800)","57191506505; 55151059700; 6602177071; 13006105800","Decision making strategies difer in the presence of collaborative explanations: Two conjoint studies","2019","International Conference on Intelligent User Interfaces, Proceedings IUI","https://www.scopus.com/pages/publications/85065568297?origin=resultslist","Free University of Bozen-Bolzano, Bolzano, Italy; Delft University of Technology, Delft, Netherlands","Coba L., Free University of Bozen-Bolzano, Bolzano, Italy; Rook L., Delft University of Technology, Delft, Netherlands; Zanker M., Free University of Bozen-Bolzano, Bolzano, Italy; Symeonidis P., Free University of Bozen-Bolzano, Bolzano, Italy","Rating-based summary statistics are ubiquitous in e-commerce, and often are crucial components in personalized recommendation mechanisms. Especially visual rating summarizations have been identiied as important means to explain, why an item is presented or proposed to an user. Largely left unexplored, however, is the issue to what extent the descriptives of these rating summary statistics inluence decision making of the online consumer. Therefore, we conducted a series of two conjoint experiments to explore how diferent summarizations of rating distributions (i.e., in the form of number of ratings, mean, variance, skewness, bimodality, or origin of the ratings) impact users' decision making. In a irst study with over 200 participants, we identiied that users are primarily guided by the mean and the number of ratings, and - to lesser degree - by the variance and origin of a rating. When probing the maximizing behavioral tendencies of our participants, other sensitivities regarding the summary of rating distributions became apparent. We thus instrumented a follow-up eye-tracking study to explore in more detail, how the choices of participants vary in terms of their decision making strategies. This second round with over 40 additional participants supported our hypothesis that users, who usually experience higher decision diiculty, follow compensatory decision strategies, and focus more on the decisions they make. We conclude by outlining how the results of these studies can guide algorithm development, and counterbalance presumable biases in implicit user feedback. © 2019 Association for Computing Machinery.","Conjoint analysis; Explanations; Maximizers; Recommender systems; Satisicers; User studies","Electronic commerce; Eye tracking; Recommender systems; Statistical methods; User interfaces; Conjoint analysis; Explanations; Maximizers; Satisicers; User study; Decision making","Conference paper","All Open Access; Green Open Access","Scopus"
"Konradt U.; Lückel L.; Ellwart T.","Konradt, Udo (6602663853); Lückel, Lüder (55372486600); Ellwart, Thomas (7801649835)","6602663853; 55372486600; 7801649835","The role of usability in business-to-business e-commerce systems: Predictors and its impact on users strain and commercial transactions","2012","Advances in Human-Computer Interaction","https://www.scopus.com/pages/publications/84866979623?origin=resultslist","Institute of Psychology, University of Kiel, 24 098 Kiel, Germany; Institute of Psychology, University of Trier, 54286 Tier, Germany","Konradt U., Institute of Psychology, University of Kiel, 24 098 Kiel, Germany; Lückel L., Institute of Psychology, University of Kiel, 24 098 Kiel, Germany; Ellwart T., Institute of Psychology, University of Trier, 54286 Tier, Germany","This study examines the impact of organizational antecedences (i.e., organizational support and information policy) and technical antecedences (i.e., subjective server response time and objective server response time) to perceived usability, perceived strain, and commercial transactions (i.e. purchases) in business-to-business (B2B) e-commerce. Data were gathered from a web-based study with 491 employees using e-procurement bookseller portals. Structural equation modeling results revealed positive relationships of organizational support and information policy, and negative relationships of subjective server response time to usability after controlling for users age, gender, and computer experience. Perceived usability held negative relationships to perceived strain and fully mediated the relation between the three significant antecedences and perceived strain while purchases were not predicted. Results are discussed in terms of theoretical implications and consequences for successfully designing and implementing B2B e-commerce information systems. Copyright © 2012 Udo Konradt et al.","","","Article","All Open Access; Gold Open Access; Green Open Access","Scopus"
"","","","2013 International Conference of Information Science and Management Engineering, ISME 2013, Volume 2","2014","WIT Transactions on Information and Communication Technologies","https://www.scopus.com/pages/publications/84888123352?origin=resultslist","","","The proceedings contain 398 papers. The special focus in this conference is on Production and Operation Management, Logistics and Supply Chain Management, Advanced Manufacturing System, Management Information System, Computer Engineering and Technology, Computer Networks, Financial Engineering and Risk Management, Safety Management and Human Factors Engineering, Technological Management, Innovation and Evaluation, Optimisation Technology and Algorithm, Knowledge Management and Data Mining and Digital Manufacturing. The topics include: Research of power demand side management under smart grid environment; research of cost management mode of power transmission project and its evaluation; influence of investment fund on stock dividend policy; IPO accounting fraud, audit supervision, and media monitoring; heavy commercial vehicles sound quality database system design; a method by using Gaussian estimation for the semi-parametrical panel data models; agricultural monitoring system based on wireless sensor network; design of smart grid system based on cloud computing; detection of water quantity in leaves based on image processing technology; the research and applications of agricultural automation based on internet of things; application discussion of salary management during the human resource management; algorithm optimization of sentence similarity based on sematic disambiguation; research on onshore oil and gas pipeline management system based on the dynamic risk assessment; the risk assessment of supply chain financing based on core enterprise; the highway bridge head jumps off cause and prevention research; the new utility current power generation device design; medical risks and management countermeasures; teaching reform of welding robot based on integration of teaching, learning, and practice; an empirical study of consumer acceptance of e-commerce web site; the securities market month K line forecast based on SVC; evaluation and empirical analysis of innovation capability of electronic information industry; the performance evaluation of fund family based on the super-efficiency DEA model; exploring the impacts of customer orientation on college students' satisfaction; the application of research of storage method for civil aviation emergency domain ontology; study on the fitness model for regional technological innovation ecosystem based on niche theory; social network analysis on Chinese urban community; self-maintenance for service cooperation driven by contract-performing circumstance; the optimization of mining areas and ore dressing plants match in Yunnan tin regional mine; determine the degree of annihilators by using run-length property of pseudorandom sequences; distributed lag structure of knowledge production; an investigation of digital management for paper periodicals in university library; the integration of follow-up audit resources in the post-disaster reconstruction projects; a new method of XML-based information exchanging between databases; the adaptation of governance for venture capital firm in China; the model of advertising on social networking platform; economic value estimation-based pricing for software as a service; design of the intelligent internet of things for examination service; fast PSO algorithm for community detection in graph; a knowledge discovery method based on web information retrieval; a point symmetry clustering algorithm based on PSO; a robust image hiding approach for secure multimodal biometrics; wireless sensor networks data recovery based on zero-norm minimization; design of state feedback controller for discrete linear systems with time delay; computer forensics based on particle swarm optimization in cloud computing; a hierarchical federated integration framework for trust e-commerce cloud; research of outliers in time series of stock prices based on improved K-MEANS clustering algorithm; group finance company and expropriation of controlling shareholder; Mongolian word segmentation system based on unsupervised statistical mode; the role agent design based on the rules engine; computer application of finance analysis on the accounting management; design and application of iris recognition system based on neural network; study on developing data warehouse for guidance ammunition support; an empirical study on the structural of corporate social responsibility performance; feature points matching method of UAV images based on local RANSAC; research on the paths and trends of Chinese social management system; formalization and semantics computing of Chinese sentence type; a high embedding efficiency speech information hiding approach; response RS interpretation for disaster situation and secondary geologic hazards of Wenchuan earthquake; a new algorithm for weakening phase distortion in GPS receiver; research on the knowledge-based e-learning teaching application platform; Tate pairing algorithm resistant to fault attack over binary field; a study on the impact of supply chain management practice on enterprise performance; uniform access control platform of web service based on semantic message; the models of quality assurance in assembly process of complex mechanical products; study on the risk assessment of iron ore shipping channel in China; a new lifetime distribution with decreasing failure rate; decision support system for inventory policies of complex distribution systems; a new approach to building ontologies from heterogeneous databases; emotion monitoring and abnormal warning based on online comments; an improved multiple sparse representation classification approach; design and implementation of commodity information query system based on android and mobile internet; the method of network-based weighted voronoi diagram; research on acquisition algorithm based on prior information for weak signal; discussion of agile development used in large enterprise application system; research on influence maximization problem in dynamic networks; segmentation for brain MRI image based on the fuzzy c-means clustering algorithm; dynamic fault-tolerant routing based on link state in fat tree; analysis and realization on the image filter; research on network public expenditure; green economic development and management and the research on financing model of traffic safety facilities.","","","Conference review","","Scopus"
"Xi C.; Idris M.Z.","Xi, Cuiyu (60159601400); Idris, Muhammad Zaffwan (56239030000)","60159601400; 56239030000","User interface layout optimization design based on eye tracking simulation","2025","International Journal for Simulation and Multidisciplinary Design Optimization","https://www.scopus.com/pages/publications/105020012620?origin=resultslist","School of Art and Design, North China Institute of Aerospace Engineering, Hebei, Langfang, 065000, China; Faculty of Art, Sustainability and Creative Industry, Sultan Idris Education University, Perak, Tanjong Malim, 359000, Malaysia","Xi C., School of Art and Design, North China Institute of Aerospace Engineering, Hebei, Langfang, 065000, China; Idris M.Z., Faculty of Art, Sustainability and Creative Industry, Sultan Idris Education University, Perak, Tanjong Malim, 359000, Malaysia","To solve the problem of user visual attention distribution and spatial misalignment of interface elements in current user interface layout design due to reliance on subjective experience, this paper proposes an optimization method for fashion brand e-commerce user interface design that uses eye tracking simulation and integrates brand characteristics. This paper builds a fashion-specific visual behavior database through multimodal eye movement data collection, and uses the spatiotemporal attention mechanism of the Transformer-XL (Transformer with Extra Long Context) model to predict the gaze hotspots and scanning paths of users in dynamic tasks; then, this paper designs a multi-agent reinforcement learning optimizer, encodes aesthetic rules such as brand logo size and main color ratio as hard constraints, and generates an interface space distribution plan through element competition-collaboration game; finally, this paper develops a real-time interactive prototype based on the Unity engine to achieve dynamic layout closed-loop optimization driven by the collaborative efforts of brand constraints and eye movement simulation heat maps. Experimental results show that this method reduces the task completion time by 32% in the optimization of the light luxury clothing homepage, the overlap between the simulated and real eye movement hot spots reaches 88%, and the brand consistency score increases by 46% (from 3.2 to 4.7), significantly reducing the user's cognitive load and improving the user experience. The conclusion confirms that by integrating eye movement behavior quantification with brand characteristics, it is possible to break through the traditional design's reliance on static aesthetics, provide a “cognitive adaptation-brand expression” dual-goal collaborative intelligent design paradigm for fashion interfaces, and promote the simultaneous improvement of user conversion rate and brand value. © C. Xi and M.Z. Idris, Published by EDP Sciences, 2025.","dynamic reinforcement learning; eye tracking simulation; multi-agent optimizer; spatiotemporal attention mechanism; User interface design optimization","Behavioral research; Design; Electronic commerce; Eye movements; Hosiery manufacture; Intelligent agents; Interactive computer systems; Marketing; Reinforcement learning; User interfaces; Attention mechanisms; Design optimization; Dynamic reinforcement learning; Dynamic reinforcements; Eye tracking simulation; Eye-tracking; Multi agent; Multi-agent optimizer; Optimizers; Reinforcement learnings; Spatiotemporal attention mechanism; Tracking simulation; User interface design optimization; User interface designs; Eye tracking; Multi agent systems","Article","All Open Access; Gold Open Access; Green Open Access","Scopus"
"Dhas K.; Prabhu S.","Dhas, Kashmira (58515712300); Prabhu, Sandeep (59716904100)","58515712300; 59716904100","Leveraging Performance of Over-the-Top Media Platforms using Blockchain Technology","2023","2023 4th International Conference for Emerging Technology, INCET 2023","https://www.scopus.com/pages/publications/85166374157?origin=resultslist","Symbiosis Institute of Digital and Telecom Management, Symbiosis International (Deemed University), Pune, India","Dhas K., Symbiosis Institute of Digital and Telecom Management, Symbiosis International (Deemed University), Pune, India; Prabhu S., Symbiosis Institute of Digital and Telecom Management, Symbiosis International (Deemed University), Pune, India","Blockchain is ideal for transferring data because it provides rapid, shareable, and completely simple data that is recorded on a permanent record that is essentially gathered by organized and permission businesses. A developing e-commerce paradigm in recent years is using OTT (over-the-top) platforms to deliver digital media content. Blockchain promises to improve the security and usability of the OTT industry. But as the industry has expanded, more difficulties have emerged, such as copyright violations and the unauthorized dissemination of protected information. Blockchain technology has the ability to end the long-standing troubles that the media and OTT industries have. Leaders in the media and broadcasting industries are also hopeful that blockchain-based media solutions will help them overcome their difficulties in monetizing their material. This paper highlights the importance of Blockchain in the OTT industry, such as decentralized content distribution models, accessibility and ownership, media royalty payments, etc., and the challenges faced. It also emphasizes the different components of Blockchain-based video streaming platforms. © 2023 IEEE.","Blockchain; Bottleneck Checks; OTT platform; Smart Contracts; Video Streaming","Blockchain; Broadcasting; Digital storage; Video streaming; Block-chain; Bottleneck check; E- commerces; Media content; Media platforms; Over-the-top platform; Performance; Security and usabilities; Simple++; Video-streaming; Smart contract","Conference paper","","Scopus"
"","","","Flexible Query Answering Systems - 8th International Conference, FQAS 2009, Proceedings","2009","Lecture Notes in Computer Science (including subseries Lecture Notes in Artificial Intelligence and Lecture Notes in Bioinformatics)","https://www.scopus.com/pages/publications/70649104618?origin=resultslist","","","The proceedings contain 57 papers. The topics discussed include: a flexible querying approach based on outranking and classification; ranking approximate query rewritings based on views; a model for contextual cooperative query answering in e-commerce applications; reasoning on incompleteness of spatial information for effectively and efficiently answering range queries over incomplete spatial databases; abstracting query building for multi-entity faceted browsing; on fuzzy vs. metric similarity search in complex databases; an exploratory study on using social information networks for flexible literature access; dynamically personalizing search results for mobile users; multi-objective query optimization using topic ontologies; query disambiguation based on novelty and similarity user's feedback; and extraction of 3D feature descriptor using the distribution of normal vectors.","","","Conference review","","Scopus"
"Vaca-Tapia A.C.; Crespo-Pereira V.; Escourido-Calvo M.; Alarcón R.X.M.","Vaca-Tapia, Ana Cecilia (57190668255); Crespo-Pereira, Verónica (57192107316); Escourido-Calvo, Manuel (57217140425); Alarcón, Roberto Xavier Manciati (57210259419)","57190668255; 57192107316; 57217140425; 57210259419","The Transformation of the Ecuadorian Private Television RTU: Marketing Strategies and COVID-19","2024","Smart Innovation, Systems and Technologies","https://www.scopus.com/pages/publications/85171899113?origin=resultslist","Universidad UTE, Quito, Ecuador; Universidade da Coruña, A Coruña, Spain","Vaca-Tapia A.C., Universidad UTE, Quito, Ecuador, Universidade da Coruña, A Coruña, Spain; Crespo-Pereira V., Universidade da Coruña, A Coruña, Spain; Escourido-Calvo M., Universidade da Coruña, A Coruña, Spain; Alarcón R.X.M., Universidad UTE, Quito, Ecuador","TV consumption has increased due to COVID-19 crisis. The demand of local and valuable news has been crucial for this rise. Under the premise that the pandemic crisis could have acted as a trigger for the adoption of new forms of content production and advertising formulas for many broadcaster, this paper analyzes the transformation of the Ecuadorian national private television channel RTU. The research carried out the RTU’s financial analysis of 2018, 2019 and 2020 to understand its economic situation and the consequences of the decisions and initiatives implemented in the last years. The research also carried out semi-structured interviews with the aforementioned broadcaster managers and experts in order to understand the changes fostered given the new economic, social and technical scenario. The research allows us to evidence that the linear TV is on crisis, in special among younger audiences. RTU has drastically reduced its team due to the decrease of revenue in advertising ad the unattractive content to young audiences. Having in mind this situation, RTU is encouraging innovation on human resources management, revenue streams (digital advertising formats), distribution platforms (social network) and products/content adapted to society demands such as short videos, influencers, interaction and feedback. © 2024, The Author(s), under exclusive license to Springer Nature Singapore Pte Ltd.","Advertising; Communication; Content; COVID-19; E-commerce; Ecuador; Marketing; RTU; Social media; Television","Commerce; Marketing; Social networking (online); Advertizing; Content; Content production; Ecuador; Marketing strategy; New forms; Paper analysis; RTU; Social media; Television channel; COVID-19","Conference paper","","Scopus"
"","","","International Symposium on Innovative and Interdisciplinary Applications of Advanced Technologies, IAT 2023","2023","Lecture Notes in Networks and Systems","https://www.scopus.com/pages/publications/85172286324?origin=resultslist","","","The proceedings contain 47 papers. The special focus in this conference is on Innovative and Interdisciplinary Applications of Advanced Technologies. The topics include: Geometric Enhancement of the Cadastre of Underground Utility Networks; interactive Narrative Design and Storytelling, Use Case with Geospatial Data; geoinformation Crowdsourcing and Possible Applications in Croatia; distribution of Medieval Necropolises and Tombstones in the Bosnia River Basin; use of Augmented Reality to Present Archaeological Contents; Breast Cancer Classification Using Support Vector Machines (SVM); Development of Soil Type Valuation Model in GIS for Sustainable Agricultural Production; geospatial Analysis of Residential Zones from the Aspect of Natural Limitations – A Case Study of the Urban Territory of Sarajevo; credit Card Fraud Payments Detection Using Machine Learning Classifiers on Imbalanced Data Set Optimized by Feature Selection; Added Value in Implementation of Capital Projects by Monitoring, Evaluation and Learning (MEL); document-Based Sentiment Analysis on Financial Texts; emotion Detection Using Convolutional Neural Networks; from Olympics to War – Pursuing Sarajevo Identity Using Sentiment Analysis; the Employment of a Machine Learning-Based Recommendation System to Maximize Netflix User Satisfaction; a Recommendation System for Movies by Using Hadoop Mapreduce; business-Driven Analysis of Website Traffic: A Case Study; Composable ERP – New Generation of Intelligent ERP; building a Recommendation System for E-Commerce Using Machine Learning and Big Data Technologies; implementation and Evaluation of a Deep Neural Network for Spam Detection: An Empirical Study of Accuracy and Efficiency; gradual Increase of Natural Disaster Occurrences in the Context of Climate Change; seismic Analysis of Buildings with a Soft Storey Using Pushover Analysis; thermal Modification of Wood; spalling of Concrete.","","","Conference review","","Scopus"
"","","","Usability, personalization drive distributors' web efforts","2012","Electronic Design","https://www.scopus.com/pages/publications/84857883129?origin=resultslist","","","Usability and personalization are driving electronics distributors to make efforts to meet a growing list of online demands from engineers and procurement professionals in 2012. Distributors are making efforts to develop a more intuitive and customizable Web presence that allows customers to create their own experience. These distributors are focusing more on their Web offerings in an effort to meet customers' growing and varied needs. B2B ecommerce is expected to grow considerably in the future, following the consumer market's lead. Avnet Electronics Marketing is one such distributor, which is making significant efforts, targeting usability and personalization in its Web enhancements in 2012. The company will devote more efforts on improvement to make all of the online services easier to use, despite having several new online features planned for its e-commerce site.","","","Article","","Scopus"
"Ghosh P.; Jha S.S.; Banerjee S.; Mehta P.","Ghosh, Prosenjit (56714647900); Jha, Srijib Shankar (58543890500); Banerjee, Sudipta (59307717500); Mehta, Piyush (59132568600)","56714647900; 58543890500; 59307717500; 59132568600","Understanding the eWOM mechanism towards online travel agency adoption intention: A computational perspective using elaboration likelihood model","2026","Acta Psychologica","https://www.scopus.com/pages/publications/105024445776?origin=resultslist","Faculty of Management Studies, Marwadi University, Rajkot, India; IMS Unison University, Uttarakhand, Dehradun, India; Computer Science and Engineering, Symbiosis Institute of Technology, Symbiosis International (Deemed University), Pune, India","Ghosh P., Faculty of Management Studies, Marwadi University, Rajkot, India; Jha S.S., IMS Unison University, Uttarakhand, Dehradun, India; Banerjee S., Computer Science and Engineering, Symbiosis Institute of Technology, Symbiosis International (Deemed University), Pune, India; Mehta P., Faculty of Management Studies, Marwadi University, Rajkot, India","In the tourism industry, online travel agencies (OTAs) have become a popular and relatively affordable distribution channel. During vacation planning, people seek and peruse online information about a specific destination and package tour, and subsequently, they actively disseminate their travel experiences. The advancement of e-commerce is heavily dependent on shared information called electronic word-of-mouth (eWOM). This study aims to investigate, within the context of the Elaboration Likelihood Model (ELM), a moderated-mediation approach that uses positive eWOM stimuli to promote the adoption of OTA. In total, 687 valid responses were received through online (n = 302) and offline (n = 385) surveys conducted in four major Indian metropolitan cities. Structural equation modeling (SEM) and PROCESS macro were applied to test the proposed hypotheses. The study focuses on three key aspects of eWOM dimensions like argument quality, consistency and volume. The intention to use OTAs is vastly triggered by argument quality and consistency. In addition, trust was found to be a mediator among eWOM and OTA adoption intention, and the moderation effects for different involvement levels of travelers. These insights also supplement the existing sources of literature in tourism, especially in the domains of eWOM and ELM theory. Some recommendations based on the results are provided for travel organizations to leverage positive eWOM to increase the sustainable adoption of their services as OTA. This finding suggests that OTAs should emphasize enhancing the quality and consistency of reviews, invest in review-verification mechanisms, and highlight trustworthy user experiences rather than relying solely on generating high review volumes. © 2025 The Authors","Elaboration likelihood model; eWOM; Online travel agencies; Traveler involvement","Adolescent; Adult; Female; Humans; India; Intention; Internet; Likelihood Functions; Male; Middle Aged; Surveys and Questionnaires; Tourism; Travel; Young Adult; article; customer experience; electronic commerce; human; leisure; structural equation modeling; tourism; travel; adolescent; adult; behavior; female; India; Internet; male; middle aged; questionnaire; statistical model; tourism; young adult","Article","All Open Access; Gold Open Access; Green Open Access","Scopus"
"Attar K.S.; Jadhav A.","Attar, Kausar Salim (58765523800); Jadhav, Ashish (57223382096)","58765523800; 57223382096","Enhancing Recommendation Systems Through a Hybrid Fuzzy-Sparse Similarity Model and Optimizing Noise Reduction","2025","Indonesian Journal of Electrical Engineering and Informatics","https://www.scopus.com/pages/publications/105026240372?origin=resultslist","Department of Computer Engineering, Ramrao Adik Institute of Technology, Navi Mumbai, India; Department of Information Technology, Ramrao Adik Institute of Technology, Navi Mumbai, India; Department of Computer Engineering, Ramrao Adik Institute of Technology, Navi Mumbai, India","Attar K.S., Department of Computer Engineering, Ramrao Adik Institute of Technology, Navi Mumbai, India, Department of Computer Engineering, Ramrao Adik Institute of Technology, Navi Mumbai, India; Jadhav A., Department of Information Technology, Ramrao Adik Institute of Technology, Navi Mumbai, India","The vast amount of information available on the Internet and e-commerce has led to the development of recommendation systems that help users find relevant products or content. As digital applications continue to grow worldwide, ensuring the right user experience in a short period of time remains a significant challenge. With the increasing use of mobile devices, ensuring access to accurate and timely information has become an essential part of today's business operations. The accuracy of the estimates depends not only on the methodology used, but also on the accuracy of the data. External factors and unexpected noise issues can affect users in the rating process. This problematic influence, coming from well-intentioned users which can lead to distortion of the rating results during the recommendation process. In this study, we present a Hybrid Fuzzy-Sparse Similarity (HFSS) methodology designed to improve the accuracy of recommendation and reduce the error caused by source noise due to rating sparsity. Initially, a limited amount of data utilized in a form of rating matrix along with the sparse distribution, is collected for the analysis of the recommendation process. An extended fuzzy set matrix creation mechanism is proposed to solve the existing sparsity problems. By, using the extended sparse matrix, the similarity of models is calculated from the complex set theory, which allows for model-based recommendations. The proposed HFSS model is evaluated on the Movie lens database. First, the system recommendation performance evaluation is made and later a comparison performance is measured by MAE, RMSE, and F1 score metrics, which demonstrates better recommendation accuracy and performance than the comparing performance-based methods. © 2025 Institute of Advanced Engineering and Science. All rights reserved.","Data Sparsity; Fuzzy set; Recommender system; Similarity measures","","Article","All Open Access; Gold Open Access","Scopus"
"Pawełek-Lubera E.; Przyborowski M.; Ślęzak D.; Wasilewski A.","Pawełek-Lubera, Elżbieta (59547409700); Przyborowski, Mateusz (57218575747); Ślęzak, Dominik (55723722300); Wasilewski, Adam (36195288000)","59547409700; 57218575747; 55723722300; 36195288000","Multi-criteria selection of data clustering methods for e-commerce personalization","2025","Applied Soft Computing","https://www.scopus.com/pages/publications/105010877919?origin=resultslist","Faculty of Management, Wrocław University of Science and Technology, Wyb. Wyspiańskiego 27, Wrocław, 50-370, Poland; Faculty of Mathematics, Informatics, and Mechanics, University of Warsaw, Stefana Banacha 2, Warszawa, 02-097, Poland; Fast White Cat S.A., Fabryczna 6, Wrocław, 53-609, Poland; QED Software Sp. z o.o., Mazowiecka 11/49, Warszawa, 00-052, Poland","Pawełek-Lubera E., Fast White Cat S.A., Fabryczna 6, Wrocław, 53-609, Poland; Przyborowski M., Faculty of Mathematics, Informatics, and Mechanics, University of Warsaw, Stefana Banacha 2, Warszawa, 02-097, Poland; Ślęzak D., Faculty of Mathematics, Informatics, and Mechanics, University of Warsaw, Stefana Banacha 2, Warszawa, 02-097, Poland, QED Software Sp. z o.o., Mazowiecka 11/49, Warszawa, 00-052, Poland; Wasilewski A., Faculty of Management, Wrocław University of Science and Technology, Wyb. Wyspiańskiego 27, Wrocław, 50-370, Poland, Fast White Cat S.A., Fabryczna 6, Wrocław, 53-609, Poland","E-commerce platforms increasingly rely on personalization to improve the user experience and drive sales, requiring efficient data clustering methods to segment users based on their behavior and preferences. However, due to the many data clustering techniques available, the key decision problem is to choose the optimal grouping method. Decision making based on single decision factors, although widely used, can lead to wrong decisions, so it is worth considering multi-criteria analysis tailored to the specifics of e-commerce customer clustering. Through extensive experiments on real e-commerce datasets, the study demonstrates the strengths and limitations of selected data clustering techniques (including the Approximated Gaussian Mixture Model, which was found to be superior to the classical Gaussian Mixture Model), considering different decision criteria related to various aspects of quality. The results provide valuable insights for e-commerce practitioners seeking to optimize their personalization strategies and ultimately suggest that a novel adaptation of the PROMETHEE II method can provide a robust framework for making informed decisions about selection of data clustering algorithms. © 2025 The Authors","Approximated Gaussian Mixture Model; Data clustering; E-commerce; Multi-criteria decision methods; PROMETHEE II; User interface","Behavioral research; Cluster analysis; Clustering algorithms; Decision making; Decision theory; Electronic commerce; Gaussian distribution; Optimization; User experience; Approximated gaussian mixture model; Clustering techniques; Data clustering; Data clustering methods; E- commerces; Gaussian Mixture Model; Multi-criteria; Multi-criteria decision methods; Personalizations; PROMETHEE-II; User interfaces","Article","All Open Access; Hybrid Gold Open Access","Scopus"
"Yang J.; Ding Y.","Yang, Jianzheng (35732607200); Ding, Yu (55472095700)","35732607200; 55472095700","B2B E-commerce website customer satisfaction: A formula and scale","2009","International Asia Symposium on Intelligent Interaction and Affective Computing, ASIA 2009","https://www.scopus.com/pages/publications/77749285772?origin=resultslist","Business School, University of Shanghai for Science and Technology, Shanghai, China; Shanghai Shengda Computer(Shanghai) Co., Ltd., Shanghai, China","Yang J., Business School, University of Shanghai for Science and Technology, Shanghai, China; Ding Y., Shanghai Shengda Computer(Shanghai) Co., Ltd., Shanghai, China","It is the trend that Business to Business (B2B) has been becoming the mainstream of e-commerce. With more and more concentration on this field, however, recent research has not defined what the B2B website user satisfaction is and how to evaluate it clearly. Also, traditional scales, such as User Information Satisfaction (UIS), End-User Computer Satisfaction (EUCS) and Customer Information Satisfaction (CIS), are just focus on the Information System (IS) environment, but not fit to the B2B e-commerce environment very well. This article establishes ""a Scale of B2B E-commerce Website Customer Satisfaction"" (B2B-ECWCS) with five-dimension, explores the impact factors of B2B-ECWCS, proposes formula for calculating B2B-ECWCS, and finally tests Alibaba's customer satisfaction. © 2009 IEEE.","B2B; Customer satisfaction; E-commerce website; Formula; Scale","Electronic commerce; Sales; World Wide Web; B2B e-commerce; Business to business; Customer information; E-Commerce; E-commerce website; End users; Impact factor; User information satisfactions; User satisfaction; Customer satisfaction","Conference paper","","Scopus"
"Viega J.; Bloch J.T.; Kohno Y.; McGraw G.","Viega, John (6602380785); Bloch, J.T. (55950610500); Kohno, Yoshi (56996916400); McGraw, Gary (35570465900)","6602380785; 55950610500; 56996916400; 35570465900","ITS4: A static vulnerability scanner for C and C++ code","2000","Proceedings - Annual Computer Security Applications Conference, ACSAC","https://www.scopus.com/pages/publications/84949505015?origin=resultslist","Reliable Software Technologies, Dulles, VA, United States","Viega J., Reliable Software Technologies, Dulles, VA, United States; Bloch J.T., Reliable Software Technologies, Dulles, VA, United States; Kohno Y., Reliable Software Technologies, Dulles, VA, United States; McGraw G., Reliable Software Technologies, Dulles, VA, United States","We describe ITS4, a tool for statically scanning security-critical C source code for vulnerabilities. Compared to other approaches, our scanning technique stakes out a new middle ground between accuracy and efficiency. This method is efficient enough to offer real-time feedback to developers during coding while producing few false negatives. Unlike other techniques, our method is also simple enough to scan C++ code despite the complexities inherent in the language. Using ITS4 we found new remotely-exploitable vulnerabilities in a widely distributed software package as well as in a major piece of e-commerce software. The ITS4 source distribution is available at http://www.rstcorp.com/its4.","Buffer overflow; Computer languages; Data security; Feedback; Information security; Libraries; Programming profession; Software packages; Software tools; Writing","Codes (symbols); Computational linguistics; Computer aided software engineering; Computer programming; Computer programming languages; Computer software; Feedback; Libraries; Security of data; Security systems; Software packages; Technical writing; Buffer overflows; Distributed software; Programming profession; Real-time feedback; Scanning techniques; Security-critical; Source distribution; Vulnerability scanner; C++ (programming language)","Article","","Scopus"
"Zhang X.; Dai X.; Lou P.; Hu J.","Zhang, Xiaomei (55715410700); Dai, Xinchen (59893031900); Lou, Ping (59569136000); Hu, Jianmin (57194327051)","55715410700; 59893031900; 59569136000; 57194327051","A Multi-Strategy ALNS for the VRP with Flexible Time Windows and Delivery Locations","2025","Applied Sciences (Switzerland)","https://www.scopus.com/pages/publications/105004880697?origin=resultslist","School of Information Engineering, Wuhan University of Technology, Wuhan, 430070, China; School of Information Engineering, Hubei University of Economics, Wuhan, 430205, China; Hubei Key Laboratory of Digital Finance Innovation, Hubei University of Economics, Wuhan, 430205, China","Zhang X., School of Information Engineering, Wuhan University of Technology, Wuhan, 430070, China; Dai X., School of Information Engineering, Wuhan University of Technology, Wuhan, 430070, China; Lou P., School of Information Engineering, Wuhan University of Technology, Wuhan, 430070, China; Hu J., School of Information Engineering, Hubei University of Economics, Wuhan, 430205, China, Hubei Key Laboratory of Digital Finance Innovation, Hubei University of Economics, Wuhan, 430205, China","With the rapid development of e-commerce, the importance of logistics distribution is becoming increasingly prominent. In particular, the last-mile delivery is particularly important because it serves customers directly. Improving customer satisfaction is one of the important factors to ensure the quality of service in delivery and also an important guarantee for improving the market competitiveness of logistics enterprises. In the process of last-mile delivery, flexible delivery locations and variable delivery times are effective means to improve customer satisfaction. Therefore, this paper introduces a Vehicle Routing Problem with flexible time windows and delivery locations, considering customer satisfaction (VRP-CS), which considers customer satisfaction by using prospect theory from two aspects: the flexibility of delivery time and delivery locations. This VRP-CS is formally modeled as a bi-objective optimization problem, which is an NP-hard problem. To solve this problem, a Multi-Strategy Adaptive Large Neighborhood Search (MSALNS) method is proposed. Operators guided by strategies such as backtracking and correlation are introduced to create different neighborhoods for ALNS, thereby enriching search diversity. In addition, an acceptance criterion inspired by simulated annealing is designed to balance exploration and exploitation, helping the algorithm avoid being trapped in local optima. Extensive numerical experiments on generated benchmark instances demonstrate the effectiveness of the VRP-CS model and the efficiency of the proposed MSALNS algorithm. The experiment results on the generated benchmark instances show that the total cost of the VRP-CS is reduced by an average of 14.22% when optional delivery locations are utilized compared to scenarios with single delivery locations. © 2025 by the authors.","adaptive large neighborhood search; customer satisfaction; delivery options; time window; vehicle routing problem","Marketplaces; Multiobjective optimization; NP-hard; Quality function deployment; Sales; Simulated annealing; Adaptive large neighborhood searches; Customers' satisfaction; Delivery option; Delivery time; E- commerces; Flexible time windows; Last mile; Logistic distributions; Time windows; Vehicle Routing Problems; User experience","Article","All Open Access; Gold Open Access; Green Open Access","Scopus"
"Wang M.; Fu L.; Chu J.; Guo K.; Qin C.; Wang X.; Wu S.; Jiang W.; Zhao X.","Wang, Maolin (57211271693); Fu, Lang (58025152700); Chu, Jun (58583359500); Guo, Kai (59759895600); Qin, Chenjie (60627929100); Wang, Xinxin (58609817100); Wu, Siyu (57224586182); Jiang, Wen (57216647199); Zhao, Xiangyu (57199991626)","57211271693; 58025152700; 58583359500; 59759895600; 60627929100; 58609817100; 57224586182; 57216647199; 57199991626","ARCHER: Shooting Straight in Multimodal E-Commerce Search at Alibaba with Progressive Alignment","2026","WWW 2026 - Proceedings of the ACM Web Conference 2026","https://www.scopus.com/pages/publications/105038574595?origin=resultslist","City University of Hong Kong, Hong Kong; Alibaba International Digital Commerce Group, Hangzhou, China","Wang M., City University of Hong Kong, Hong Kong; Fu L., Alibaba International Digital Commerce Group, Hangzhou, China; Chu J., Alibaba International Digital Commerce Group, Hangzhou, China; Guo K., Alibaba International Digital Commerce Group, Hangzhou, China; Qin C., Alibaba International Digital Commerce Group, Hangzhou, China; Wang X., Alibaba International Digital Commerce Group, Hangzhou, China; Wu S., Alibaba International Digital Commerce Group, Hangzhou, China; Jiang W., Alibaba International Digital Commerce Group, Hangzhou, China; Zhao X., City University of Hong Kong, Hong Kong","In the rapidly evolving landscape of e-commerce, visual search has become a cornerstone of user experience, enabling customers to find products using images rather than traditional text queries. However, a comprehensive analysis reveals a persistent challenge: nearly half of retrieval failures stem from systems that prioritize superficial visual similarity over semantic relevance, resulting in frustrating user experiences where searches return visually similar but functionally different products. This limitation becomes particularly acute in Business-to-Business environments, where incorrect product recommendations can have significant operational and safety implications. In this paper, we propose a novel solution, Adaptive Retrieval with Category-aware Hierarchical sEmantic Refinement (ARCHER), which presents a novel multimodal retrieval framework that addresses these challenges through progressive semantic alignment. Unlike existing approaches that treat all visual similarities equally, ARCHER employs a sophisticated three-stage learning strategy that systematically builds from coarse-grained category understanding to fine-grained product discrimination. The framework begins with Proto-Align Enhancement to establish foundational visual-textual correspondences, progresses through Cross-View Learning to develop robust viewpoint-invariant representations, and culminates with Margin-based Representation Enhancement that learns to distinguish between visually similar but functionally distinct products. Most significantly, the framework has been successfully deployed on Alibaba.com's B2B platform since December 2024, where it serves millions of daily queries and has achieved a measurable 2.1% improvement in click-through rates. © 2026 Owner/Author.","b2b search; industrial applications; multimodal retrieval; representation learning; visual search","","Conference paper","All Open Access; Gold Open Access","Scopus"
"Wang C.; Shi X.; Xu S.; Wang Z.; Fan Z.; Feng Y.; You A.; Chen Y.","Wang, Chao (58583364800); Shi, Xiaowei (58582048300); Xu, Shuai (58582496900); Wang, Zhe (57214832795); Fan, Zhiqiang (58583818100); Feng, Yan (59636392800); You, An (58581175200); Chen, Yu (57225200996)","58583364800; 58582048300; 58582496900; 57214832795; 58583818100; 59636392800; 58581175200; 57225200996","A Multi-stage Framework for Online Bonus Allocation Based on Constrained User Intent Detection","2023","Proceedings of the ACM SIGKDD International Conference on Knowledge Discovery and Data Mining","https://www.scopus.com/pages/publications/85171383644?origin=resultslist","Meituan Group, Shanghai, China; Meituan Group, Beijing, China","Wang C., Meituan Group, Shanghai, China; Shi X., Meituan Group, Beijing, China; Xu S., Meituan Group, Shanghai, China; Wang Z., Meituan Group, Beijing, China; Fan Z., Meituan Group, Beijing, China; Feng Y., Meituan Group, Shanghai, China; You A., Meituan Group, Beijing, China; Chen Y., Meituan Group, Beijing, China","With the explosive development of e-commerce for service, tens of millions of orders are generated every day on the Meituan platform. By allocating bonuses to new customers when they pay, the Meituan platform encourages them to use its own payment service for a better experience in the future. It can be formulated as a multi-choice knapsack problem (MCKP), and the mainstream solution is usually a two-stage method. The first stage is user intent detection, predicting the effect for each bonus treatment. Then, it serves as the objective of the MCKP, and the problem is solved in the second stage to obtain the optimal allocation strategy. However, this solution usually faces the following challenges: (1) In the user intent detection stage, due to the sparsity of interaction and noise, the traditional multi-treatment effect estimation methods lack interpretability, which may violate the domain knowledge that the marginal gain is non-negative with the increase of the bonus amount in economic theory. (2) There is an optimality gap between the two stages, which limits the upper bound of the optimal value obtained in the second stage. (3) Due to changes in the distribution of orders online, the actual cost consumption often violates the given budget limit. To solve the above challenges, we propose a framework that consists of three modules, i.e., User Intent Detection Module, Online Allocation Module, and Feedback Control Module. In the User Intent Detection Module, we implicitly model the treatment increment based on deep representation learning and constrain it to be non-negative to achieve monotonicity constraints. Then, in order to reduce the optimality gap, we further propose a convex constrained model to increase the upper bound of the optimal value. For the third challenge, to cope with the fluctuation of online bonus consumption, we leverage a feedback control strategy in the framework to make the actual cost more accurately approach the given budget limit. Finally, we conduct extensive offline and online experiments, demonstrating the superiority of our proposed framework, which reduced customer acquisition costs by 5.07% and is still running online.  © 2023 ACM.","bonus allocation; convex constraint; e-commerce; monotonic constraint; multi-treatment effect estimation","Combinatorial optimization; Deep learning; Domain Knowledge; Electronic commerce; Feedback control; Optimal systems; Bonus allocation; Convex constraints; E- commerces; Knapsack problems; Monotonic constraint; Monotonics; Multi choices; Multi-treatment effect estimation; Treatment effects; User's intent detections; Budget control","Conference paper","","Scopus"
"Yang K.L.; Sha D.Y.; Jou Y.-T.","Yang, Kuang Li (57221418751); Sha, D.Y. (59881240700); Jou, Yung-Tsan (23090928700)","57221418751; 59881240700; 23090928700","Use the service gap model to improve the level of service (LOS) of e-commerce physical home logistic in Taiwan area","2020","Journal of Quality","https://www.scopus.com/pages/publications/85099098672?origin=resultslist","Department of Industrial and Systems Engineering, Chung Yuan Christian University, Taiwan; Department of Industrial Engineering and Management, National Chiao Tung University, Taiwan","Yang K.L., Department of Industrial and Systems Engineering, Chung Yuan Christian University, Taiwan; Sha D.Y., Department of Industrial Engineering and Management, National Chiao Tung University, Taiwan; Jou Y.-T., Department of Industrial and Systems Engineering, Chung Yuan Christian University, Taiwan","The purpose of this empirical study is to examine management issues that Taiwan’s distribution industry is facing due to the popularity of E-commerce. We use the service gap model to understand the entire service field of the physical home-delivery service system needed for improving. The questionnaire includes the use experience in the past six months, as well as another 25 questions about the expectation and perceived service quality of physical home delivery. A survey based on the service quality (SERVQUAL) questionnaire and user’s E-commerce experience was distributed by email and i-message to totally 350 selected college students and research and design (R&D) personnel of a research institute. The empirical data was collected electronically and a result of 91 valid copies was analyzed by using the importance-satisfaction (I-S) mode to determine the quality attributes and improvement coefficient (Ii) to determine the items and order of improvement. Service indicators included: reliability, responsiveness, empathy, and introducing a communication interface that is important and will affect the level of service (LOS) of E-commerce physical home logistic in Taiwan area, and also could set the basis for business innovation and formation of new business to propose refined customer value. © 2020, Chinese Society for Quality. All rights reserved.","I-S model; Level of service (LOS); Physical home logistic; SERVQUAL","Quality of service; Students; Surveys; Business innovation; Communication interface; Home delivery services; Improvement coefficients; Management issues; Perceived service qualities; Quality attributes; Research institutes; Electronic commerce","Article","","Scopus"
"Yang S.; Lin R.; Guo J.; Bai G.; Luo Y.; Diao W.","Yang, Shishuai (57310745700); Lin, Ruoyan (59508192800); Guo, Jialong (59507873200); Bai, Guangdong (55954311500); Luo, Yujia (60100540900); Diao, Wenrui (56417493800)","57310745700; 59508192800; 59507873200; 55954311500; 60100540900; 56417493800","Investigating cross-market android apps: Security, protection, and components","2026","Empirical Software Engineering","https://www.scopus.com/pages/publications/105027895825?origin=resultslist","School of Computer Science, Zhengzhou University of Aeronautics, Zhengzhou, China; School of Cyber Science and Technology, Shandong University, Qingdao, China; School of Electrical Engineering and Computer Science, The University of Queensland, Brisbane, Australia","Yang S., School of Computer Science, Zhengzhou University of Aeronautics, Zhengzhou, China; Lin R., School of Cyber Science and Technology, Shandong University, Qingdao, China; Guo J., School of Cyber Science and Technology, Shandong University, Qingdao, China; Bai G., School of Electrical Engineering and Computer Science, The University of Queensland, Brisbane, Australia; Luo Y., School of Cyber Science and Technology, Shandong University, Qingdao, China; Diao W., School of Cyber Science and Technology, Shandong University, Qingdao, China","Multi-channel distribution of Android apps offers convenience to users, yet simultaneously introduces security concerns. Even though apps published in the Google Play and third-party markets share the same version code, differences in the content of apps may still arise. Notably, a recent incident involving the third-party market version of the Pinduoduo app containing malicious code highlights the intentionally-differentiated implementations of app functionalities by developers between Google Play and third-party markets. The case of Pinduoduo may be just the tip of the iceberg, underscoring the need for a comprehensive investigation into the disparities between the Google Play and third-party market versions of apps. In this work, we systematically analyzed this crucial issue, focusing on cross-market apps that claim to share the same version code. Specifically, we proposed four research questions, covering differences in app protection, security threats, permission usage, and major components. To answer these questions, we constructed a dataset containing 17,218 app pairs (filtered from 236,731 apps) and permission mappings (27,046 SDK mappings, 1,656 ContentProvider mappings, and 309 Intent mappings) for API levels 16 - 33. This dataset enables us to conduct a comprehensive differential analysis. Consequently, our investigation unveiled a series of captivating and insightful findings. Approximately 29.02% of apps show differences in one or all of the four aspects. For example, the third-party market versions of apps often request more permissions compared to their Google Play counterparts, particularly among apps from the game category. Our work can provide developers and app store operators with directions for improvement to ensure the consistency of cross-market apps, enhancing the quality of the Android apps ecosystem and user experience. © The Author(s), under exclusive licence to Springer Science+Business Media, LLC, part of Springer Nature 2025.","App protection; Cross-market Android apps; Major components; Permission usage; Security threats","Application programming interfaces (API); Application programs; Codes (symbols); Mapping; Mobile applications; Mobile commerce; Mobile security; Network security; Security systems; User experience; Android apps; App protection; Cross-market android app; Google plays; Major component; Permission usage; Security components; Security protection; Security threats; Third parties; Android (operating system)","Article","","Scopus"
"Gao F.","Gao, Fan (60140495600)","60140495600","Optimization Model of Multicenter Distribution Logistics Network Based on NSGA-II","2025","Journal of Advanced Manufacturing Systems","https://www.scopus.com/pages/publications/105018824559?origin=resultslist","College of Economics and Management, Huanghe Jiaotong University, Jiaozuo, 454950, China","Gao F., College of Economics and Management, Huanghe Jiaotong University, Jiaozuo, 454950, China","With the rapid development of globalization and e-commerce, traditional logistics models are facing issues such as rising costs and low delivery efficiency. This study innovatively proposes a multicenter delivery logistics network optimization model based on an improved nondominated sorting genetic algorithm II. By constructing a virtual delivery network and introducing adaptive scaling factors and variable neighborhood operators, the model enhances the convergence and diversity of solutions in multi-objective optimization. The model aims to minimize transportation distance costs, vehicle fuel consumption costs, personnel scheduling costs, delivery time, and pollution emissions. It demonstrates significant advantages in multicenter complex scenarios. Experimental results show that the Pareto front coverage of the optimization model reaches up to 0.98, and the number of optimal solutions increases to 7.4 after integrating the improved operators, an increase of 4.4 compared with the traditional NSGA-II. In tests involving 10 service recipients in Chengdu, the delivery time cost was only 3 h, the maximum difference in transportation costs compared with the MODE model was 5,800 yuan, the minimum single-person scheduling cost was 1,165.78 yuan, the minimum pollution emissions were 40.22 ppm, and the maximum user satisfaction reached 92.15%. These results clearly demonstrate that the proposed model can achieve a multi-objective balance in reducing delivery costs, improving system efficiency, and optimizing environmental impact, providing effective new insights and technical support for the design and optimization of future multicenter logistics delivery networks. © 2027 World Scientific Publishing Company.","delivery; Logistics network; multicenter; NSGA-II; optimize functions","Costs; Environmental impact; Logistics; Multiobjective optimization; Pareto principle; Screening; Transportation personnel; Delivery; Delivery time; Distribution logistics; Logistics network; Multicenter; Network-based; NSGA-II; Optimization models; Optimize function; Pollution emissions; Genetic algorithms","Article","","Scopus"
"Zan W.; Xiao Y.; Han Y.; Yang Y.; Chen S.; Jiang X.; Chen D.","Zan, Wen (58560996300); Xiao, Yao (57713489100); Han, Yaopeng (58560992700); Yang, Yang (58952308500); Chen, Sheng (57712875000); Jiang, Xiaotian (58561002400); Chen, Dayao (57712670900)","58560996300; 57713489100; 58560992700; 58952308500; 57712875000; 58561002400; 57712670900","SPM: Structured Pretraining and Matching Architectures for Relevance Modeling in Meituan Search","2023","International Conference on Information and Knowledge Management, Proceedings","https://www.scopus.com/pages/publications/85178116159?origin=resultslist","Meituan Inc, Beijing, China","Zan W., Meituan Inc, Beijing, China; Xiao Y., Meituan Inc, Beijing, China; Han Y., Meituan Inc, Beijing, China; Yang Y., Meituan Inc, Beijing, China; Chen S., Meituan Inc, Beijing, China; Jiang X., Meituan Inc, Beijing, China; Chen D., Meituan Inc, Beijing, China","In e-commerce search, relevance between query and documents is an essential requirement for satisfying user experience. Different from traditional e-commerce platforms that offer products, users search on life service platforms such as Meituan mainly for product providers, which usually have abundant structured information, e.g. name, address, category, thousands of products. Modeling search relevance with these rich structured contents is challenging due to the following issues: (1) there is language distribution discrepancy among different fields of structured document, making it difficult to directly adopt off-the-shelf pretrained language model based methods like BERT. (2) different fields usually have different importance and their length vary greatly, making it difficult to extract document information helpful for relevance matching. To tackle these issues, in this paper we propose a novel two-stage pretraining and matching architecture for relevance matching with rich structured documents. At pretraining stage, we propose an effective pretraining method that employs both query and multiple fields of document as inputs, including an effective information compression method for lengthy fields. At relevance matching stage, a novel matching method is proposed by leveraging domain knowledge in search query to generate more effective document representations for relevance scoring. Extensive offline experiments and online A/B tests on millions of users verify that the proposed architectures effectively improve the performance of relevance modeling. The model has already been deployed online, serving the search traffic of Meituan for over a year. © 2023 Copyright held by the owner/author(s).","pretraining language model; search relevance","Computational linguistics; Domain Knowledge; Electronic commerce; Knowledge management; Modeling languages; E- commerces; Language model; Matchings; Pre-training; Pretraining language model; Relevance matching; Relevance models; Search relevance; Structured document; Users' experiences; Architecture","Conference paper","All Open Access; Gold Open Access; Green Open Access","Scopus"
"Amjad S.; Barnthaler M.; Udokwu C.J.; Cras S.; Nassar E.; Treytl V.","Amjad, Sana (57226398528); Barnthaler, Mirella (60310604700); Udokwu, Chibuzor Joseph (57191971022); Cras, Stefan (35112880300); Nassar, Ebtehal (58799610800); Treytl, Vinzenz (57865798800)","57226398528; 60310604700; 57191971022; 35112880300; 58799610800; 57865798800","Blockchain-based Token Platforms for Incentivizing Citizen Science: Case of the YOMA Reward Token","2025","2025 7th International Conference on Blockchain Computing and Applications, BCCA 2025","https://www.scopus.com/pages/publications/105026960121?origin=resultslist","Austrian Blockchain Center - ABC Research GmbH, Vienna, Austria; Vienna University of Economics and Business, Vienna, Austria; Caliber Consult GmbH, Vienna, Austria","Amjad S., Austrian Blockchain Center - ABC Research GmbH, Vienna, Austria, Vienna University of Economics and Business, Vienna, Austria; Barnthaler M., Caliber Consult GmbH, Vienna, Austria; Udokwu C.J., Austrian Blockchain Center - ABC Research GmbH, Vienna, Austria; Cras S., Austrian Blockchain Center - ABC Research GmbH, Vienna, Austria; Nassar E., Austrian Blockchain Center - ABC Research GmbH, Vienna, Austria; Treytl V., Austrian Blockchain Center - ABC Research GmbH, Vienna, Austria","This article presents the blockchain-based YOMA token platform, which incentivizes participation in communitydriven citizen science initiatives. The system introduces a modular, gasless architecture that enables transparent and verifiable reward mechanisms using ERC-20 tokens, while integrating with off-chain voucher systems. A key contribution lies in the integration of decentralized token management with off-chain redemption mechanisms, enabling token holders to redeem rewards in external e-commerce ecosystems. The architecture includes components such as proxy relayers, encrypted voucher delivery, and token lifecycle management to ensure usability, security, and auditability. We have evaluated the platform in the context of a large-scale clean water challenge in Nigeria, demonstrating its ability to engage users, ensure fair token distribution, and support the delivery of real-world incentives. The results suggest that such systems can serve as a foundation for broader applications aligned with Sustainable Development Goals, such as access to clean water, quality education, and economic opportunity. © 2025 IEEE.","Account Abstraction; Blockchain; ERC-20; Ethereum; Polygon; Smart Contracts; Token System","Abstracting; Chains; Computer architecture; Ecosystems; Electronic commerce; Life cycle; Smart contract; Sustainable development; Account abstraction; Block-chain; Citizen science; Clean waters; Decentralised; E-commerce ecosystems; ERC-20; Modulars; Polygon; Token system; Blockchain","Conference paper","","Scopus"
"Borar S.; Weerts H.; Gebre B.; Pechenizkiy M.","Borar, Sheetal (57565344700); Weerts, Hilde (57200215163); Gebre, Binyam (55890397300); Pechenizkiy, Mykola (55900254600)","57565344700; 57200215163; 55890397300; 55900254600","Improving Recommender System Diversity with Variational Autoencoders","2023","Communications in Computer and Information Science","https://www.scopus.com/pages/publications/85169060478?origin=resultslist","Eindhoven University of Technology, Eindhoven, 5612 AZ, Netherlands; Bol.com, Utrecht, 3528 BJ, Netherlands; Amazon, London, EC2A 2BA, United Kingdom","Borar S., Amazon, London, EC2A 2BA, United Kingdom; Weerts H., Eindhoven University of Technology, Eindhoven, 5612 AZ, Netherlands; Gebre B., Bol.com, Utrecht, 3528 BJ, Netherlands; Pechenizkiy M., Eindhoven University of Technology, Eindhoven, 5612 AZ, Netherlands","Focusing only on relevance when training recommender systems can lead to suboptimal recommendations. On eCommerce platforms, this not only leads to poor user experience for customers but also limits opportunities for vendors due to popularity bias. Consequently, there is an increasing interest in systems that produce recommendations that are not only relevant but also diverse. In this work, we have shown how diversity can be measured and improved in the context of a large eCommerce recommendation platform. We first evaluate how diversity should be measured feasibly in real-world recommender systems and introduce TILD: a novel diversity metric that measures representational diversity across user sessions. Second, we introduce VAE-based Generation of User Profiles (VAE-GUP), wherein we use the generative nature of VAEs to learn a user profile distribution and sample multiple user profiles. In a simple post-processing step, we combine the recommendations generated by these profiles to generate a final list of more diverse recommendations. Through empirical analysis of benchmark and real-world datasets, we show that VAE-GUP can improve several diversity metrics without significantly compromising relevance. This research has been done in collaboration with Bol.com, the largest e-commerce retailer in the Benelux region. © 2023, The Author(s), under exclusive license to Springer Nature Switzerland AG.","Aggregate Diversity; Diversity; Intra-list Diversity; Popularity Bias; Recommender systems; Relevance; Temporal Diversity; Temporal Inter-list Diversity; Variational Autoencoders","Electronic commerce; Learning systems; User profile; Aggregate diversity; Auto encoders; Diversity; Intra-list diversity; Popularity bias; Relevance; Temporal diversity; Temporal inter-list diversity; User's profiles; Variational autoencoder; Recommender systems","Conference paper","All Open Access; Green Open Access","Scopus"
"Singh S.","Singh, Shawren (56111550100)","56111550100","E-Commerce and Usability","2005","Encyclopedia of Multimedia Technology and Networking","https://www.scopus.com/pages/publications/105013721829?origin=resultslist","University of South Africa, South Africa","Singh S., University of South Africa, South Africa","The term “Electronic Commerce” (EC) conjures various interpretations. Figure 1.1 shows some of the different types of EC, of which there are many, such as Business-to-Business (B2B); Business-to-Consumer (B2C); Consumer-to-Business (C2B); Consumer-to-Consumer (C2C); People-to-People (P2P); non-business EC; intrabusiness (organisational) EC; business-to-employees (B2E); government-to-citizen (G2C); exchange-to-exchange (E2E); collaborative commerce; ultimate commerce (u-commerce) and mobile commerce (m-commerce). © 2005 by Idea Group Inc. All rights reserved.","","Distributed computer systems; Electronic commerce; Information management; Information systems; Information use; Business to Consumer; Business-to-business; Collaborative commerce; Organisational; Ultimate commerce; Personnel","Book chapter","","Scopus"
"Song H.K.; Baek E.; Choo H.J.","Song, Hyo Kyung (57211777523); Baek, Eunsoo (57188842312); Choo, Ho Jung (35167734700)","57211777523; 57188842312; 35167734700","Try-on experience with augmented reality comforts your decision: Focusing on the roles of immersion and psychological ownership","2020","Information Technology and People","https://www.scopus.com/pages/publications/85074982229?origin=resultslist","Department of Textiles, Merchandising and Fashion Design, Seoul National University, Seoul, South Korea; Business Division, Institute of Textiles and Clothing, Hong Kong Polytechnic University, Kowloon, Hong Kong","Song H.K., Department of Textiles, Merchandising and Fashion Design, Seoul National University, Seoul, South Korea; Baek E., Business Division, Institute of Textiles and Clothing, Hong Kong Polytechnic University, Kowloon, Hong Kong; Choo H.J., Department of Textiles, Merchandising and Fashion Design, Seoul National University, Seoul, South Korea","Purpose: The purpose of this paper is to understand how augmented reality (AR) try-on experiences facilitate consumers’ shopping decision. Focusing on the immersion and psychological ownership, the study investigated how the properties of AR experiences (environmental embedding (EE) and simulated physical control (SPC)) affect decision comfort. Design/methodology/approach: This research theoretically and empirically analyzes how each property of AR experiences affects consequential psychological states and then further increases decision comfort by employing an existing AR try-on mobile application. A total of 99 valid responses were used for the partial least square structural equation modeling analysis. One’s prior AR try-on experience was predicted as a moderator and analyzed using SPSS-based PROCESS macro. Findings: The results demonstrated that EE and SPC evoke immersion and the feeling of ownership of a virtual product, which increased decision comfort. The moderating effect of one’s prior AR try-on experience showed that the impact of EE and SPC on immersion was attenuated for those with prior experience. Further, immersion mediated the effect of EE but SPC on the feeling of ownership, which corroborated the direct effect of SPC on the feeling of ownership. Practical implications: Firms must consider technological and user-experience features that can induce users to perceive high levels of AR characteristics such as EE and SPC. Practitioners should develop realistic content that can correctly place virtual products on users to enhance EE. Including more interactive features is encouraged to provide users with a feeling of control toward the virtual product that directly leads to ownership and positively affects decision making. Further, practitioners need to be cautious about consumers getting used to the new technology; retailers and marketers need to focus on creating new and innovative content to continually engage customers. Originality/value: This study adopted EE and SPC to determine how each property of AR experience forms the consequential psychological states, particularly depending on one’s prior experience. Methodologically, the study provided external validity in conducting an experiment by adopting an existing AR mobile application available in the market and employing an objective measure of respondents (e.g. prior AR try-on experience). © 2019, Emerald Publishing Limited.","Consumer behaviour; E-commerce (B2B/B2C/B2G/G2C); Methodology; Mobile communication; Online shopping; Partial least squares; Phenomenon; Quantitative method; Quasi-experiment; Technology; Theoretical concept","","Article","","Scopus"
"Pavlou P.A.","Pavlou, Paul A (6507186334)","6507186334","Institution-based trust in interorganizational exchange relationships: The role of online B2B marketplaces on trust formation","2002","Journal of Strategic Information Systems","https://www.scopus.com/pages/publications/84867928512?origin=resultslist","Marshall School of Business, University of Southern California, Los Angeles, CA 90012, 3740 McClintock Avenue, United States","Pavlou P.A., Marshall School of Business, University of Southern California, Los Angeles, CA 90012, 3740 McClintock Avenue, United States","Given the uncertainty of online transactions, the digital economy encourages the creation of institutional structures that assure online interorganizational exchange relationships. This research examines how institution-based trust develops in online B2B marketplaces to facilitate interorganizational trust (buyers' trust in sellers). Building upon the notion of institutional trust [Zucker,1986], this study proposes how specific institution-based structures help engender interorganizational trust and indirectly influence transaction success in B2B marketplaces. Five specific institution-based mechanisms are proposed - perceived monitoring, perceived legal bonds, perceived accreditation, perceived feedback, and perceived cooperative norms. To assess the influence of the proposed two dimensions of interorganizational trust - credibility and benevolence - in buyer-seller relationships, three trust outcomes are examined - satisfaction, perceived risk, and continuity. The proposed model is tested on data from 102 organizational buyers in an online B2B marketplace. The results support the proposed model, delineating the relationship between institution-based trust and interorganizational trust. The study provides evidence on how specific institutional mechanisms build trust in online B2B marketplaces, stressing the ability of institution-based trust to build a trustworthy trading environment in the digital economy. The paper discusses the theoretical and managerial implications of this study and proposes several suggestions for future research. © 2002 Elsevier Science B.V.","B2B e-commerce; Buyer-seller relationships; Institutional trust; Interorganizational trust; Online B2B marketplaces; Structural assurances","","Article","","Scopus"
"Estember R.D.; Procopio K.M.B.","Estember, Rene D. (56685624400); Procopio, Katrina Mae B. (57218371572)","56685624400; 57218371572","Webpage development of group buying websites focusing on web usability and interface design","2020","Proceedings of the International Conference on Industrial Engineering and Operations Management","https://www.scopus.com/pages/publications/85088930891?origin=resultslist","School of Industrial Engineering and Engineering Management, Mapua University, Manila, Philippines","Estember R.D., School of Industrial Engineering and Engineering Management, Mapua University, Manila, Philippines; Procopio K.M.B., School of Industrial Engineering and Engineering Management, Mapua University, Manila, Philippines","The purpose of the study is to determine how web usability and interface design on webpage development can affect the purchasing decision of consumers of group buying websites. With the rise of e-commerce, entrepreneurs nowadays cannot assume that when they build a website, customers will automatically visit them. Industry analysis shows how companies can earn decreased potential sales and low gains on return of investment (ROI) due to poor usability and errant designs. The researchers aimed to conduct an assessment on the current performance of websites in online group buying, identify significant factors that will affect the decision of webpage designs, create an ideal generic webpage layout for group buying websites, and evaluate the formulated webpage layout based on the assessment of current group buying websites. The methodology includes distribution of survey questionnaire and usability test among respondents. ANOVA and t-test were used as the statistical treatment of data. The study was able to verify through the comparison of usability tests that the proposed website showed significant improvements to improve the webpage in terms of web usability and interface design. The findings will be useful to entrepreneurs, online shoppers and future researchers for an improved e-commerce experience. © IEOM Society International.","Group buying website; Interface design; Web usability; Webpage development","","Conference paper","","Scopus"
"Wong W.; Bartels M.; Chrobot N.","Wong, Wilkey (56208035300); Bartels, Mike (57197021852); Chrobot, Nina (56144835700)","56208035300; 57197021852; 56144835700","E-commerce Websites","2014","Eye Tracking in User Experience Design","https://www.scopus.com/pages/publications/84902568362?origin=resultslist","Tobii Technology, Falls Church, VA, United States","Wong W., Tobii Technology, Falls Church, VA, United States; Bartels M., Tobii Technology, Falls Church, VA, United States; Chrobot N., Tobii Technology, Falls Church, VA, United States","This chapter is an examination of how eye tracking can be used to measure the performance of transactional online experiences. It explains how eye-tracking metrics can inform our understanding of attentional distribution, element viewing, and perceptual flow. These elements, combined with other data collection and analysis techniques referenced in the chapter provide insights into the performance of e-commerce components such as cross-selling opportunities and product display pages. © 2014 Elsevier Inc. All rights reserved.","Cross-selling; E-commerce; Online transactions; PDP; Performance metrics; Product display page; User experience metrics","Commerce; Plasma display devices; Cross-selling; Online transaction; Performance metrics; Product display page; User experience; Electronic commerce","Book chapter","","Scopus"
"Berthon P.; Pitt L.; Cyr D.; Campbell C.","Berthon, Pierre (7006385714); Pitt, Leyland (7005227018); Cyr, Dianne (55410575200); Campbell, Colin (26435082100)","7006385714; 7005227018; 55410575200; 26435082100","E-readiness and trust: Macro and micro dualities for e-commerce in a global environment","2008","International Marketing Review","https://www.scopus.com/pages/publications/57149142764?origin=resultslist","McCallum School of Business, Bentley College, Waltham, MA, United States; Simon Fraser University, Vancouver, Canada","Berthon P., McCallum School of Business, Bentley College, Waltham, MA, United States; Pitt L., Simon Fraser University, Vancouver, Canada; Cyr D., Simon Fraser University, Vancouver, Canada; Campbell C., Simon Fraser University, Vancouver, Canada","Purpose: The paper's aim is to create a framework for national readiness and receptivity to e-commerce at both the business to business (B2B) as well as business to consumer (B2C) levels. Design/methodology/approach: Relevant literature on e-readiness is discussed in light of research on corruption and national values. A model is formulated at the macro level in which e-readiness is predicted to be related to national culture values and corruption. Analysis at the micro level rests on existing literature related to trust and web site usability. Findings: At the macro level of analysis, levels of perceived corruption within a country, and overarching national values are identified as significant contributors to e-readiness especially in the B2B realm. At a more micro level, it is proposed that individual expectations regarding ability to trust an online vendor, and the suitability of usability characteristics of web site design contribute to e-readiness at the B2C level. Taken together, macro and macro factors jointly contribute to a nation's readiness and receptivity to e-commerce. Research limitations/implications: The empirical work presented is based on aggregate level data from only one point in time. Results only provide generalized trends that may not be representative of all firms in a country or still applicable in the present time. Practical implications - Practitioners are challenged to think beyond technological readiness and address factors such as corruption, national culture, and web design before entering new markets. Originality/value: This paper identifies aspects of e-readiness beyond purely technical infrastructure and provides a fresh empirical model. This study uniquely considers both micro and macro level characteristics that contribute to e-readiness. © Emerald Group Publishing Limited.","Corruption; Electronic commerce; National cultures; Trust; User interfaces","","Article","","Scopus"
"Gao A.; Mu D.; Hu Y.; Pan W.","Gao, Ang (55220570200); Mu, Dejun (56383464900); Hu, Yansu (35753215600); Pan, Wenping (24281589100)","55220570200; 56383464900; 35753215600; 24281589100","Proportional delay guarantee in web QoS based on predictive control","2009","2009 1st International Conference on Information Science and Engineering, ICISE 2009","https://www.scopus.com/pages/publications/77952762749?origin=resultslist","College of Automation, Northwestern Polytechnical University, Xi'an 710072, China; College of Automation, Nanjing University of Aeronautics and Astronautics, Nanjing Jiangsu 210016, China","Gao A., College of Automation, Northwestern Polytechnical University, Xi'an 710072, China; Mu D., College of Automation, Northwestern Polytechnical University, Xi'an 710072, China; Hu Y., College of Automation, Northwestern Polytechnical University, Xi'an 710072, China; Pan W., College of Automation, Nanjing University of Aeronautics and Astronautics, Nanjing Jiangsu 210016, China","As the heterogeneity of Web clients increasing, the differentiated service becomes an important issue for e-commerce Web sites, and the control theory has already been used for this in Web server. However, when workloads vary significantly, the real-time performance of feedback control needs to be improved. After analyzing the heavy-tailed property of embedded files in Web pages, this paper presents a predictive approach based on the queuing feature of Web server and HTTP 1.1 persistent connections. It achieves the relative delay guarantee by calculating the future delay of different priorities and adjusting their quota of service threads. The experimental results demonstrate that the proposed approach performs a better dynamic property. ©2009 IEEE.","Component; Heavy-tailed distribution; Predictive control; Proportional delay guarantee","Information science; Quality of service; Web services; Websites; Delay guarantee; Differentiated Services; Dynamic property; E-Commerce; Heavy-tailed; Heavy-tailed distribution; Persistent connection; Predictive control; Real time performance; Relative delay; Web clients; Web page; Web QoS; Web servers; Predictive control systems","Conference paper","","Scopus"
"Setiabudi D.H.; Widyadana I.G.A.","Setiabudi, Djoni Haryadi (51161902900); Widyadana, I Gede A. (25655499500)","51161902900; 25655499500","The User Interface and the Implementation of Mobile apps for Donors in Natural Disaster in East Java, Indonesia","2019","TIMES-iCON 2019 - 2019 4th Technology Innovation Management and Engineering Science International Conference","https://www.scopus.com/pages/publications/85082395658?origin=resultslist","Petra Christian University, Informatics Department, Surabaya, Indonesia; Petra Christian University, Industrial Engineering Department, Surabaya, Indonesia","Setiabudi D.H., Petra Christian University, Informatics Department, Surabaya, Indonesia; Widyadana I.G.A., Petra Christian University, Industrial Engineering Department, Surabaya, Indonesia","Natural disasters occur quite often in Indonesia. Relief can be in the forms of logistics or funds. Indonesian Red Cross is one of the institutions most trusted in distributing donations. Unfortunately, there is still no easy facilitation for donors in transferring funds. An effective system is needed to ease donors in transferring funds using an online application, to guarantee that the funds are not misused, to inform the kind of disasters requiring financial aids or to report the utilization of the aids.Not many researches have been conducted in this subject. Those related to the Human Computer Interaction in Health Care were focused on patients. The ones in the field of e-commerce were focused on customers. Meanwhile this research on the case of natural disaster was focusing on donors, which was not quite ordinary. The researches in the case of natural disasters were mostly focusing on the problem of distribution and supply of logistics or searching the nearest locations using GIS.This research aims to explore the user expectations of the mobile apps on the process of donating applying the principles of HCI such as conveniences, effectiveness, security, completeness of information, feedback, and visibility. It also includes the expectations on features for donors and volunteers in using secured payment gateway linked to the bank and on the history of the donation including the channel and their utilization.The result of this research shows that the expected users wish this application could provide quality of information, continuity, easy of acces and high security. The results of Developing a mobile application with effective interaction between the application and the users is included in this paper. © 2019 IEEE.","donors; HCI; mobile apps; natural disasater","Electronic document exchange; Engineering research; Gateways (computer networks); Human computer interaction; Medical computing; User interfaces; donors; Effective interactions; Effective systems; Mobile applications; Mobile apps; natural disasater; On-line applications; Quality of information; Disasters","Conference paper","","Scopus"
"Liu Q.-Q.; Jin F.","Liu, Qing-Quan (57192430709); Jin, Fang (36241478900)","57192430709; 36241478900","Quantised output feedback control via limited capacity communication networks","2012","International Journal of Systems Science","https://www.scopus.com/pages/publications/84867451615?origin=resultslist","School of Information Science and Engineering, Shenyang Ligong University, Shenyang, China","Liu Q.-Q., School of Information Science and Engineering, Shenyang Ligong University, Shenyang, China; Jin F., School of Information Science and Engineering, Shenyang Ligong University, Shenyang, China","This article addresses the output feedback stability problem for single-input single-output (SISO) linear systems with quantised measurements of the plant output, where sensors and controllers are connected via errorless digital channels carrying a finite number of bits per unit time. The main idea here is to present a lower bound of data rates, above which there exists a quantisation, coding and control scheme to guarantee both stability and a prescribed control performance of the unstable plant. A quantisation and coding scheme, which is based on the distribution of measurements and the dynamics of the plant, is proposed. The proof techniques rely on both information-theoretic and control-theoretic tools. An illustrative example is given to demonstrate the effectiveness of the proposed scheme. © 2012 Copyright Taylor and Francis Group, LLC.","control under communication constraints; feedback stability; output feedback control; single-input single-output (SISO) linear systems","Information theory; Linear systems; Coding scheme; Control performance; Control schemes; Control under communication constraints; Data rates; Digital channel; Feedback stability; Finite number; Illustrative examples; Limited capacity; Lower bounds; Output feedback; Output feedback controls; Per unit; Plant output; Quantisation; Single-input single-output; Unstable plants; Feedback control","Article","","Scopus"
"Wang Y.; Deng X.; Luo H.; Wu Y.; Lu Q.","Wang, Yong (57208154869); Deng, Xudong (57190405665); Luo, Huajun (59424219200); Wu, Yajun (58914287500); Lu, Qian (57208153032)","57208154869; 57190405665; 59424219200; 58914287500; 57208153032","Business Process Optimization Analysis of Enterprise E-commerce Logistics Distribution Center","2024","2024 International Conference on Automation in Manufacturing, Transportation and Logistics, ICaMaL 2024","https://www.scopus.com/pages/publications/105001917678?origin=resultslist","School of Management, Wuhan University of Science and Technology, Wuhan, China; KTH Royal Institute of Technology, Department of Production Engineering, Stockholm, Sweden","Wang Y., School of Management, Wuhan University of Science and Technology, Wuhan, China; Deng X., School of Management, Wuhan University of Science and Technology, Wuhan, China; Luo H., School of Management, Wuhan University of Science and Technology, Wuhan, China; Wu Y., School of Management, Wuhan University of Science and Technology, Wuhan, China; Lu Q., KTH Royal Institute of Technology, Department of Production Engineering, Stockholm, Sweden","With the rapid development of e-commerce, corporate e-commerce logistics and distribution centers are playing an increasingly important role in the national economy. However, some problems in the distribution center business process affect logistics efficiency and customer satisfaction. This article first analyzes the business processes of enterprise e-commerce logistics distribution centers, summarizes some common problems, analyzes the causes of these problems, and proposes a series of optimization strategies. The article includes improving the quality of warehousing space use, adopting a refined management model, effectively organizing distribution route planning, and establishing an information feedback mechanism. Implementing these strategies will help improve logistics efficiency and customer satisfaction, giving enterprises an invincible position in the fierce market competition.  © 2024 IEEE.","business process; enterprise e-commerce; logistics distribution center; optimization","Customer satisfaction; Business Process; Business process optimization; Customers' satisfaction; Distribution centres; E- commerces; Enterprise e-commerce; Logistics distribution centers; Logistics efficiency; Optimisations; Optimization analysis; Marketplaces","Conference paper","","Scopus"
"Frost R.L.","Frost, Robert L. (21740965400)","21740965400","Rearchitecting the music business: Mitigating music piracy by cutting out the record companies","2007","First Monday","https://www.scopus.com/pages/publications/34548694317?origin=resultslist","School of Information, University of Michigan, United States","Frost R.L., School of Information, University of Michigan, United States","Disintermediation -the process of removing superfluous agents in a transaction chain - has been a major promise of e-commerce. Disintermediation offers the benefits of lowering prices to consumers and a better information-feedback loop between producers and consumers. In this paper, I propose a systematic model of disintermediation in the recorded-music business. Were such a model successful and tied to digital distribution, prices to consumers would fall considerably, artist compensation would rise, online piracy would drop, and the information-feedback loops necessary for signaling consumer tastes back to artists would become far more efficient as information asymmetries were mitigated. Such a model would leverage recommender systems as a way to determine consumer choices beyond the use of simple sales figures.","","","Article","All Open Access; Gold Open Access","Scopus"
"Khairnar S.; Bodra D.","Khairnar, Sushil (57204777066); Bodra, Deep (57216618940)","57204777066; 57216618940","Recommendation Engine for Amazon Magazine Subscriptions","2025","International Journal of Advanced Computer Science and Applications","https://www.scopus.com/pages/publications/105016092075?origin=resultslist","Virginia Tech, Blacksburg, United States; Harrisburg University of Science and Technology, United States","Khairnar S., Virginia Tech, Blacksburg, United States; Bodra D., Harrisburg University of Science and Technology, United States","Recommender systems play a crucial role in enhancing user experience and engagement on e-commerce platforms by suggesting relevant products based on user behavior. In the context of Amazon’s extensive catalog of over 8,000 magazines spanning more than twenty-five categories, providing personalized magazine subscription recommendations poses a significant challenge. This study addresses the problem of identifying potential future associations between magazine reviewers and products using a graph-based approach. Specifically, we aim to predict unseen but likely links between users and magazines to improve recommendation quality. To achieve this, we construct an undirected bipartite network connecting reviewers and magazine products based on review data. We perform network analysis using measures such as centrality, modularity, and clustering, and apply sentiment analysis and topic modeling to extract behavioral and thematic insights from user reviews. These insights inform a series of link prediction techniques including Common Neighbors, Adamic-Adar, Jaccard Coefficient, and Preferential Attachment evaluated using cross-validation and ROC curves. Our results show that the Preferential Attachment model outperforms other approaches, attributed to the skewed degree distribution inherent in the dataset’s structure. © (2025), (Science and Information Organization). All rights reserved.","link prediction; recommender system; Sentiment analysis; topic modeling","Behavioral research; Data mining; Electronic commerce; Forecasting; Graphic methods; Information systems; Recommender systems; User experience; Commerce platforms; E- commerces; Graph-based; Link prediction; Magazine subscription; Sentiment analysis; Topic Modeling; User behaviors; User engagement; Users' experiences; Sentiment analysis","Article","All Open Access; Gold Open Access","Scopus"
"Pǎskevǐcius P.; Damǎsevǐcius R.","Pǎskevǐcius, Paulius (57192084566); Damǎsevǐcius, Robertas (6603451290)","57192084566; 6603451290","Design of usable interface for a mobile e-commerce system","2016","CEUR Workshop Proceedings","https://www.scopus.com/pages/publications/84996847779?origin=resultslist","Department of Software Engineering, Kaunas University of Technology, Kaunas, Lithuania","Pǎskevǐcius P., Department of Software Engineering, Kaunas University of Technology, Kaunas, Lithuania; Damǎsevǐcius R., Department of Software Engineering, Kaunas University of Technology, Kaunas, Lithuania","The development of user interfaces for mobile devices is a challenging research topic as it addresses specific usage of mobile devices-users want rapid responses to their actions while minimizing the amount of information entered. Because of its nature mobile devices face many constraints such as limited size of display and motoric limitations on information input. Good usability is a primary requirement for interface design and is critical to attracting and retaining users, especially in business applications such as mobile e-commerce systems. In this paper, we analyze design principles of user interfaces for mobile devices, formulate requirements for a usable interface of a mobile application, describe model and architecture for interface of a developed PDN (Product Distribution Network) mobile ecommerce system and present its evaluation based on principles of controllability, predictability, unobtrusiveness, privacy and breadth of experience. © 2016 held by the authors.","","Commerce; Display devices; Electronic commerce; Information science; Mobile devices; Product design; User interfaces; Amount of information; Business applications; Design Principles; Interface designs; Mobile applications; Mobile e-commerce; Product distributions; Research topics; Mobile commerce","Conference paper","","Scopus"
"Harna T.G.; Syaifurrahman E.; Sunardi","Harna, Trio Grasby (57985794800); Syaifurrahman, Ersano (57986112300); Sunardi (57220094902)","57985794800; 57986112300; 57220094902","User Experience Evaluation of Building Materials Application Using Usability Testing Based on ISO 9241-11 Standard and The USE Questionnaire","2022","2022 10th International Conference on Cyber and IT Service Management, CITSM 2022","https://www.scopus.com/pages/publications/85142867862?origin=resultslist","Binus Online Learning Bina Nusantara University, Information System Department, Jakarta, 11480, Indonesia","Harna T.G., Binus Online Learning Bina Nusantara University, Information System Department, Jakarta, 11480, Indonesia; Syaifurrahman E., Binus Online Learning Bina Nusantara University, Information System Department, Jakarta, 11480, Indonesia; Sunardi, Binus Online Learning Bina Nusantara University, Information System Department, Jakarta, 11480, Indonesia","The DBO Toko App is an e-commerce platform with B2B (business to business) business model that focuses on building materials. By 2021, this application would have reached practically every part of Indonesia. However, the registered user was less than 50%, and it was important to keep the consumers satisfied in order for future apps to be taken loyally. This study aimed to evaluate the user experience of the DBO Toko App in two ways: qualitatively using the ISO 9241-11 standard and quantitatively using The USE Questionnaire. First, 7 users participated in a scenario test to assess effectiveness and efficiencymetrics. Second, collected data from 115 respondents using The USE Questionnaire instrument to assess usefulness, ease of use, ease of learn, and satisfaction metrics. The result reveals an average of The DBO Toko App effectiveness was 83% and in the USE Questions metrics was 85.7% means that this application waseligible. Based on this study the strong variable which impacts to satisfaction variable was the ease of learn, it has 0.867 points whichmeans improving a more informative design was suggested for enhancing usability.  © 2022 IEEE.","building material; ISO 9241-11; USE Questionnaire; user experience","ISO Standards; Surveys; Buildings materials; E- commerces; ISO 9241; ISO 9241-11; Learn+; Material application; Usability testing; USE questionnaire; User experience evaluations; Users' experiences; Building materials","Conference paper","","Scopus"
"Hashmi E.; Yayilgan S.Y.","Hashmi, Ehtesham (58922146700); Yayilgan, Sule Yildirim (57204767591)","58922146700; 57204767591","A robust hybrid approach with product context-aware learning and explainable AI for sentiment analysis in Amazon user reviews","2025","Electronic Commerce Research","https://www.scopus.com/pages/publications/85202758001?origin=resultslist","Dept. of Information Security and Communication Technology (IIK), Norwegian University of Science and Technology (NTNU), Teknologivegen 22, Innlandet, Gjøvik, 2815, Norway","Hashmi E., Dept. of Information Security and Communication Technology (IIK), Norwegian University of Science and Technology (NTNU), Teknologivegen 22, Innlandet, Gjøvik, 2815, Norway; Yayilgan S.Y., Dept. of Information Security and Communication Technology (IIK), Norwegian University of Science and Technology (NTNU), Teknologivegen 22, Innlandet, Gjøvik, 2815, Norway","In the ever-changing world of business, gaining valuable insights from customer perspectives is crucial. Consumer evaluations are crucial performance indicators for businesses seeking to enhance their impact. Cyberspace is expanding with an increasing volume of reviews, making it challenging to extract relevant information for desired products. This research explores sentiment analysis for Amazon product reviews in the domain of communication technology, utilizing four publicly available datasets. Sentiment analysis is frequently employed to support E-Commerce platforms in monitoring customer feedback on their products and striving to understand customer needs and preferences. Acknowledging that solely relying on user reviews is insufficient to achieve the best performance, we enhance our approach by incorporating additional context from product titles and headlines for a more comprehensive understanding of the learning algorithm. This paper utilizes three distinct embedding methods, including TF-IDF, Word2Vec, and FastText. FastText outperformed other embeddings when stacked with XGBoost and CatBoost, resulting in the FastXCatStack model. This model achieved accuracy scores of 0.93, 0.93, and 0.94 on mobile electronics, major appliances, and personal care appliances datasets respectively, and linear SVM showed an accuracy score of 0.91 on software reviews when combined with FastText. This research study also provides a comprehensive analysis of deep learning-based models, including approaches like LSTM, GRU, and convolutional neural networks as well as transformer-based models such as BERT, RoBERTa, and XLNET. In the concluding phase, interpretability modeling was applied using Local Interpretable Model-Agnostic Explanations and Latent Dirichlet Allocation to gain deeper insights into the model’s decision-making process. © The Author(s) 2024.","Deep learning; Interpretability modeling; Machine learning; Product context; Transformers; Word embedding","Adversarial machine learning; Contrastive Learning; Convolutional neural networks; Decision making; Deep neural networks; Distribution transformers; Sales; Deep learning; Embeddings; Interpretability; Interpretability modeling; Machine-learning; Product context; Sentiment analysis; Transformer; User reviews; Word embedding; Embeddings","Article","All Open Access; Green Open Access; Hybrid Gold Open Access","Scopus"
"Yao S.; Tan J.; Chen X.; Yang K.; Xiao R.; Deng H.; Wan X.","Yao, Shaowei (57220547852); Tan, Jiwei (56368030900); Chen, Xi (57204940986); Yang, Keping (57209224271); Xiao, Rong (57206468250); Deng, Hongbo (55534539000); Wan, Xiaojun (7202533498)","57220547852; 56368030900; 57204940986; 57209224271; 57206468250; 55534539000; 7202533498","Learning a product relevance model from click-through data in E-commerce","2021","The Web Conference 2021 - Proceedings of the World Wide Web Conference, WWW 2021","https://www.scopus.com/pages/publications/85108011121?origin=resultslist","Peking University, China; Alibaba Group, China","Yao S., Peking University, China; Tan J., Alibaba Group, China; Chen X., Alibaba Group, China; Yang K., Alibaba Group, China; Xiao R., Alibaba Group, China; Deng H., Alibaba Group, China; Wan X., Alibaba Group, China","The search engine plays a fundamental role in online e-commerce systems, to help users find the products they want from the massive product collections. Relevance is an essential requirement for e-commerce search, since showing products that do not match search query intent will degrade user experience. With the existence of vocabulary gap between user language of queries and seller language of products, measuring semantic relevance is necessary and neural networks are engaged to address this task. However, semantic relevance is different from click-through rate prediction in that no direct training signal is available. Most previous attempts learn relevance models from user click-through data that are cheap and abundant. Unfortunately, click behavior is noisy and misleading, which is affected by not only relevance but also factors including price, image and attractive titles. Therefore, it is challenging but valuable to learn relevance models from click-through data. In this paper, we propose a new relevance learning framework that concentrates on how to train a relevance model from the weak supervision of click-through data. Different from previous efforts that treat samples as either relevant or irrelevant, we construct more fine-grained samples for training. We propose a novel way to consider samples of different relevance confidence, and come up with a new training objective to learn a robust relevance model with desirable score distribution. The proposed model is evaluated on offline annotated data and online A/B testing, and it achieves both promising performance and high computational efficiency. The model has already been deployed online, serving the search traffic of Taobao for over a year.  Â© 2021 ACM.","E-commerce; Neural networks; Semantic matching","Computational efficiency; Online systems; Search engines; Semantic Web; Semantics; Clickthrough data; E- commerces; E-commerce systems; Learn+; Neural-networks; Relevance models; Search queries; Semantic matching; Semantic relevance; Users' experiences; Electronic commerce","Conference paper","All Open Access; Gold Open Access; Green Open Access","Scopus"
"Li Y.; Jiang Y.; Li Q.","Li, Yupeng (60213914700); Jiang, Yu (60213618100); Li, Qi (60213666800)","60213914700; 60213618100; 60213666800","Research on user demands for outdoor jackets based on BERTopic and A-Kano model; [基于 BERTopic 和 A-Kano 模型的冲锋衣用户需求研究]","2025","Journal of Silk","https://www.scopus.com/pages/publications/105023118830?origin=resultslist","School of Art & Design Dalian Art College, Dalian, 116600, China; School of Arts and Design, Yanshan University, Qinhuangdao, 066004, China","Li Y., School of Art & Design Dalian Art College, Dalian, 116600, China; Jiang Y., School of Arts and Design, Yanshan University, Qinhuangdao, 066004, China; Li Q., School of Arts and Design, Yanshan University, Qinhuangdao, 066004, China","With the ongoing “Healthy China” strategy and increased disposable income the market for outdoor equipment represented by jackets such as outdoor jackets has experienced explosive growth. This category has become one of the fastest-growing segments in the e-commerce apparel sector. However as the market rapidly expands competition intensifies and product homogenization and industry saturation become increasingly pronounced. Maintaining a competitive advantage in this fierce market is a key challenge. Previous studies suggest that user-demand-driven product and service innovations are crucial for businesses to build differentiation increase market share and achieve sustainable development. To comprehensively explore outdoor jacket users’ needs in the online shopping process this study uses vast amounts of real online reviews from e-commerce platforms. A combination of BERTopic and A-Kano models was proposed for user demand analysis. Data from 40 016 online reviews of 16 representative brands on JD. com were collected and analyzed. First BERTopic was used for topic modeling to identify 27 user demand elements across six dimensions. Then an A-Kano questionnaire quantified the satisfaction levels of these elements and their Kano categories were determined. Lastly a configuration index was introduced to further quantify the importance of demand elements and clarify supply priorities completing the demand analysis loop. This study innovatively combined BERTopic and A-Kano models effectively integrating text mining and survey-based quantification to capture and evaluate user demand thus establishing a comprehensive demand analysis framework. The findings reveal that outdoor jacket user demands span six key dimensions product performance fabric requirements style design platform services brand effects and workmanship quality encompassing 27 specific elements. Seven core factors including waterproofing breathability and wind resistance are crucial for influencing purchase decisions and establishing user satisfaction. Twelve additional factors such as warmth style and multiple color options are key to improving satisfaction. Four factors including noise-free fabrics and high-quality technical materials significantly enhance user satisfaction and present opportunities for differentiated competition. By combining BERTopic and the A-Kano model this study provides a data-driven approach to extracting classifying and prioritizing user demands based on real online reviews. It offers new insights into how brands can understand and respond to user expectations in the outdoor jacket market. Furthermore the study puts forward practical recommendations across product development product design customer service and brand marketing based on the impact of different demands on user satisfaction. These findings can help businesses formulate market strategies that better align with actual user demands. However the classification results using the A-Kano model rely heavily on survey data which may be affected by sampling methods recruitment channels and respondent engagement. This may cause uneven sample distribution or lack of representativeness limiting the generalizability of the findings. Future research will aim to expand the sample base and incorporate demographic factors such as gender age and income to build a more comprehensive and targeted list of user demands for outdoor jackets. © 2025, China Silk Association. All rights reserved.","A-Kano model; BERTopic; online reviews; outdoor jackets; topic modeling; user demands","","Article","","Scopus"
"Sha S.; Luo L.; Du Z.","Sha, Shuming (57218342287); Luo, Liming (57218343431); Du, Zhiqiang (57218341459)","57218342287; 57218343431; 57218341459","Research on the Design of Network Ordering System for Distribution Network Operation Order","2020","Journal of Physics: Conference Series","https://www.scopus.com/pages/publications/85088865629?origin=resultslist","NARI Information and Communication Technology Co., Ltd, 19-1, Gaoxing Road, Pukou District, Nanjing City, Jiangsu Province, China","Sha S., NARI Information and Communication Technology Co., Ltd, 19-1, Gaoxing Road, Pukou District, Nanjing City, Jiangsu Province, China; Luo L., NARI Information and Communication Technology Co., Ltd, 19-1, Gaoxing Road, Pukou District, Nanjing City, Jiangsu Province, China; Du Z., NARI Information and Communication Technology Co., Ltd, 19-1, Gaoxing Road, Pukou District, Nanjing City, Jiangsu Province, China","The command issuing and executed feedback of dispatching operation order in distribution network is hanging from traditional telephone mode to network mode. Based on the event driven architecture, this paper implements a network ordering system for distribution network operation order, which can be flexibly configured and deployed. It is compatible with intranet site, mobile app, artificial intelligence voice and other command modes, and it supports real-time telemetry data verification of Distribution Automation System. Asynchronous and low coupling design between command channels reduces the overall logic complexity of the system, and improves the adaptability to requirements. © 2020 Published under licence by IOP Publishing Ltd.","","Automation; Computer architecture; Information systems; Information use; Dispatching operation order; Distribution automation system; Distribution network operation; Event-driven architectures; Logic complexity; Low coupling; Order systems; Telemetry data; Artificial intelligence","Conference paper","All Open Access; Gold Open Access","Scopus"
"Giakoumis D.; Mavridou E.; Votis K.; Giannoutakis K.; Tzovaras D.; Hassapis G.","Giakoumis, Dimitris (35147896000); Mavridou, Efthimia (26422331600); Votis, Konstantinos (12788889700); Giannoutakis, Konstantinos (7801499126); Tzovaras, Dimitrios (13105681700); Hassapis, George (6603933918)","35147896000; 26422331600; 12788889700; 7801499126; 13105681700; 6603933918","A semantic framework to support the management of cloud-based service provision within a global public inclusive infrastructure","2015","International Journal of Electronic Commerce","https://www.scopus.com/pages/publications/84954067476?origin=resultslist","Information Technologies Institute of CERTH, Thessaloniki, Greece; Department of Electrical and Computer Engineering, Aristotle University of Thessaloniki, Greece; Information Technologies Institute, Centre for Research and Technology Hellas CERTH, Greece; Aristotle University of Thessaloniki, Greece","Giakoumis D., Information Technologies Institute of CERTH, Thessaloniki, Greece; Mavridou E., Department of Electrical and Computer Engineering, Aristotle University of Thessaloniki, Greece; Votis K., Information Technologies Institute, Centre for Research and Technology Hellas CERTH, Greece; Giannoutakis K., Information Technologies Institute, Centre for Research and Technology Hellas CERTH, Greece; Tzovaras D., Information Technologies Institute, Centre for Research and Technology Hellas CERTH, Greece; Hassapis G., Aristotle University of Thessaloniki, Greece","Cloud computing has opened a new era in e-commerce. As the growth and complexity of public and private clouds increases, novel solutions are needed, enabling vendors to effectively manage the cloud-based distribution of their services. To this end, this paper presents a novel semantic framework with the main aim to support providers in the overall cloud-based service provision process, in terms of service ownership, licensing, and usage monitoring. The base of our framework is an ontological schema that models service business rules definition and license agreements registration, as well as service usage monitoring, with a special focus on web service and software applications cloud-based distribution. Our proposed ontology supports complex distribution schemas, related to multiple vendor-based service distribution, as well as personalized discount schemas, facilitating the deployment of marketing strategies during cloud-based service provision. On top of this ontological schema, we have further developed service and provider reputation and trust inference mechanisms, which operate on the basis of both service usage statistics and subjective end user feedback. Taking a step forward from the state of the art, our mechanisms also provide personalized discount suggestions, further facilitating providers in defining marketing strategies. Apart from supporting providers, our mechanisms also facilitate users in service and provider selection. In order to examine the application of our framework in practice, we have developed a user interface that provides basic features of our framework, within the context of a real cloud, oriented toward personalized cloud service provision; our framework has been integrated in the ""Cloud4All"" Global Public Inclusive Infrastructure (GPII). © 2015 Taylor & Francis Group, LLC.","Cloud service provision; digital product management; global public inclusive infrastructure; property rights; reputation; semantic framework; trust","","Article","","Scopus"
"Gopakumar A.; Shine A.; Ajim A.; Anjali T.","Gopakumar, Amritha (58153600100); Shine, Aathira (58153379000); Ajim, Amina (58563919500); Anjali, T. (57195522716)","58153600100; 58153379000; 58563919500; 57195522716","Consumer Behaviour Analysis for Customer Segmentation and Purchase Prediction","2024","10th International Conference on Advanced Computing and Communication Systems, ICACCS 2024","https://www.scopus.com/pages/publications/85208627604?origin=resultslist","Amrita School of Computing, Amrita Vishwa Vidyapeetham, Department of Computer Science and Engineering, Amritapuri, India","Gopakumar A., Amrita School of Computing, Amrita Vishwa Vidyapeetham, Department of Computer Science and Engineering, Amritapuri, India; Shine A., Amrita School of Computing, Amrita Vishwa Vidyapeetham, Department of Computer Science and Engineering, Amritapuri, India; Ajim A., Amrita School of Computing, Amrita Vishwa Vidyapeetham, Department of Computer Science and Engineering, Amritapuri, India; Anjali T., Amrita School of Computing, Amrita Vishwa Vidyapeetham, Department of Computer Science and Engineering, Amritapuri, India","E-commerce, short for electronic commerce, is the practice of placing orders online or negotiating a sale's terms and price. Although e-commerce is often associated with selling products and services to consumers, business-to-business (B2B) transactions also make use of it. To market their goods, many smaller consumer enterprises rely only on online sales. Nowadays, people are choosing to make purchases online as online transaction mechanisms and shopping platforms develop. Nevertheless, given that both clients and Merchants are unable to interact with clients face-to-face, there is a limited understanding of consumer demands. Due to this, businesses may struggle to gauge nuanced cues such as body language and personal preferences. Limited direct engagement can hinder the ability to address specific customer needs and preferences, potentially resulting in misinterpretation or overlooking crucial details. In turn, businesses may face difficulties in tailoring their products or services to meet the nuanced expectations of their customers, emphasizing the importance of alternative strategies such as detailed customer feedback mechanisms and data analytics to bridge this gap. The online system logs user activity and gathers data on consumer behaviour, allowing for the prediction of consumer purchasing patterns. Therefore, to improve the shopping experience of people, our study aims to use historical sales data to analyze consumer behaviour and do customer segmentation using RFM (Recency, Frequency, and Monetary) based K-means clustering and purchase prediction using various ML models to improve sales, out of which the combination of Logistic Regression and XGBoost performed the best. © 2024 IEEE.","Behaviour Analysis; Clustering; Customer Segmentation; E-commerce; Machine learning; Purchase Prediction","Marketplaces; Purchasing; Behavior analysis; Business-to-business; Clusterings; Consumer business; Customers segmentations; E- commerces; Machine-learning; Online sales; Product and services; Purchase prediction; Sales","Conference paper","","Scopus"
"Ragothaman K.K.","Ragothaman, Krishna Kumaar (59674656700)","59674656700","Smart Distribution in E-Commerce: Harnessing Machine Learning and Deep Learning Approaches for Improved Logistics","2024","International Journal of Computational and Experimental Science and Engineering","https://www.scopus.com/pages/publications/86000294972?origin=resultslist","Walmart Global Tech, Sunnyvale, CA, United States","Ragothaman K.K., Walmart Global Tech, Sunnyvale, CA, United States","The e-commerce receives extreme competition in recent years, significantly with the requirement of facing the demands of consumers in speed, effective and accessibility. The distribution systems composes the crucial role in the assurance of faster and exact delivery of the products from the warehouses to the consumers. Due to the growth in the globalized e-commerce, there is an increasing demand for classic and manageable distributor systems. The conventional distribution systems includes the stocking and shipping of products directly to the consumers and fails in faster deliveries and tracking of orders. Hence, the distributors systems requires to integrate the parameters such as maintenance of records, exact orders and the maintenance of logistics for the assurance of on time delivery without extra costs. The above systems manages the issues such as weather modifications with the disturbance in the supply chains and multi-channel logistics issues. The ML and DL algorithms allows the e-commerce business for transferring from the traditional to the potential and data driven techniques. The ML algorithms examines the earlier and real time data for forecasting the demands whereas the DL algorithms assess the formless data such as feedbacks of consumers and the fashions of social media for additional innovations. Hence, the utilization of those algorithms enhances the ability of operations, reduction in cost with the increased fulfilment of consumers resulting in the enlarged competition of the e-commerce sector. Moreover, the ML and DL algorithms are fine-tuning the e-commerce future with the enhancement in distribution systems and generating the capability of modifying the iterative market transitions for facing the needs of consumers. © IJCESEN.","Deep Learning; Distribution Systems; E-Commerce; Logistics; Machine Learning","","Article","All Open Access; Gold Open Access","Scopus"
"Singh N.; Sahu O.","Singh, Nagender (57193257680); Sahu, Omprakash (23095750300)","57193257680; 23095750300","Feasibility assessment for E-commerce: A data collection from developing country (Ethiopia)","2022","MethodsX","https://www.scopus.com/pages/publications/85125435082?origin=resultslist","Department of Chemical Engineering, UIE Chandigarh University, Mohali, India; Department of Chemical Engineering, UIE Chandigarh University, Mohali, India","Singh N., Department of Chemical Engineering, UIE Chandigarh University, Mohali, India; Sahu O., Department of Chemical Engineering, UIE Chandigarh University, Mohali, India","This methodology work has been made to investigate the factors which affect the feasibility and readiness of e-commerce in developing nations. An online and offline survey has been carried out to collect feedback from the banks, government bodies, consumers, and e-retailers all over Ethiopia and their responses have been analyzed through descriptive statistics by using Statistical Package for the Social Sciences software program. The results and finding give a clear understanding of the feasibility and readiness of e-commerce and reveals that the technological and organizational aspects, lack of Information and Communications Technology infrastructure, cross-country legal and regulatory differences, lack of digital literacy among consumers and businesses in terms of computer literacy, language barriers, lack of distribution system, lack of trust on e­commerce are the factors which affect the feasibility of e-commerce in Ethiopia. The feasibility can be improved by providing suitable information and communications technology infrastructure, improving cross-country regulatory differences, promoting ICTs in education targeting all levels of the educational system, facilitating foreign direct investment drive in ICTs, making a website attractive and user-friendly. The results of statistical analyses indicate that Ethiopia has significant potential for the feasibility of e-commerce. • E-Commerce offers potential in the form of enhanced participation in the international value chain and public relations. • The feasibility can be improved by providing suitable ICT infrastructure, improving cross-country regulatory differences. • This research study reveals interesting facts about the potential and opportunity of e-commerce in Ethiopia. © 2022 The Authors","Digital literacy; E-commerce; Ethiopia; FDI; Feasibility; ICT; Statistical Analyses Method","article; communication barrier; communication technology; consumer; developing country; education; electronic commerce; Ethiopia; feasibility study; foreign direct investment; human; human experiment; internet literacy; public relations; trust","Article","All Open Access; Gold Open Access; Green Open Access","Scopus"
"Loiacono E.T.; Romano Jr. N.C.; McCoy S.","Loiacono, Eleanor T. (6505908410); Romano Jr., Nicholas C. (7005388135); McCoy, Scott (8380100600)","6505908410; 7005388135; 8380100600","The state of corporate website accessibility","2009","Communications of the ACM","https://www.scopus.com/pages/publications/70149097275?origin=resultslist","Management Department, Worcester Polytechnic Institute, Worcester, MA, United States; Department of Management Science and Information Systems, Spears School of Business, Oklahoma State University, Tulsa, OK, United States; Mason School of Business, College of William and Mary, Williamsburg, VA, United States","Loiacono E.T., Management Department, Worcester Polytechnic Institute, Worcester, MA, United States; Romano Jr. N.C., Department of Management Science and Information Systems, Spears School of Business, Oklahoma State University, Tulsa, OK, United States; McCoy S., Mason School of Business, College of William and Mary, Williamsburg, VA, United States","Web accessibility continues to have important social, legal and economic implications for ecommerce. Over 50 million Americans have disabilities and so do around 600 million world-wide (www.census.gov/prod/2003pubs/c2kbr-17.pdf; www.usdoj.gov/crt/ada/busstat.htm). Disabilities include a vast range of issues: cognition, vision, motor skills, and hearing. The disabled comprise 19.3% of the U.S. population, more than any other minority group, including the next largest group - -Hispanics (14.9%). This growing population commands significant discretionary funds. The U.S. Department of Labor estimates those with disabilities control $175 billion (www.dol.gov/odep/pubs/ek98/provide. htm) exceeding twice that of teens and 17 times that of tweens (8 - 12 year-olds), currently the most sought after demographic groups (www.census.gov/prod/2003pubs/c2kbr-17.pdf). This untapped, growing market exceeds most company's estimations. In this study, we extend a previous CACM paper that surveyed accessibility at a snapshot in time with historical and additional perspectives on accessibility of Fortune 100 (F100) Web sites. The initial study revealed that over 80% of the F100's websites were potentially inaccessible to people with visual disabilities. Companies have become more aware of accessibility in recent years, which leads one to wonder whether the predominance of inaccessible websites continues or if companies have actually begun to seriously address website accessibility. Researchers have called for accessibility reviews over time. Following these suggestions, in addition to the initial study sample this study adds three additional data sets for a total of four: 2000, 2002, 2004, and 2005. The F100 Web sites were chosen for the usual reasons this population is studied, but also because we expect the largest and most profitable companies to be the most likely to have the resources and personnel to ensure website accessibility. The unit of analysis was the top-level home page for each Web site. This is an optimistic approach as companies may put their best foot forward here and then fail to consider accessibility for lower level pages. Deeper level analyses are possible but beyond the scope of this study. All samples were analyzed with the Watchfire® BobbyTM 5.0 Web accessibility validation tool. The Web Accessibility Initiative (WAI) guidelines were used to review all error types: Priority 1 (developers must satisfy), Priority 2 (developers should satisfy), and Priority 3 (developers may satisfy) (Table 1). WAI guidelines are a good starting point from which to evaluate Web accessibility and they are quickly becoming the global standard. WAI guidelines focus predominantly on problems encountered by blind users and therefore following only these guidelines will not always ensure accessibility for all disabled people. Given the breadth of existing disabilities it is difficult to evaluate all possible limitations to website accessibility. For this reason and to remain consistent with the previous study, this research concentrates on the WAI guidelines and thus issues that primarily impact visually impaired users. Automatically identified errors are important, yet many Web site accessibility problems must be checked manually by users or developers. For example, as the first criteria under Priority 1 suggests in Table 1, an accessible website should ""provide alternative text for all images."" Automated checkers cannot determine if the alternative text provided is meaningful to the user. Similarly, blind users often encounter problems with unlabeled ""forms"" that would allow them to enter information that could be searched, such as an author or title to a book. Further, 'user checks' may be more important than automatically validated errors because they can hide more subtle, yet potentially more problematic issues. We ran an automated user check analysis to determine the types and numbers of user checks for all sample years (Table 2). © 2009 ACM.","","Cognitive systems; Errors; Internet; Markup languages; Probability distributions; Profitability; Websites; Accessibility problems; Blind users; Check analysis; Corporate websites; Data sets; Demographic groups; Department of Labor; Disabled people; E-Commerce; Economic implications; Error types; Global standards; Growing markets; Hispanics; Home page; Minority groups; Motor skills; Optimistic approach; Problematic issues; Study samples; Unit of analysis; Validation tools; Visual disability; Visually-impaired users; Web accessibility; Web accessibility initiatives; Website accessibility; Usability engineering","Article","","Scopus"
"Ghobakhloo M.; Hong T.S.; Standing C.","Ghobakhloo, Morteza (36141576300); Hong, Tang Sai (8231495000); Standing, Craig (6603169420)","36141576300; 8231495000; 6603169420","B2B E-commerce success among small and medium-sized enterprises: A business network perspective","2015","Journal of Organizational and End User Computing","https://www.scopus.com/pages/publications/84923108973?origin=resultslist","Department of Mechanical and Manufacturing Engineering, Universiti Putra Malaysia, Selangor, Malaysia; Centre for Innovative Practice, Edith Cowan University, Joondalup, WA, Australia","Ghobakhloo M., Department of Mechanical and Manufacturing Engineering, Universiti Putra Malaysia, Selangor, Malaysia; Hong T.S., Department of Mechanical and Manufacturing Engineering, Universiti Putra Malaysia, Selangor, Malaysia; Standing C., Centre for Innovative Practice, Edith Cowan University, Joondalup, WA, Australia","E-commerce (EC) success and related influencing factors have not been investigated properly in the context of small and medium-sized enterprises (SMEs), while these businesses possess very different characteristics as compared to large businesses. The purpose of this study is to provide a better and clearer understanding of business-to-business (B2B) EC value and success within SMEs, particularly in emerging economies. Rooted in the information system (IS) diffusion and success literature and organizational research background, this paper develops an integrative research model to assess the success of B2B EC among Iranian and Malaysian SMEs. To interpret the success of B2B EC, we viewed EC success dimensions and relevant determinants from the perspectives of all users at the business network unit level. The result of testing this model on 130 business network units revealed that in addition to technological characteristics of EC including information, system and service quality, different SME-related organizational determinants such as perceived usefulness of EC, top management support and commitment and EC knowledge are crucial for successful B2B EC among SMEs. The findings offer valuable insights to managers, EC/IS experts and policy makers responsible for assisting SMEs with successfully engaging in B2B EC. Copyright © 2015, IGI Global.","Business Value; EC Benefits; EC Use; EC Users' Satisfaction; SMEs","Commerce; Electronic commerce; Business value; EC Benefits; EC Use; SMEs; Users' satisfactions; Information management","Article","All Open Access; Green Open Access","Scopus"
"Li J.","Li, Jiahua (57226614751)","57226614751","Study on one rural logistics mode based on the background of urbanization construction","2014","WIT Transactions on Information and Communication Technologies","https://www.scopus.com/pages/publications/84908661894?origin=resultslist","Guangzhou Vocational College of Science and Technology, Guangzhou, China","Li J., Guangzhou Vocational College of Science and Technology, Guangzhou, China","According to the present situation of rural land idle and that agricultural products has not formed a complete industrial chain in the course of the countryside urbanization construction, A logistics distribution center which is function of processing, sales of agricultural products based on E-commerce platform was proposed in this paper; Grasp the market information and its application to the new countryside agricultural large scale planting, to form a positive feedback loop, to establish the rural food distribution to form a complete industrial chain; this paper provides suggestions and countermeasures for the development of benefit distribution of China’s Rural Logistics. © 2014 WIT Press.","Distribution centre; Electronic commerce; Logistics mode; Urbanization","Agricultural products; Chains; Commerce; Curricula; Electronic commerce; Feedback; Warehouses; Distribution centres; Logistics modes; Rural logistics; Urbanization; Benefit distribution; Food distribution; Logistics distribution centers; Market information; Positive feedback loop; Electronic commerce; Agriculture","Conference paper","","Scopus"
"Madlmayr G.; Kleebauer P.; Langer J.; Scharinger J.","Madlmayr, Gerald (24460432100); Kleebauer, Peter (24831677200); Langer, Josef (24460323600); Scharinger, Josef (6602376808)","24460432100; 24831677200; 24460323600; 6602376808","Secure communication between web browsers and NFC targets by the example of an e-ticketing system","2008","Lecture Notes in Computer Science (including subseries Lecture Notes in Artificial Intelligence and Lecture Notes in Bioinformatics)","https://www.scopus.com/pages/publications/52149116674?origin=resultslist","University of Applied Sciences Hagenberg; Johannes Kepler University Linz","Madlmayr G., University of Applied Sciences Hagenberg; Kleebauer P., University of Applied Sciences Hagenberg; Langer J., University of Applied Sciences Hagenberg; Scharinger J., Johannes Kepler University Linz","Near Field Communication (NFC) is a radio frequency (RF) based proximity coupling technology allowing transactions within a range of up to 10 cm. Using NFC technology for transactions like payment or ticketing in the real world brings a great benefit in terms of time savings, usability and process optimization. Therefore we propose an e-ticketing system making use of this proximity technology especially focusing on security aspects of the system as well as the distribution of the tickets. While other systems rely on ticket distribution via SMS or home-printing a paper ticket, our approach is based on a browser plug-in in combination with a contactless RFID reader at the client side. This installation is used to transfer the e-ticket from a ticket server to the user's PC client and to write the ticket over the proximity interface into the secure element of the NFC target. Thus an NFC target, a contactless smartcard or an NFC enabled mobile phone, can be used as a secure token. With this implementation we are able to bridge the gap between electronic internet transactions and the physical world in a secure way. Also the validation of the ticket at the point-of-access is based on this contactless technology. Our findings provide practical implications to implement web applications using NFC technology successfully. © Springer-Verlag Berlin Heidelberg 2008.","","Blood vessel prostheses; Commerce; Electric conductivity measurement; Electronic commerce; Human computer interaction; Optimization; Radio communication; Smart cards; Targets; Telecommunication; Telecommunication equipment; Web browsers; World Wide Web; Contactless; Contactless technology; E-commerce; E-ticketing; International conferences; Internet transactions; Near Field Communication; Plug ins; Practical implications; Process-optimization; Proximity couplings; Radio-frequency; Real-world; RFID readers; Secure communications; Time savings; WEB applications; Web technologies; Technology","Conference paper","","Scopus"
"Zeng Z.; Huang Y.; Wu T.; Deng H.; Xu J.; Zheng B.","Zeng, Zhiyuan (58327064700); Huang, Yuzhi (57945942300); Wu, Tianshu (57216893963); Deng, Hongbo (55534539000); Xu, Jian (55618589700); Zheng, Bo (57214453009)","58327064700; 57945942300; 57216893963; 55534539000; 55618589700; 57214453009","Graph-based Weakly Supervised Framework for Semantic Relevance Learning in E-commerce","2022","International Conference on Information and Knowledge Management, Proceedings","https://www.scopus.com/pages/publications/85140848256?origin=resultslist","Alibaba Group, Beijing, China","Zeng Z., Alibaba Group, Beijing, China; Huang Y., Alibaba Group, Beijing, China; Wu T., Alibaba Group, Beijing, China; Deng H., Alibaba Group, Beijing, China; Xu J., Alibaba Group, Beijing, China; Zheng B., Alibaba Group, Beijing, China","Product searching is fundamental in online e-commerce systems, it needs to quickly and accurately find the products that users required. Relevance is essential for e-commerce search, which role is avoiding displaying products that do not match search intent and optimizing user experience. Measuring semantic relevance is necessary because distributional biases between search queries and product titles may lead to large lexical differences between relevant textual expressions. Several problems limit the performance of semantic relevance learning, including extremely long-tail product distribution and low-quality labeled data. Recent works attempt to conduct relevance learning through user behaviors. However, noisy user behavior can easily cause inadequately semantic modeling. Therefore, it is valuable but challenging to utilize user behavior in relevance learning. In this paper, we first propose a weakly supervised contrastive learning framework that focuses on how to provide effective semantic supervision and generate reasonable representation. We utilize topology structure information contained in a user behavior heterogeneous graph to design a semantically aware data construction strategy. Besides, we propose a contrastive learning framework suitable for e-commerce scenarios with targeted improvements in data augmentation and training objectives. For relevance calculation, we propose a novel hybrid method that combines fine-tuning and transfer learning. It eliminates the negative impacts caused by distributional bias and guarantees semantic matching capabilities. Extensive experiments and analyses show the promising performance of proposed methods in relevance learning. © 2022 ACM.","contrastive learning; deep neural networks; e-commerce; semantic matching; weakly supervised learning","Behavioral research; Electronic commerce; Graphic methods; Online systems; Semantic Web; Semantics; Topology; User profile; Contrastive learning; E- commerces; Graph-based; Learning frameworks; Performance; Relevance learning; Semantic matching; Semantic relevance; User behaviors; Weakly supervised learning; Deep neural networks","Conference paper","","Scopus"
"Saman N.N.M.; Bakar N.A.A.A.; Daud N.M.N.; Sabri N.M.","Saman, Nurliyana Nabilah Md (60606762800); Bakar, Nor Azila Awang Abu (58071584100); Daud, Nik Marsyahariani Nik (58979173500); Sabri, Norlina Mohd (57214610965)","60606762800; 58071584100; 58979173500; 57214610965","An Intra-Business E-Commerce System for Agent-Publisher Collaboration in Book Publishing","2026","2026 International Conference on Cognitive Systems and Computer Interaction, ICoSCI 2026 - Proceedings","https://www.scopus.com/pages/publications/105037349785?origin=resultslist","UiTM Terengganu, Faculty of Computer and Mathematical sciences, Terengganu, Malaysia","Saman N.N.M., UiTM Terengganu, Faculty of Computer and Mathematical sciences, Terengganu, Malaysia; Bakar N.A.A.A., UiTM Terengganu, Faculty of Computer and Mathematical sciences, Terengganu, Malaysia; Daud N.M.N., UiTM Terengganu, Faculty of Computer and Mathematical sciences, Terengganu, Malaysia; Sabri N.M., UiTM Terengganu, Faculty of Computer and Mathematical sciences, Terengganu, Malaysia","Intra-business e-commerce systems can streamline coordination between organizations and their internal stakeholders, yet their application in agent-company networks within publishing is limited. This paper presents the development and evaluation of a web-based platform developed for a Malaysian book publishing company to improve interactions with its sales agents. The problems of the current manual process include delays in response time, human errors, and the dependency on manual payment verification. Using the Adapted Waterfall Model, the system incorporates secure agent access, real-time inventory visibility, online ordering, supplier management, and automated reporting. Usability testing conducted with 30 potential users shows the effectiveness of the system is 100 %, the average task time was 1.07 minutes per task which is considered efficient, and the overall satisfaction score was 73.50 indicated a good usability score. Expert review confirmed the system was usable but offered minor suggestions for interface improvements. Experimental results confirm that the platform centralizes previously manual and fragmented workflows, improving operational efficiency for small-to-medium publishers. Future enhancements include mobile integration, automated notifications, and analytics-driven sales forecasting, providing a scalable model for similar agentbased distribution contexts. © 2026 IEEE.","agent networks; book publishing; Intra-business e-commerce; inventory management; SME digital transformation","Electronic commerce; Electronic publishing; Errors; Human computer interaction; Information systems; Information use; Reviews; Sales; Agent network; Book publishing; Company network; Digital transformation; E- commerces; E-commerce systems; Intra-business e-commerce; Inventory management; SME digital transformation; Web based platform; Inventory control","Conference paper","","Scopus"
"Wang C.; Feng Z.; Zhang K.; Zhang F.","Wang, Changwu (35320771700); Feng, Zhongkai (59955680000); Zhang, Kun (57199256064); Zhang, Fuzhi (8394533000)","35320771700; 59955680000; 57199256064; 8394533000","Self-supervised deep clustering for spammer group detection","2025","Applied Intelligence","https://www.scopus.com/pages/publications/105008702971?origin=resultslist","School of Information Science and Engineering, Yanshan University, Qinhuangdao, Hebei Province, China; The Key Laboratory for Computer Virtual Technology and System Integration of Hebei Province, Yanshan University, Hebei Province, Qinhuangdao, China","Wang C., School of Information Science and Engineering, Yanshan University, Qinhuangdao, Hebei Province, China; Feng Z., School of Information Science and Engineering, Yanshan University, Qinhuangdao, Hebei Province, China, The Key Laboratory for Computer Virtual Technology and System Integration of Hebei Province, Yanshan University, Hebei Province, Qinhuangdao, China; Zhang K., School of Information Science and Engineering, Yanshan University, Qinhuangdao, Hebei Province, China, The Key Laboratory for Computer Virtual Technology and System Integration of Hebei Province, Yanshan University, Hebei Province, Qinhuangdao, China; Zhang F., School of Information Science and Engineering, Yanshan University, Qinhuangdao, Hebei Province, China, The Key Laboratory for Computer Virtual Technology and System Integration of Hebei Province, Yanshan University, Hebei Province, Qinhuangdao, China","E-commerce platforms face the issue of spammer groups that post many fraudulent reviews within a certain period. This practice misleads consumers and undermines fair competition among merchants. Researchers have proposed various methods to combat these spammers. However, these methods typically handle user feature representation and candidate group division independently, lacking an effective feedback mechanism between the two. Moreover, the vast discrepancy in the number of negative samples compared to positive samples in the data leads to reduced recognition accuracy in detection models, affecting the precision of detection outcomes. Therefore, we propose a spammer group detection method based on self-supervised deep clustering. Initially, the relationship between user review timing and product ratings is extracted from user review data, and user relevance is calculated and used as weights to construct a weighted user relationship graph. Subsequently, we integrate deep learning models with clustering algorithms to propose a self-supervised deep clustering model that jointly optimizes user representation and clustering distribution. This model employs graph and node autoencoders to capture global structural information and local preference information of user nodes, respectively, and designs a linear fusion method to enhance user feature representation. Additionally, we construct a reliable target distribution and introduce Kullback-Leibler(KL) divergence to form a self-supervised mechanism, continuously optimizing feature representation and clustering assignment to refine high-quality candidate groups. Finally, we propose an anomaly detection method based on the Gaussian Mixture Model (GMM), which designs a filtering mechanism to improve the detection efficiency of spammer groups. Experiments indicate that the proposed method outperforms baseline methods on the Amazon, Yelp, and YelpChi datasets. © The Author(s), under exclusive licence to Springer Science+Business Media, LLC, part of Springer Nature 2025.","Anomaly detection; Filtering mechanism; Self-supervised deep clustering; Spammer group detection","Cluster analysis; Clustering algorithms; Deep learning; Electronic commerce; Error detection; Gaussian distribution; Learning algorithms; Learning systems; Self-supervised learning; Anomaly detection; Clusterings; Feature representation; Filtering mechanism; Group detection; Self-supervised deep clustering; Spammer group detection; Spammers; User feature; User reviews; Anomaly detection","Article","","Scopus"
"","","","Proceedings of 2014 2nd International Conference on Technology, Informatics, Management, Engineering and Environment, TIME-E 2014","2015","Proceedings of 2014 2nd International Conference on Technology, Informatics, Management, Engineering and Environment, TIME-E 2014","https://www.scopus.com/pages/publications/84923009973?origin=resultslist","","","The proceedings contain 63 papers. The topics discussed include: a strong sensitivity of digital image watermarking scheme for noise disturbance; gamification framework model, based on social engagement in e-learning 2.0; maximum quantity determination inventory policy for fast-moving products in convenience store distribution center; mobile application development for environmental informatics and feedback on cooking oil use and disposal in Indonesia; analytical fragility curves of reinforced concrete buildings subject to tsunami waves; comparing deterministic and geostatistical methods for spatial rainfall distribution in Jakarta area; e-CRM development method for e-commerce system owned by small medium enterprises; and the development of a model on ERP success: a highlight on internal service quality.","","","Conference review","","Scopus"
"","","","3rd International Conference on Distributed Computing and Internet Technology,  ICDCIT 2006","2006","Lecture Notes in Computer Science (including subseries Lecture Notes in Artificial Intelligence and Lecture Notes in Bioinformatics)","https://www.scopus.com/pages/publications/85101254973?origin=resultslist","","","The proceedings contain 40 papers. The special focus in this conference is on Distributed Computing and Internet Technology. The topics include: Ticket-based binding update protocol for mobile IPV6*; distributed node-based transmission power control for wireless ad hoc networks; indexing and retrieval of document images by spatial reasoning; energy-aware improved directed diffusion algorithm for area event monitoring in wireless sensor network; multimedia data hiding in spatial and transformed domain; Extension of r-tree for SPATIO-temporal Olap operations*; lossless data hiding for high embedding capacity; mining sequential support affinity patterns with weight constraints; mining images of material nanostructure data; Dynamic primary copy with piggy-backing mechanism for replicated UDDI registry; an empirical study on a web server queueing system and traffic generation by simulation; research into verifying semistructured data; materialized view tuning mechanism and usability enhancement; efficient remote user authentication and key establishment for multi-server environment; optimisation problems based on the maximal breach path measure for wireless sensor network coverage; Modified Raymond's algorithm for priority (MRA-P) based mutual exclusion in distributed systems; requirements-driven modeling of the web service execution and adaptation lifecycle; an improved e-commerce protocol for fair exchange; multicontext-aware recommendation for ubiquitous commerce; Allocating QOS-constrained applications in AWEB service-oriented grid; an automatic approach to displaying web applications as Portlets; improving the deployability of existing windows-based client/server business information systems using Activex; a generalized linear programming based approach to optimal divisible load scheduling; application-level checkpointing techniques for parallel programs; multimedia traffic distribution using capacitated multicast tree; net-centric computing: The future of computers and networking.","","","Conference review","","Scopus"
"Seyler D.; Ebrahimzadeh E.; Cozzi A.; Bagherjeiran A.","Seyler, Dominic (57189296543); Ebrahimzadeh, Ehsan (59594106800); Cozzi, Alex (58413881400); Bagherjeiran, Abraham (8834165500)","57189296543; 59594106800; 58413881400; 8834165500","Aligning Ranking Objectives with E-commerce Search Intent","2023","CEUR Workshop Proceedings","https://www.scopus.com/pages/publications/85180754417?origin=resultslist","eBay Search Ranking and Monetization","Seyler D., eBay Search Ranking and Monetization; Ebrahimzadeh E., eBay Search Ranking and Monetization; Cozzi A., eBay Search Ranking and Monetization; Bagherjeiran A., eBay Search Ranking and Monetization","Learning To Rank (LTR) from implicit user feedback is the predominant approach in large scale information retrieval systems for e-commerce. The standard LTR approaches that account for search intent in training ranking models focus primarily either on enriching the feature representation of the model by estimates of the search intent, or adopting an auxiliary intent prediction task in a multi-task learning setting, or debiasing the user feedback using intent-aware propensity models. In this work, we propose intent-aware LTR schemes by stratifying the training data with respect to intent groups identified by empirical labels that correspond to distinct item desirability distributions. Specifically, through importance sampling on training queries based on the richest engagement event attributed to the engaged item on the SRP, we train rankers that align the LTR objective with the corresponding item desirability distributions for the browse and purchase intents. In order to demonstrate the efficacy of the proposed training data stratification technique in generalizing across query segments with different underlying intents, we evaluate the rankers trained with different importance sampling weights on the traffic segment identified by the Browse search experience in a major e-commerce platform. In particular, we show that the ranker trained only on queries with post click conversion signals is significantly outperformed by a ranker that relies also on non-converting queries in training. We further demonstrate a higher variance in ranking efficiency in the traffic segment identified by the browse intent, due to the more severe distribution shift. © 2023 Copyright for this paper by its authors.","e-commerce; learning to rank; query segmentation","Electronic commerce; Information retrieval systems; Learning systems; Search engines; E- commerces; Feature representation; Information-retrieval systems; Large scale information retrieval; Prediction tasks; Query segmentation; Ranking model; Search intents; Training data; User feedback; Importance sampling","Conference paper","","Scopus"
"","","","A scale for B2B e-commerce website customer satisfaction","2009","15th Americas Conference on Information Systems 2009, AMCIS 2009","https://www.scopus.com/pages/publications/84870203943?origin=resultslist","","","Business to Business (B2B) e-commerce has become increasingly important in e-commerce. However there is little research on the definition and evaluation of user satisfaction with B2B website. Traditional scales, like User Information Satisfaction (UIS), End-User Computer Satisfaction (EUCS) and Customer Information Satisfaction (CIS) focus on the individual users of Information System (IS) and are not suitable to the B2B business environment. In this article, we establishe a scale of ""B2B E-commerce Website Customer Satisfaction"" (B2B-ECWCS) with five dimensions and highlight the significant factors in the B2B-ECWCS scale. We then present the results of testing and validating the scale with customer data of Alibaba, the largest B2B business in China.","B2B; Business-to-Business; Customer satisfaction; E-commerce; E-commerce website","Electronic commerce; Information systems; Websites; B2B; B2B e-commerce; Business environments; Business to business; Customer data; Customer information; End users; User information satisfactions; User satisfaction; Customer satisfaction","Conference paper","","Scopus"
"Giraud-Carrier C.; Smith M.","Giraud-Carrier, Christophe (23060352300); Smith, Matthew (56077438000)","23060352300; 56077438000","Stages of Knowledge Discovery in E-Commerce Sites","2008","Encyclopedia of Data Warehousing and Mining: Second Edition","https://www.scopus.com/pages/publications/105011929861?origin=resultslist","Brigham Young University, United States","Giraud-Carrier C., Brigham Young University, United States; Smith M., Brigham Young University, United States","With the growth and wide availability of the Internet, most retailers have successfully added the Web to their other, more traditional distribution channels (e.g., stores, mailings). For many companies, the Web channel starts off as little more than an online catalog tied to a secure electronic point of sale. Although valuable in its own right, such use of the Web falls short of some of the unique possibilities it offers for intelligent marketing. Consider the following intrinsic differences between physical, brick-and-mortar stores, and online, Webbased stores. Physical stores are rather static and mostly customer-blind. In particular, 1) the store’s layout and content are the same for all customers, 2) changes to layout and/or content are generally costly, and 3) visits are not traceable except for limited sale’s data, such as what was bought, when it was bought and by what method of payment. Online stores or commercial Web sites, on the other hand, are naturally dynamic and customer-aware. Indeed, 1) layout and content can be modified easily and cheaply, 2) layout and content can be tailored to individual visitors, and 3) every visit automatically generates a rich trail of information about the customer’s experience (e.g., visit duration, pages viewed, items bought if any, etc.), and possibly about the customer’s persona (e.g., demographics gathered through an online questionnaire at registration time). With such flexibility and nearly everything traceable and measurable, the Web is a marketer’s dream come true. Although data-independent initiatives, such as offering social interactions (e.g., user forums) or providing virtual versions of physical stores (e.g., displays, lighting, music) (Oberbeck, 2004), can clearly enhance the user experience, the full benefit of the emerging and growing Web channel belongs to those who both gather and adequately leverage the rich information it provides. © 2009 by IGI Global.","","Electronic commerce; Knowledge management; User experience; Websites; Customer-aware; Distribution channel; E-commerce sites; Intrinsic differences; Online catalogs; Online questionnaire; Online store; Physical stores; Point of sale; Web-sites; Sales","Book chapter","","Scopus"
"Yanchuk V.M.; Antoniuk D.S.; Tkachuk A.G.; Maestri E.; Vizghalov O.","Yanchuk, Valentyn M. (12788834100); Antoniuk, Dmitry S. (57216847072); Tkachuk, Andrii G. (56576073800); Maestri, Elena (6603751148); Vizghalov, Oleksandr (57219929773)","12788834100; 57216847072; 56576073800; 6603751148; 57219929773","Integration of delivery services business cases for improvement of business and environmental sustainability of e-commerce solutions","2020","CEUR Workshop Proceedings","https://www.scopus.com/pages/publications/85096147795?origin=resultslist","Zhytomyr Polytechnic State University, Zhytomyr, 10005, Ukraine; University of Parma, Parma, 43124, Italy","Yanchuk V.M., Zhytomyr Polytechnic State University, Zhytomyr, 10005, Ukraine; Antoniuk D.S., Zhytomyr Polytechnic State University, Zhytomyr, 10005, Ukraine; Tkachuk A.G., Zhytomyr Polytechnic State University, Zhytomyr, 10005, Ukraine; Maestri E., University of Parma, Parma, 43124, Italy; Vizghalov O., Zhytomyr Polytechnic State University, Zhytomyr, 10005, Ukraine","Nowadays society is tangible to introduce and widely support sustainable technologies and systems especially if they are involving a high level of various services integration. As E-commerce systems are playing a major role in our life the current work aims to analyze the sustainability of different levels of delivery services in combination with return exchanges, automated ordering, replacement retrieval, and even recycling of old items supported. The bright example of automated services implementation will be made with the involvement of real cases implemented in contemporary international eCommerce systems with the possibility to simulate how organizations can adopt additional services, attractive to B2C and B2B users. The analysis of usability and cost-effective parameters indicates the distinction of applied approaches in companies with different incomes and infrastructure indicating how the level of integration enables the company to become more sustainable and environmentally friendly. The work reviews the infrastructural composition of the contemporary E-Commerce system and its implication on the level of sustainability of the company itself and the environmental impact the sustainable development may do to an E-Commerce application. The work reviews the results of the impact evaluation on the financial and sustainable parameters of the models related to different organizations. Copyright © 2020 for this paper by its authors. Use permitted under Creative Commons License Attribution 4.0 International (CC BY 4.0).","Business sustainability; Customer behavior; E-commerce; Environmental; Usability evaluation","Cost effectiveness; Electronic commerce; Environmental impact; Industrial research; Knowledge management; Automated services; E-Commerce applications; E-commerce systems; Environmental sustainability; Impact evaluation; Level of integrations; Services integrations; Sustainable technology; Sustainable development","Conference paper","","Scopus"
"Sudarsan S.; Karra N.; Rana M.; Agrawal M.","Sudarsan, Shalini (60165810400); Karra, Nihar (60135674900); Rana, Milankumar (60058395200); Agrawal, Manan (57318192700)","60165810400; 60135674900; 60058395200; 57318192700","Quantum-Enhanced Transactional Cloud Operations Using Agentic Ai","2026","Conference Proceedings - IEEE SOUTHEASTCON","https://www.scopus.com/pages/publications/105037814807?origin=resultslist","KinderCare Learning Companies, Portland, United States; Amazon Web Services, TX, United States; University of the Cumberlands, TX, United States; Unc Charlotte, Charlotte, United States","Sudarsan S., KinderCare Learning Companies, Portland, United States; Karra N., Amazon Web Services, TX, United States; Rana M., University of the Cumberlands, TX, United States; Agrawal M., Unc Charlotte, Charlotte, United States","This work investigates the integration to improve transactional operations, tackling important security and efficiency issues. We present a new framework using agentic artificial intelligence to coordinate complex decision-making procedures with quantum algorithms to handle safe transaction processing. The approach combines quantum key distribution protocols, Grover's algorithm, and utility-based agent decision models within a cloud-native design. Compared to conventional methods, empirical data show a 64% increase in transaction throughput, an 89% decrease in security vulnerability exposure, and a 42% decrease in processing delay. Measuring user experience reveals a 37% rise in transaction completion rates under little human involvement. These results imply that by offering hitherto unheard-of security guarantees while keeping operational efficiency, quantum-enhanced agentic cloud operations can significantly change e-commerce platforms. © 2026 IEEE.","Agentic AI; Autonomous Agents; Cloud Computing; E-commerce Transactions; Quantum Computing; Quantum Security; Transaction Efficiency","","Conference paper","","Scopus"
"Jurič I.; Tomić I.; Pál M.","Jurič, Ivana (55836317200); Tomić, Ivana (55834483000); Pál, Magdolna (57189265701)","55836317200; 55834483000; 57189265701","VISUAL DYNAMICS IN DIGITAL CATALOGUES: A COMPREHENSIVE ANALYSIS OF CINEMAGRAPH INTEGRATION THROUGH EYE-TRACKING TECHNOLOGY","2024","International Symposium on Graphic Engineering and Design","https://www.scopus.com/pages/publications/85209672730?origin=resultslist","Faculty of Technical Sciences, Department of Graphic Engineering and Design, Novi Sad, Serbia","Jurič I., Faculty of Technical Sciences, Department of Graphic Engineering and Design, Novi Sad, Serbia; Tomić I., Faculty of Technical Sciences, Department of Graphic Engineering and Design, Novi Sad, Serbia; Pál M., Faculty of Technical Sciences, Department of Graphic Engineering and Design, Novi Sad, Serbia","This paper investigates the transformative influence of cinemagraphs, a captivating hybrid of static images and subtle motion, on the overall quality and user experience of digital catalogues. As e-commerce and online browsing continue to shape consumer behaviour, the need for dynamic and visually appealing content is crucial. We delve into the aesthetic and functional enhancements brought about by cinemagraphs, analyzing their ability to capture attention, convey product features, and elevate the overall engagement levels within digital catalogues. Through a comprehensive analysis of user gaze patterns, fixations, and engagement metrics, we explore how cinemagraphs influence attention distribution, enhance product perception, and contribute to the overall quality of the digital shopping experience. Our findings not only underscore the significance of cinemagraphs but also provide valuable insights into designing visually compelling and user-centric digital catalogues. © 2024 Authors. Published by the University of Novi Sad, Faculty of Technical Sciences, Department of Graphic Engineering and Design.","cinemagraph; digital catalogues; eye-tracking; user experience","","Conference paper","All Open Access; Gold Open Access","Scopus"
"Lin C.; Lin H.-C.K.; Huang Y.-A.; Jalleh G.; Hung S.-H.; Hsieh M.-C.; Wang C.-H.","Lin, Chad (8839006900); Lin, Hao-Chiang Koong (55738534900); Huang, Yu-An (23389341900); Jalleh, Geoffrey (57203697148); Hung, Sheng-Hsiang (60031477500); Hsieh, Min-Chai (36959384500); Wang, Cheng-Hung (57192079439)","8839006900; 55738534900; 23389341900; 57203697148; 60031477500; 36959384500; 57192079439","A Preliminary Study of the Practices and Processes of B2B E-Commerce Evaluation and Benefits Realization in Taiwanese Hospitals","2012","Pharmacoinformatics and Drug Discovery Technologies: Theories and Applications","https://www.scopus.com/pages/publications/105012699960?origin=resultslist","Curtin University, Australia; National University of Tainan, Taiwan; Department of International Business Studies, National Chi Nan University, Taiwan","Lin C., Curtin University, Australia; Lin H.-C.K., National University of Tainan, Taiwan; Huang Y.-A., Department of International Business Studies, National Chi Nan University, Taiwan; Jalleh G., Curtin University, Australia; Hung S.-H., National University of Tainan, Taiwan; Hsieh M.-C., National University of Tainan, Taiwan; Wang C.-H., National University of Tainan, Taiwan","Many hospitals still have not fully received the expected benefits from their investments in Business-to-Business (B2B) electronic commerce (e-commerce). Senior executives in these hospitals are often under increasing pressure to find a way to evaluate the contribution of their B2B e-commerce investments to business performance and to ensure that the expected benefits from these investments are eventually delivered. This is as true in hospitals as it is in the other industries. However, relatively little research has examined how Taiwanese hospitals evaluate their B2B e-commerce investments and to what extent their B2B e-commerce benefits are realized. Hence, the authors take a multi-case study approach to investigate the practices and processes of B2B e-commerce evaluation and benefits realization and their impact on B2B e-commerce benefits and user satisfaction in Taiwanese hospitals. Issues arising from the study include a lack of B2B benefits realization methodology or process and a lack of understanding of B2B benefits realization practices. The results also reveal that a B2B investment evaluation methodology or process was used in most hospitals interviewed. However, there appears to be a lack of proper B2B investment post-implementation review measures in most participating hospitals. Moreover, the findings also show that the level of B2B investment evaluation methodology or process adoption was directly related to the levels of organizational IT maturity and user satisfaction. Furthermore, the authors found that most Taiwanese hospitals in general had not allocated sufficient resources and funding to undertake proper evaluation of their B2B investments. © 2012 by IGI Global. All rights reserved.","","Electronic commerce; Investments; Benefits realization; Business performance; Business-to-business; Case study approach; E-commerce evaluation; Electronic commerce evaluation; Evaluation methodologies; Investment evaluation; Post-implementation; Users' satisfactions; Hospitals","Book chapter","","Scopus"
"Zhao G.; Zhang X.; Lu C.; Zhao H.; Wu T.; Wang P.; Xu J.; Zheng B.","Zhao, Gang (57694603200); Zhang, Ximing (59469682000); Lu, Chenji (59469001100); Zhao, Hui (57224589420); Wu, Tianshu (57216893963); Wang, Pengjie (57211409863); Xu, Jian (55618589700); Zheng, Bo (57214453009)","57694603200; 59469682000; 59469001100; 57224589420; 57216893963; 57211409863; 55618589700; 57214453009","Explainable LLM-driven Multi-dimensional Distillation for E-Commerce Relevance Learning","2025","WWW Companion 2025 - Companion Proceedings of the ACM Web Conference 2025","https://www.scopus.com/pages/publications/105009216090?origin=resultslist","Taobao & Tmall Group of Alibaba, Beijing, China","Zhao G., Taobao & Tmall Group of Alibaba, Beijing, China; Zhang X., Taobao & Tmall Group of Alibaba, Beijing, China; Lu C., Taobao & Tmall Group of Alibaba, Beijing, China; Zhao H., Taobao & Tmall Group of Alibaba, Beijing, China; Wu T., Taobao & Tmall Group of Alibaba, Beijing, China; Wang P., Taobao & Tmall Group of Alibaba, Beijing, China; Xu J., Taobao & Tmall Group of Alibaba, Beijing, China; Zheng B., Taobao & Tmall Group of Alibaba, Beijing, China","Effective query-item relevance modeling is pivotal for enhancing user experience and safeguarding user satisfaction in e-commerce search systems. Recently, benefiting from the vast inherent knowledge, Large Language Model (LLM) approach demonstrates strong performance and long-tail generalization ability compared with previous neural-based specialized relevance learning methods. Though promising, current LLM-based methods encounter the following inadequacies in practice: First, the massive parameters and computational demands make it difficult to be deployed online. Second, distilling LLM models to online models is a feasible direction, but the LLM relevance modeling is a black box, and its rich intrinsic knowledge is difficult to extract and apply online. To improve the interpretability of LLM and boost the performance of online relevance models via LLM, we propose an Explainable LLM-driven Multi-dimensional Distillation framework for e-commerce relevance learning, which comprises two core components: (1) An Explainable LLM for relevance modeling (ELLM-rele), which decomposes the relevance learning into intermediate steps and models relevance learning as a Chain-of-Thought (CoT) reasoning, thereby enhancing both interpretability and performance of LLM. (2) A Multi-dimensional Knowledge Distillation (MKD) architecture that transfers the knowledge of ELLM-rele to current deployable interaction-based and representation-based student models from both the relevance score distribution and CoT reasoning aspects. Through distilling the probabilistic and CoT reasoning knowledge, MKD improves both the semantic interaction and long-tail generalization abilities of student models. Extensive offline evaluations and online experiments on Taobao search ad scene demonstrate that our proposed framework significantly enhances e-commerce relevance learning performance and user experience. © 2025 Copyright held by the owner/author(s). Publication rights licensed to ACM.","E-Commerce; Knowledge Distillation; Large Language Model; Semantic Matching","Distillation; E-learning; Learning systems; Search engines; Semantics; User experience; User interfaces; E- commerces; Knowledge distillation; Language model; Large language model; Model-driven; Multi dimensional; Performance; Relevance learning; Relevance models; Semantic matching; Electronic commerce","Conference paper","All Open Access; Gold Open Access","Scopus"
"Shi C.; Pei Y.; Li D.; Wu T.","Shi, Chunyang (57218304658); Pei, Yilei (23974792400); Li, Dandan (45161458700); Wu, Ting (57224682348)","57218304658; 23974792400; 45161458700; 57224682348","Influencing factors of catering o2o customer experience: an approach integrating big data analytics with grounded theory","2021","Tehnicki Vjesnik","https://www.scopus.com/pages/publications/85108159371?origin=resultslist","Institution: Management College, Beijing Union University, Postal address 97 North Fourth Ring East Road, 100101, China","Shi C., Institution: Management College, Beijing Union University, Postal address 97 North Fourth Ring East Road, 100101, China; Pei Y., Institution: Management College, Beijing Union University, Postal address 97 North Fourth Ring East Road, 100101, China; Li D., Institution: Management College, Beijing Union University, Postal address 97 North Fourth Ring East Road, 100101, China; Wu T., Institution: Management College, Beijing Union University, Postal address 97 North Fourth Ring East Road, 100101, China","In the era of digital economy, catering O2O is developing rapidly. Catering O2O (catering online to offline), namely catering takeout in the paper, means that customers place an order through online ordering platform, and delivery persons deliver the food provided by catering enterprises offline. Catering O2O conforms to the trend of the digital economy era, but exposes a variety of problems, such as lower feedback rate of the platform, lower timeliness of acceptance and handling, lower customer feedback satisfaction, and poorer customer experience. As China's leading e-commerce platform for life services, Meituan won the rating of not recommending to place an order in the report of ""2020 China E-commerce User Experience and Complaint Monitoring"". In order to improve customer experience and service satisfaction of catering O2O, this paper takes Meituan takeout as an example, integrates big data analytics and grounded theory to explore influencing factors of catering O2O customer experience. With the big data analytics method, the main influencing factors are obtained from 54250 customer reviews, and then the grounded theory method is used to conduct in-depth analysis on negative reviews, and influencing factors of O2O customer experience are verified and confirmed. The results show that the main influencing factors of catering O2O customer experience are catering food quality and delivery service quality and after-sale service quality. Catering food quality and delivery service quality have a significant impact on customer experience. Finally, from perspectives of catering O2O platforms and enterprises, the paper obtains management implications as follows: Catering O2O platforms should attach great importance on the service of contact points in distribution link, strengthen the last-mile delivery service quality, and improve the supervision and feedback mechanism; catering O2O enterprises should ensure the quality, portion and package of catering food, so as to improve customer experience and win electronic word-of-mouth and customer satisfaction. © 2021, Strojarski Facultet. All rights reserved.","Big data analytics; Customer experience; Customer reviews; Influencing factors; The grounded theory","Big data; Data Analytics; Electronic commerce; Quality of service; Sales; User experience; Customer experience; Customer feedback; Electronic word of mouths; Feedback mechanisms; Grounded theory methods; In-depth analysis; Management implications; Service satisfaction; Advanced Analytics","Article","All Open Access; Gold Open Access; Green Open Access","Scopus"
"Setiawan I.H.; Rahardi M.; Aminuddin A.; Abdulloh F.F.","Setiawan, Imsagi Hendi (59735055400); Rahardi, Majid (57222000895); Aminuddin, Afrig (57221994672); Abdulloh, Ferian Fauzi (57779822600)","59735055400; 57222000895; 57221994672; 57779822600","Sentiment Analysis of Tokopedia Application Reviews on Google Play Store Using BERT","2024","2024 International Conference on Information Technology Systems and Innovation, ICITSI 2024 - Proceedings","https://www.scopus.com/pages/publications/105002476945?origin=resultslist","Universitas Amikom Yogyakarta, Faculty of Computer Science, Sleman, Indonesia","Setiawan I.H., Universitas Amikom Yogyakarta, Faculty of Computer Science, Sleman, Indonesia; Rahardi M., Universitas Amikom Yogyakarta, Faculty of Computer Science, Sleman, Indonesia; Aminuddin A., Universitas Amikom Yogyakarta, Faculty of Computer Science, Sleman, Indonesia; Abdulloh F.F., Universitas Amikom Yogyakarta, Faculty of Computer Science, Sleman, Indonesia","Tokopedia, one of Indonesia's largest e-commerce platforms, receives millions of user reviews on Google Play Store daily. This research aims to analyze the sentiment of user reviews on the Tokopedia application by utilizing the Bidirectional Encoder Representations from Transformers (BERT) model. A total of 5,200 reviews were collected through scraping techniques using the 'google-play-scraper' module. Once collected, the review data was processed through the stages of cleaning, normalization, stopword removal, tokenization, and stemming to improve the quality of analysis. The sentiments of the reviews were then categorized into positive, negative, or neutral. The results show that 38.5% of the reviews are negative, 38.4% are positive, and 23.1% are neutral, reflecting a reasonably balanced sentiment distribution. The data was divided into training, validation, and testing sets to optimize the model performance. The BERT model achieved high performance, with 89% accuracy, 88.90% precision, 88.89% recall, and 88.83% F1 score. These results provide valuable insights for Tokopedia to improve service quality and enhance app user experience. © 2024 IEEE.","BERT; natural language processing; sentiment analysis; tokopedia","Economic and social effects; Bidirectional encoder representation from transformer; Google plays; Indonesia; Language processing; Natural language processing; Natural languages; Sentiment analysis; Tokopedia; Transformer modeling; User reviews; Natural language processing systems","Conference paper","","Scopus"
"Das M.S.; Govardhan A.; Lakshmi D.V.","Das, M. Swami (57352414600); Govardhan, A. (26326827400); Lakshmi, D. Vijaya (57191277280)","57352414600; 26326827400; 57191277280","Web service classification and prediction using rule-based approach with recommendations for quality improvements","2020","Advances in Intelligent Systems and Computing","https://www.scopus.com/pages/publications/85083996714?origin=resultslist","Department of CSE, MREC, Hyderabad, India; Jawaharlal Nehru Technological University Hyderabad, Kukatpally, Hyderabad, Telangana State, India; Department of IT, MGIT, Hyderabad, Telangana State, India","Das M.S., Department of CSE, MREC, Hyderabad, India, Jawaharlal Nehru Technological University Hyderabad, Kukatpally, Hyderabad, Telangana State, India; Govardhan A., Jawaharlal Nehru Technological University Hyderabad, Kukatpally, Hyderabad, Telangana State, India; Lakshmi D.V., Department of IT, MGIT, Hyderabad, Telangana State, India","Web-based applications are more popular and are increasing the demand to use of applications. Service quality and user satisfaction are the most significant for the designer. IT provides the best solutions for various applications such as B2B, B2C, e-commerce and other applications. The client demands high-quality service, regarding minimum response time, high availability and more security. The existing approaches and models may not improve the overall performance of web-based application due to not covering all functional, nonfunctional parameters. The proposed model-approach gives the best solution using rule-based classification of web services using QWS dataset, and predictions of quality parameters based on user specifications. The model is implemented in Java, the results of quality parameters will classify and predict the class labels Class-1(high quality), Class-2, Class-3 and Class-4 (low quality), and the system will give recommendations to improve the quality parameters. By using suggested guidelines and instructions to the software developer, that he will meet the client specifications and provides best quality values which will improve the overall performance (in specification parameters including functional and nonfunctional values). The result clearly suggests the improvement of quality parameters by classification and prediction. This paper can be extended to mixed attributes of quality parameters. © Springer Nature Singapore Pte Ltd. 2020.","Knowledge discovery data; Performance; Prediction; QoS; Rule-based classification; Web service","Artificial intelligence; Classification (of information); Forecasting; Software quality; Specifications; Websites; High quality service; Quality improvement; Rule-based approach; Rule-based classification; Software developer; Specification parameters; Web service classifications; Web-based applications; Web services","Conference paper","","Scopus"
"Chen J.; Zhang Q.; Xia Y.; Liang L.","Chen, Jingxian (36615012600); Zhang, Qi (59484240500); Xia, Yan (60265603400); Liang, Liang (25632675700)","36615012600; 59484240500; 60265603400; 25632675700","Product configuration and pricing strategies for manufacturers in heterogeneous retail platforms; [异质性零售平台下的制造商产品配置及定价策略]","2025","Journal of Industrial Engineering and Engineering Management","https://www.scopus.com/pages/publications/105026500516?origin=resultslist","School of Management, Hefei University of Technology, Hefei, 230009, China; Anhui Provincial Laboratory of Intelligent Interconnection Systems, Hefei, 230009, China","Chen J., School of Management, Hefei University of Technology, Hefei, 230009, China, Anhui Provincial Laboratory of Intelligent Interconnection Systems, Hefei, 230009, China; Zhang Q., School of Management, Hefei University of Technology, Hefei, 230009, China; Xia Y., School of Management, Hefei University of Technology, Hefei, 230009, China; Liang L., School of Management, Hefei University of Technology, Hefei, 230009, China, Anhui Provincial Laboratory of Intelligent Interconnection Systems, Hefei, 230009, China","With the rapid development of the platform economy, e-commerce platforms have grown rapidly and presented diverse development trends. They provide a wider range of sales channels and scenarios for many manufacturers and brand owners. As consumer needs and preferences evolve, their product and platform choices have become increasingly diverse and personalized. Online retail platforms are committed to attracting more consumers by providing diversified sales services and product quality assurance. However, these services often come at the cost of higher commissions charged to brand owners. For manufacturers, adopting a single-product model to sell the same product through various retail platforms can allow them to reach consumers with different preferences while avoiding the cost increase associated with producing differentiated products. However, for products with a smaller target customer base, a single-product model may be difficult to accurately reach target consumers, increasing the manufacturer′ s sales costs. Therefore, some brands adopt differentiated product configuration strategies to sell different products through multiple heterogeneous platforms. Considering real-world factors, this paper mainly discusses the following issues based on existing literature: 1) Should manufacturers choose a single or differentiated product model when selling products through two heterogeneous retail platforms? 2) Given a specific product model, how should manufacturers determine the product configuration strategy, including product quality level and distribution method? 3) For different product configuration strategies, how should manufacturers choose to achieve maximum profit? This study focuses on a supply chain of one manufacturer and two heterogeneous retail platforms. It considers the manufacturer′s choice between a single-product model and a differentiated product model and studies the product configuration and pricing decisions when the manufacturer sells products through these two heterogeneous platforms. The research process is as follows: First, manufacturers have two options when producing products: a single-product model (referred to as S) and a differentiated product model (referred to as D). Under the single-product model, manufacturers produce a universal product with comprehensive and practical features that meet the needs of most consumers. In the differentiated product model, manufacturers produce basic products that meet fundamental functions and cater to the low-end market, as well as premium products with enhanced features and better user experience. In the single-product model, manufacturers sell the universal product through the high-service-level platform H and the low-service-level platform L. In the differentiated product model, manufacturers have two options: Strategy A (in which the manufacturer sells premium products through platform H and basic products through platform L) and Strategy B (in which the manufacturer sells premium products through platform L and basic products through platform H). Therefore, manufacturers have three product configuration strategies: S, DA, and DB. Next, the manufacturer′ s product configuration decision-making process involves three stages: 1) selecting the product configuration strategy, 2) determining the quality of the products to be produced, and 3) setting the sales prices of products on platforms H and L based on their respective qualities. We explore the decision-making regarding product quality levels and sales prices under specific product configuration strategies and study the patterns of consumer preferences for product quality and platform service levels in different scenarios of product quality and sales prices. Finally, an analysis of the optimal product configuration decisions for the three strategies is conducted, providing conditions for manufacturers to choose each product configuration strategy. Finally, through comparative analysis of the equilibrium results under different configuration strategies, the following conclusions are drawn: 1) Under the single-product model, the same product has a higher selling price and higher service level on platform H. 2) Under Strategy DA, when the price sensitivity between platforms is high, the quality and sales price of the basic product will be lower than that of the premium product. However, in scenarios with lower price sensitivity between platforms, the quality and price of the two products depend on consumer preferences for the basic product and the platform′s service level. 3) Under Strategy DB, the relative quality of the basic and premium products primarily depends on consumers′ inherent preferences for product quality, while the price relationship between the products mainly depends on the differences in service levels between platforms. 4) Both the single and differentiated product models are advantageous choices for manufacturers. Under the differentiated product model, the choice of the two configuration strategies mainly depends on the service level provided by platform H. The research results of this study provide valuable theoretical insights for manufacturers to sell products through heterogeneous retail platforms, especially in product quality selection and product configuration decisions. Furthermore, they contribute to a better understanding of the vertical differentiation of retail platforms and the differentiation of platform product quality. © 2025 Zhejiang University. All rights reserved.","Heterogeneous; Product configuration; Product quality; Retail platform","","Article","","Scopus"
"McGregor C.; Kumaran S.","McGregor, C. (56279266800); Kumaran, S. (7003371752)","56279266800; 7003371752","An agent-based system for trading partner management in B2B e-commerce","2002","Proceedings of the IEEE International Workshop on Research Issues in Data Engineering","https://www.scopus.com/pages/publications/84948466085?origin=resultslist","Faculty of Information Technology, University of Technology, Sydney, PO Box 123, Broadway, 2007, NSW, Australia; IBM TJ Watson Research Center, PO Box 218, Yorktown Heights, 10598, NY, United States","McGregor C., Faculty of Information Technology, University of Technology, Sydney, PO Box 123, Broadway, 2007, NSW, Australia; Kumaran S., IBM TJ Watson Research Center, PO Box 218, Yorktown Heights, 10598, NY, United States","Organizations invest in B2B and workflow management systems to enable seamless integration of multiple transaction systems that support their business processes. However, knowledge of the organization's performance becomes buried within internal processing of the B2B workflow platform. This research introduces a framework that analyses workflow audit logs, utilizing DSS principles together with agent technologies, to feedback the organization's performance measures. We apply this framework to a private trading exchange case study where suppliers participate in an interorganizational order fulfillment workflow. Agents refine the organization's knowledge of supplier productivity and commitment as they learn from interactions over time with trading partners. © 2002 IEEE.","Australia; Collaborative work; Data engineering; Decision support systems; Engineering management; Feedback; Information technology; Performance analysis; Productivity; Workflow management software","Artificial intelligence; Commerce; Decision support systems; Distributed computer systems; Electronic commerce; Feedback; Information technology; Knowledge management; Productivity; Work simplification; Australia; Collaborative Work; Data engineering; Engineering management; Performance analysis; Workflow managements; Information management","Conference paper","","Scopus"
"Susanto A.; Banjari F.A.; Khudzaeva E.; Fitriyani A.","Susanto, Aries (55272758300); Banjari, Fazrin Al (57421560100); Khudzaeva, Eva (57191847994); Fitriyani, Aida (57215928583)","55272758300; 57421560100; 57191847994; 57215928583","Antecedents of Loyalty Formation on Mobile-based Travel Use","2021","2021 9th International Conference on Cyber and IT Service Management, CITSM 2021","https://www.scopus.com/pages/publications/85123267143?origin=resultslist","UIN Syarif Hidayatullah Jakarta, Department of Information Systems, Indonesia; Bhayangkara University, Department of Informatics Engineering, Jakarta, Indonesia","Susanto A., UIN Syarif Hidayatullah Jakarta, Department of Information Systems, Indonesia; Banjari F.A., UIN Syarif Hidayatullah Jakarta, Department of Information Systems, Indonesia; Khudzaeva E., UIN Syarif Hidayatullah Jakarta, Department of Information Systems, Indonesia; Fitriyani A., Bhayangkara University, Department of Informatics Engineering, Jakarta, Indonesia","There are various kinds of mobile-based online travel agencies. However, along with its rapid and diverse growth and causing increasingly fierce competition, it requires online travel agencies to be able to provide satisfaction to their users in order to win the competition for user loyalty. User satisfaction continues to be a top priority in the world of e-commerce and is a very important factor for e-commerce success. Nevertheless, it was noted that there was a decrease in the level of satisfaction with the use of the application which in turn could affect the loyalty of its users. User satisfaction also has a strong influence on user loyalty, therefore loyalty is an important thing to note. In addition, when security issues also play a significant role in influencing user satisfaction. The purpose of this study was to investigate what factors affect the loyalty of mobile-based travel users using the Expectation-Confirmation Model which was developed by adding several variables. The distribution of the questionnaires was carried out with a sample collection technique using the Purposive Sampling technique. Based on the results obtained, the majority of the hypotheses are accepted with the main factor affecting consumers' loyalty being continuance intention which is mediated by satisfaction. © 2021 IEEE.","antecedents; application; loyalty; mobile-based; technology use; travel","Surveys; Antecedent; E- commerces; Level of satisfaction; Loyalty; Mobile-based; Security issues; Technology use; Travel; Travel agency; Users' satisfactions; Electronic commerce","Conference paper","","Scopus"
"Dutta A.; Das S.; Chen W.; McAuley A.; Schulzrinne H.; Altintas O.","Dutta, Ashutosh (7202103962); Das, Subir (57193545213); Chen, Wai (7409641103); McAuley, Anthony (7005390529); Schulzrinne, Henning (7006775893); Altintas, Onur (6701862590)","7202103962; 57193545213; 7409641103; 7005390529; 7006775893; 6701862590","MarconiNet supporting streaming media over localized wireless multicast","2002","Proceedings of the ACM International Workshop on Mobile Commerce","https://www.scopus.com/pages/publications/0036992254?origin=resultslist","Telcordia Technologies Inc., Morristown, NJ 07960, 445 South Street, United States; Computer Science Department, Columbia University, New York, NY 10027, United States; Toyota InfoTechnology Center, Palo Alto, CA 94304, 4009 Miranda Avenue, United States","Dutta A., Telcordia Technologies Inc., Morristown, NJ 07960, 445 South Street, United States; Das S., Telcordia Technologies Inc., Morristown, NJ 07960, 445 South Street, United States; Chen W., Telcordia Technologies Inc., Morristown, NJ 07960, 445 South Street, United States; McAuley A., Telcordia Technologies Inc., Morristown, NJ 07960, 445 South Street, United States; Schulzrinne H., Computer Science Department, Columbia University, New York, NY 10027, United States; Altintas O., Toyota InfoTechnology Center, Palo Alto, CA 94304, 4009 Miranda Avenue, United States","Flexible multi-media streaming such as advertisment insertion, location based services, mobility and wireless access are vital components that make existing Internet Radio and TV networks more attractive for the roaming users. All of these applications also provide added value to telematics, and military usage including coordination, education, situation awareness, distributed simulation, battlefield communication and multi-player games. While content distribution over a wired network can be realized by instituting proxies and gateways at several parts of the access network, providing mobility over heterogeneous wireless access need to consider many operational issues such as handoff, join and leave latency and desired level of quality of service for the mobile clients. This paper discusses some novel application layer techniques that provide a platform for Mobile E-Commerce with a multi-tiered payment and security scheme that supports a business model for a global streaming network. The proposed streaming network called MarconiNet is based on standard IF, TF protocols such as SIP, SAP and SDP for signaling, RTSP for stream control and RTP/RTCP for media delivery and feedback control.","Join/Leave Latency; MarconiNet; Multicast; Streaming","Computer architecture; Electronic commerce; Feedback control; Internet; Multicasting; Telematics; Multimedia systems","Conference paper","","Scopus"
"Zamri W.N.A.D.; Sapry H.R.M.; Jaafar J.; Ahmad A.R.","Zamri, Wan Nor Azyan Dalilah (58813110600); Sapry, Hairul Rizad Md (56300099700); Jaafar, Jimisiah (57191431273); Ahmad, Abd Rahman (57214510723)","58813110600; 56300099700; 57191431273; 57214510723","The Readiness of Logistics Service Providers to Meet the Rapidly Growing Digital Economy in Malaysia","2024","SpringerBriefs in Applied Sciences and Technology","https://www.scopus.com/pages/publications/85182389226?origin=resultslist","Industrial Logistics, Universiti Kuala Lumpur Malaysian Institute of Industrial Technology, Johor, Masai, 81750, Malaysia; Faculty of Information Technology and Management, Universiti Tun Hussein Onn, Johor, Parit Raja, 86400, Malaysia","Zamri W.N.A.D., Industrial Logistics, Universiti Kuala Lumpur Malaysian Institute of Industrial Technology, Johor, Masai, 81750, Malaysia; Sapry H.R.M., Industrial Logistics, Universiti Kuala Lumpur Malaysian Institute of Industrial Technology, Johor, Masai, 81750, Malaysia; Jaafar J., Industrial Logistics, Universiti Kuala Lumpur Malaysian Institute of Industrial Technology, Johor, Masai, 81750, Malaysia; Ahmad A.R., Faculty of Information Technology and Management, Universiti Tun Hussein Onn, Johor, Parit Raja, 86400, Malaysia","The rapid growth of online shopping during the Covid-19 pandemic has contributed to the progress of a digital economy in Malaysia, mainly driven by online purchases through e-commerce platforms. The growth of e-commerce has not only brought positive effects to the economy but has caused a shortfall in the service level of the logistics service providers (LSPs). Therefore, this research has focused on exploring the logistics capability and the logistics design among logistics service providers in Malaysia to fulfill the needs of the digital economy. This research has collected 34 feedbacks from the LSPs out of 73 LSPs, which are currently involved in providing logistics services to the e-commerce platform. Based on an extensive literature review, a model of the logistics digital service was developed and proposed to examine its application in the context of Malaysia. The findings revealed that all constructs proposed in the model (logistics capability-information technology, innovation capability, service provider capability) and (logistics design-automation, flexibility, integration logistics, logistics distribution network) have a significant relationship with the readiness of LSPs to become digital logistics services providers. © The Author(s), under exclusive license to Springer Nature Switzerland AG 2024.","Digital economy; Digital logistics services; Logistics capability","Electronic commerce; Information services; Commerce platforms; Digital economy; Digital logistic service; E- commerces; Logistics capabilities; Logistics service provider; Logistics services; Malaysia; Online shopping; Rapid growth; Computer aided design","Book chapter","","Scopus"
"Hu J.","Hu, Jingxuan (58067678400)","58067678400","Sentiment Classification Model of Online Reviews Based on Word Features and Bi-LSTM","2022","2022 IEEE 2nd International Conference on Data Science and Computer Application, ICDSCA 2022","https://www.scopus.com/pages/publications/85146369789?origin=resultslist","Southwest University, Chongqing, China","Hu J., Southwest University, Chongqing, China","With the rapid development of e-commerce, many purchase and comment records are produced. Sentiment classification of commodity reviews is of great value for automatically monitoring bad reviews and assisting merchants in analyzing consumer feedback. At present, the Bi-LSTM model is representative of Chinese text sentiment classification, which can understand the semantic information in time sequence. However, due to the lack of processing lexical information, there is a problem that word vectors cannot highlight the information of sentiment words. Therefore, this paper proposes a sentiment classification model of Chinese product reviews based on word features and Bi-LSTM. The new model firstly uses Word2vec's CBOW model to train the word vectors, secondly uses an improved information gain algorithm with the word distribution and sentiment weights to calculate the amount of information, and finally uses the Naive Bayes model to classify the network classification results twice, which solves the problem that the basic Bi-LSTM model lacks understanding of lexical information. The experimental results show that the new model achieves better results relative to the basic Bi-LSTM model and can capture the sentiment information of the comments more accurately. In the test set, the accuracy rate reached 89.03%. © 2022 IEEE.","Bi-LSTM; Information Gain; Sentiment Classification; Word2vec","Bayesian networks; Bismuth compounds; Classification (of information); Long short-term memory; Text processing; Bi-LSTM; Chinese text; Classification models; E- commerces; Information gain; Lexical information; Online reviews; Sentiment classification; Word vectors; Word2vec; Semantics","Conference paper","","Scopus"
"Cai S.; Li S.; Xiao W.; Shen M.","Cai, Shoujie (58765704900); Li, Sijie (9738482600); Xiao, Wenli (55779266600); Shen, Minghao (57209745864)","58765704900; 9738482600; 55779266600; 57209745864","Livestreaming sales strategy considering valuation correlation and influence effect","2024","Electronic Commerce Research and Applications","https://www.scopus.com/pages/publications/85179849488?origin=resultslist","School of Economics and Management, Southeast University, Jiangsu, Nanjing, 211189, China; School of Business, University of San Diego, San Diego, 92110, CA, United States; Institute of Guangdong-Hongkong-Macao Great Bay Area, Guangdong University of Foreign Studies, Guangdong, Guangzhou, 510420, China","Cai S., School of Economics and Management, Southeast University, Jiangsu, Nanjing, 211189, China; Li S., School of Economics and Management, Southeast University, Jiangsu, Nanjing, 211189, China; Xiao W., School of Business, University of San Diego, San Diego, 92110, CA, United States; Shen M., Institute of Guangdong-Hongkong-Macao Great Bay Area, Guangdong University of Foreign Studies, Guangdong, Guangzhou, 510420, China","Livestreaming e-commerce is a new and emerging mode of online shopping that offers various products, interactive communication, and real-time feedback. It poses some challenges for streamers who need to design effective sales strategies that account for correlated consumer valuations of products and influenced valuation of a new product by owned products. In this paper, we analyze the optimal livestreaming sales strategy for streamers who sell correlated products sequentially in a livestreaming event and further check the robustness of the main results in extensions. We find that streamers can benefit more from selling complementary products rather than substitute products and leverage the valuation influence effect to optimize product prices. Moreover, we use Copula functions to model the joint distribution of consumer valuations. Through simulation experiments, we examine how the livestreaming profit varies with the strength of valuation correlation and influence effect, how the streamer sets the selling sequence of products, and the robustness of profit by different Copula functions. © 2023 Elsevier B.V.","Copula function; Livestreaming; Product correlation; Valuation correlation; Valuation influence effect","Electronic commerce; Product design; Sales; Consumer valuations; Copula functions; E- commerces; Interactive communications; Livestreaming; Online shopping; Product correlation; Sales strategies; Valuation correlation; Valuation influence effect; Profitability","Article","","Scopus"
"Rehman S.U.; Wasi S.; Siddiqui J.A.","Rehman, Shafiq Ur (57945240800); Wasi, Shaukat (35079789700); Siddiqui, Jawaid Ahmed (58991363800)","57945240800; 35079789700; 58991363800","Towards an easy to pay system (ETPS) for e-commerce","2009","2009 International Conference on E-Business and Information System Security, EBISS 2009","https://www.scopus.com/pages/publications/70349673732?origin=resultslist","Department of Computer Science, National University of Computer and Emerging Sciences, Karachi, Pakistan; Department of Computer Science, Sukkur Institute of Business Administration, Sukkur, Pakistan","Rehman S.U., Department of Computer Science, National University of Computer and Emerging Sciences, Karachi, Pakistan; Wasi S., Department of Computer Science, National University of Computer and Emerging Sciences, Karachi, Pakistan; Siddiqui J.A., Department of Computer Science, Sukkur Institute of Business Administration, Sukkur, Pakistan","Electronic commerce is the paperless exchange of business information using electronic data interchange (EDI). The best way for E-commerce is through WWW. This paper identifies the issues related to the usability perspective of the E-commerce as a process and proposes improvements to the E-commerce process to resolve the issues identified. Today the application of e-commerce is more focused towards B2B e-commerce and less to B2C. Consumers having no credit cards are not targeted as customers. E-commerce websites are not secure due to the open payment method that requires credit card information. There are Ethical issues like applying hidden charges, taxes and the cost of shipment. The process is lengthy and complex as it requires formalities like filling multiple forms. We have proposed improvements to the E-commerce process in the form of improved payment process termed as reference payment method and elimination of the requirements of having a credit card. The objective of the proposed improvements is to increase the business by targeting more on end-users. © 2009 IEEE.","Cash-key; ETPS; Reference payment method","Electronic data interchange; Information systems; B2B e-commerce; Business information; Cash-key; Credit cards; E-Commerce; End-users; Ethical issues; ETPS; Paperless; Payment methods; Reference payment method; Electronic commerce","Conference paper","","Scopus"
"Li L.; Zhao J.; He J.; Yao R.","Li, Li (56294777300); Zhao, Jie (57191637541); He, Jie (56295355100); Yao, Ruibo (56381013300)","56294777300; 57191637541; 56295355100; 56381013300","Enhancing User Loyalty through Network Externality: An Empirical Study on B2B Platform","2014","13th Wuhan International Conference on E-Business, WHICEB 2014","https://www.scopus.com/pages/publications/85079495713?origin=resultslist","School of Economics and Management, Nanjing University of Science & Technology, Nanjing, 210094, China; Focus Technology Co., Ltd., Nanjing, 210061, China","Li L., School of Economics and Management, Nanjing University of Science & Technology, Nanjing, 210094, China; Zhao J., School of Economics and Management, Nanjing University of Science & Technology, Nanjing, 210094, China; He J., School of Economics and Management, Nanjing University of Science & Technology, Nanjing, 210094, China; Yao R., Focus Technology Co., Ltd., Nanjing, 210061, China","Loyal users are vital to the future of B2B platform with rapid development and intensive competitions. This study examines how network externality, in terms of direct network externality and indirect network externality, enhances B2B platform users' perceived value, and how such perception of value, in turn, influences their satisfaction and loyalty. First, we develop a conceptual model to describe the formation mechanism of user (seller) loyalty on B2B platform. Second, based on literature home and abroad, we develop a questionnaire. With a well-known B2B platform, we get 1,348 valid samples. At last, using structural equation modeling approach, we get the conceptual model fitted. The empirical results show that: network externality can be used as pre-drivers of perceived value thereby affecting user loyalty, but it has no direct influence on user satisfaction. © 2014, Association for Information Systems. All rights reserved.","b2b platform; e-commerce; network externality; sellers; user loyalty; user satisfaction","Information systems; B2b platform; Conceptual model; Direct network; E- commerces; Empirical studies; Network externality; Perceived value; Seller; User loyalty; Users' satisfactions; Electronic commerce","Conference paper","","Scopus"
"McGregor C.; Kumaran S.","McGregor, C. (56279266800); Kumaran, S. (7003371752)","56279266800; 7003371752","Business process monitoring using web services in B2B e-commerce","2002","Proceedings - International Parallel and Distributed Processing Symposium, IPDPS 2002","https://www.scopus.com/pages/publications/84966460077?origin=resultslist","Faculty of Information Technology, University of Technology, Sydney, PO Box 123, Broadway, 2007, NSW, Australia; IBM TJ Watson Research Center, PO Box 218, Yorktown Heights, 10598, NY, United States","McGregor C., Faculty of Information Technology, University of Technology, Sydney, PO Box 123, Broadway, 2007, NSW, Australia; Kumaran S., IBM TJ Watson Research Center, PO Box 218, Yorktown Heights, 10598, NY, United States","Organisations are re-engineering their B2B communications to be performed through web services. Their aim is to create modularised services that support the business processes within their organisation and also those external entities that participate in these same business processes. This improvement is at the expense of the organisation's knowledge of its performance, as this knowledge will become buried within the internal processing of the web service platform. This research introduces an approach to reclaim and improve this knowledge for the organisation by establishing a framework that enables the definition of web services, together with the logging and analysis of the enactment of web services. This framework utilises web service concepts, DSS principles, and agent technologies, to enable feedback on the organisation's performance measures through the analysis of the web services. We apply this framework to a specific case study where suppliers participate in an inter-organisational workflow via a Private Exchange in the context of order fulfilment. A key benefit of this work is that the data is stored once but provides information both to the organisation acting as the customer and the organisation acting as the supplier. It therefore removes the need for development of internal performance monitoring tools to monitor web services performance. © 2002 IEEE.","Agent; DSS Architecture; Electronic Commerce; Web Services; Workflow","","Conference paper","","Scopus"
"Zhang K.; Su Q.","Zhang, Kai (57221087553); Su, Qian (58953805300)","57221087553; 58953805300","Pricing model of hybrid e-commerce platform with unavailable third-party sellers","2024","Journal of Industrial Engineering and Engineering Management","https://www.scopus.com/pages/publications/85188543492?origin=resultslist","Business school, University of Shanghai for Science and Technology, Shanghai, 200093, China; School of Economic and Management, Xidian University, Xi’an, 710126, China","Zhang K., Business school, University of Shanghai for Science and Technology, Shanghai, 200093, China; Su Q., School of Economic and Management, Xidian University, Xi’an, 710126, China","The hybrid e-commerce platform, a containing self-operated seller and third-party sellers, is widely utilized in business. By providing transaction service, the hybrid e-commerce platforms generate a great number of third-party sellers. On one hand, it can help the third-party sellers expand distribution channels and improve the efficiency of operation; on the other hand, it can bring the platforms substantial income and help them achieve rapid development. Without a doubt, a large number of third-party sellers can be regarded as a strategic asset, which plays an essential role in the development of hybrid e-commerce platforms. However, not all third-party sellers can perform well in sales. In fact, according to observations of JD. com and Amazon. com, many of them have shown prolonged period of low or even zero sales figures. In this paper, these sellers are defined as unavailable third-party sellers. While the sellers pay technical service fees to the platform, they generate no sales, thus bring no additional commission to the platform. Moreover, they would increase consumers ’ transaction costs and decrease the platform ’ s exchange efficiency. This paper aims to answer the following questions: Why the platforms do not remove the unavailable third-party sellers? If the platform can remove them out, should the platform limit the number of unavailable third-party sellers? What is the optimal number of third-party sellers? What is the impact of the competition between self-operated seller and available third-party sellers? Whether it will worsen the social welfare? Based on the Spokes model, this paper established a model including N sellers on a hybrid e-commerce platform, that is, 1 selfoperated seller, n available third-party sellers and N - n - 1 unavailable third-party sellers. Assuming that consumers make purchase decision between only two sellers, we study the impact of the number of unavailable third-party sellers on the equilibrium prices, market share, profit and social warfare to show the strategic value of unavailable third-party sellers on the platform. And then we extend our base model to two scenarios: the hybrid e-commerce platform can control the total number of third-party sellers and consumers have heterogeneous preference. We find that: First, only when the basic utility based on unit transaction cost is moderate, there is a unique equilibrium solution to the basic model. When the basic utility based on the unit transaction cost is very low or very high, the consumer obtains a negative net utility or does not satisfy the competition premise, which is the fundamental reason for the absence of an equilibrium solution. Second, the existence of unavailable third-party sellers may or may not intensify the competition between the self-operated seller and available third-party sellers, which depends on the region where the equilibrium solution is located. Third, when the basic utility based on the unit transaction cost is not too low, the existence of unavailable third-party sellers can improve the profits of platform and the available third-party sellers simultaneously. Fourth, when the platform controls the total number of third-party sellers, the equilibrium profit of available third-party sellers always increases with the number of unavailable third-party sellers. That is to say, controlling the total number of third-party sellers is always beneficial to the available third-party sellers and whether it is beneficial to the platform depends on the basic utility based on the unit transaction cost and technical service fees. Fifth, the profit of available third-party sellers decreases as more consumers prefer self-operated seller. The relationship between platform profit and percentage of consumers preferring self-operated seller depends on the increment profit of the self-operated seller and the decrement profit of available third-party sellers. Our results show some managerial implications. First, we explained the reason why the hybrid e-commerce platform allows the unavailable third-party sellers to exist. When the technical service fee is not low, the existence of unavailable third-party sellers is beneficial to the profit of the hybrid e-commerce platform. Second, the operators of the hybrid e-commerce platform need to control the number of unavailable third-party sellers in a suitable range. The increase of unavailable third-party sellers can accelerate the expansion of the hybrid e-commerce platform. However, this increase can not improve the sales, instead, yet will lead to the decrease of transaction efficiency and cause a negative effect on the development of platform. Third, the platform can improve the user experience and service level to increase the consumers’ base utility, which is beneficial to the sellers’ profit on the platform. Fourth, although the consumers’ preference to self-operated seller can increase the platform’ profit from commission, it could decrease the commission from the third-party sellers. Therefore, the platform should offer the third-party sellers more exposure opportunities. © (2024), (Zhejiang University). All Rights Reserved.","Hybrid e-commerce platform; Pricing strategy; Spokes model; Third-party seller","","Article","","Scopus"
"Brooks R.R.; Deng J.","Brooks, R.R. (24608979900); Deng, Juan (36080466300)","24608979900; 36080466300","Lies and the lying liars that tell them: A fair and balanced look at TLS","2010","ACM International Conference Proceeding Series","https://www.scopus.com/pages/publications/78349281546?origin=resultslist","Holcombe Department of Electrical and Computer Engineering, Clemson, SC 29634, P.O. Box 340915, United States","Brooks R.R., Holcombe Department of Electrical and Computer Engineering, Clemson, SC 29634, P.O. Box 340915, United States; Deng J., Holcombe Department of Electrical and Computer Engineering, Clemson, SC 29634, P.O. Box 340915, United States","The secure sockets layer (SSL), later modified to become transport layer security (TLS), has become the basis of many aspects of Internet security. The vast majority of e-commerce sites use TLS to protect consumers. Within the past year, a number of TLS weaknesses have become apparent. These weaknesses are due to problems in the domain name system (DNS), problems with certificate distribution, browser programming errors, usability issues, and advances in cryptanalysis. While the basic SSL/TLS protocol is not compromised by any of these security failures, the result is that current e-commerce implementations are severely flawed. This provides a number of important lessons for designing, implementing and deploying trusted systems. © 2010 ACM.","e-commerce; man-in-the-middle (MITM); SSL/TLS; trust; trusting trust","Cryptography; Electronic commerce; Internet protocols; Seebeck effect; E-Commerce; man-in-the-middle (MITM); SSL/TLS; trust; trusting trust; Network security","Conference paper","","Scopus"
"YANG X.; ZHUANG Y.; CHEN W.","YANG, Xue (59929344000); ZHUANG, Yu (59929492800); CHEN, Wanzhou (59930231200)","59929344000; 59929492800; 59930231200","Research on the impact of price mechanism for giveaway on users′ willingness to recommend; [赠品价格机制对用户推荐意愿的影响研究]","2025","Journal of Industrial Engineering and Engineering Management","https://www.scopus.com/pages/publications/105007354162?origin=resultslist","Business School, Nanjing University, Nanjing, 210009, China; Shanghai University of International Business and Economics, Shanghai, 201620, China","YANG X., Business School, Nanjing University, Nanjing, 210009, China; ZHUANG Y., Business School, Nanjing University, Nanjing, 210009, China; CHEN W., Shanghai University of International Business and Economics, Shanghai, 201620, China","Social marketing is a means of marketing using social networks. This type of marketing closes the psychological distance between the company or platform and the consumer through conversation, interaction and feedback between users, and achieves marketing objectives through empathy. An important role is played by the word-of-mouth effect. In order to develop new users, companies or platforms often use referral reward schemes to motivate users′ willingness to recommend. Referral reward schemes are used to incentivise “seed users” to spread, recommend, share and so on, to achieve “fission” growth in the number of users and complete the absorption of new users. In recent years, referral reward schemes have been emerging in the e-commerce sector and have achieved significant results One of the common forms of reward in referral reward schemes is the giveaway, and price is an important attribute of the giveaway. In a referral reward scheme, expensive giveaways are often harder to obtain, and the more times users recommend, the higher value giveaways can be obtained, which brings about contradictions in the area of social exchange. According to the social exchange theory, when users invite others to get certain economic benefits, there will be corresponding psychological costs. The more friends a user invites, the more likely he or she is to feel grateful, guilty or “indebted”, a so-called relationship resource or intrinsic reward, and the higher the psychological cost in terms of interpersonal relationships. The price of the gift may have an impact on the user′s willingness to recommend, as the user has to weigh the financial benefits of the recommendation against the costs involved. If the giveaway is cheaper, the time and psychological cost for users to get the giveaway is relatively low, but if the value of the giveaway is also lower and it may be less attractive to users. If the giveaway is more expensive, it is usually more attractive to users, but the time and psychological cost of obtaining the giveaway is higher. Current studies have no consistent conclusions on how users will choose in the two situations. Therefore, based on the experiment of bonus points exchange activity, this paper will focus on the impact of the price mechanism on users′ willingness to recommend in a referral reward scheme Based on the social exchange theory, this paper uses a community-based idle trading platform as a research context to conduct a simulation experiment to investigate the impact of the price and different price mechanisms (i. e., the combination of high and low prices) on users′ willingness to recommend in a referral reward scheme. This study uses a simulated “Invite your friends, redeem your points” campaign on an e-commerce platform as a research scenario to collect data on the respondents′ willingness to recommend through questionnaires and to test the research hypotheses. In order to give respondents a more realistic experience of the points-for-purchase scenario, this paper designed and developed a real online shopping platform, and showed the real interface of the points exchange activity to the users in the questionnaire, so that they could see all kinds of giveaways on the interface and the corresponding points needed for exchange. The results of the study show that: 1) setting giveaways as rewards can enhance users′ willingness to recommend, so it is an effective incentive method; 2) compared with high-priced giveaways, low-priced giveaways can enhance users′ willingness to recommend. This may be because although low-priced giveaways bring less revenue, they are less uncertain in terms of acquisition and also provide more available expected revenue at a lower psychological cost; 3). the different price mechanisms of giveaways do not have a significant difference on users′ willingness to recommend, but there is an effect on users′ intrinsic willingness to want to obtain giveaways. Based on the above findings, this paper puts forward some constructive suggestions for enterprises: first, when designing a referral reward scheme, users can be incentivised to participate in referrals by using rewards in the form of giveaways, with as many low-priced freebies as possible, and more types of giveaways, or by using a reward distribution method that rewards both the invitee and the invitee to achieve a more effective referral reward scheme. This study has certain theoretical contributions and practical implications. In terms of of theoretical contribution, this paper focuses on the emerging social marketing activity of referral reward scheme. From the perspective of social exchange theory, the study innovatively explores the impact of the price of the giveaway on users′ willingness to recommend based on the balance between cost and benefit. Moreover, the current study on the factors affecting the the willingness to recommend in referral reward schemes is supplemented, and the theoretical system of the influencing factors is improved. In terms of practical implications, this paper puts forward valuable suggestions for enterprises or platforms to make more effective decisions when formulating online referral reward schemes. © (2025), (Zhejiang University). All rights reserved.","Price mechanism; Referral intention; Referral reward program; Social marketing; 价格机制; 推荐奖励计划; 推荐意愿; 社会化营销","","Article","","Scopus"
"Turnock L.A.; Hearne E.","Turnock, Luke A. (57212089975); Hearne, Evelyn (56338130100)","57212089975; 56338130100","Novel wellbeing and repair peptide use in the UK: Netnographic findings","2025","Performance Enhancement and Health","https://www.scopus.com/pages/publications/85202493412?origin=resultslist","School of Social and Political Sciences, University of Lincoln, United Kingdom; Public Health Institute, Liverpool John Moores University, United Kingdom","Turnock L.A., School of Social and Political Sciences, University of Lincoln, United Kingdom; Hearne E., Public Health Institute, Liverpool John Moores University, United Kingdom","Recently, there has been an explosion of interest in synthetic peptides hormones promoted for wellbeing enhancement purposes, including BPC-157, TB-500 and CJC-1295. With these drugs increasingly accessible through online platforms such as e-commerce sites, this research seeks to understand user experiences of taking these drugs, and the ways in which digital forum spaces facilitate the development of a shared folk pharmacology and further indigenous harm reduction. Data is drawn from a netnography of peptide-related forum posts, encompassing 493 unique threads totalling almost 15,000 posts. Thematic analysis was used to analyse the data. Findings are split into two major sections, encompassing motivations for peptide use, and online folk pharmacology. In the first of these sections, findings explored include: Peptide use for the purposes of injury rehabilitation, including post-surgery recovery; Everyday wellbeing use of peptides, including for anti-ageing, with a particular focus on older men wishing to return to gym training for aesthetic and general health purposes; And the relationship between seeking black market peptides following negative experiences with healthcare providers for wellbeing-related issues. In the second section, key themes relate to: Community knowledge exchange regarding use, including community distribution of harm reduction information; Community understandings of the limits to utility of peptides, and experiences of product not working as anticipated; And information sharing regarding product quality, and potential harms relating to ‘scam’ sellers and substituted or poor-quality product. Conclusions show that an emergent folk pharmacology relating to peptides has developed in forum spaces, which informs and encourages use. Many older men appear to be taking peptides for everyday wellbeing purposes, suggesting a need for specific focus on this population in public health work. Issues with healthcare providers appeared to lead users to accessing black market peptides, suggesting specific education for healthcare practitioners around peptides may be important to pursue. © 2024 The Author(s)","Anti-ageing; Harm reduction; IPED; Netnography; Peptide; Wellbeing","","Article","All Open Access; Green Open Access; Hybrid Gold Open Access","Scopus"
"Pan W.; Mu D.; Wu H.; Sun Q.","Pan, Wenping (24281589100); Mu, Dejun (56383464900); Wu, Hangxing (56129991900); Sun, Qilu (25634548000)","24281589100; 56383464900; 56129991900; 25634548000","Proportional delay differentiation service in web application servers: A feedback control approach","2008","Proceedings - ISECS International Colloquium on Computing, Communication, Control, and Management, CCCM 2008","https://www.scopus.com/pages/publications/54149095983?origin=resultslist","College of Automation, Northwestern Polytechnical University, Xi'an, Shanxi, 710072, China","Pan W., College of Automation, Northwestern Polytechnical University, Xi'an, Shanxi, 710072, China; Mu D., College of Automation, Northwestern Polytechnical University, Xi'an, Shanxi, 710072, China; Wu H., College of Automation, Northwestern Polytechnical University, Xi'an, Shanxi, 710072, China; Sun Q., College of Automation, Northwestern Polytechnical University, Xi'an, Shanxi, 710072, China","As more and more business applications become webenabled, service differentiation becomes an important issue for database-driven e-commerce websites to meet different requirements of clients. This paper presents a feedback control approach to provide proportional delay differentiation (FDD) service in web application servers handling dynamic HTTP requests. To achieve this goal, an approximate linear time-invariant model of the database connection pool (DBCP) in web application servers is identified experimentally and used to design a proportional-integral (PI) controller. At each sampling time, the controller can dynamically calculate and adjust the probabilities for different classes of dynamic requests to get idle database connections in the next sampling period, according to the error between the measured delay ratio and the reference value. Three kinds of workloads, which follow deterministic, uniform and heavy-tailed distributions respectively, are designed to evaluate the performance of the closed-loop system. Experiment results indicate the controller is effective in handling varying workloads, and PDD can be achieved in the DBCP even if the number of concurrent dynamic requests changes abruptly under different kinds of workloads. © 2008 IEEE.","","Applications; Database systems; Differentiation (calculus); Electronic commerce; Feedback; Feedback control; Probability distributions; Risk assessment; Servers; Web services; World Wide Web; Business applications; Database connection pools; Database connections; Delay ratios; Dynamic requests; E-commerce; Handling dynamics; Linear times; Loop systems; Proportional delay differentiation services; Proportional delays; Reference values; Sampling periods; Sampling times; Service differentiations; Web application servers; Concurrency control","Conference paper","","Scopus"
"Legawa B.V.B.S.K.; Vega J.C.; Sagala R.L.I.; Karmagatri M.","Legawa, Baby Viola Barley Soeria Karta (60507981700); Vega, Jessica Cicilia (60507981800); Sagala, Ribka Laura Immanuela (60508566800); Karmagatri, Mulyani (57371440600)","60507981700; 60507981800; 60508566800; 57371440600","Customer Reviews for Sustainable Fashion Development: Case Study of Sejauh Mata Memandang","2025","2025 IEEE 5th International Conference on ICT in Business Industry and Government, ICTBIG 2025","https://www.scopus.com/pages/publications/105032882406?origin=resultslist","Bina Nusantara University, Entrepreneurship Departement, Jakarta, Indonesia; Bina Nusantara University, RIG SMEEI, Entrepreneurship Department, Jakarta, Indonesia","Legawa B.V.B.S.K., Bina Nusantara University, Entrepreneurship Departement, Jakarta, Indonesia; Vega J.C., Bina Nusantara University, Entrepreneurship Departement, Jakarta, Indonesia; Sagala R.L.I., Bina Nusantara University, Entrepreneurship Departement, Jakarta, Indonesia; Karmagatri M., Bina Nusantara University, RIG SMEEI, Entrepreneurship Department, Jakarta, Indonesia","Sejauh Mata Memandang is a local fashion brand dedicated to sustainability in both its production and distribution processes. In today's rapidly evolving e-commerce landscape, customer reviews play a crucial role in understanding consumer preferences. This study aimed to analyze consumer-generated content, specifically customer reviews, to identify key factors in sustainable product development for the fashion brand Sejauh Mata Memandang, which identified three main themes: (1) product quality and appearance, (2) brand engagement and product variety, and (3) customer satisfaction with speed of service and material quality. Based on the three topics, topic 2 obtained the highest score, focusing on customer satisfaction, which indicates that consumers pay close attention to aspects of product quality, suitability, and speed of service. A quantitative approach was employed, utilizing web scraping to collect 229 customer reviews from Tokopedia. The data analysis followed the CRISP-DM methodology, with preprocessing conducted in RapidMiner. Latent Dirichlet Allocation (LDA) was applied to categorize the main topics in customer reviews. Based on sentiment analysis findings, Sejauh Mata Memandang can enhance product development by prioritizing product quality, visual appeal, brand interaction, and service efficiency to enhance value proposition and customer loyalty. This study contributes to the understanding of how consumer feedback on digital platforms can inform sustainability-driven in the fashion industry. © 2025 IEEE.","Customer Reviews; E-commerce; Latent Dirichlet Allocation; Product Strategy; Sustainable Fashion","Customer satisfaction; Product development; Quality control; Quality of service; Sales; Sustainable development; Case-studies; Customer review; Customers' satisfaction; Development case; Distribution process; Latent Dirichlet allocation; Product strategy; Production process; Products quality; Sustainable fashion; Electronic commerce","Conference paper","","Scopus"
"","","","MIPRO 2006 - 29th International Convention: Computers in Education, CE","2006","MIPRO 2006 - 29th International Convention Proceedings: Computers in Education","https://www.scopus.com/pages/publications/84895891732?origin=resultslist","","","The proceedings contain 250 papers. The special focus in this conference is on Computers in Education. The topics include: Optimizing Er3+- luminescent properties in photonic glasses; low pressure chemical vapor deposition of different silicon nanostructures; comparison of dynamic properties of interface traps in silicon and silicon carbide; characterization of InGaAs/InAIAs separate absorption and multiplication layers (SAM) avalanche photodiodes (APD) for Geiger mode operation; fiber optic sensor with dielectric annular core for chemical trace analysis; microsensors based on tensometric layers sputtered on silicon substrates; retraction force measurement with silicon piezoresistor; properties of lateral bipolar transistors in SiGe technology; comparison of semiconductor simulation models on the basis of well-tempered nMOSFETs; a new FGMOS active resistor with improved linearity and lncreased frequency response; bulk driven cascode current mirror; a low-vottage track and hold circuit using CMOS current mirror with pseudo-resistive pseudo-resistive feedback; digitally-selected optimal curvature-corrected voltage reference using FGMOS devices; low voltage class AB opamp; current mode analog multiplier; high accuracy function generator for analog signal processing; the challenges in low noise CMOS analogue design; interconnect delay time estimation; design and optimisation of local interconnected network interface; offset cancellation of CMOS inverter comparators; l bit CMOS current mode digital full adder; two-to-one multiplexer using pseudoresistive load; design of two-channel FIR filter banks with equiripple reconstruction error; dynamic range compressor/expander for digital audio based on LMS algorithm; ultrasonic level measuring; RF front-Bnd of DRM receiver; realization of the lower cut off frequency in the intraoperative evoked potential monitoring amplifier; laboratory model of a rectifier with power factor correction; automated feeding system; cooperative learning of electronics; web service based knowledge grid for biomedicine; a performance analysis of J2ME web services extension; quality of service oriented active routers design; hidden access mechanism for demonstrating and teaching the grid; intelligent sensor-grid computing the nearest future; virtual grid execution environment; frontiers of computational grids; grid-based solution for financial modeling; cluster image processing in ceramic tiles quality evaluation; cost optimization of WDM networks with circuit switching; dimensioning methods in transport UTRAN network; resilience mechanisms in optical transmission networks; network routing function in VoIP and IMS networks; using network simulation software in teaching routing concepts; analysis of connection establishment process of Bluetooth system V1.1 and V1.2; WLAN and Bluetooth coexistence methods and interference reduction; convergence of mobile broadband wireless technologies; prospects of MIMO techniques for broadband wireless systems; flash-OFDM in next-generation mobile broadband networks; mobiles video stream using edge detection; implementation of the diameter-based Cx interface in the IP multimedia subsystem; change request management process evolution; six sigma methodology for software development process improvement; student project management; effectiveness assessment of using project management software in ICT projects in Croatia; empirical research on use of the decision support systems (DSS) on a sample of Croatian managers; ad manager - system for managing value added service content; mobile value added service platform with adaptable business logic data flows; -agent-based creation and provisioning of telecom service; introducing QoS parameters into design and development of real-time systems; an approach to modelling and implementation of the IP network management and control node; seamless mSCTP handover analysis in IEEE 802.11 networks; problems and proposed solution in testing public e-services development project; load test methodology for primary health care information system; connection tracer based method in 2Gl3G PLMN call-processing error detection; LFazzy control scheme for the gantry crane position and load swing control; determination of dynamic model of natural gas cooler in CPS molve III using computer; one method for maintaining accuracy in implementation of fast Fourier transform on fixed point digital signal processors; predicate abstraction based verification framework; interactive simulation and test environment for real-time scheduling ' I-SITER; design and implementation of a wireless accessible network of industrial robot; a contribution to the investigation of algebraic model structures in qualitative space; computerized control techniques on blectromechanical systems; analysis of H.264 decoder's interpolation; personal identification number complexity evaluation; an approach to embedded internet system development; web based document distribution system; using web services to transfer meteorological measurement data; collection and presentation of measurement data acquired via web services; a proposal of telelaboratory structure based on free tools; optimal VR stimulation in functional assessment of whiplash injuries; fluid flow animation; priority scheduling with genetic programming; automatizacija provjere ispravnosti paketa mjerenjem mase; napredno upravljanje u realnom wemenu procesom transporta plina; cellular automata method for removing of date stamps from digital photos; registration techniques for high-resolution visual and low-resolution infrared images; genetic algorithm with adaptive mutation probability in nonstationary environments; H.264 deblocking filter algorithm for parallel processing of pixel locations; object detection based on gray-scale morphology; FPGA verification and emulation of the analog TV-IF demodulator SoC; Slovenian-English speech-to-speech translation; Croatian telephone speech recognition; aspects of a theory and the present state of speech synthesis; automated extraction of fuzzy decision rules from databases using rough set model; news article recommendation using artificial immune system; machine learning techniques for enhancing decisions support systems within organizations; design of substation wire busbars using genetic algorithms; the role of knowledgeo science and technology in education; beer game in the function to illustrate the bullwhip effect in a supply chain; data base web applications for distance learning; user interface model of interactive education software; using XML in education; information and media literacy in kindergarten; students' attitude towards virtual laboratory classes; assistive technologies for hearing impaired persons; the pilot project of distant learning in elementary schools located far from zadar; using elearning methods in teaching mathematics; creating and using information systems in bducation of ""non-professionals"" in informatics; teaching process development according to RUP methodoiogy; virtual learning environments - astronomy school; machine learning algorithms used for validation of the student knowledge; distance education - instructional video; educational microcontroller based system for construction of photoplethysmographs; implementing data acquisition system at laboratory exercises on introduction to electronics; singte chip data acquisition system with USB connectivity; use of e-learning technologies to develop competence in online communication; peer assessment in learning introductory programming course; computer and information literacy; the impact of ICT on economic growth of transition countries; the need for introduction of computer studies department in gymnasiums in republic of Serbia; 3D modeling, vizualization and animation at power electrical engineering study programme; appliance of information and communication technology in Slovenian schools; methodological framework of learning financial modeling within excel spreadsheet interface; instructional objectives and implementation of the course ""game development and virtual environments""; adjustment of the informatics curriculum at the faculty of civil engineering to new trends; real-time learner modeling using gaze-tracking in distributed adaptive E-learning environments; system theories in educations; about IT curricula models - the topology and the applicatons; using educational portals and integration with LMS; new development of teaching concepts in multimedia learning for electrical power systems introducing sonification; computer methods and network support in machine mechanisms design; bridging the gap between school science and everyday experiences through comluterised experiments; teaching programming to secondary school students; digitalna zbirka ispitne literature na filozofskom fakultetu; primjer primjene sustava upravljanja balanced scorecard u organizacijama odgoja i obrazovanja; globalni ICT trendovi u svijetu; web kao mjesto suradnje nastavnika informatike; nove tendencije u razvoju hardvera i softvera; projekt primjene CAD alata u obrazovanju; analysis of blectronic commerce adoption in Serbia; the development of E-business in the enterprises of south eastern Europe; internet as distribution channel in e-tourism - trends and developments; developing egovernment - choice or necessity for the Balkan region; corporate web sites in Croatia; Internet business of the Croatian marinas; digital to intelligent local government transition framework; E - commerce i logistika maloprodajnog poduzeca.","","","Conference review","","Scopus"
"Franca C.; De Rocha A.A.A.; Velloso P.B.","Franca, Cinthya (57213507216); De Rocha, Antonio A.A. (57189027155); Velloso, Pedro B. (8837070000)","57213507216; 57189027155; 8837070000","On the structural properties of eBay's network","2016","2016 11th International Conference on Digital Information Management, ICDIM 2016","https://www.scopus.com/pages/publications/85014307549?origin=resultslist","Fluminense Federal University, Brazil; GTA/UFRJ, Brazil","Franca C., Fluminense Federal University, Brazil; De Rocha A.A.A., Fluminense Federal University, Brazil; Velloso P.B., GTA/UFRJ, Brazil","The OSN's (On-line Social Networks) have reached an incredible popularity in modern Internet. Those systems have been present in the daily lives of countless people helping them to share personal experiences, expectations and opinions. So high popularity has made of such networks complex systems. To understand the operation and phenomena that occur in such networks, there are metrics and models that capture aspects of their structures. The purpose of this work is to understand the complex reality of eBay e-commerce network, their connections and the dynamics of its users. Data were collected using a Web crawler developed in this work, and it resulted in a database of approximately 87 million transactions and 15 million different dealer users. From these data, the characterization was made estimating network metrics, like dealer users' degree distribution, that gave us key insights about the eBay negotiation network. We found that there are users who bought/sold for more than 100.000 different persons. We also found that a user A interacted over 4.000 times with another user B in just 3 months. Those and other interesting results, such as average distance and feedbacks ratings, were obtained, analyzed and discussed in this work. © 2016 IEEE.","","Information management; Web crawler; Average Distance; Complex reality; Daily lives; Degree distributions; Network metrics; On-line social networks; Personal experience; Complex networks","Conference paper","","Scopus"
"","","","4th World Conference on Information Systems for Business Management, ISBM 2025","2026","Lecture Notes in Networks and Systems","https://www.scopus.com/pages/publications/105028922228?origin=resultslist","","","The proceedings contain 472 papers. The special focus in this conference is on Information Systems for Business Management. The topics include: Adoption and User Experience of AI-Enabled Food Kiosks in Quick Service Restaurants: Insights from College Students; AI-Driven Disease Surveillance and Outbreak Response: A Transparent Informatics Framework for Resource-Limited Healthcare Systems; quality Assurance in Focus: Implementation of Quality Culture in a Pangasinan State University; the Evolution of Network Architecture: From Traditional Models to 5G, IoT, and Quantum Networking; Enhancing Tax Compliance Among E-commerce MSMEs: The Impact of Digital Financial Technology and Tax Knowledge with Digital Trust as a Moderating Variable; environmental, Social and Governance Disclosure & Price Synchronicity: A Study of Australian Mining Companies; determinants of User Satisfaction in Digital Payment System Transactions: A Philippine Perspective; charting Crime: Opportunities and Challenges in the Age of Predictive Analytics; examining the Mediating Role of Self Efficacy and Student Engagement Between Student’s Digital Competence and Their Academic Performance; a Comparative Study of Machine Learning and Deep Learning Models for Technology Stock Price Prediction Using News Sentiment and Economic Indicators; grass Quality Analysis with Unsupervised Gabor-K-Means++ and Advanced Gabor Denoising Techniques; CNN-Powered Emotion Detection from Audio Recordings; AMPERE: A Hierarchical Multi-Agent Deep Reinforcement Learning and Evolutionary Algorithm Framework for Optimising Smart Grid Electricity Distribution; integration of Information Technologies for Smart and Sustainable Management of Personal Protective Equipment Warehouses; fuzzy-Neural Hybrid Models for Early Detection of Neurodegenerative Disorders Using Multimodal Medical Data and Temporal Pattern Analysis; understanding the Drivers of Financial Literacy and Digital Investment Behaviour Among Generation Z.","","","Conference review","","Scopus"
"Saranya S.; Navin S.; Gugan I.; Ramya S.R.; Ramya V.; Rohith Pranav Bala C.K.","Saranya, S. (57225400932); Navin, S. (60557399800); Gugan, I. (58196917800); Ramya, S.R. (59318570400); Ramya, V. (60557602700); Rohith Pranav Bala, C.K. (60557399900)","57225400932; 60557399800; 58196917800; 59318570400; 60557602700; 60557399900","A Survey on the Evolution of Business Models From Web2 to Web3: Adoption and the Future of Digital Enterprises","2025","Proceedings ICECONF 2025 - 2025 2nd International Conference on Artificial Intelligence and Knowledge Discovery in Concurrent Engineering","https://www.scopus.com/pages/publications/105034742525?origin=resultslist","Dr N.G.P Institute of Technology, Tamil Nadu, Coimbatore, India; Dr.N.G.P Institute of technology, Department of Computer Science and Engineering, Tamil Nadu, Coimbatore, India","Saranya S., Dr N.G.P Institute of Technology, Tamil Nadu, Coimbatore, India; Navin S., Dr.N.G.P Institute of technology, Department of Computer Science and Engineering, Tamil Nadu, Coimbatore, India; Gugan I., Dr N.G.P Institute of Technology, Tamil Nadu, Coimbatore, India; Ramya S.R., Dr N.G.P Institute of Technology, Tamil Nadu, Coimbatore, India; Ramya V., Dr.N.G.P Institute of technology, Department of Computer Science and Engineering, Tamil Nadu, Coimbatore, India; Rohith Pranav Bala C.K., Dr.N.G.P Institute of technology, Department of Computer Science and Engineering, Tamil Nadu, Coimbatore, India","The paradigm shift is a transition to Web3 in the manner digital businesses are structured, operated and monetised. Web2 brought about the centralized platforms, scale of infrastructure and revenue through advertising, to e-commerce, social media, finance and entertainment industries. Nevertheless, due to such models, additional serious problems also arose, and these were exploitation of user information, user monopoly and bad ownership. Conversely, Web3 takes advantage of this characteristic of decentralization, blockchain trust, token economies and community-based governance to help to facilitate user sovereignty and open-value distribution. Although Web3 has all these benefits in terms of security, transparency and user-engagement, barriers to adoption have to do with scalability, usability and uncertainty in regulation. The paper will trace back the comparison between the Web2 and Web3 business model, how the business model has been applied in various industries and how the user interface design has contributed to creation of trust and compliance. In addition to that, it describes the possible approaches to transition to the realm of decentralized ecosystems and the solution to the question of sustainable and future-proof business models on the digital platform. © 2025 IEEE.","Blockchain; Business Models; Decentralization; Digital Enterprises; Digital Transformation; Platform Governance; Token Economy; User Ownership; Web2; Web3","Competition; Decentralized finance; Electronic commerce; Information systems; User interfaces; Block-chain; Business models; Decentralisation; Digital enterprise; Digital transformation; Platform governance; Token economy; User ownership; Web2; Web3; Blockchain","Conference paper","","Scopus"
"Wang H.; Amagata D.; Makeawa T.; Hara T.; Hao N.; Yonekawa K.; Kurokawa M.","Wang, Hanxin (57209221224); Amagata, Daichi (55811167300); Makeawa, Takuya (57371182300); Hara, Takahiro (7404213547); Hao, Niu (57207581845); Yonekawa, Kei (57202789346); Kurokawa, Mori (35185268100)","57209221224; 55811167300; 57371182300; 7404213547; 57207581845; 57202789346; 35185268100","A DNN-based cross-domain recommender system for alleviating cold-start problem in e-commerce","2020","IEEE Open Journal of the Industrial Electronics Society","https://www.scopus.com/pages/publications/85103542010?origin=resultslist","Osaka University, Suita, 565-0871, Japan; KDDI Research, Inc., Fujimino, 356-0003, Japan","Wang H., Osaka University, Suita, 565-0871, Japan; Amagata D., Osaka University, Suita, 565-0871, Japan; Makeawa T., Osaka University, Suita, 565-0871, Japan; Hara T., Osaka University, Suita, 565-0871, Japan; Hao N., KDDI Research, Inc., Fujimino, 356-0003, Japan; Yonekawa K., KDDI Research, Inc., Fujimino, 356-0003, Japan; Kurokawa M., KDDI Research, Inc., Fujimino, 356-0003, Japan","Many applications use recommender systems to predict user preferences, improve user experience, and increase the amount of sales. However, because of the cold-start problem, it is not easy to recommend items to new users accurately. Recommendation performance degrades in the case of users with little interaction, in particular latent users who have never used the service. To alleviate the cold-start problem, we develop a framework that combines an online shopping domain with information from an Ads platform. Our framework employs deep learning to build a cross-domain recommender system based on shared users in these two domains. This is the first attempt that models users based on shared users in online shopping and Ads domains for solving the user-cold start problem. We apply Word2Vec to turn textual information on users and items into latent vectors as their representations. The experimental results show the effectiveness of deep neural approaches with knowledge transferred from another domain for the cold-start problem. Textual information may contain useless information, and Word2Vec cannot capture some structural and semantic correlations between different users. Therefore, we propose R-metapath2Vec to enhance user modeling and use the Stacking model to integrate these two kinds of user representations. The experimental results demonstrate the effectiveness of our integration model: our framework can recommend products to users of another domain through Ads distribution in a more accurate level. © 2020 IEEE. All rights reserved.","Cross-domain recommender system; Deep neural networks; E-commerce; Heterogeneous information network","Deep learning; Deep neural networks; Electronic commerce; Semantics; User experience; Cold start problems; Integration models; Latent vectors; Online shopping; Recommendation performance; Stacking models; Textual information; User Modeling; Recommender systems","Article","All Open Access; Gold Open Access; Green Open Access","Scopus"
"Ahmed Z.A.; Qaed F.; Almurbati N.","Ahmed, Zainab Abdulhusain (57221960997); Qaed, Fatema (57193886049); Almurbati, Nehal (57216083153)","57221960997; 57193886049; 57216083153","Enhancing Museums' Sustainability through Digitalization","2020","2020 2nd International Sustainability and Resilience Conference: Technology and Innovation in Building Designs","https://www.scopus.com/pages/publications/85100751022?origin=resultslist","University of Bahrain, Isa Town, Bahrain","Ahmed Z.A., University of Bahrain, Isa Town, Bahrain; Qaed F., University of Bahrain, Isa Town, Bahrain; Almurbati N., University of Bahrain, Isa Town, Bahrain","Experts consider Museums as part business and society which should be capable of giving seamless experience to its customers and visitors. Museums have considerable social significance, as they play an important social and cultural role through wide audience exhibitions. To achieve its social and cultural value todays' museum must be sustainable to ensure continuous operations with as minimal impact and distribution as possible when being impacted by external factors hindering its business. This paper aims to shed light on the importance of enhancing museums' sustainability through digitalization and how digitalization can provide seamless user experience. This paper will achieve the aim through systemic analysis of successful projects published in current literature. The paper reviews latest technologies that are used by museums organizations to sustain their business in different circumstances focusing on the Corona pandemic time. The findings of this paper reveal that there is a need for more exploration about how digitalization can enhance museums' sustainability because although some museums have already deployed digital solutions for their visitors before Corona pandemic, the use of digital channels has vastly been increased by museums to sustain their business and services since early 2020. The future of this research aims to suggest practical design solutions to enhance museums' sustainability through digitalization. © 2020 IEEE.","Digital museums; museum sustainability","Architectural design; Engineering research; Exhibitions; Sustainable development; User experience; Business and societies; Continuous operation; Design solutions; Digital solutions; External factors; Latest technology; Seamless experience; Systemic analysis; Museums","Conference paper","","Scopus"
"Gustiana Sugosha K.; Andreswari R.; Hardiyanti M.","Gustiana Sugosha, Komang (57435445000); Andreswari, Rachmadita (57205063400); Hardiyanti, Margareta (57280788000)","57435445000; 57205063400; 57280788000","Design and Implementation of User Interface and User Experience in Online Sales Applications at Sugosha Pharmacy with User Centered Design Method","2021","2021 International Conference on Advanced Computer Science and Information Systems, ICACSIS 2021","https://www.scopus.com/pages/publications/85123858232?origin=resultslist","Telkom University, S1 Information Systems Study Program, Faculty of Industrial Engineering, Bandung, Indonesia","Gustiana Sugosha K., Telkom University, S1 Information Systems Study Program, Faculty of Industrial Engineering, Bandung, Indonesia; Andreswari R., Telkom University, S1 Information Systems Study Program, Faculty of Industrial Engineering, Bandung, Indonesia; Hardiyanti M., Telkom University, S1 Information Systems Study Program, Faculty of Industrial Engineering, Bandung, Indonesia","The health sector, such as pharmacies, is currently growing in line with technological developments from year to year. The existence of online drug distribution proves the development of the health sector, especially pharmacies. Circular Letter Number HK.02.01/MENKES/303/2020 to prevent the spread of COVID-19 from supporting online drug distribution, increase sales and prevent the spread of COVID-19, of course, needs to be done in all pharmacies, including Sugosha Pharmacy, which currently does not have a drug sales application. Based on these problems, Sugosha Pharmacy requires an online sales application, namely an e-commerce website. User interface and user experience are needed to design an e-commerce website to look attractive and easy to use. To design and implement the design, user-centred design is used. User-centered design is an iterative design process that requires designers to focus on users and their needs at every phase of the design process. This research produces the user interface and user experience of the Sugosha Pharmacy e-commerce website for sellers and buyers and a front-end for the Sugosha Pharmacy e-commerce website for sellers. System Usability Scale used to test the user interface design and user experience of the Sugosha Pharmacy e-commerce website. The Usability Scale system results in the seller's part design being used well and the buyer's part design being used very well. Then for the front-end of the e-commerce website, black box testing is carried out, producing features that run according to the design. © 2021 IEEE.","E-Commerce; pharmacies; User Centered Design; User Experience; User Interface","Black-box testing; Electronic commerce; Iterative methods; Sales; User interfaces; Web Design; Design and implementations; Design-process; Drug distribution; E-commerce websites; Front end; Online sales; Part design; Pharmacy; User centered design methods; Users' experiences; User centered design","Conference paper","","Scopus"
"Puspitarini A.D.; Sarno R.; Septivanto A.F.; Haryono A.T.; Aulia D.; Sunaryono D.","Puspitarini, Annisa Dwi (59748677000); Sarno, Riyanarto (53264815700); Septivanto, Abdullah Faqih (59748367000); Haryono, Agus Tri (57686903800); Aulia, Dava (57252810100); Sunaryono, Dwi (56165925000)","59748677000; 53264815700; 59748367000; 57686903800; 57252810100; 56165925000","Distilled Bidirectional Encoder Representations from Transformers for Multi-Class Multi-Label Sentiment Analysis in Product Review","2024","2024 Beyond Technology Summit on Informatics International Conference, BTS-I2C 2024","https://www.scopus.com/pages/publications/105003136479?origin=resultslist","Institut Teknologi Sepuluh Nopember, Department of Informatics, Surabaya, Indonesia","Puspitarini A.D., Institut Teknologi Sepuluh Nopember, Department of Informatics, Surabaya, Indonesia; Sarno R., Institut Teknologi Sepuluh Nopember, Department of Informatics, Surabaya, Indonesia; Septivanto A.F., Institut Teknologi Sepuluh Nopember, Department of Informatics, Surabaya, Indonesia; Haryono A.T., Institut Teknologi Sepuluh Nopember, Department of Informatics, Surabaya, Indonesia; Aulia D., Institut Teknologi Sepuluh Nopember, Department of Informatics, Surabaya, Indonesia; Sunaryono D., Institut Teknologi Sepuluh Nopember, Department of Informatics, Surabaya, Indonesia","The rapid growth of e-commerce has revolutionized how consumers shop and share feedback, turning product reviews into a valuable source of authentic customer sentiment. This research focuses on analyzing these reviews for sentiment across multiple product aspects, specifically addressing the complex multi-class, multi-label sentiment analysis of laptop reviews. This study rigorously evaluated a range of transformer model's Bidirectional Encoder Representations from Transformers (BERT), Robustly Optimized BERT Pretraining Approach (RoBERTa), Distilled BERT (DistilBERT), and A Lite BERT (ALBERT) to determine the most effective model for capturing nuanced sentiment in multiple categories. The DistilBERT emerged as the top performer, achieving a notable accuracy of 95.27%, precision of 90.76%, recall of 95.27%, and Fl-score of 92.96%, highlighting its potential for detailed sentiment analysis. This study not only underscores the value of advanced transformers in understanding diverse sentiment nuances but also contributes insights into handling multi-class, multi-label challenges in sentiment classification. © 2024 IEEE.","multi-class; multi-label; product review; sentiment analysis; transformer model","Labels; E- commerces; Multi-class; Multi-labels; Multiple products; Product aspects; Product reviews; Rapid growth; Research focus; Sentiment analysis; Transformer modeling; Distribution transformers","Conference paper","","Scopus"
"Wang H.; Hara T.; Amagata D.; Niu H.; Kurokawa M.; Maekawa T.; Yonekawa K.","Wang, Hanxin (57209221224); Hara, Takahiro (7404213547); Amagata, Daichi (55811167300); Niu, Hao (57207581845); Kurokawa, Mori (35185268100); Maekawa, Takuya (7203089461); Yonekawa, Kei (57202789346)","57209221224; 7404213547; 55811167300; 57207581845; 35185268100; 7203089461; 57202789346","Preliminary investigation of alleviating user cold-start problem in e-commerce with deep cross-domain recommender system","2019","The Web Conference 2019 - Companion of the World Wide Web Conference, WWW 2019","https://www.scopus.com/pages/publications/85066895070?origin=resultslist","Osaka University, Suita, Osaka, Japan; KDDI Research, Inc, Chiyoda-ku, Tokyo, Japan","Wang H., Osaka University, Suita, Osaka, Japan; Hara T., Osaka University, Suita, Osaka, Japan; Amagata D., Osaka University, Suita, Osaka, Japan; Niu H., KDDI Research, Inc, Chiyoda-ku, Tokyo, Japan; Kurokawa M., KDDI Research, Inc, Chiyoda-ku, Tokyo, Japan; Maekawa T., Osaka University, Suita, Osaka, Japan; Yonekawa K., KDDI Research, Inc, Chiyoda-ku, Tokyo, Japan","Many current applications use recommender systems to predict user preferences, aiming at improving user experience and increasing the amount of sales and the usage time that users spent on the application. However, it is not an easy task to recommend items to new users accurately because of the user cold-start problem, which means that recommendation performance will degrade on users with little interaction, particularly for latent users who have never used the service before. In this work, we combine an online shopping domain with information from an ad platform, and then apply deep learning to build a cross-domain recommender system based on shared users of these two domains, to alleviate the user cold-start problem. Experimental results show the effectiveness of our deep cross-domain recommender system on handling user cold-start problem. By our framework, it is possible to recommend products to users of other domain through ad distribution in a more accurate level, and to increase sales amount of online shopping. � 2019 IW3C2 (International World Wide Web Conference Committee), published under Creative Commons CC-BY-NC-ND 4.0 License.","Cross-domain Recommendation; Deep Learning; E-commerce; Implicit Feedback; Recommender Systems","Deep learning; Electronic commerce; User interfaces; World Wide Web; Cold start problems; Creative Commons; Cross-domain; Cross-domain recommendations; Implicit feedback; Online shopping; Recommendation performance; User experience; Recommender systems","Conference paper","All Open Access; Gold Open Access","Scopus"
"Chen J.; Xu J.; Jiang G.; Ge T.; Zhang Z.; Lian D.; Zheng K.","Chen, Jin (57217315824); Xu, Ju (59884114400); Jiang, Gangwei (57222379819); Ge, Tiezheng (55924154700); Zhang, Zhiqiang (57208728947); Lian, Defu (54403324000); Zheng, Kai (36609714100)","57217315824; 59884114400; 57222379819; 55924154700; 57208728947; 54403324000; 36609714100","Automated creative optimization for E-commerce advertising","2021","The Web Conference 2021 - Proceedings of the World Wide Web Conference, WWW 2021","https://www.scopus.com/pages/publications/85107992919?origin=resultslist","University of Electronic Science and Technology of China, China; Alibaba Group, China; University of Science and Technology of China, China","Chen J., University of Electronic Science and Technology of China, China; Xu J., Alibaba Group, China; Jiang G., University of Science and Technology of China, China; Ge T., Alibaba Group, China; Zhang Z., Alibaba Group, China; Lian D., University of Science and Technology of China, China; Zheng K., University of Electronic Science and Technology of China, China","Advertising creatives are ubiquitous in E-commerce advertisements and aesthetic creatives may improve the click-through rate (CTR) of the products. Nowadays smart advertisement platforms provide the function of compositing creatives based on source materials provided by advertisers. Since a great number of creatives can be generated, it is difficult to accurately predict their CTR given a limited amount of feedback. Factorization machine (FM), which models inner product interaction between features, can be applied for the CTR prediction of creatives. However, interactions between creative elements may be more complex than the inner product, and the FM-estimated CTR may be of high variance due to limited feedback. To address these two issues, we propose an Automated Creative Optimization (AutoCO) framework to model complex interaction between creative elements and to balance between exploration and exploitation. Specifically, motivated by AutoML, we propose one-shot search algorithms for searching effective interaction functions between elements. We then develop stochastic variational inference to estimate the posterior distribution of parameters based on the reparameterization trick, and apply Thompson Sampling for efficiently exploring potentially better creatives. We evaluate the proposed method with both a synthetic dataset and two public datasets. The experimental results show our method can outperform competing baselines with respect to cumulative regret. The online A/B test shows our method leads to a 7% increase in CTR compared to the baseline.  Â© 2021 ACM.","Advertising Creatives; AutoML; Exploration and Exploitation; Thompson Sampling; Variational Bayesian","Electronic commerce; Stochastic systems; Advertizing; Advertizing creative; Automl; Clickthrough rates (CTR); Creatives; Exploration and exploitation; Factorization machines; Inner product; Thompson samplings; Variational bayesian; Marketing","Conference paper","All Open Access; Gold Open Access; Green Open Access","Scopus"
"Alamuri O.R.S.G.; Bondalapu C.K.","Alamuri, Om Ratna Sheshagiri Gupta (60371449200); Bondalapu, Chaitanya Krishna (60370758500)","60371449200; 60370758500","Predicting E-Commerce Purchase Intention Using Machine Learning","2026","ASEAN Journal of Scientific and Technological Reports","https://www.scopus.com/pages/publications/105029393271?origin=resultslist","Department of CSE, Koneru Lakshmaiah Education Foundation, AP, Vaddeswaram, India","Alamuri O.R.S.G., Department of CSE, Koneru Lakshmaiah Education Foundation, AP, Vaddeswaram, India; Bondalapu C.K., Department of CSE, Koneru Lakshmaiah Education Foundation, AP, Vaddeswaram, India","The fast-evolving digital commerce environment demands precise predictions of consumer buying intentions to develop personalized experiences and boost conversion rates and user satisfaction on e-commerce platforms. The field has extensively utilized traditional statistical models in conjunction with behavioral theories; however, these methods fail to adapt to high-dimensional, imbalanced session-level data. This learning proposes a machine learning-based approach to predict online purchase intention using the widely recognized Online Shoppers Intention dataset. The methodology involves a reproducible pipeline that integrates data preprocessing, the synthetic minority over-sampling technique (SMOTE) to address class imbalance, chi–square–based feature selection, and a comparative evaluation of multiple classification models. The pipeline was tested on a 70:30 train-test split using stratified sampling to maintain class distribution, and further validated through 10-fold cross-validation to enhance robustness. The Support Vector Classifier (SVC) was found to be the best model in terms of both ROC-AUC and F1 score, achieving an ROC-AUC of 0.886 and an F1 Score of 0.633, thereby efficiently discriminating between purchase and non-purchase sessions. We also explore Random Forest, Decision Tree, and Ridge Classifier models to support a more holistic understanding of performance across a variety of complexity and interpretability levels. Importantly, the research also uncovers important behavioral predictors, including product-page engagement and whether the visitor is a returning one, providing interpretable insights that are consistent with real-world e-commerce practices. These results suggest the potential for implementing machine learning models for real-time behavior forecasting in online retail contexts and show that a data-driven pipeline can add value to traditional behavioral modeling counterparts. © 2026, Thaksin University. All rights reserved.","chi-square test; Customer purchase intention; e-commerce analysis; ML pipeline; SMOTE","","Article","All Open Access; Gold Open Access","Scopus"
"Gao K.; Zhang H.; Wang W.","Gao, Kunlin (57216647351); Zhang, Haijun (57216646437); Wang, Wei (57218307512)","57216647351; 57216646437; 57218307512","Robot hand based on multifunctional tactile sensor for warehouse application","2020","Lecture Notes in Electrical Engineering","https://www.scopus.com/pages/publications/85084192417?origin=resultslist","College of Information and Electrical Engineering, Zhengzhou University of Light Industry, Henan, China","Gao K., College of Information and Electrical Engineering, Zhengzhou University of Light Industry, Henan, China; Zhang H., College of Information and Electrical Engineering, Zhengzhou University of Light Industry, Henan, China; Wang W., College of Information and Electrical Engineering, Zhengzhou University of Light Industry, Henan, China","With the rapid development of e-commerce, the smart warehouse and delivery industry is increasing dramatically. Robot hand is the important equipment in this industry and its key technology is to improve the stability and accuracy of the manipulator in the process of sorting and handling process by using tactile sensor. In this work, we have developed new sensing materials and fabrication process to produce flexible multifunctional tactile sensors by using printed electronic technology. They are light and durable, and can test the pressure distribution and bending changes accurately during the grasping process. We have installed several sensors on the front and back of the robot hand, and designed a testing feedback system. It can monitor the dynamic process of grabbing in real time and send it to the control system, greatly improving grasping and object identification performance. It can be integrated with the artificial intelligence algorithms to provide intelligent sorting and handling process for smart warehouse application. © Springer Nature Singapore Pte Ltd. 2020.","Printed electronic technology; Robot hand; Smart warehouse; Tactile sensor","Robotic arms; Visual communication; Warehouses; Artificial intelligence algorithms; Fabrication process; Feedback systems; Key technologies; Multifunctional tactile sensors; Object identification; Printed electronics; Warehouse applications; Manipulators","Conference paper","","Scopus"
"Boppana V.; Pilli S.; Shaik A.; Thatavarthi P.; Yeddu M.","Boppana, Venugopal (57210350675); Pilli, Snigdha (60411034500); Shaik, Aktarunnisa (60411056000); Thatavarthi, Purnima (60411094900); Yeddu, Mastan (60411135100)","57210350675; 60411034500; 60411056000; 60411094900; 60411135100","Enhancing sentiment analysis through integrated prompt engineering with large language models: A comparative evaluation of transformer-based and traditional machine learning approaches","2026","Artificial Intelligence, Computational Intelligence, and Inclusive Technologies: Proceedings of International Conference on Artificial Intelligence, Computational Intelligence, and Inclusive Technologies (ICRAIC2IT – 2025)","https://www.scopus.com/pages/publications/105030787061?origin=resultslist","Department of Computer Science and Engineering, NRI Institute of Technology, Agiripalli, Andhra Pradesh, Vijayawada, India; Department of Computer Science and Engineering, NRI Institute of Technology, Agiripalli, Andhra Pradesh, Vijayawada, India","Boppana V., Department of Computer Science and Engineering, NRI Institute of Technology, Agiripalli, Andhra Pradesh, Vijayawada, India; Pilli S., Department of Computer Science and Engineering, NRI Institute of Technology, Agiripalli, Andhra Pradesh, Vijayawada, India; Shaik A., Department of Computer Science and Engineering, NRI Institute of Technology, Agiripalli, Andhra Pradesh, Vijayawada, India; Thatavarthi P., Department of Computer Science and Engineering, NRI Institute of Technology, Agiripalli, Andhra Pradesh, Vijayawada, India; Yeddu M., Department of Computer Science and Engineering, NRI Institute of Technology, Agiripalli, Andhra Pradesh, Vijayawada, India","To address the limitations in traditional sentiment classification systems, an advanced sentiment analysis framework has been proposed by combining the approaches of machine learning, natural language processing and transformer-based models. Analysis of 1,000 synthetic reviews across product, movie, and restaurant domains, along with sentiments categorized as positive, negative, and neutral, using distilbert-base-uncased model. Thus a dedicated Prompt Engineering module generates domain-oriented prompts for improving analytical accuracy and contextual understanding. Use TF-IDF vectorization on text features for preprocessing the dataset, including sentiment polarity and numerical rating as other metrics. This framework assesses various machine learning algorithms including Support Vector Machine (SVM), Random Forest, XGBoost, and LightGBM based on accuracy and F1-score as measure of evaluation. Visualizing Results – Comparison of models performances, producing domain wise distribution of sentiments and a confusion matrix to certify truthful classification. A visual estimation dashboard allows real-time access to sentiment metrics, distribution patterns, collaborative rating trends and prediction outputs. With DistilBERT, the system achieved 94.5% accuracy, representing a considerable improvement over traditional models. The modular model leverages, stacks complex data processing methods, advanced techniques for nlp, and optimized modeling strategies to provide a versatile sentiment analysis framework. We believethis can be very useful in practical applications like e-commerce websites, entertainment content rating, and user feedback analysis, enabling businesses to make more strategic decisions and improve the customer experience. © 2026 selection and editorial matter, K. V. Sambasivarao, and Anasuya Sesha Roopa Devi Bhima; individual chapters, the contributors. All rights reserved.","Large language model; Machine learning; Prompt engineering; Sentiment analysis","Classification (of information); Computational linguistics; Data handling; Electronic commerce; Learning algorithms; Learning systems; Support vector machines; Analysis frameworks; Classification system; Comparative evaluations; Language model; Large language model; Machine learning approaches; Machine-learning; Prompt engineering; Sentiment analysis; Sentiment classification; Sentiment analysis","Book chapter","","Scopus"
"Tavasoli M.; Lee E.; Mousavi Y.; Pasandi H.B.; Fekih A.","Tavasoli, Mahsa (57191978553); Lee, Euihark (57484678600); Mousavi, Yashar (56194505300); Pasandi, Hannaneh Barahouei (57208134364); Fekih, Afef (8988846100)","57191978553; 57484678600; 56194505300; 57208134364; 8988846100","WIPE: A Novel Web-Based Intelligent Packaging Evaluation via Machine Learning and Association Mining","2024","IEEE Access","https://www.scopus.com/pages/publications/85188003271?origin=resultslist","North Carolina Agricultural and Technical University, School of Applied Science and Technology, Greensboro, 27411, NC, United States; Michigan State University, School of Packaging, East Lansing, 48823, MI, United States; Glasgow Caledonian University, School of Computing, Engineering and Built Environment, Department of Applied Science, Glasgow, G4 0BA, United Kingdom; University of California, Berkeley, Eecs Department, Berkeley, 94720, CA, United States; University of Louisiana at Lafayette, Department of Electrical and Computer Engineering, Lafayette, 70504, LA, United States","Tavasoli M., North Carolina Agricultural and Technical University, School of Applied Science and Technology, Greensboro, 27411, NC, United States; Lee E., Michigan State University, School of Packaging, East Lansing, 48823, MI, United States; Mousavi Y., Glasgow Caledonian University, School of Computing, Engineering and Built Environment, Department of Applied Science, Glasgow, G4 0BA, United Kingdom; Pasandi H.B., University of California, Berkeley, Eecs Department, Berkeley, 94720, CA, United States; Fekih A., University of Louisiana at Lafayette, Department of Electrical and Computer Engineering, Lafayette, 70504, LA, United States","This paper introduces the Web-Based Intelligent Packaging Evaluation (WIPE) platform, a novel approach to assess the performance of product and packaging systems within the e-commerce distribution sector. Unlike traditional methods that primarily rely on laboratory evaluations under controlled conditions, WIPE addresses the unique challenges posed by e-commerce distribution, such as increased handling points and unforeseen hazards that standard physical tests may not capture. Leveraging advanced machine learning algorithms and association rule mining, WIPE extracts insights about packaging defects directly from customer reviews on e-commerce platforms. Analyzing both images and text from these reviews establishes connections between frequently used words and the predicted damages, causes, and effects. This innovative approach was exemplified in two case studies involving laundry detergent liquid bottles and pods sold on the Amazon. The findings from these studies demonstrate WIPE's capability to extract pertinent information from customer feedback and identify specific packaging defects and predict their potential causes. This integration of sentiment analysis and association rule mining into the packaging evaluation process marks a significant advancement in the field. The introduction of WIPE represents a transformative step in packaging evaluation, offering a more dynamic, real-world analysis that can significantly enhance product and packaging design, ultimately leading to improved customer satisfaction in the rapidly evolving e-commerce landscape. © 2013 IEEE.","association rule mining; damage prediction; E-commerce distribution; machine learning algorithms; online purchasing platforms; Packaging evaluation; sentiment analysis","Artificial intelligence; Association rules; Bioinformatics; Customer satisfaction; Data mining; Defects; E-learning; Finite element method; Learning algorithms; Learning systems; Packaging; Product design; Sales; Sentiment analysis; Websites; Biological system modeling; Damage prediction; E-commerce distribution; Finite element analyse; Machine learning algorithms; Online purchasing; Online purchasing platform; Packaging evaluation; Sentiment analysis; Electronic commerce","Article","All Open Access; Gold Open Access; Green Open Access","Scopus"
"Huang J.; Wang X.","Huang, Jieqiong (57547137800); Wang, Xiaozhi (9244810400)","57547137800; 9244810400","User Experience Evaluation of B2C E-Commerce Websites Based on Fuzzy Information","2022","Wireless Communications and Mobile Computing","https://www.scopus.com/pages/publications/85133142762?origin=resultslist","Department of Management Engineering, Hebei Petroleum University of Technology, Chengde, Hebei, 067000, China","Huang J., Department of Management Engineering, Hebei Petroleum University of Technology, Chengde, Hebei, 067000, China; Wang X., Department of Management Engineering, Hebei Petroleum University of Technology, Chengde, Hebei, 067000, China","With the popularization of personal computers and the development of the Internet, the number of netizens is increasing. The emerging B2C e-commerce platform shows the fierce competition in the e-commerce market. B2C e-commerce distribution is faced with the problems of high distribution cost, long time, and poor quality, which leads to the poor user experience of B2C online shopping and the lack of trust in e-commerce enterprises. This research mainly discusses the user experience evaluation of B2C e-commerce websites based on fuzzy information. First, the AHP analytic hierarchy process is used to construct a hierarchical evaluation system, and then, the two-by-two judgment matrix is compared to the index factors at all levels, and experts are invited to score the method to determine the weight of each index to test whether it meets the consistency requirements. Finally, the fuzzy comprehensive evaluation method is used to perform fuzzy conversion of the original weight, and the membership degree set of the user experience evaluation factors is given, and the fuzzy comprehensive calculation result of the B2C website performance level is calculated. By combining in-depth interviews with website users and questionnaire surveys to analyze the behavioral characteristics of user information navigation, summarize the demand list for product search, product selection, product comparison, and product detail page browsing, and provide a reference for the design and development of information navigation. Calculating the decision model, mainly using fuzzy calculation, calculate the foreground value under each attribute and get the comprehensive foreground value. By comparing with the decision-making behavior model constructed by expected utility theory, it is found that the behavioral decision-making model constructed in this paper based on prospect theory can be closer to the actual situation. In this study, the satisfaction with the function provided reached 68 points, the emotional response 66 points, the aesthetic response 70 points, and the information construction 64 points. Through empirical research, the key factors affecting user satisfaction of B2C e-commerce logistics distribution are summarized, and a B2C e-commerce logistics distribution evaluation system based on user experience is established. This research will provide methods and ideas for the research on user experience design of e-commerce websites and the research and development of related network products. The article helps to draw out the countermeasures and suggestions for the development of the current B2C e-commerce logistics distribution. © 2022 Jieqiong Huang and Xiaozhi Wang.","","Behavioral research; Decision making; Decision theory; Electronic commerce; Fuzzy set theory; Product design; Surveys; Web Design; B2C e-commerce; Commerce platforms; Distribution costs; E-commerce websites; Fuzzy information; Logistic distributions; Netizen; User experience evaluations; Users' experiences; Personal computers","Article","All Open Access; Hybrid Gold Open Access","Scopus"
"Ailawadi K.L.; Farris P.W.","Ailawadi, Kusum L. (6603152290); Farris, Paul W. (7004493933)","6603152290; 7004493933","Getting Multi-Channel Distribution Right","2020","Getting Multi-Channel Distribution Right","https://www.scopus.com/pages/publications/85097387515?origin=resultslist","Tuck School of Business, Dartmouth College, United States; Harvard Business School, United States","Ailawadi K.L., Tuck School of Business, Dartmouth College, United States; Farris P.W., Harvard Business School, United States","Getting Multi-Channel Distribution Right provides a comprehensive treatment of modern distribution strategy that is analytically solid, clearly written, and relevant for managers as well as MBA and executive MBA students, and the professors who train them. It covers concepts, metrics, tools, and strategic frameworks for managing distribution in physical and digital channels. Focusing on the challenges of managing multiple channels of distribution in an evolving marketplace-rather than the process of designing a distribution channel from scratch-it leans more heavily on metrics and tools and incorporates perspectives from academic research, as well as in-depth case studies from marketing and general management practice. Introduces an organizing framework of pull and push marketing for how suppliers work together with their channel partners. Integrates across physical and digital, independent and company-owned, routes to market. Maps the functions of traditional and newer intermediaries in the channel ecosystem and identifies the root causes of conflict between them. Provides tools and frameworks for how much distribution coverage is required and where. Shows how product line, pricing, trade promotions, and other channel incentives can help to coordinate multiple channels and manage conflict. Illustrates how push and pull metrics can be combined into valuable dashboards for identifying positive feedback opportunities and sustaining the channel partnership. With the help of Getting Multi-Channel Distribution Right you'll discover how to successfully develop, execute, and adapt distribution strategy to the evolving marketplace. © 2020 by John Wiley & Sons, Inc. All rights reserved.","","","Book","","Scopus"
"Gao D.; Chen S.; Yang Z.; Yang L.; Gao H.; Wu M.; Yu S.; Xuan Q.; Zhang W.; Yang L.; Cai X.","Gao, Dehong (59637851200); Chen, Shufan (60080524900); Yang, Zhiming (59313334900); Yang, Luwei (57216647954); Gao, Haining (59313310600); Wu, Muyang (60079991900); Yu, Shanqing (59457400300); Xuan, Qi (12766572500); Zhang, Wenxiao (60079850400); Yang, Libin (57198986816); Cai, Xiaoyan (55368428400)","59637851200; 60080524900; 59313334900; 57216647954; 59313310600; 60079991900; 59457400300; 12766572500; 60079850400; 57198986816; 55368428400","MLoRA+: Transformer-fusion mixture-of-LoRA network for multi-domain click-through rate prediction","2026","Expert Systems with Applications","https://www.scopus.com/pages/publications/105014756242?origin=resultslist","School of Cybersecurity, Northwestern Polytechnical University, Xi'an, China; Zhejiang Geely Holding Group Co Ltd, Hangzhou, China; Alibaba Group, Hangzhou, China; School of Marine Science and Technology, Northwestern Polytechnical University, Xi'an, China; Zhejiang University of Technology, Hangzhou, China; Binjiang Institute of Artificial Intelligence, ZJUT, Hangzhou, China","Gao D., School of Cybersecurity, Northwestern Polytechnical University, Xi'an, China; Chen S., School of Cybersecurity, Northwestern Polytechnical University, Xi'an, China; Yang Z., School of Cybersecurity, Northwestern Polytechnical University, Xi'an, China; Yang L., Zhejiang Geely Holding Group Co Ltd, Hangzhou, China; Gao H., Alibaba Group, Hangzhou, China; Wu M., School of Marine Science and Technology, Northwestern Polytechnical University, Xi'an, China; Yu S., Zhejiang University of Technology, Hangzhou, China, Binjiang Institute of Artificial Intelligence, ZJUT, Hangzhou, China; Xuan Q., Zhejiang University of Technology, Hangzhou, China, Binjiang Institute of Artificial Intelligence, ZJUT, Hangzhou, China; Zhang W., School of Cybersecurity, Northwestern Polytechnical University, Xi'an, China; Yang L., School of Cybersecurity, Northwestern Polytechnical University, Xi'an, China; Cai X., School of Cybersecurity, Northwestern Polytechnical University, Xi'an, China","Click-through rate prediction is pivotal in areas such as e-commerce, social media, and streaming media, directly impacting user experience and platform revenue. In multi-domain recommendation settings, traditional CTR models struggle with issues like data sparsity, disparate data distributions, and neglect of inter-domain correlation. Conventional approaches often employ domain-specific modules for each domain, but this strategy significantly increases parameters and fails to address inter-domain dependencies, leading to suboptimal training outcomes. We propose MLoRA+, a model-agnostic, multi-domain CTR framework that introduces a LoRA module for each domain to better address inter-domain correlations while maintaining parameter efficiency. To capture inter-domain correlations, MLoRA+ incorporates a self-attention mechanism, enabling the model to weigh domain-specific embeddings based on the contribution of each domain. The softmax function further calibrates these contributions, allowing for adaptive, domain-sensitive learning. This combined approach enables MLoRA+ to effectively leverage inter-domain correlations and achieve substantial improvements in prediction accuracy across diverse multi-domain datasets. Experimental evaluations on three benchmark datasets (Taobao-10, Amazon-6, Movielens-gen) demonstrate that MLoRA+ achieves average WAUC improvements of 0.95 %, 1.23 %, and 0.20 % over baseline models. MLoRA+ outperforms traditional methods and state-of-the-art baselines, demonstrating strong adaptability, computational efficiency, and relevance to complex real-world recommendation systems. © 2025 Elsevier Ltd","Click-through rate; Low-rank adaptation; Multi-domain recommendation","Arts computing; Benchmarking; Forecasting; Media streaming; Recommender systems; User experience; Clickthrough rates (CTR); Domain specific; E- commerces; Inter-domain; Low-rank adaptation; Multi-domain recommendation; Multi-domains; Rate predictions; Social media; Streaming medium; Computational efficiency","Article","","Scopus"
"Liu H.-M.; Meng J.-Q.; Huang C.-M.","Liu, Hua-Mei (59932308800); Meng, Jun-Qi (59931400200); Huang, Chee-Meng (59932308900)","59932308800; 59931400200; 59932308900","Personalized Recommendation Model for Cross-border E-commerce Incorporating Social Network Contexts","2025","Journal of Network Intelligence","https://www.scopus.com/pages/publications/105007456751?origin=resultslist","Hubei Vocational College of Bio-Technology, Hubei, 430070, China; Shenzhen Polytechnic University, Shenzhen, 518050, China; Yala Rajabhat University, 200 Moo 6, Krongpinang District, Yala, 95000, Thailand","Liu H.-M., Hubei Vocational College of Bio-Technology, Hubei, 430070, China; Meng J.-Q., Shenzhen Polytechnic University, Shenzhen, 518050, China; Huang C.-M., Yala Rajabhat University, 200 Moo 6, Krongpinang District, Yala, 95000, Thailand","Current cross-border e-commerce platforms mainly pay attention to mine potential needs and preferences from users’ behavioral data, but there is no differentiation study of user interest representation for the diversity of commodity categories in social networks, which affects user satisfaction. Intending to the above issues, this article designs a cross-border e-commerce personalized recommendation model that incorporates the social network context. First, the matrix factor decomposition technique is enhanced, and the regularization parameter is optimized to adjust the distribution of users’ ratings for various product categories in the social network. Second, the attention mechanism of Graph Attention Network (GAN) is utilized to aggregate the feature information of users and products to mine potential implicit social relationships, and the cosine similarity between users is calculated to obtain the top TOP-N implicit friendships. Then, the aggregated information of users is fed into the feed-forward neural network to cluster similar user groups, find the product categories that target users may be interested in, and form a diversified recommendation list. Finally, the two recommendation lists are integrated into matrix factorization for score prediction to meet the diversity and accuracy of product recommendation outcome. The experimental outcome indicate that compared with the comparison model, the suggested model has higher NDCG, HitRate, Recall, Topic coverage and Diversity, which proves the efficiency of the designed model. © 2025 ISSN.","Cross-border e-commerce; Graph attention network; Matrix factor decomposition; Personalized recommendation; Social network","Electronic money; Mobile commerce; Non-negative matrix factorization; Tweets; Cross-border; Cross-border e-commerce; E- commerces; Factor decompositions; Graph attention network; matrix; Matrix factor decomposition; Personalized recommendation; Social network; Social network contexts; Marketplaces","Article","","Scopus"
"Li Q.; Wang L.; Luo N.; Wang C.","Li, Qi (56348848900); Wang, Ligang (60618780000); Luo, Ningning (60205463100); Wang, Chen (57204915815)","56348848900; 60618780000; 60205463100; 57204915815","Dynamic database partitioning with multi-task graph attention and incremental updates","2026","Expert Systems with Applications","https://www.scopus.com/pages/publications/105038235167?origin=resultslist","Institute of Artificial Intelligence, Shaoxing University, Zhejiang, Shaoxing, 312000, China; School of Lu Xun Humanities, Shaoxing University, Zhejiang, Shaoxing, 312000, China; School of Computer Science, Chongqing University, Chongqing, 400044, China","Li Q., Institute of Artificial Intelligence, Shaoxing University, Zhejiang, Shaoxing, 312000, China; Wang L., Institute of Artificial Intelligence, Shaoxing University, Zhejiang, Shaoxing, 312000, China; Luo N., School of Lu Xun Humanities, Shaoxing University, Zhejiang, Shaoxing, 312000, China; Wang C., School of Computer Science, Chongqing University, Chongqing, 400044, China","With the rapid advancement of cloud computing and big data technologies, distributed database systems have become a critical infrastructure for processing massive data volumes. However, dynamic database partitioning still faces significant challenges in adapting to shifting data distributions and query patterns. Traditional methods relying on static models or single-objective optimization fail to handle dynamic workloads, especially long-tail queries. To address this, we propose MTGA (Multi-Task Graph Attention-driven Database Partitioning), a unified framework that integrates data update frequency (UF) and query complexity (QC) into a column-level graph model with dynamic edge weights and incremental updates. MTGA employs an importance sampling mechanism enhanced by online feedback to improve long-tail query evaluation, uses multi-task graph attention to jointly optimize throughput, latency, and load balancing, and enables real-time strategy adjustment through incremental graph updates. Experiments on TPC-H, TPC-C, JOB, and real-world banking/e-commerce workloads show that MTGA achieves 45.9% ∼ 62.7% higher throughput than DRL methods, reduces complex query latency by 14.3% ∼ 17.4% compared to Grep, and reduces average latency by 54.7% compared to manual DBA tuning. © 2026 Elsevier Ltd. All rights are reserved, including those for text and data mining, AI training, and similar technologies.","Database partition optimization; Graph neural network; Incremental optimization; Load-aware partitioning; Multi-task graph attention","Big data; Complex networks; Data handling; Data mining; Distributed computer systems; Distributed database systems; Graph neural networks; Graph theory; Query languages; Query processing; Database partition optimization; Database partitioning; Dynamic database; Graph neural networks; Incremental optimization; Load-aware partitioning; Multi tasks; Multi-task graph attention; Optimisations; Tasks graph; Importance sampling","Article","","Scopus"
"Li H.Y.; Danielczuk M.; Balakrishna A.; Satish V.; Goldberg K.","Li, Han Yu (57219594473); Danielczuk, Michael (57205426550); Balakrishna, Ashwin (57210794787); Satish, Vishal (57205444387); Goldberg, Ken (35453491100)","57219594473; 57205426550; 57210794787; 57205444387; 35453491100","Accelerating Grasp Exploration by Leveraging Learned Priors","2020","IEEE International Conference on Automation Science and Engineering","https://www.scopus.com/pages/publications/85094157908?origin=resultslist","Autolab, Uc Berkeley, United States","Li H.Y., Autolab, Uc Berkeley, United States; Danielczuk M., Autolab, Uc Berkeley, United States; Balakrishna A., Autolab, Uc Berkeley, United States; Satish V., Autolab, Uc Berkeley, United States; Goldberg K., Autolab, Uc Berkeley, United States","The ability of robots to grasp novel objects has industry applications in e-commerce order fulfillment and home service. Data-driven grasping policies have achieved success in learning general strategies for grasping arbitrary objects. However, these approaches can fail to grasp objects which have complex geometry or are significantly outside of the training distribution. We present a Thompson sampling algorithm that learns to grasp a given object with unknown geometry using online experience. The algorithm leverages learned priors from the Dexterity Network robot grasp planner to guide grasp exploration and provide probabilistic estimates of grasp success for each stable pose of the novel object. We find that seeding the policy with the Dex-Net prior allows it to more efficiently find robust grasps on these objects. Experiments suggest that the best learned policy attains an average total reward 64.5% higher than a greedy baseline and achieves within 5.7% of an oracle baseline when evaluated over 300, 000 training runs across a set of 3000 object poses. © 2020 IEEE.","","Service industry; User experience; Arbitrary objects; Complex geometries; Home services; Industry applications; Order fulfillment; Probabilistic estimates; Thompson samplings; Unknown geometry; Industrial robots","Conference paper","","Scopus"
"Kaushik A.; Bhati N.S.","Kaushik, Ayush (60107218900); Bhati, Nitesh Singh (57218441232)","60107218900; 57218441232","Sentiment Analysis of Amazon Product Reviews and Its Impact on Sales Performance: A Data- Driven Approach","2026","Lecture Notes in Networks and Systems","https://www.scopus.com/pages/publications/105028883101?origin=resultslist","Department of Computer Science and Engineering, Gautam Buddha University, Greater Noida, India","Kaushik A., Department of Computer Science and Engineering, Gautam Buddha University, Greater Noida, India; Bhati N.S., Department of Computer Science and Engineering, Gautam Buddha University, Greater Noida, India","The business outcomes in this era is significantly influenced by customer reviews, feedbacks and their behavior. The objective of current research is to evaluate the relationship between product sales and online sentiment using sentiment analysis along with machine learning techniques. The research performs NLP to classify and analyze trends in consumer feedback for amazon. The sentiment scores are evaluated using TextBlob. The sentiment distribution plots are used to visualize sentiment scores. The predictive power of review is evaluated using logistic regression along with other regression models. The product performance is found to be correlated with F-1 scores and high accuracy is attained for different regression models. The research findings have shown that with the monitoring of review sentiment the business can get significant competitive advantage and this facilitates to list products accordingly. The results emphasize the usage of sentiment analysis in developing of e- commerce businesses. © The Author(s), under exclusive license to Springer Nature Switzerland AG 2026.","Amazon Reviews; E-Commerce Analytics; Machine Learning; Sentiment Analysis; Text Classification","Classification (of information); Competition; Electronic commerce; Learning systems; Logistic regression; Machine learning; Sales; Amazon review; Data-driven approach; E-commerce analytic; Machine-learning; Product reviews; Regression modelling; Sales performance; Sentiment analysis; Sentiment scores; Text classification; Sentiment analysis","Conference paper","","Scopus"
"Bagri A.; Bhise P.; Padvi S.; Deshmukh S.","Bagri, Aakriti (59984999400); Bhise, Payal (59984550400); Padvi, Salvin (59984106900); Deshmukh, Sapana (59984776900)","59984999400; 59984550400; 59984106900; 59984776900","FARMFUSION AGRI PLATFORM: An Integrated ML-Driven Farmer-Consumer Marketplace with Optimized Product Discovery and Certificate Verification","2026","CCIC 2026 - Contemporary Computing Innovations Conference 2026","https://www.scopus.com/pages/publications/105038691113?origin=resultslist","JSPM'S Rajarshi Shahu College of Engineering, Department of Computer Engineering, Maharashtra, Pune, 411033, India","Bagri A., JSPM'S Rajarshi Shahu College of Engineering, Department of Computer Engineering, Maharashtra, Pune, 411033, India; Bhise P., JSPM'S Rajarshi Shahu College of Engineering, Department of Computer Engineering, Maharashtra, Pune, 411033, India; Padvi S., JSPM'S Rajarshi Shahu College of Engineering, Department of Computer Engineering, Maharashtra, Pune, 411033, India; Deshmukh S., JSPM'S Rajarshi Shahu College of Engineering, Department of Computer Engineering, Maharashtra, Pune, 411033, India","This document introduces an innovative and efficient digital solution for a web-based agricultural platform aimed at addressing key challenges like limited market access, middleman interference, and inefficient supply chains. It combines e-commerce, product marketing, and real-time interaction into a smooth experience for both farmers and consumers. Some notable features include an interactive map interface that allows customers to find local farmers and view available products, Artificial Intelligence and Machine Learning-driven recommendation systems to improve user experience, and a flexible selling model that accommodates both retail and wholesale quantities, regardless of weight. Focusing on user-friendly design principles, the system provides intuitive dashboards, secure login options, and a scalable backend architecture. This document details the conceptual framework, system workflow, and expected benefits of the platform, which seeks to enhance transparency, boost farmer profits, and give consumers direct access to fresh agricultural products through an innovative and efficient digital solution.  © 2026 IEEE.","AgriTech Marketplace; AI-Driven Personalization; Location-Based Mapping; ML recommendation; Real-Time Analytics","Agricultural machinery; Agricultural products; Artificial intelligence; Electronic commerce; Human computer interaction; Information systems; Learning systems; Product design; Supply chains; User experience; User interfaces; Agritech marketplace; AI-driven personalization; Digital solutions; Location based; Location-based mapping; Market access; ML recommendation; Personalizations; Real-time analytics; Web based; Sales","Conference paper","","Scopus"
"Pedraza B.; Dera D.","Pedraza, Bryan (58547655800); Dera, Dimah (57188709807)","58547655800; 57188709807","Robust Active Simultaneous Localization and Mapping Based on Bayesian Actor-Critic Reinforcement Learning","2023","Proceedings - 2023 IEEE Conference on Artificial Intelligence, CAI 2023","https://www.scopus.com/pages/publications/85168705303?origin=resultslist","The University of Texas Rio Grande Valley, Department of Electrical and Computer Engineering, United States","Pedraza B., The University of Texas Rio Grande Valley, Department of Electrical and Computer Engineering, United States; Dera D., The University of Texas Rio Grande Valley, Department of Electrical and Computer Engineering, United States","Autonomous mobile robots play vital roles in business, industry, manufacturing, e-commerce, and healthcare. Autonomous navigation and obstacle avoidance involve localizing a robot to actively explore and map an unknown environment autonomously without prior knowledge. Simultaneous localization and mapping (SLAM) present a severe challenge. This paper proposes a novel approach for robust navigation and robot action mapping based on Bayesian Actor-Critic (A2C) reinforcement learning. The principle of Actor-Critic combines policy-based and value-based learning by splitting the model into two: the policy model (Actor) computes the action based on the state, and the value model (Critic) tracks whether the agent is ahead or behind during the game. That feedback guides the training process, where both models participate in a game and optimize their output as time passes. We develop a Bayesian A2C model that generates robot actions and quantifies uncertainty on the actions toward robust exploration and collision-free navigation. We adopt the Bayesian inference and optimize the variational posterior distribution over the unknown model parameters using the evidence lower bound (ELBO) objective. The first-order Taylor series approximates the mean and covariance of the variational distribution passed through non-linear functions in the A2C model. The propagated covariance estimates the robot's action uncertainty at the output of the Actor-network. Experiments demonstrate the superior robustness of the proposed Bayesian A2C model exploring heavily noisy environments compared to deterministic homologs. The proposed framework can be applied to other fields of research (underwater robots, biomedical devices/robots, micro-robots, drones, etc.) where robustness and uncertainty quantification are critical.  © 2023 IEEE.","Actor-Critic (A2C); evidence lower bound (ELBO); Simultaneous localization and mapping (SLAM); uncertainty; variational inference (VI)","Air navigation; Bayesian networks; Collision avoidance; Inference engines; Intelligent robots; Learning systems; Mapping; Uncertainty analysis; Actor critic; Actor-critic (A2C); Bayesian; Evidence low bound; Low bound; Simultaneous localization and mapping; Uncertainty; Variational inference; Reinforcement learning","Conference paper","All Open Access; Green Open Access","Scopus"
"Chen Y.; Canny J.F.","Chen, Ye (36607691300); Canny, John F. (7005125209)","36607691300; 7005125209","Recommending ephemeral items at web scale","2011","SIGIR'11 - Proceedings of the 34th International ACM SIGIR Conference on Research and Development in Information Retrieval","https://www.scopus.com/pages/publications/80052104404?origin=resultslist","Microsoft Corporation, Mountain View, CA 94086, United States; University of California, Berkeley, Berkeley, CA 94720, United States","Chen Y., Microsoft Corporation, Mountain View, CA 94086, United States; Canny J.F., University of California, Berkeley, Berkeley, CA 94720, United States","We describe an innovative and scalable recommendation system successfully deployed at eBay. To build recommenders for long-tail marketplaces requires projection of volatile items into a persistent space of latent products. We first present a generative clustering model for collections of unstructured, heterogeneous, and ephemeral item data, under the assumption that items are generated from latent products. An item is represented as a vector of independently and distinctly distributed variables, while a latent product is characterized as a vector of probability distributions, respectively. The probability distributions are chosen as natural stochastic models for different types of data. The learning objective is to maximize the total intra-cluster coherence measured by the sum of log likelihoods of items under such a generative process. In the space of latent products, robust recommendations can then be derived using naïve Bayes for ranking, from historical transactional data. Item-based recommendations are achieved by inferring latent products from unseen items. In particular, we develop a probabilistic scoring function of recommended items, which takes into account item-product membership, product purchase probability, and the important auction-end-time factor. With the holistic probabilistic measure of a prospective item purchase, one can further maximize the expected revenue and the more subjective user satisfaction as well. We evaluated the latent product clustering and recommendation ranking models using real-world e-commerce data from eBay, in both forms of offline simulation and online A/B testing. In the recent production launch, our system yielded 3-5 folds improvement over the existing production system in click-through, purchase-through and gross merchandising value; thus now driving 100% related recommendation traffic with billions of items at eBay. We believe that this work provides a practical yet principled framework for recommendation in the domains with affluent user self-input data.","Bayesian methods; Clustering; Collaborative filtering; Evaluation; Generative models; Recommender systems","Bayesian networks; Collaborative filtering; Electronic commerce; Human computer interaction; Image retrieval; Recommender systems; Sales; Stochastic models; Stochastic systems; Bayesian methods; Clustering; Evaluation; Generative model; Generative process; Learning objectives; Off-line simulations; Probabilistic measures; Probability distributions","Conference paper","","Scopus"
"Akbar S.; Divya Sri N.; Sajida Sultana S.K.","Akbar, Syed (60504021300); Divya Sri, N. (60503234900); Sajida Sultana, S.K. (57216656617)","60504021300; 60503234900; 57216656617","Predicting User Satisfaction from Swiggy Reviews: A Machine Learning Approach","2025","4th International Conference on Automation, Computing and Renewable Systems, ICACRS 2025 - Proceedings","https://www.scopus.com/pages/publications/105032751860?origin=resultslist","Technology & Research, Department of Computer Science and Engineering Vignan's Foundation for Science, Vadlamudi, India","Akbar S., Technology & Research, Department of Computer Science and Engineering Vignan's Foundation for Science, Vadlamudi, India; Divya Sri N., Technology & Research, Department of Computer Science and Engineering Vignan's Foundation for Science, Vadlamudi, India; Sajida Sultana S.K., Technology & Research, Department of Computer Science and Engineering Vignan's Foundation for Science, Vadlamudi, India","The sector of food service in India has undergone a rapid transformation with the advent of online food delivery services, e.g., Swiggy and Zomato, where the consumer's choice is very much influenced by reviews, sentiments, influencers, and digital interactions. Prior research has identified various factors affecting platform performance post-pandemic, such as demand-supply dynamics, user satisfaction, pricing transparency, online payments, and changing views of ""local food.""This study extends these insights and performs a case analysis based on a vast Swiggy dataset comprising restaurant data, cuisines, ratings, pricing and city-wise distributions employing various machine learning algorithms like Random Forest, Decision Tree, Gradient Boosting, Linear Regression, and SVR. The findings indicate that ratings are mainly determined by cuisine diversity and city location, while moderate R2 values imply that other factors, such as taste authenticity, service quality, and ambience, also play a role in the rating process. PCA detects independent major components, and permutation-based feature importance reaffirms that city and cuisine are the most influential predictors. The paper presents a solid case that customer behaviour, culture, restaurant diversity, and the company's recommendation system work together to form a significant part of Swiggy's digital ecosystem, delivering crucial insights for the purveyors, techies, and marketers to tune their approaches, increase the customer satisfaction level, and further develop accurate predictive models for the food delivery sector. © 2025 IEEE.","e-commerce; service quality; Swiggy; Zomato","Behavioral research; Costs; Customer satisfaction; Decision trees; Learning systems; Machine learning; Quality of service; Random forests; Delivery service; E- commerces; Food delivery; Foodservices; Machine learning approaches; Rapid transformations; Service Quality; Swiggy; Users' satisfactions; Zomato; Electronic commerce","Conference paper","","Scopus"
"Essinger S.D.; Huber D.; Tang D.T.","Essinger, Steven D. (57195611168); Huber, Dave (60639174900); Tang, Daniel T. (60639032200)","57195611168; 60639174900; 60639032200","AIR: Personalized Product Recommender System for Nike’s Digital Transformation","2021","RecSys 2021 - 15th ACM Conference on Recommender Systems","https://www.scopus.com/pages/publications/105039277119?origin=resultslist","Nike, Inc., Consumer Data Science, United States","Essinger S.D., Nike, Inc., Consumer Data Science, United States; Huber D., Nike, Inc., Consumer Data Science, United States; Tang D.T., Nike, Inc., Consumer Data Science, United States","Advances in machine learning, data engineering and cloud computing over the past decade have led to the proliferation of industry-based applications harnessing this power. Traditional non-digital first companies have realized the tremendous value data-driven approaches can bring to their organizations, often resulting in process, organizational and technical restructure to leverage these capabilities en masse, commonly referred to as digital transformation [1]. Nike, founded in 1972, is a fortune 100 American multinational corporation and is the world’s largest supplier and manufacturer of athletic shoes, apparel and sports equipment [2]. Traditionally employing a wholesale and brick-and-mortar sales model, Nike has been transforming itself towards a digital-first e-commerce business model with on-platform sales expected to accelerate beyond 50% in the next few years [3]. Our goal is to unify all personalized recommendations across Nike.com, Nike App and SNKRS, globally. This enables Nike to anticipate and respond to a holistic picture of the consumer throughout their journey and with a multi-stakeholder perspective. We strive to provide the right product at the right moment for consumers while simultaneously considering their historical cross-experience context and the current demands of the business. It enables us to respect consumer privacy preferences consistently. It also provides numerous tactical benefits including tracking attributions, providing consistent deployment and monitoring patterns, and mitigating the potential for models to languish due to bespoke integrations. Our modeling philosophy is based on a virtuous cycle. We invest our development time and resources in a core model, we conduct an online test against each new or existing placement, we sunset the prior model (if exists), and continually maintain our model and iterate. As we proliferate our model, more data can be captured which enables us to provide a stronger model for all experiences we are powering. The more we win and demonstrate incremental lift in key business metrics, the more support we get from the business to increase our footprint and capabilities. The first core model we shipped, dubbed ALSNN, cascades an implicit-based matrix factorization model using alternating least squares (ALS) into a neural network (NN) with a modified cost function [Figure 1]. We constructed a data matrix for ALS that blends signals such as historical views and purchases to implicitly capture user-product affinity. This collaborative filtering approach is popular in e-commerce applications where explicit data is unavailable [4, 5]. The neural network on top of ALS enables us to augment the user embedding features with side information such as user demographics, product information and collective intelligence. We use a softmax output layer that considers the entire product catalog in this multiclass classification setting [6]. We further enhanced ALSNN’s performance on KPI metrics by introducing a price weighted cross entropy loss function, which penalizes prediction errors in proportion to the price of the product [7]. ALSNN was designed as an open loop model, meaning that it does not learn directly from the impressions generated by the model due to data capture integration limitations. Instead, ALSNN uses a long-term lookback window over a wide variety of touchpoints to predict the purchase, regardless of the consumer journey. Every day, ALSNN ranks the Nike product catalog for each member based on the probability of their next purchase. Items are selected from this list and may pass through additional contextual filtering and business logic before being presented to the user. For example, we may decide to filter on attributes such as product taxonomy to produce themed product carousels. Thus, a user could be presented with basketball themed recommendations in one part of the Nike app and skateboarding in another, while still using a single core model to drive all recommendations [Figure 2]. ALSNN has been A/B tested against more that 15 experiences in Nike app and Nike.com globally. Often these experiences were previously powered by various collaborative filtering models or non-personalized approaches. ALSNN has won nearly all A/B tests with respect to key KPIs such as revenue-per-viewer and has generated millions of dollars in incremental revenue, while simultaneously reducing tech debt and boosting reliability. © 2021 Copyright held by the owner/author(s).","Alternating Least Squares; Implicit Feedback Matrix Factorization; Mixture of Experts","Costs; Data privacy; Electronic commerce; Learning systems; Machine learning; Matrix algebra; Matrix factorization; Metadata; Recommender systems; Sales; Shoe manufacture; Sporting goods; Sports; User interfaces; Alternating least squares; Core model; Digital transformation; Feedback matrices; Implicit feedback; Implicit feedback matrix factorization; Matrix factorizations; Mixture of experts; Neural-networks; Product catalogs; Cost functions","Conference paper","","Scopus"
"Ishak S.N.H.; Zakaria I.N.","Ishak, Siti Nurul Hayatie (57203860125); Zakaria, Intan Nazurah (57212017590)","57203860125; 57212017590","Implemented the principles of user interface design in electronic ordering system","2019","International Journal of Advanced Trends in Computer Science and Engineering","https://www.scopus.com/pages/publications/85075753577?origin=resultslist","Universiti Teknologi MARA, Faculty of Computer and Mathematical Sciences, Malaysia","Ishak S.N.H., Universiti Teknologi MARA, Faculty of Computer and Mathematical Sciences, Malaysia; Zakaria I.N., Universiti Teknologi MARA, Faculty of Computer and Mathematical Sciences, Malaysia","Practically, the organization needs to ensure the flow of activities from acquiring raw materials, to the production until distribution to the customer are well managed and cost effective. All information available throughout the activity needs to be stored in an efficient way. However, managing the information related activity can be challenging for many small medium enterprises (SMEs) who rely on paper-based method. Despite of lacking in term of manpower to handle the business related activity, the company also faces difficulty to manage their daily orders, calculate their profits and to generate sales report. This subsequently gives difficulty to the manager to measure the company performance and to assist in making quick decisions to manage company production. Thus, an electronic ordering system (EOS) is developed to collect, store, modify and retrieve data transactions to improve the ordering process for the company by providing technological solution that can help the organization to improve the ordering process. This system is developed by implementing the principle of user interface model emphasizes on learnability and robustness and embedded adapted waterfall model as a system development methodology. Last but not least, the system has been tested for its functionality and usability with several experts and thirty potential users. As a result, the construct for learnability of the users towards the system get the highest mean by 4.60 with standard deviation (SD) is 0.50. Conclusively, implementing the principles user interface design can assist users to learn the system more easily and achieve maximum performance by using the system. © 2019, World Academy of Research in Science and Engineering. All rights reserved.","Learnability; Ordering System; Principles of User Interface Design; Robustness; Small Medium-sized Enterprises (SME)","","Article","All Open Access; Bronze Open Access","Scopus"
"Llambiri D.; Totok A.; Karamcheti V.","Llambiri, Deni (6506825591); Totok, Alexander (6508338412); Karamcheti, Vijay (57204413120)","6506825591; 6508338412; 57204413120","Efficiently distributing component-based applications across wide-area environments","2003","Proceedings - International Conference on Distributed Computing Systems","https://www.scopus.com/pages/publications/0037629727?origin=resultslist","Department of Computer Science, Courant Institute of Math. Sciences, New York University, New York, NY, United States","Llambiri D., Department of Computer Science, Courant Institute of Math. Sciences, New York University, New York, NY, United States; Totok A., Department of Computer Science, Courant Institute of Math. Sciences, New York University, New York, NY, United States; Karamcheti V., Department of Computer Science, Courant Institute of Math. Sciences, New York University, New York, NY, United States","Distributed deployment of network applications in wide-area environments has proven effective for improving end-user experience. Another trend is the use of component frameworks for building network services. Their component-based nature makes such applications natural candidates for distributed deployment, but it is unclear if the design patterns underlying component frameworks also enable efficient service distribution. In this paper, we investigate the application design rules and accompanying system-level support essential to a beneficial and efficient service distribution process. Our study targets the widely used Java 2 Enterprise Edition (J2EE) component platform and Java Pet Store, a sample component-based e-commerce application. Our results present strong experimental evidence that component-based applications can be efficiently distributed in wide-area environments using a small set of generally-applicable design rules for orchestrating interactions and managing component state. We additionally discuss enforcement of these rules, and their automated implementation by container frameworks.","","Computer simulation; Electronic commerce; HTTP; Java programming language; Middleware; Online systems; Optimization; Response time (computer systems); Servers; Telecommunication services; Web browsers; Wide area networks; Application-level design patterns; Component-based applications; Java Pet Store; Software Package Java 2 Enterprise Edition; Distributed computer systems","Conference paper","","Scopus"
"Liu Z.; Zhang X.; Guo T.; Ge J.; Zhou X.; Wang Y.; Chen J.; Lv H.; Lin J.","Liu, Zongzhen (56023032600); Zhang, Xiaodan (55934236200); Guo, Tao (57194836721); Ge, Jingguo (55435938000); Zhou, Xi (57204475830); Wang, Yuhang (57003002400); Chen, Jiadi (57209329415); Lv, Honglei (57189641177); Lin, Junyu (56129700400)","56023032600; 55934236200; 57194836721; 55435938000; 57204475830; 57003002400; 57209329415; 57189641177; 56129700400","Trust Evaluation of News Recommendation Algorithms; [新闻推荐算法可信评价研究]","2021","Journal of Cyber Security","https://www.scopus.com/pages/publications/85118308736?origin=resultslist","School of Cyber Security, University of Chinese Academy of Science, Beijing, 100049, China; Institute of Information Engineering, Chinese Academy of Science, Beijing, 100093, China","Liu Z., School of Cyber Security, University of Chinese Academy of Science, Beijing, 100049, China, Institute of Information Engineering, Chinese Academy of Science, Beijing, 100093, China; Zhang X., School of Cyber Security, University of Chinese Academy of Science, Beijing, 100049, China, Institute of Information Engineering, Chinese Academy of Science, Beijing, 100093, China; Guo T., School of Cyber Security, University of Chinese Academy of Science, Beijing, 100049, China, Institute of Information Engineering, Chinese Academy of Science, Beijing, 100093, China; Ge J., School of Cyber Security, University of Chinese Academy of Science, Beijing, 100049, China, Institute of Information Engineering, Chinese Academy of Science, Beijing, 100093, China; Zhou X., Institute of Information Engineering, Chinese Academy of Science, Beijing, 100093, China; Wang Y., School of Cyber Security, University of Chinese Academy of Science, Beijing, 100049, China, Institute of Information Engineering, Chinese Academy of Science, Beijing, 100093, China; Chen J., Institute of Information Engineering, Chinese Academy of Science, Beijing, 100093, China; Lv H., School of Cyber Security, University of Chinese Academy of Science, Beijing, 100049, China, Institute of Information Engineering, Chinese Academy of Science, Beijing, 100093, China; Lin J., Institute of Information Engineering, Chinese Academy of Science, Beijing, 100093, China","With the rapid development of new technologies such as AI, 5G, and AR/VR, the applications on content, such as e-commerce, social networks, and short videos et al. have emerged one after another, leading the increasingly serious problem of information overload. The development of artificial intelligence technology has promoted the explosive appli-cation of intelligent algorithms. As a kind of intelligent algorithm, driven by big data, application scenarios and computing capability, recommendation algorithms provide the users with personalized and high-quality recommendation services that adapt to their interests and behaviors, which has not only gradually improved the user experience and the efficiency of content distribution, but also alleviated the problem of information overload to a certain extent. However, the potential biases, black-box characteristics and the content distribution methods of recommendation algorithms have gradually brought security challenges such as unfairness and inexplicability on the decision-making results, information cocoon and the infringement of user privacy et al. How to improve the interpretability, fairness, and trust of recommendation algo-rithms has been paid more and more attention from the regulatory agencies of governments, industries and academia at home and abroad. Therefore, the recommendation systems and recommendation algorithms enter the regulatory period from the development period. To this end, in the news field, by analyzing the key elements of the recommendation algo-rithm, such as manuscript portraits, user portraits, recommendation, feedback and interventions, and manual reviews, focusing on the participants of the recommendation algorithm ecology, such as the content producers, the audiences, the algorithm models and the news platform, this study proposes a trust evaluation system for the news recommendation algorithms based on fairness, interpretability and anti-denying. At last, we carry out the qualitative or quantitative analysis. Fairness, interpretability, and anti-denying are positively correlated. When the fairness and anti-denying are stronger and the interpretability is higher, the trust of the news recommendation algorithm is higher. It is expected to fill the research gaps in the study of the trust of news recommendation algorithms, establish a trust recommendation algorithm ecology, accelerate the establishment and promotion of secure recommendation systems, provide a reference for research on the trust of intelligent algorithms, and provide better ideas for the supervision and governance of smart algorithms. © 2021, China Science Publishing & Media LTD. All right reserved.","Anti-denying; Fairness; Interpretability; News; Recommendation algorithm; Trust evaluation system","","Article","","Scopus"
"Wang Y.; Sachurengui S.; Zhang D.; Aziguli Wulamu; Bao H.","Wang, Yingshuai (57211896917); Sachurengui, Sachurengui (58674368200); Zhang, Dezheng (24538189800); Aziguli Wulamu (58674455000); Bao, Hashen (58674455100)","57211896917; 58674368200; 24538189800; 58674455000; 58674455100","A Factor Marginal Effect Analysis Approach and Its Application in E-Commerce Search System","2023","International Journal of Intelligent Systems","https://www.scopus.com/pages/publications/85175403616?origin=resultslist","School of Computer and Communication Engineering, University of Science and Technology Beijing, Beijing, 100083, China; Beijing Key Laboratory of Knowledge Engineering for Materials Science, University of Science and Technology Beijing, Beijing, 100083, China; School of Mongolian Medicine, Teaching and Research Section of Mongolian Medicine History and Philology, Inner Mongolia Medical University, Hohhot, 010100, China","Wang Y., School of Computer and Communication Engineering, University of Science and Technology Beijing, Beijing, 100083, China, Beijing Key Laboratory of Knowledge Engineering for Materials Science, University of Science and Technology Beijing, Beijing, 100083, China; Sachurengui S., School of Mongolian Medicine, Teaching and Research Section of Mongolian Medicine History and Philology, Inner Mongolia Medical University, Hohhot, 010100, China; Zhang D., School of Computer and Communication Engineering, University of Science and Technology Beijing, Beijing, 100083, China, Beijing Key Laboratory of Knowledge Engineering for Materials Science, University of Science and Technology Beijing, Beijing, 100083, China; Aziguli Wulamu, School of Computer and Communication Engineering, University of Science and Technology Beijing, Beijing, 100083, China, Beijing Key Laboratory of Knowledge Engineering for Materials Science, University of Science and Technology Beijing, Beijing, 100083, China; Bao H., School of Mongolian Medicine, Teaching and Research Section of Mongolian Medicine History and Philology, Inner Mongolia Medical University, Hohhot, 010100, China","Feature explanation plays an increasingly essential role in the e-commerce search platform. Most of the existing studies focus on modeling the user's interests to estimate the click-through rate (CTR). A good e-commerce system not only needs precise ranking to inspire users' shopping desire but also needs feature explanation to meet the demands of shop owners. The e-commerce traffic health of merchants is very important. How to effectively achieve shop owners' multiple goals still remains as an open problem. In industrial search systems, merchants' key demands mainly include two aspects. On the one hand, merchants want to know rule analysis of online traffic distribution, so as to help them understand the logistics of online traffic. On the other hand, they need relevant online traffic participation tools, which instruct them to participate. To address these issues, we propose a factor marginal effect analysis approach (FMEA) based on game theory, which can compute the contribution of one-dimensional features to the enhancement of online traffic. First, we use machine learning to model the business target. Then, we improve the SHAP value algorithm, which can provide clear business insights. Finally, we calculate the marginal effect of each feature on the business outcome. In this way, we provide a traffic analysis guidance method and address merchants' participation challenges. In fact, the FMEA has been deployed in a real-world Large-Internet-Company's App search systems and successfully serves online e-commerce service to over hundreds of millions of consumers. Our approach can guide operational decisions effectively and bring +10.05% revenue for the flow index, +7.54% for the user feedback index, and +2.46% for the service index.  © 2023 Yingshuai Wang et al.","","Electronic commerce; Factor analysis; Online systems; Safety devices; Analysis approach; Clickthrough rates (CTR); E- commerces; Effects analysis; ITS applications; Marginal effects; On-line traffic; Search system; Shop owners; Users' interests; Game theory","Article","All Open Access; Hybrid Gold Open Access","Scopus"
"Xia Y.; Zhang T.; Bi L.; Wu C.","Xia, Yu (57193534941); Zhang, Tingting (57250782300); Bi, Lingling (60344349100); Wu, Chuanliang (57844411100)","57193534941; 57250782300; 60344349100; 57844411100","Joint decision-making on product quality and sales mode of e-commerce supply chain considering online reviews; [考虑在线评论的电商供应链商品质量与销售模式联合决策]","2026","Journal of Industrial Engineering and Engineering Management","https://www.scopus.com/pages/publications/105028195329?origin=resultslist","School of Management and Economics, University of Electronic Science and Technology of China, Chengdu, 611731, China; School of Business, Shanghai University of Finance and Economics, Shanghai, 200433, China","Xia Y., School of Management and Economics, University of Electronic Science and Technology of China, Chengdu, 611731, China; Zhang T., School of Business, Shanghai University of Finance and Economics, Shanghai, 200433, China; Bi L., School of Business, Shanghai University of Finance and Economics, Shanghai, 200433, China; Wu C., School of Business, Shanghai University of Finance and Economics, Shanghai, 200433, China","Online reviews serve as a crucial nexus between products, e-sellers, consumers, and platforms in e-commerce. These third-party evaluations help mitigate consumers′ information asymmetry about product quality significantly affect their purchase decisions. Thus, online reviews also have significant impacts on firms′ operational behaviors, usually predicated on product quality and consumer behavior. On the one hand, for e-commerce platforms, selling format decisions are critical. There exist two common selling formats: a wholesale model and an agency model. In the wholesale model, the e-seller transfers products to the platform at a certain wholesale price, and the platform resells the products to consumers. In the agency model, e-sellers sell products directly to consumers through the platform and pay service fees to the platform. In practice, different e-commerce platforms adopt different online review systems and selling formats. For example, Taobao, who adopts the agency model, divides the online reviews into good, medium and bad reviews in the online review system, while Vip. com, who adopts the wholesale model, and Tmall, who also adopts the agency model, use “star” to evaluate products, which blurs the concept of good and bad reviews. On the other hand, for e-sellers, product quality is a key aspect of consideration when consumers purchasing a product. In brick-and-mortar stores, consumers can experience products and identify product quality immediately. However, it is difficult for them to obtain the accurate quality information when shopping online, hurting the trust between e-sellers and consumers. Consequently, it′s reasonable to ponder whether online reviews truly enhance the quality of products on e-commerce platforms and if so, what mechanism drives this impact. Moreover, one might also wonder about the effect of online reviews on the sales model decisions of e-commerce platforms. To answer these questions, this study examines an e-commerce supply chain composed of one e-commerce platform and two e-sellers. Both e-sellers market their products through the platform, the two products are partially substitutable. We consider two sales models: a wholesale model and an agency model and further assume two types of consumers exist: loyal consumers, who consistently buy products produced by a particular e-seller, and general consumers, who choose between two products according to their own utility, considering both the quality and fit attributes of the products. We use the Hotelling model to describe the fit attributes of products and assume that e-sellers determine the product quality attributes. Enhancing product quality incurs a cost to the e-sellers. To encapsulate the characteristics of online reviews, we further assume that consumers lack precise information about product quality and fit. However, they can access this information through online reviews and infer product attributes based on these signals. We derive the products′ demand function from the consumers′ utility function and derive the profit functions of e-sellers and the e-commerce platform. These functions serve as the basis for our dynamic game model between the platform and the two e-sellers. The first step of the game involves the e-sellers setting their product quality. The second step involves setting the wholesale price (wholesale model) or profit margin (agency model) of the products according to the sales model. In the final step, the product price is set by either the platform (wholesale model) or the e-sellers (agency model), depending on the sales model. We obtain a closed-form equilibrium solution for the game using backward induction. Based on the equilibrium solutions, we compare the equilibria of different models and use a comparative static analysis to examine the impact of online reviews on the quality, price, and sales model of the e-commerce supply chain. The results show that online reviews intensify the quality competition among e-sellers, compelling them to improve product quality and increase consumer demand. However, if the competition between e-sellers is too fierce, the increased consumer demand cannot compensate for the loss incurred by e-sellers in their quest to improve quality. Hence, online reviews may undermine the efficiency of the e-commerce supply chain. Furthermore, online reviews can alter e-sellers′ preferences for sales models, which subsequently affects their choice of platforms. This study provides novel managerial insights. E-commerce platforms need to design their commenting systems in alignment with their strategic positioning. For platforms focusing on product quality, enhancing the information quality of the comment system is necessary. Conversely, if the platform′s strategy emphasizes cost-effectiveness, reducing the information quality of the comment system may be the optimal decision. For e-sellers, if the cost of improving product quality is relatively low, they need not necessarily enhance the information quality of online reviews. © 2026 Zhejiang University. All rights reserved.","Agency mode; Fake reviews; Game theory; Wholesale mode","","Article","","Scopus"
"Gärtner M.; Seidel I.; Froschauer J.; Berger H.","Gärtner, Markus (36883106900); Seidel, Ingo (24328866000); Froschauer, Josef (57193852883); Berger, Helmut (22733354700)","36883106900; 24328866000; 57193852883; 22733354700","The formation of virtual organizations by means of electronic institutions in a 3D e-Tourism environment","2010","Information Sciences","https://www.scopus.com/pages/publications/77953651347?origin=resultslist","Matrixware Information Services GmbH, A-1040 Vienna, Operngasse 20b, Austria","Gärtner M., Matrixware Information Services GmbH, A-1040 Vienna, Operngasse 20b, Austria; Seidel I., Matrixware Information Services GmbH, A-1040 Vienna, Operngasse 20b, Austria; Froschauer J., Matrixware Information Services GmbH, A-1040 Vienna, Operngasse 20b, Austria; Berger H., Matrixware Information Services GmbH, A-1040 Vienna, Operngasse 20b, Austria","In this article we showcase an agent-mediated B2C and B2B e-Marketplace. This e-Marketplace is part of the social and immersive 3D e-Tourism environment ""Itchy Feet"". We give an overview of the framework that forms the basis of the e-Marketplace and show how it is used to create B2C-, B2B- and Virtual Organizations that are visualized in a 3D Virtual World. This interface provides users with an intuitive and easy way to interact with humans and software agents by means of a 3D Virtual World. The business logic is realized by autonomous software agents offering services to customers. The e-Marketplace is regulated by Electronic Institutions to ensure that all participants adhere to the rules of the market. The article is concluded with a detailed discussion on bridging the gaps between Multi-Agent Systems and 3D Virtual Worlds and the preliminary results of a conducted usability study of ""Itchy Feet"". © 2010 Elsevier Inc. All rights reserved.","3D virtual world; e-Commerce; e-Marketplace; e-Tourism; Electronic institutions; Multi-agent system; Virtual organizations","Autonomous agents; Electronic commerce; Intelligent agents; Interactive computer graphics; Multi agent systems; Societies and institutions; Three dimensional; E-Commerce; E-marketplaces; Electronic institutions; eTourism; Virtual organization; Virtual worlds; Virtual reality","Article","","Scopus"
"Huang X.; Liu X.","Huang, Xin (57203982361); Liu, Xiaojuan (57867043900)","57203982361; 57867043900","Incorporating a Topic Model into a Hypergraph Neural Network for Searching-Scenario Oriented Recommendations","2022","Applied Sciences (Switzerland)","https://www.scopus.com/pages/publications/85136974455?origin=resultslist","School of Government, Beijing Normal University, Beijing, 100875, China","Huang X., School of Government, Beijing Normal University, Beijing, 100875, China; Liu X., School of Government, Beijing Normal University, Beijing, 100875, China","The personalized recommendation system is a useful tool adopted by e-retailers to help consumers to find items in line with their preferences. Existing methods focus on learning user preferences from a user-item matrix or online reviews after purchasing, and they ignore the interactive features in the process of users’ learning about product information through search queries before they make a purchase. To this end, this study develops a topic augmented hypergraph neural network framework to predict the user’s purchase intention by connecting the latent topics embedded in a consumer’s online queries to their click, purchase, and online review behavior, which aims at mining the connection information existing in the interaction graph domain. Meanwhile, in order to reduce the influence of text noise words by fusing topic information, we integrate the topic distribution and convolutional embedding to better represent each user and item, which can make up for the lack of topic information in traditional convolutional neural networks. Extensive empirical evaluations on real-world datasets demonstrate that the proposed framework improves the novelty of recommendation items as well as accuracy. From a managerial perspective, recommending diversified and novel items to consumers may increase the users’ satisfaction, which is conducive to the sustainable development of e-commerce enterprises. © 2022 by the authors.","hypergraph neural network; online query sessions; personalized recommender system; topic model; user’s preference modeling","","Article","All Open Access; Gold Open Access; Green Open Access","Scopus"
"","","","Proceedings of the 11th International Conference on World Wide Web, WWW '02","2002","Proceedings of the 11th International Conference on World Wide Web, WWW '02","https://www.scopus.com/pages/publications/77953112429?origin=resultslist","","","The proceedings contain 72 papers. The topics discussed include: cooperative leases: scalable consistency maintenance in content distribution networks; an evaluation of TCP splice benefits in web proxy servers; clarifying the fundamentals of HTTP; multimedia meets computer graphics in SMIL2.0: a time model for the web; OCTOPUS: aggressive search of multi-modality data using multifaceted knowledge base; XL: an XML programming language for web service specification and composition; simulation, verification and automated composition of web services; semantic web support for the business-to-business e-commerce lifecycle; a probabilistic approach to automated bidding in alternative auctions; law-governed peer-to-peer auctions; accelerated focused crawling through online relevance feedback; fluid annotations through open hypermedia: using and extending emerging web standards; model checking cobweb protocols for verification of HTML frames behavior; and implementing physical hyperlinks using ubiquitous identifier resolution.","","","Conference review","","Scopus"
"Roszkowska E.; Filipowicz-Chomko M.","Roszkowska, Ewa (57192352399); Filipowicz-Chomko, Marzena (57933812000)","57192352399; 57933812000","Airline Ranking Using Social Feedback and Adapted Fuzzy Belief TOPSIS","2025","Entropy","https://www.scopus.com/pages/publications/105014242436?origin=resultslist","Faculty of Computer Science, Bialystok University of Technology, Wiejska 45A, Białystok, 15-351, Poland","Roszkowska E., Faculty of Computer Science, Bialystok University of Technology, Wiejska 45A, Białystok, 15-351, Poland; Filipowicz-Chomko M., Faculty of Computer Science, Bialystok University of Technology, Wiejska 45A, Białystok, 15-351, Poland","In the era of digital interconnectivity, user-generated reviews on platforms such as TripAdvisor have become a valuable source of social feedback, reflecting collective experiences and perceptions of airline services. However, aggregating such feedback presents several challenges: evaluations are typically expressed using linguistic ordinal scales, are subjective, often incomplete, and influenced by opinion dynamics within social networks. To effectively deal with these complexities and extract meaningful insights, this study proposes an information-driven decision-making framework that integrates Fuzzy Belief Structures with the TOPSIS method. To handle the uncertainty and imprecision of linguistic ratings, user opinions are modeled as fuzzy belief distributions over satisfaction levels. Rankings are then derived using TOPSIS by comparing each airline’s aggregated profile to ideal satisfaction benchmarks via a belief-based distance measure. This framework presents a novel solution for measuring synthetic satisfaction in complex social feedback systems, thereby contributing to the understanding of information flow, belief aggregation, and emergent order in digital opinion networks. The methodology is demonstrated using a real-world dataset of TripAdvisor airline reviews, providing a robust and interpretable benchmark for service quality. Moreover, this study applies Shannon entropy to classify and interpret the consistency of customer satisfaction ratings among Star Alliance airlines. The results confirm the stability of the Airline Satisfaction Index (ASI), with extremely high correlations among the five rankings generated using different fuzzy utility function models. The methodology reveals that airlines such as Singapore Airlines, ANA, EVA Air, and Air New Zealand consistently achieve high satisfaction scores across all fuzzy model configurations, highlighting their strong and stable performance regardless of model variation. These airlines also show both low entropy and high average scores, confirming their consistent excellence. © 2025 by the authors.","airlines ranking; e-commerce; entropy measure; fuzzy decision making; online consumer review; ordinal scale; synthetic measure; Tripadvisor","","Article","All Open Access; Gold Open Access; Green Open Access","Scopus"
"","","","2018 International Conference on Orange Technologies, ICOT 2018","2018","2018 International Conference on Orange Technologies, ICOT 2018","https://www.scopus.com/pages/publications/85172588904?origin=resultslist","","","The proceedings contain 48 papers. The topics discussed include: hyperspectral image classification based on convolutional neural networks with adaptive network structure; monitoring of electrical output power-based internet of things for micro-hydro power plant; parametric model for image blur kernel estimation; design and implementation of sentence similarity matching and multimedia feedback for intelligent pharmacy on zenbo robot; sentiment analysis about e-commerce from tweets using decision tree, K-nearest neighbor, and naive bayes; melanocyte detection and intercellular distribution analysis of melasma in harmonically generated microscopy images; identifying factors affecting smart city adoption using the unified theory of acceptance and use of technology (UTAUT) method; study of wireless sensor network application for dosimeter personal real time; and evaluation of consumer-grade SSD as a primary storage for small-scale desktop virtualization on VMware environment.","","","Conference review","","Scopus"
"Papaioannou E.; Assimakopoulos C.; Sarmaniotis C.; Georgiadis C.K.","Papaioannou, Eugenia (54179782600); Assimakopoulos, Costas (21833618300); Sarmaniotis, Christos (55369901400); Georgiadis, Christos K. (7003272364)","54179782600; 21833618300; 55369901400; 7003272364","Investigating customer satisfaction dimensions with service quality of online auctions: An empirical investigation of e-Bay","2013","Information Systems and e-Business Management","https://www.scopus.com/pages/publications/84876875674?origin=resultslist","Department of Applied Informatics, University of Macedonia, Thessaloniki, Greece; Department of Marketing, Alexander TEI of Thessaloniki, Thessaloniki, Greece","Papaioannou E., Department of Applied Informatics, University of Macedonia, Thessaloniki, Greece; Assimakopoulos C., Department of Marketing, Alexander TEI of Thessaloniki, Thessaloniki, Greece; Sarmaniotis C., Department of Marketing, Alexander TEI of Thessaloniki, Thessaloniki, Greece; Georgiadis C.K., Department of Applied Informatics, University of Macedonia, Thessaloniki, Greece","Over the recent years, C2C (consumer-to-consumer) electronic market has increased rapidly, and has become the most active segment of e-markets today. Despite the growth and popularity of online auctions and especially of e-Bay, which has been considered to be one of the most profitable e-commerce companies, the online auction environment is risky and transactions are complex due to the fact that buyer and seller do not know each other and they are not familiar. Although many studies have examined the impact of e-service quality on customer satisfaction in B2C (business-to-consumer) or B2B (business-to-business) commerce, the literature is insufficient in the case of C2C commerce. However, a number of authors have conducted research in C2C and particularly in e-Bay but in all of the cases, data source from e-Bay's feedback system was employed in order to investigate service quality issues. Nevertheless, in this study a field research was conducted in order to collect the necessary data and thus reducing possible bias. The purpose of this paper is to examine some determinants of satisfaction with service quality dimensions in the online auction environment. More specifically, this paper is examining the case of e-Bay, in order to have a better understanding of buyers' satisfaction in this risky environment. The paper's aim is accomplished through an empirical investigation of a sample of 2,099 buyers of e-Bay, examining buyers' expectation and perception levels towards service quality of e-Bay. Gap analysis was first employed in order to identify users' disconfirmation dimensions in the online auction market place. Some research hypotheses are formulated to find out whether these dimensions have a positive disconfirmation. In most of the cases a positive disconfirmation is tracked down. Secondly, factor analysis was utilized to identify broad determinants of e-Bay service quality. The pool of the initial items deduced to four factors. These factors are, to a degree, differentiated in the Greek environment from factors found in other studies. A second round of research hypotheses are formulated again to find out whether those factors are related to the users' disconfirmation dimensions. Finally, a new theoretical model is proposed based on the above mentioned hypotheses. © 2012 Springer-Verlag Berlin Heidelberg.","C2C; Customer's perception and expectation; e-Bay; e-Service quality; Gap analysis; Satisfaction","","Article","","Scopus"
"Singhal S.; Kumar R.; Singh V.","Singhal, Shubhanshi (57201122080); Kumar, Rakesh (57187034200); Singh, Vikram (57220825309)","57201122080; 57187034200; 57220825309","Interplay of LDA-EMD for Enhanced Product Recommendation Strategy","2026","Communications in Computer and Information Science","https://www.scopus.com/pages/publications/105029616900?origin=resultslist","Department of Computer Science and Engineering, Central University of Haryana, Mahendergarh, India; Department of Computer Engineering, National Institute of Technology Kurukshetra, Kurukshetra, India","Singhal S., Department of Computer Science and Engineering, Central University of Haryana, Mahendergarh, India; Kumar R., Department of Computer Science and Engineering, Central University of Haryana, Mahendergarh, India; Singh V., Department of Computer Engineering, National Institute of Technology Kurukshetra, Kurukshetra, India","In the modern era of personalization, recommender systems are expected to tailor item recommendations to meet user (U) preferences, helping them explore and discover relevant items (I). However, the complexity and subjectivity of user preferences pose challenges due to their inherent dynamics. To address this, user interactions and overlaps (U-U, U-I, and I-I), along with submitted feedback such as reviews and ratings, are leveraged to achieve a higher degree of personalization and other low-level tasks like product search, product rating, cold-start problems, and long-tail issues. Among these challenges, the long tail is a significant concern, as popular items (the “long tail”) are often overlooked, severely affecting overall diversity. In this paper, a hybrid recommendation strategy has been proposed by combining LDA and EMD techniques to address the long tail issue in recommendations primarily. In the first phase, LDA generates topic distributions, and EMD estimates similarity among these distributions, i.e., user preferences to item descriptions, to align recommendations with the user’s broader interests, not just exact matches. We empirically evaluate the efficacy of this LDA-EMD hybrid strategy, designed to assist customers in finding products that fulfil their personalization needs. The experimental evaluation was conducted on an Amazon e-commerce dataset comprising 1,466 products spanning 16 genres, with varying levels of aspect information. The improvement in recall for a set of 20 and 50 products is 0.1500 and 0.2500, respectively. Integrating LDA with EMD not only identifies direct matches but also discovers items that are similar in more complex ways, which were missed by previous models, resulting in improved recall. Additionally, other metrics, such as NDCG@20 and NDCG@50, demonstrate the superiority of the proposed strategy over baseline models. The empirical evaluation confirms the feasibility of integrating LDA and EMD to enhance recommendation accuracy and user satisfaction, thereby contributing to the advancement of personalized recommender system. © The Author(s), under exclusive license to Springer Nature Switzerland AG 2026.","Collaborative Filtering; Content-based Filtering; Deep Learning; Long Tail; Recommender System","Deep learning; Electronic commerce; Starting; User interfaces; Cold start problems; Content based filtering; Deep learning; Long tail; Personalizations; Product ratings; Product recommendation; Recommendation strategies; User interaction; User's preferences; Recommender systems","Conference paper","","Scopus"
"Roy S.; Roy U.; Sinha D.; Pal R.K.","Roy, Soumen (56499699300); Roy, Utpal (59660969500); Sinha, Devadatta (56463570700); Pal, Rajat Kumar (7201402133)","56499699300; 59660969500; 56463570700; 7201402133","Predicting Useful Information From Typing Patterns Using a Bootstrapped-Based Homogeneous Ensemble Approach","2023","Lecture Notes in Networks and Systems","https://www.scopus.com/pages/publications/85149621182?origin=resultslist","Department of Computer Science and Engineering, University of Calcutta, Acharya Prafulla Chandra Roy Siksha Prangan, JD-2, Sector - III, Saltlake City, Kolkata, 700106, India; Department of Computer System Sciences, VisvaBharati, Santiniketan, 731235, India","Roy S., Department of Computer Science and Engineering, University of Calcutta, Acharya Prafulla Chandra Roy Siksha Prangan, JD-2, Sector - III, Saltlake City, Kolkata, 700106, India; Roy U., Department of Computer System Sciences, VisvaBharati, Santiniketan, 731235, India; Sinha D., Department of Computer Science and Engineering, University of Calcutta, Acharya Prafulla Chandra Roy Siksha Prangan, JD-2, Sector - III, Saltlake City, Kolkata, 700106, India; Pal R.K., Department of Computer Science and Engineering, University of Calcutta, Acharya Prafulla Chandra Roy Siksha Prangan, JD-2, Sector - III, Saltlake City, Kolkata, 700106, India","Nowadays, the way a user connects with computing devices is being analysed with the goal of extracting useful information for some interesting applications beyond user authentication. It enables the development of next-generation intelligent human-computer interaction, auto-profiling, and soft biometrics. In this paper, a bootstrapped-based homogeneous ensemble model has been proposed without wasting rare samples in each bootstrapped training set to overcome the uneven distribution of classes (common in keystroke dynamics) for predicting users’ traits, fine motor skills, and cognitive deficiency automatically using the user’s daily typing habit. This model is lightweight, faster, and could be implemented in low-configured devices like smartphones. The proposed model has been verified with a more realistic evaluation and several shared and authentic keystroke dynamics (KD) datasets and achieved 93.21% of accuracy in predicting age group, 65.35% in identifying gender, 87.14% for handedness, 77.14% in the case of hand(s) used determination, 91.25% in predicting qualification, 74.44% in recognising typing skill, 58.45% in observing lie, 84.12% in the determination of Parkinson’s disease (PD), and 99.14% in predicting emotional stress (ES). The proposed model might be used for a wide range of more interesting applications, including automatic user profiling in social networking, age-restricted access control to protect kids from Internet threats, age- and gender-specific product recommendations in e-commerce, medical diagnostics at-home environment for better treatment and therapy management, soft biometric traits in improving biometric models, learner’s cognitive deficiency in effective online teaching and learning, cognitive deficiency marker in a competitive examination, unbiased online feedback collection, and online inquiry correctness measurement, to mention a few. © 2023, The Author(s), under exclusive license to Springer Nature Singapore Pte Ltd.","Bootstrapping; Ensemble classification; Keystroke dynamics; Traits recognition","Biometrics; Classification (of information); Diagnosis; Disease control; Dynamics; Forecasting; Human computer interaction; Information use; User profile; Bootstrapping; Computing devices; Ensemble approaches; Ensemble classification; Ensemble models; Keystroke dynamics; Soft biometrics; Training sets; Trait recognition; User authentication; Authentication","Conference paper","","Scopus"
"Yin H.; Chen H.; Sun X.; Wang H.; Wang Y.; Nguyen Q.V.H.","Yin, Hongzhi (55007318200); Chen, Hongxu (57213704736); Sun, Xiaoshuai (24278895900); Wang, Hao (36663130400); Wang, Yang (59120039200); Nguyen, Quoc Viet Hung (57190497691)","55007318200; 57213704736; 24278895900; 36663130400; 59120039200; 57190497691","SPTF: A scalable probabilistic tensor factorization model for semantic-aware behavior prediction","2017","Proceedings - IEEE International Conference on Data Mining, ICDM","https://www.scopus.com/pages/publications/85043998258?origin=resultslist","University of Queensland, School of Information Technology and Electrical Engineering, Australia; School of Computer Science and Technology, Harbin Institute of Technology, China; 360 Search Lab, Qihoo 360 Inc., China; School of Computer Science and Engineering, University of New South Wales, Australia; School of Information and Communication Technology, Griffith University, Australia","Yin H., University of Queensland, School of Information Technology and Electrical Engineering, Australia; Chen H., University of Queensland, School of Information Technology and Electrical Engineering, Australia; Sun X., School of Computer Science and Technology, Harbin Institute of Technology, China; Wang H., 360 Search Lab, Qihoo 360 Inc., China; Wang Y., School of Computer Science and Engineering, University of New South Wales, Australia; Nguyen Q.V.H., School of Information and Communication Technology, Griffith University, Australia","With the rapid rise of various e-commerce and social network platforms, users are generating large amounts of heterogeneous behavior data, such as purchasehistory, adding-to-favorite, adding-to-cart and click activities, and this kind of user behavior data is usually binary, only reflecting a user's action or inaction (i.e., implicit feedback data). Tensor factorization is a promising means of modeling heterogeneous user behaviors by distinguishing different behavior types. However, ambiguity arises in the interpretation of the unobserved user behavior records that mix both real negative examples and potential positive examples. Existing tensor factorization models either ignore unobserved examples or treat all of them as negative examples, leading to either poor prediction performance or huge computation cost. In addition, the distribution of positive examples w.r.t. behavior types is heavily skewed. Existing tensor factorization models would bias towards the type of behaviors with a large number of positive examples. In this paper, we propose a scalable probabilistic tensor factorization model (SPTF) for heterogeneous behavior data and develop a novel negative sampling technique to optimize SPTF by leveraging both observed and unobserved examples with much lower computational costs and higher modeling accuracy. To overcome the issue of the heavy skewness of the behavior data distribution, we propose a novel adaptive ranking-based positive sampling approach to speed up the model convergence and improve the prediction accuracy for sparse behavior types. Our proposed model optimization techniques enable SPTF to be scalable to large-scale behavior datasets. Extensive experiments have been conducted on a large-scale e-commerce dataset, and the experimental results show the superiority of our proposed SPTF model in terms of prediction accuracy and scalability. © 2017 IEEE.","","Commerce; Data mining; Electronic commerce; Factorization; Forecasting; Semantics; Tensors; Behavior prediction; Computational costs; Heterogeneous users; Model optimization; Prediction accuracy; Prediction performance; Sampling technique; Tensor factorization; Behavioral research","Conference paper","","Scopus"
"Liu C.; Chen T.; Pu Q.; Jin Y.","Liu, Changting (59963813000); Chen, Tao (55835388600); Pu, Qiang (59964255200); Jin, Ying (59962907200)","59963813000; 55835388600; 59964255200; 59962907200","Text Mining for Consumers’ Sentiment Tendency and Strategies for Promoting Cross-Border E-Commerce Marketing Using Consumers’ Online Review Data","2025","Journal of Theoretical and Applied Electronic Commerce Research ","https://www.scopus.com/pages/publications/105009134748?origin=resultslist","Business School, Ningbo University, Ningbo, 315211, China; Merchants’ Guild Economics and Cultural Intelligent Computing Laboratory, Ningbo University, Ningbo, 315211, China","Liu C., Business School, Ningbo University, Ningbo, 315211, China, Merchants’ Guild Economics and Cultural Intelligent Computing Laboratory, Ningbo University, Ningbo, 315211, China; Chen T., Business School, Ningbo University, Ningbo, 315211, China, Merchants’ Guild Economics and Cultural Intelligent Computing Laboratory, Ningbo University, Ningbo, 315211, China; Pu Q., Business School, Ningbo University, Ningbo, 315211, China; Jin Y., Business School, Ningbo University, Ningbo, 315211, China","With the rapid advancement of information technology and the increasing maturity of online shopping platforms, cross-border shopping has experienced rapid growth. Online consumer reviews, as an essential part of the online shopping process, have become a vital way for merchants to obtain user feedback and gain insights into market demands. The research employs Python tools (Jupyter Notebook 7.0.8) to analyze the 14,078 pieces of review text data from the top four best-selling products in a certain product category on a certain cross-border e-commerce platform. By applying social network analysis, constructing LDA (Latent Dirichlet Allocation) topic models, and establishing LSTM (Long Short-Term Memory) sentiment classification models, the topics and sentiment distribution of the review set are obtained, and the evolution trends of topics and sentiments are analyzed according to different periods. The research finds that in the overall review set, consumers’ focus is concentrated on five aspects: functional features, quality and cost-effectiveness, usage effectiveness, post-purchase support, and design and assembly. In terms of changes in review sentiments, the negative proportion of the topics of functional features and usage effects is still relatively high. Given the above, this study integrates the 4P and 4C theories to propose strategies for enhancing the marketing capabilities of cross-border e-commerce in the context of digital cross-border operations, providing theoretical and practical marketing insights for cross-border e-commerce enterprises. © 2025 by the authors.","cross-border e-commerce; LDA; LSTM; marketing strategy; online reviews","","Article","All Open Access; Gold Open Access; Green Open Access","Scopus"
"Xiang Y.; Yu H.; Gong Y.; Huo S.; Zhu M.","Xiang, Yafei (58908369200); Yu, Hanyi (58893889600); Gong, Yulu (58908677600); Huo, Shuning (58907912500); Zhu, Mengran (58908829300)","58908369200; 58893889600; 58908677600; 58907912500; 58908829300","Text Understanding and Generation Using Transformer Models for Intelligent E-Commerce Recommendations","2024","Proceedings of SPIE - The International Society for Optical Engineering","https://www.scopus.com/pages/publications/85207690518?origin=resultslist","Computer Science, Northeastern University, Boston, MA, United States; Computer Science, University of Southern California, Los Angeles, CA, United States; Computer & Information Technology, Northern Arizona University, Flagstaff, AZ, United States; Statistics, Virginia Tech, Blacksburg, VA, United States; Computer Engineering, Miami University, Oxford, OH, United States","Xiang Y., Computer Science, Northeastern University, Boston, MA, United States; Yu H., Computer Science, University of Southern California, Los Angeles, CA, United States; Gong Y., Computer & Information Technology, Northern Arizona University, Flagstaff, AZ, United States; Huo S., Statistics, Virginia Tech, Blacksburg, VA, United States; Zhu M., Computer Engineering, Miami University, Oxford, OH, United States","With the rapid development of artificial intelligence technology, Transformer structural pre-training model has become an important tool for large language model (LLM) tasks. In the field of e-commerce, these models are especially widely used, from text understanding to generating recommendation systems, which provide powerful technical support for improving user experience and optimizing service processes. This paper reviews the core application scenarios of Transformer pre-training model in e-commerce text understanding and recommendation generation, including but not limited to automatic generation of product descriptions, sentiment analysis of user comments, construction of personalized recommendation system and automated processing of customer service conversations. Ultimately, the paper points out that the application of Transformer structural pre-training models in e-commerce has not only driven technological innovation, but also brought substantial benefits to merchants and consumers, and looking forward, these models will continue to play a key role in e-commerce and beyond. © 2024 SPIE.","E-commerce intelligent recommendation; generation; Large language model; Text understanding; Transformer pre-training model","Distribution transformers; Recommender systems; E- commerces; E-commerce intelligent recommendation; Generation; Language model; Large language model; Pre-training; Text understanding; Training model; Transformer modeling; Transformer pre-training model; Marketplaces","Conference paper","","Scopus"
"Case C.","Case, Corey (57209408453)","57209408453","A fortune 14 company’s journey to delivering a modern e-commerce customer experience","2019","Journal of Brand Strategy","https://www.scopus.com/pages/publications/85067664419?origin=resultslist","Customer Engagement, Cardinal Health, 7200 Cardinal Place, Dublin, 43017, OH, United States","Case C., Customer Engagement, Cardinal Health, 7200 Cardinal Place, Dublin, 43017, OH, United States","Digital transformation in business-to-business (B2B) organisations tends to move very slowly. The expectations of B2B buyers have quickly changed over the last few years. They now demand the same user experience, ease of navigation, intuitive search, robust product content and basic self-service experienced as consumers. This paradigm shift is driven mostly by the retail e-commerce experience that has evolved greatly over the last couple of decades. The challenge for the B2B marketer or e-commerce leader is that the target audience is not willing to wait a decade or two. The gap in current state compared with expected state must be closed with greater speed and urgency. It is these customer demands that prompted Cardinal Health’s medical business to initiate a journey — four years ago — to create an expected e-commerce experience. This case study highlights the Cardinal Health journey to date with an emphasis on making the case for change, developing a roadmap and executing the initial site launch. © HENRY STEWART PUBLICATIONS.","B2B; Customer experience; Digital transformation; E-commerce; Online merchandising; Personalisation; Product content; Product search; Self-service","","Article","","Scopus"
"Huskanović E.; Durmić D.; Fetić M.; Blagojević M.; Ilić M.; Lukić K.","Huskanović, Eldina (57563540300); Durmić, Danira (60339025100); Fetić, Medina (60339215100); Blagojević, Marko (60338652500); Ilić, Marijana (60339393900); Lukić, Kristijan (60339394000)","57563540300; 60339025100; 60339215100; 60338652500; 60339393900; 60339394000","Selection of Suitable Locations for the Installation of Parcel Lockers in the Area of the Prijedor Distribution Center","2026","Lecture Notes in Intelligent Transportation and Infrastructure","https://www.scopus.com/pages/publications/105027854374?origin=resultslist","Faculty of Transport and Traffic Engineering, University of East Sarajevo, Doboj, 74000, Bosnia and Herzegovina; X-Express, Banja Luka, 78000, Bosnia and Herzegovina","Huskanović E., Faculty of Transport and Traffic Engineering, University of East Sarajevo, Doboj, 74000, Bosnia and Herzegovina; Durmić D., Faculty of Transport and Traffic Engineering, University of East Sarajevo, Doboj, 74000, Bosnia and Herzegovina; Fetić M., Faculty of Transport and Traffic Engineering, University of East Sarajevo, Doboj, 74000, Bosnia and Herzegovina; Blagojević M., Faculty of Transport and Traffic Engineering, University of East Sarajevo, Doboj, 74000, Bosnia and Herzegovina; Ilić M., Faculty of Transport and Traffic Engineering, University of East Sarajevo, Doboj, 74000, Bosnia and Herzegovina; Lukić K., X-Express, Banja Luka, 78000, Bosnia and Herzegovina","Express delivery services have become key components in ensuring successful, reliable, and secure deliveries. Although these services achieve a high percentage of successfully delivered parcels, there is an increasing need for parcel lockers. This paper focuses on the selection of optimal locations for the installation of parcel lockers within the area covered by the Prijedor distribution center of the X-Express company. A multi-criteria decision-making model was applied, incorporating the FUCOM (Full Consistency Method) to determine for determining the weighting coefficients of the criteria, and the WASPAS (Weighted Aggregated Sum Product Assessment) method for ranking the alternative locations. The research includes seven criteria, based on which five alternatives were ranked. The results obtained enable the company to strategically plan the installation of parcel lockers, improve the user experience, and optimize logistics costs. The proposed methodological approach can also be applied in other geographic regions, and the FUCOM-WASPAS model can be applied to address other logistics-related problems as well. © The Author(s), under exclusive license to Springer Nature Switzerland AG 2026.","e-commerce; FUCOM; logistics; parcel lockers; WASPAS; X-Express","","Book chapter","","Scopus"
"Varsha P.S.; Akter S.; Kumar A.; Gochhait S.; Patagundi B.","Varsha, P.S. (57210919302); Akter, Shahriar (36058277700); Kumar, Amit (58603964300); Gochhait, Saikat (57202706369); Patagundi, Basanna (57223440204)","57210919302; 36058277700; 58603964300; 57202706369; 57223440204","The Impact of Artificial Intelligence on Branding: A Bibliometric Analysis (1982-2019)","2021","Journal of Global Information Management","https://www.scopus.com/pages/publications/85105863212?origin=resultslist","Cambridge Institute of Technology, India; University of Wollongong, Australia; Newcastle Business School, University of Newcastle, Australia; Symbiosis Institute of Digital and Telecom Management, Symbiosis International University (Deemed), India","Varsha P.S., Cambridge Institute of Technology, India; Akter S., University of Wollongong, Australia; Kumar A., Newcastle Business School, University of Newcastle, Australia; Gochhait S., Symbiosis Institute of Digital and Telecom Management, Symbiosis International University (Deemed), India; Patagundi B., Cambridge Institute of Technology, India","Understanding the growth paths of artificial intelligence (AI) and its impact on branding is extremely pertinent of technology-driven marketing. This explorative research covers a complete bibliometric analysis of the impact of AI on branding. The sample for this research included all 117 articles from the period of 1982-2019 in the Scopus database. A bibliometric study was conducted using cooccurrence, citation analysis and co-citation analysis. The empirical analysis investigates the value propositions of AI on branding. The study revealed the nine clusters of co-occurrence: Social Media Analytics and Brand Equity; Neural Networks and Brand Choice; Chat Bots-Brand Intimacy; Twitter, Facebook, Instagram-Luxury Brands; Interactive Agent-Brand Love and User Choice; Algorithm Recommendations and E-Brand Experience; User-Generated Content-Brand Sustainability; Brand Intelligence Analytics; and Digital Innovations and Brand Excellence. The findings also identify four clusters of citation analysis Social Media Analysis and Brand Photos, Network Analysis and E-Commerce, Hybrid Simulating Modelling, and Real-Time Knowledge-Based Systems and four clusters of co-citation analysis: B2B Technology Brands, AI Fostered E-Brands, Information Cascades and Online Brand Ratings, and Voice Assistants-Brand Eureka Moments. Overall, the study presents the patterns of convergence and divergence of themes, narrowing to the specific topic, and multidisciplinary engagement in research, thus offering the recent insights in the field of AI on branding. © 2021 IGI Global. All rights reserved.","Artificial Intelligence; Bibliometric Analysis; Branding; Chatbot; Neural Network; VOS Viewer","Information analysis; Knowledge based systems; Online systems; Real time systems; Social networking (online); User experience; Bibliometric analysis; Co-Citation Analysis; Digital innovations; Information cascades; Interactive agents; Social media analysis; Social media analytics; User-generated content; Artificial intelligence","Review","All Open Access; Gold Open Access","Scopus"
"Sun Z.; Lau S.K.","Sun, Zhaohao (7404240486); Lau, Sim Kim (7401596248)","7404240486; 7401596248","Customer experience management in E-services","2007","Studies in Computational Intelligence","https://www.scopus.com/pages/publications/33947129683?origin=resultslist","School of Economics and Information Systems, University of Wollongong, Wollongong, NSW 2522, Australia","Sun Z., School of Economics and Information Systems, University of Wollongong, Wollongong, NSW 2522, Australia; Lau S.K., School of Economics and Information Systems, University of Wollongong, Wollongong, NSW 2522, Australia","E-services are the provision of services over the Internet. Customer experience management (CEM) is a vital part for e-services and Web services. This chapter will examine CEM in e-services by providing a unified architecture (SSES) and an intelligent system architecture (MEMES) as well as a cybernetic model for B2B e-services. The SSES unifies eservices, Web services and infrastructure services into a hierarchical framework. The MEMES is a high level system model for implementing multiagent CEM system for e-services. Both architectures tie together methodologies, techniques, and applications into a unified framework that includes both logical and intelligent embodiment of the aspects of CEM in e-services. The cybernetic model provides a new insight into B2B e-services with feedback from e-servicecustomers. The chapter also explores case-based e-service recommendation. It is argued that the proposed approach will facilitate the development of CEM, e-business and e-service. © Springer-Verlag Berlin Heidelberg 2007.","Case-based e-service recommendation; Customer experience management; E-commerce; E-service; Intelligent techniques; Multiagent system","","Article","","Scopus"
"Tóth Z.; Mrad M.; Itani O.S.; Luo J.; Liu M.J.","Tóth, Zsófia (56326578900); Mrad, Mona (57191496488); Itani, Omar S. (56825680000); Luo, Jun (56393459300); Liu, Martin J. (22993817300)","56326578900; 57191496488; 56825680000; 56393459300; 22993817300","B2B eWOM on Alibaba: Signaling through online reviews in platform-based social exchange","2022","Industrial Marketing Management","https://www.scopus.com/pages/publications/85129980082?origin=resultslist","Nottingham University Business School, University of Nottingham, B76, Business School North Building, Jubilee Campus, Nottingham, NG8 1BB, United Kingdom; American University of Sharjah, University City, Sharjah, United Arab Emirates; Department of Marketing, Adnan Kassar School of Business, Lebanese American University, Beirut, 1102 2801, Lebanon; Nottingham University Business School China, University of Nottingham Ningbo China, Trent 249, 199 Taikang East Road, Ningbo, 315100, China; Nottingham University Business School China, University of Nottingham Ningbo China, Trent 358, 199 Taikang East Road, Ningbo, 315100, China","Tóth Z., Nottingham University Business School, University of Nottingham, B76, Business School North Building, Jubilee Campus, Nottingham, NG8 1BB, United Kingdom; Mrad M., American University of Sharjah, University City, Sharjah, United Arab Emirates; Itani O.S., Department of Marketing, Adnan Kassar School of Business, Lebanese American University, Beirut, 1102 2801, Lebanon; Luo J., Nottingham University Business School China, University of Nottingham Ningbo China, Trent 249, 199 Taikang East Road, Ningbo, 315100, China; Liu M.J., Nottingham University Business School China, University of Nottingham Ningbo China, Trent 358, 199 Taikang East Road, Ningbo, 315100, China","This study investigates the contemporary role of electronic word-of-mouth (eWOM) in business exchanges through buyers' signaling of observable and unobservable supplier characteristics on the Alibaba e-commerce platform. Utilizing a qualitative pre-study of 20 interviews (five buyer–supplier dyads with two interviews per firm) and more than 8000 buyer reviews on Alibaba, we identify characteristic patterns of this type of B2B eWOM. Signaling Theory and Social Exchange Theory underpin the empirical investigation. To enable further conceptualization, the study distinguishes between online B2B reviews based on the extent to which they are controlled by organizational partners. Unlike some other forms of B2B reviews, reviews on Alibaba are uncontrolled and comprise a form of eWOM. Findings indicate that the relational patterns of B2B eWOM shared on Alibaba can be aggregated into three categories: human touch, responsiveness, and resilience. Besides these new categories, the importance of product/service quality has been confirmed. Through Alibaba reviews, buyers' signals are sent not only to suppliers as feedback, but also to other prospective buyers to influence their purchase decisions. Our study aims to contribute to the B2B literature on eWOM and signaling in business relationships. By showing that human touch occurs even in online-only buyer–supplier relationships, the study provides evidence that bonding, the development of mutuality, and relationship intimacy in buyer–supplier relationships does not always require in-person contact. Managerial implications are offered with a focus on the signaling of unobservable qualities, such as human touch, with the help of B2B eWOM. © 2022","eWOM; Human touch; Online B2B marketing; Online reviews; Signaling; WOM","","Article","All Open Access; Green Open Access","Scopus"
"Narayanan E.; Muthukumar B.","Narayanan, Eswara (57879599900); Muthukumar, Balasundaram (56402020600)","57879599900; 56402020600","Editorial cloud collaborative service improves authorized industrial server database performance","2023","Indonesian Journal of Electrical Engineering and Computer Science","https://www.scopus.com/pages/publications/85141882267?origin=resultslist","Sathyabama Institute of Science and Technology, Chennai, India; Technology Lead-Infosys Ltd, Chennai, India; Department of Information Technology, DMI College of Engineering, Chennai, India","Narayanan E., Sathyabama Institute of Science and Technology, Chennai, India, Technology Lead-Infosys Ltd, Chennai, India; Muthukumar B., Department of Information Technology, DMI College of Engineering, Chennai, India","The E-commerce platform for the automotive industry has various obstacles regarding product distribution and sales marketing. Problems such as identifying the product's low defect rate and mapping failure features to the product's existing quality set, both of which occur in the actual world, are included in this category. With the help of an editorial cloud collaborative service, this study will focus primarily on identifying the core causes of product failure. The machine learning confidential (MLC) protocol is used to authenticate the editor's identity when accessing the industrial server's database. A cloud-based collaborative editing service can also be used to extract the root cause of a specific problem from customer complaints. There may be some product flaws that can be remedied with extra features gathered from the end-user to understand real-world practicality better and ensure product accuracy reaches 100% target. © 2023 Institute of Advanced Engineering and Science. All rights reserved.","Additional failure features; Authenticated industrial; Editorial cloud collaborative; Machine learning confidential; protocol; server's database; service","","Article","All Open Access; Gold Open Access; Green Open Access","Scopus"
"Shukla S.; Mishra P.; Sinha A.; Garg N.; Pandey S.K.; Raja L.; Kumar A.; Chetri M.","Shukla, Shubham (57207098808); Mishra, Pawan (57848990900); Sinha, Anurag (57561268800); Garg, Namit (57892951600); Pandey, Saroj Kumar (57202704001); Raja, Linesh (58556391200); Kumar, Ankit (57209569655); Chetri, Manoj (57201879198)","57207098808; 57848990900; 57561268800; 57892951600; 57202704001; 58556391200; 57209569655; 57201879198","Retracted: Performance optimization of unstructured E-commerce log data for activity and pattern evaluation using web analytics","2023","IET Communications","https://www.scopus.com/pages/publications/85141366068?origin=resultslist","Department of Electronics and Communication Engineering, KIET Group of Institutions, Ghaziabad, India; Department of Computer Science and Engineering, University of Allahabad, Allahabad, India; Department of Information Technology, Amity University Jharkhand, Ranchi, India; Department of Mathematics and Scientific Computing, IIT Kanpur, Kanpur, India; Department of Computer Engineering & Applications, GLA University, Mathura, India; Department of Computer Applications, Manipal University Jaipur, Rajasthan, Jaipur, India; Royal University of Bhutan, Bhutan","Shukla S., Department of Electronics and Communication Engineering, KIET Group of Institutions, Ghaziabad, India; Mishra P., Department of Computer Science and Engineering, University of Allahabad, Allahabad, India; Sinha A., Department of Information Technology, Amity University Jharkhand, Ranchi, India; Garg N., Department of Mathematics and Scientific Computing, IIT Kanpur, Kanpur, India; Pandey S.K., Department of Computer Engineering & Applications, GLA University, Mathura, India; Raja L., Department of Computer Applications, Manipal University Jaipur, Rajasthan, Jaipur, India; Kumar A., Department of Computer Engineering & Applications, GLA University, Mathura, India; Chetri M., Royal University of Bhutan, Bhutan","The above article from IET Communications, published online on 4 November 2022 in Wiley Online Library (wileyonlinelibrary.com), has been retracted by agreement between the Interim Editor-in-Chief, Jian Ren, the Institution of Engineering and Technology (the IET) and John Wiley and Sons Ltd. This article was published as part of a Guest Edited special issue. Following an investigation, the IET and the journal have determined that the article was not reviewed in line with the journal's peer review standards and there is evidence that the peer review process of the special issue underwent systematic manipulation. Accordingly, we cannot vouch for the integrity or reliability of the content. As such we have taken the decision to retract the article. The authors have been informed of the decision to retract. © 2022 The Authors. IET Communications published by John Wiley & Sons Ltd on behalf of The Institution of Engineering and Technology.","","Decision support systems; Distribution functions; Electronic commerce; Forecasting; Function evaluation; Machine learning; Matrix algebra; Normal distribution; Sales; Usability engineering; Websites; Clickstreams; Conventional moment; Generating functions; Machine learning approaches; Machine learning techniques; Machine-learning; Performance optimizations; Random vectors; Usability; Web Mining; Data mining","Article","All Open Access; Gold Open Access","Scopus"
"Schmid H.A.; Rossi G.","Schmid, Hans Albrecht (7402444538); Rossi, Gustavo (7402913455)","7402444538; 7402913455","Designing business processes in e-commerce applications","2002","Lecture Notes in Computer Science (including subseries Lecture Notes in Artificial Intelligence and Lecture Notes in Bioinformatics)","https://www.scopus.com/pages/publications/84867297921?origin=resultslist","University of Applied Sciences, Konstanz, Germany; LIFIA, Universidad Nacional de La Plata, Argentina","Schmid H.A., University of Applied Sciences, Konstanz, Germany; Rossi G., LIFIA, Universidad Nacional de La Plata, Argentina","Business processes play an important role in E-commerce Web applications as they form an important part of the B2C domain and dominate the B2B domain. However, E-commerce application modeling and design techniques have eluded the special characteristics of business processes by treating them just as a special case of navigation. As a consequence, the resulting E-commerce applications have design and usability problems as well as erroneous results from business process execution. We propose a solution to E-commerce Web application design where business processes are considered first class citizens. In this paper we first demonstrate why modeling business processes is important. After a brief introduction, we extend the Object-Oriented Hypermedia Design Method (OOHDM) with business processes. We show that our approach to E-commerce Web application design involving both hypermedia navigation and business processes is easy and clear and does not cause the listed problems. © Springer-Verlag Berlin Heidelberg 2002.","","Air navigation; Electronic commerce; Hypermedia systems; Commerce; Design; World Wide Web; Business Process; Business process execution; Design technique; E-Commerce applications; Hypermedia design; Usability problems; WEB application; Web application design; Design; Electronic commerce","Conference paper","","Scopus"
"Khan V.-J.; Kalligas K.; Dumi Sigalas D.; Sintoris C.","Khan, Vassilis-Javed (16304437500); Kalligas, Kouris (57673884700); Dumi Sigalas, Damianos (57672507200); Sintoris, Christos (6507200821)","16304437500; 57673884700; 57672507200; 6507200821","A B2C Bias for the B2BWorld: A Case Study of Employees' and Customers' UX of a B2B e-commerce Site","2022","Conference on Human Factors in Computing Systems - Proceedings","https://www.scopus.com/pages/publications/85129708933?origin=resultslist","Digital Transformation Team, Sappi Europe; Computer Engineering and Informatics Department, University of Patras, Greece; Department of Electrical and Computer Engineering, University of Patras, Greece","Khan V.-J., Digital Transformation Team, Sappi Europe; Kalligas K., Digital Transformation Team, Sappi Europe; Dumi Sigalas D., Computer Engineering and Informatics Department, University of Patras, Greece; Sintoris C., Department of Electrical and Computer Engineering, University of Patras, Greece","In our evaluation of the B2B e-commerce site of a global manufacturing company we conducted a user test with employees and customers. We found statistically significant differences in usability, user experience and NPS metrics between employees and customers, with the employees being more critical compared to the customers. We postulate and present some evidence that this difference is due to employees implicitly comparing B2B with B2C e-commerce sites and therefore expecting the experience of a B2C site for a B2B site. Such a comparison, fosters a bias, which has implications for businesses that host B2B e-commerce sites. We conclude by sketching recommendations for practitioners on how to go about such a bias. © 2022 Owner/Author.","B2B e-commerce; Coworkers; Customers; differences between user types; Employees; NPS; Pulp and paper industry; Usability; UX","Electronic commerce; Human engineering; Paper and pulp industry; Sales; B2B e-commerce; Case-studies; Coworker; Customer; Difference between user type; E-commerce sites; NPS; Pulp and paper industry; Usability; User type; Personnel","Conference paper","","Scopus"
"Ardhianti P.W.; Purnawati M.; Tanjung K.P.; Leandros R.","Ardhianti, Putri Widya (57960917600); Purnawati, Meila (57960293900); Tanjung, Karunia Putri (60465631100); Leandros, Riyan (57211531687)","57960917600; 57960293900; 60465631100; 57211531687","Web-Based Marketplace to Empowering Local MSMEs: A Policy-Technology Integration using the Waterfall Method","2025","Proceeding - 2025 IEEE 11th Information Technology International Seminar, ITIS 2025","https://www.scopus.com/pages/publications/105032381937?origin=resultslist","Bina Nusantara University, Information Systems Department Binus Online, Jakarta, 11480, Indonesia","Ardhianti P.W., Bina Nusantara University, Information Systems Department Binus Online, Jakarta, 11480, Indonesia; Purnawati M., Bina Nusantara University, Information Systems Department Binus Online, Jakarta, 11480, Indonesia; Tanjung K.P., Bina Nusantara University, Information Systems Department Binus Online, Jakarta, 11480, Indonesia; Leandros R., Bina Nusantara University, Information Systems Department Binus Online, Jakarta, 11480, Indonesia","Data on business actors in Karanganyar Regency was manually gathered by Regional Government Organizations (OPD) starting in 2017, which resulted in inaccuracy, delays, and inefficiencies. They also lack sufficient capital to purchase from micro, small, and medium enterprises (MSMEs), and some owners are unwilling to develop the company. The Karanganyar Regency Government, through the Communication and Information Office (Diskominfo), initiated the creation of a centralized web-based marketplace for MSMEs to address these issues. This study proposes merging government-initiated civil servant (ASN) spending programs with an e-commerce platform, a topic seldom discussed in local government digitalization. The System Development Life Cycle (SDLC) and Waterfall approach were applied, incorporating requirements analysis, design, implementation, testing, and evaluation. Three primary user categories are involved: purchasers (ASN and non-ASN), business professionals, and administrators. Key features include product discovery, shopping cart, payment channel, subsidy distribution, and ASN expenditure monitoring. A usability test with 25 participants showed that the core functionality worked well, as all could complete the task. However, the current study remains at the prototype stage and has not yet been implemented. Further research is needed for larger scalability, longer-term sustainability, and engagement with national MSME systems.  © 2025 IEEE.","digital transformation; e-commerce; information system; MSMEs; SDLC","Government data processing; Information systems; Information use; Life cycle; Marketplaces; Public policy; Purchasing; Websites; Digital transformation; E- commerces; Government organizations; Micro-enterprises; Regional government; Small-and-medium enterprise; Systems development life cycle; Technology Integration; Waterfall methods; Web based; Electronic commerce","Conference paper","","Scopus"
"Chetana V.L.; Seetha H.","Chetana, V. Lakshmi (57796648100); Seetha, Hari (50361991400)","57796648100; 50361991400","Handling Massive Sparse Data in Recommendation Systems","2024","Journal of Information and Knowledge Management","https://www.scopus.com/pages/publications/85183617467?origin=resultslist","School of Computer Science and Engineering, VIT-AP University, Andhra Pradesh, Near Vijayawada, India; Center of Excellence, AI and Robotics, VIT-AP University, Andhra Pradesh, Near Vijayawada, India","Chetana V.L., School of Computer Science and Engineering, VIT-AP University, Andhra Pradesh, Near Vijayawada, India; Seetha H., Center of Excellence, AI and Robotics, VIT-AP University, Andhra Pradesh, Near Vijayawada, India","Collaborative filtering-based recommendation systems have become significant in various domains due to their ability to provide personalised recommendations. In e-commerce, these systems analyse the browsing history and purchase patterns of users to recommend items. In the entertainment industry, collaborative filtering helps platforms like Netflix and Spotify recommend movies, shows and songs based on users' past preferences and ratings. This technology also finds significance in online education, where it assists in suggesting relevant courses and learning materials based on a user's interests and previous learning behaviour. Even though much research has been done in this domain, the problems of sparsity and scalability in collaborative filtering still exist. Data sparsity refers to too few preferences of users on items, and hence it would be difficult to understand users' preferences. Recommendation systems must keep users engaged with fast responses, and hence there is a challenge in handling large data as these days it is growing quickly. Sparsity affects the recommendation accuracy, while scalability influences the complexity of processing the recommendations. The motivation behind the paper is to design an efficient algorithm to address the sparsity and scalability problems, which in turn provide a better user experience and increased user satisfaction. This paper proposes two separate, novel approaches that deal with both problems. In the first approach, an improved autoencoder is used to address sparsity, and later, its outcome is processed in a parallel and distributed manner using a MapReduce-based k-means clustering algorithm with the Elbow method. Since the k-means clustering technique uses a predetermined number of clusters, it may not improve accuracy. So, the elbow method identifies the optimal number of clusters for the k-means algorithm. In the second approach, a MapReduce-based Gaussian Mixture Model (GMM) with Expectation-Maximization (EM) is proposed to handle large volumes of sparse data. Both the proposed algorithms are implemented using MovieLens 20M and Netflix movie recommendation datasets to generate movie recommendations and are compared with the other state-of-the-art approaches. For comparison, metrics like RMSE, MAE, precision, recall, and F-score are used. The outcomes demonstrate that the second proposed strategy outperformed state-of-the-art approaches. © 2024 World Scientific Publishing Co.","Auto-encoder; clustering; collaborative filtering; elbow method; expectation-maximization; Gaussian mixture model; Hadoop; MapReduce; recommendation systems; scalability; sparsity","Collaborative filtering; E-learning; Electronic commerce; Gaussian distribution; K-means clustering; Learning systems; Maximum principle; Motion pictures; Recommender systems; Scalability; Auto encoders; Clusterings; Elbow method; Expectation Maximization; Gaussian Mixture Model; Hadoop; Map-reduce; Netflix; Sparse data; Sparsity; MapReduce","Article","","Scopus"
"Wang M.; Zhang C.; Bell M.G.H.; Miao L.","Wang, Mengtong (57353031100); Zhang, Canrong (7405490618); Bell, Michael G.H. (25822259900); Miao, Lixin (7005303290)","57353031100; 7405490618; 25822259900; 7005303290","A branch-and-price algorithm for location-routing problems with pick-up stations in the last-mile distribution system","2022","European Journal of Operational Research","https://www.scopus.com/pages/publications/85132671292?origin=resultslist","Department of Industrial Engineering, Tsinghua University, Beijing, 100084, China; Division of Logistics and Transportation, Shenzhen International Graduate School, Tsinghua University, Shenzhen, 518055, China; Institute of Transport and Logistics Studies, The University of Sydney, NSW, 2006, Australia; Intelligent Transportation and Logistics Systems Laboratory, Tsinghua-Berkeley Shenzhen Institute, Shenzhen, 518055, China","Wang M., Department of Industrial Engineering, Tsinghua University, Beijing, 100084, China, Division of Logistics and Transportation, Shenzhen International Graduate School, Tsinghua University, Shenzhen, 518055, China; Zhang C., Division of Logistics and Transportation, Shenzhen International Graduate School, Tsinghua University, Shenzhen, 518055, China; Bell M.G.H., Institute of Transport and Logistics Studies, The University of Sydney, NSW, 2006, Australia; Miao L., Division of Logistics and Transportation, Shenzhen International Graduate School, Tsinghua University, Shenzhen, 518055, China, Intelligent Transportation and Logistics Systems Laboratory, Tsinghua-Berkeley Shenzhen Institute, Shenzhen, 518055, China","In catering to the needs of the growing e-commerce demand and environmentally friendly urban delivery solutions, package delivery companies are increasingly focusing on user experience and sustainable operations, such as alternative delivery methods (e.g., pick-up stations) and green delivery vehicles (e.g., electric vehicles). We consider designing a location-routing problem with pick-up stations (LRP-PS) where the location of pick-up stations to open and the delivery plan of green vehicles (GVs) are optimized simultaneously. The purpose is to satisfy the total demand while minimizing the sum of opening cost and handling cost of pick-up stations and the fixed cost and routing cost of GVs. Then, we present a compact mixed-integer programming formulation to define the LRP-PS and reveal some interesting properties of the optimal solution. We propose an effective branch-and-price (B&P) algorithm to solve the LRP-PS, which is demonstrated to outperform greatly commercial branch-and-cut solvers such as CPLEX in the computational study. Finally, through a comprehensive analysis of several key parameters (e.g., coverage ranges of pick-up stations and battery driving ranges of GVs), we assess the impact of pick-up stations on this last-mile distribution system and provide some helpful business insights for package delivery companies. © 2022 Elsevier B.V.","Branch-and-price; Location-routing; Logistics; Pick-up stations","Location; Pickups; Routing algorithms; Vehicle routing; Vehicles; Branch and price; Branch-and-price algorithms; Delivery company; Distribution systems; E- commerces; Last mile; Location routing problem; Location-routing; Package delivery; Pick-up station; Integer programming","Article","","Scopus"
"Najmi A.; Ahmed W.","Najmi, Arsalan (57195726279); Ahmed, Waqar (57220633903)","57195726279; 57220633903","Assessing channel quality to measure customers' outcome in online purchasing","2018","International Journal of Electronic Customer Relationship Management","https://www.scopus.com/pages/publications/85043290561?origin=resultslist","Department of Management Sciences, Iqra University, Karachi, 75300, Pakistan","Najmi A., Department of Management Sciences, Iqra University, Karachi, 75300, Pakistan; Ahmed W., Department of Management Sciences, Iqra University, Karachi, 75300, Pakistan","In this intense competitive era, businesses surrounded with different internal and external factors are striving to improve their distribution strategy. This study investigates the effects of dimensions of e-channel quality and product values on e-customer satisfaction, leading to e-customer loyalty in an economy where e-commerce is still in evolving phase. E-channel quality served as a higher order factor which includes: Perceived ease of use (EOU), perceived usefulness (PU), convenience (CON), entertainment (ENT), selection (SEL) and return-ability (RTN); whereas product values served as a higher order factor for product quality (PQ) and price consciousness (PC). Data was collected from 224 university students and PLS-SEM was applied. The results revealed that quality attributes of e-channel and product values have significant impact on e-customer satisfaction which leads to e-customer loyalty. Based on the findings, the results are discussed and directions for future research are also provided. Copyright © 2018 Inderscience Enterprises Ltd.","E-channel quality; E-customer loyalty; E-customer satisfaction; Higher order PLS; Product values","","Article","","Scopus"
"Yang Z.; Gao H.; Gao D.; Yang L.; Yang L.; Cai X.; Ning W.; Zhang G.","Yang, Zhiming (59313334900); Gao, Haining (59313310600); Gao, Dehong (48761170500); Yang, Luwei (57216647954); Yang, Libin (57198986816); Cai, Xiaoyan (55368428400); Ning, Wei (57210646600); Zhang, Guannan (57218843807)","59313334900; 59313310600; 48761170500; 57216647954; 57198986816; 55368428400; 57210646600; 57218843807","MLoRA: Multi-Domain Low-Rank Adaptive Network for Click-Through Rate Prediction","2024","RecSys 2024 - Proceedings of the 18th ACM Conference on Recommender Systems","https://www.scopus.com/pages/publications/85210526792?origin=resultslist","Northwestern Polytechnical University, Xi’an, China; Alibaba Group, Hangzhou, China","Yang Z., Northwestern Polytechnical University, Xi’an, China; Gao H., Alibaba Group, Hangzhou, China; Gao D., Northwestern Polytechnical University, Xi’an, China; Yang L., Alibaba Group, Hangzhou, China; Yang L., Northwestern Polytechnical University, Xi’an, China; Cai X., Northwestern Polytechnical University, Xi’an, China; Ning W., Alibaba Group, Hangzhou, China; Zhang G., Alibaba Group, Hangzhou, China","Click-through rate (CTR) prediction is one of the fundamental tasks in the industry, especially in e-commerce, social media, and streaming media. It directly impacts website revenues, user satisfaction, and user retention. However, real-world production platforms often encompass various domains to cater for diverse customer needs. Traditional CTR prediction models struggle in multi-domain recommendation scenarios, facing challenges of data sparsity and disparate data distributions across domains. Existing multi-domain recommendation approaches introduce specific-domain modules for each domain, which partially address these issues but often significantly increase model parameters and lead to insufficient training. In this paper, we propose a Multi-domain Low-Rank Adaptive network (MLoRA) for CTR prediction, where we introduce a specialized LoRA module for each domain. This approach enhances the model’s performance in multi-domain CTR prediction tasks and is able to be applied to various deep-learning models. We evaluate the proposed method on several multi-domain datasets. Experimental results demonstrate our MLoRA approach achieves a significant improvement compared with state-of-the-art baselines. Furthermore, we deploy it in the production environment of the Alibaba.COM 1. The online A/B testing results indicate the superiority and flexibility in real-world production environments. The code of our MLoRA is publicly available 2 © 2024 Copyright held by the owner/author(s).","Click-Through Rate Prediction; Low-Rank Adaptive; Multi-domain","Customer satisfaction; Deep learning; Media streaming; Adaptive networks; Click-through rate prediction; Clickthrough rates (CTR); E- commerces; Low-rank adaptive; Multi-domains; Production environments; Rate predictions; Real-world; Social media; Prediction models","Conference paper","All Open Access; Gold Open Access","Scopus"
"Li Y.; Tang J.; Gonul S.; Barbe D.","Li, Yijing (59756697500); Tang, Jing (12242278800); Gonul, Sinan (59756051900); Barbe, Danielle (57193440088)","59756697500; 12242278800; 59756051900; 57193440088","A Novel Approach for Capturing Consumer Behavior and Preference - MulVAEK","2025","IEEE Computational Intelligence Magazine","https://www.scopus.com/pages/publications/105003770073?origin=resultslist","Northumbria University, Newcastle, NE1 8ST, United Kingdom","Li Y., Northumbria University, Newcastle, NE1 8ST, United Kingdom; Tang J., Northumbria University, Newcastle, NE1 8ST, United Kingdom; Gonul S., Northumbria University, Newcastle, NE1 8ST, United Kingdom; Barbe D., Northumbria University, Newcastle, NE1 8ST, United Kingdom","The rapid proliferation of the E-commerce sector has profoundly transformed consumer behaviour, creating significant opportunities for businesses while simultaneously posing substantial challenges. As online shopping becomes increasingly ubiquitous, the exponential growth in data volume has impeded the task of identifying products that best align with individual preferences. Faced with an overwhelming array of similar products across multiple brands and platforms, consumers often suffer from decision fatigue, hindering their judgment to make optimal purchasing decisions. While recommendation systems have emerged as critical tools to mitigate this problem, existing approaches encounter persistent challenges in accurately modelling user preferences and behaviours, particularly using implicit feedback data such as clicks, views, and interactions. Motivated by these issues, this paper proposes a novel framework, the Multinomial Variational Autoencoder with K-means clustering (MulVAEK), designed to enhance the understanding of user preferences and behaviours from implicit feedback. Unlike conventional variational autoencoders (VAEs), which model user behaviour in latent space using Gaussian distributions, MulVAEK employs a multinomial distribution, capturing the discrete and complex nature of user-item interactions with greater fidelity. Furthermore, the integration of K-means clustering within the latent space enables the discovery of latent user archetypes and behavioural groupings, supporting the delivery of more personalised and contextually relevant recommendations. Rigorous experimental evaluations on widely recognised recommender system datasets demonstrate that MulVAEK significantly outperforms state-of-the-art methodologies, achieving superior accuracy, robustness, and interpretability across diverse recommendation scenarios. © 2005-2012 IEEE.","","Consumer behavior; Electronic money; Auto encoders; Data volume; Exponential growth; Implicit feedback; Individual preference; K-means++ clustering; Multinomials; Online shopping; User behaviors; User's preferences; Marketplaces","Article","","Scopus"
"Xiao L.-P.; Lei P.-R.; Peng W.-C.","Xiao, Li-Pin (57204942006); Lei, Po-Ruey (37101974300); Peng, Wen-Chih (8358716100)","57204942006; 37101974300; 8358716100","Hybrid Embedding of Multi-Behavior Network and Product-Content Knowledge Graph for Tourism Product Recommendation","2022","Journal of Information Science and Engineering","https://www.scopus.com/pages/publications/85137168956?origin=resultslist","KKday, Taipei, Taiwan; Department of Electrical Engineering, ROC Naval Academy, Kaohsiung, 813, Taiwan; Department of Computer Science, National Yang Ming Chiao Tung University, Hsinchu, 300, Taiwan","Xiao L.-P., KKday, Taipei, Taiwan; Lei P.-R., Department of Electrical Engineering, ROC Naval Academy, Kaohsiung, 813, Taiwan; Peng W.-C., Department of Computer Science, National Yang Ming Chiao Tung University, Hsinchu, 300, Taiwan","In the last decade, recommendation systems have gradually become the most important service for online business, which serve as sales assistants for e-commerce business increasing their profits. However, the conventional recommendation systems are usually confronted with two challenges. First, in online shopping contexts, users often browse products that they do not go on to order. The majority of action sequences are browsing-browsing rather than browsing-order. As a result, user actions are not a direct reflection of user preferences. Second, the popularity of sold products creates a skewed distribution that results in the problem of cold-start product for recommendation. In this paper, we present our research on developing a two-stage framework of hybrid recommendation system to tackle these two challenges for tourism product recommendation. In order to extract knowledge from users’ implicit feedback, we develop the neighborhood structure of users and products in the multi-behavior interaction network that simultaneously incorporates the browsing and order behaviors. To ensure the coverage of cold products, we considered the metadata associated with products and extracted more features from the textual content to form a product-content knowledge graph. By embedding the multi-behavior network and product-content knowledge graph within the recommendation system, we were able to capture user preferences from implicit feedback and the relationships among products. To evaluate the proposed model, we conducted experiments on a real-world dataset. Experimental results indicate that the proposed approach outperforms several widely-used recommendation systems. © 2022 Institute of Information Science. All rights reserved.","hybrid embedding system; knowledge graph; multi-interaction behaviors; network embedding; tourism product recommendation","Electronic commerce; Graph embeddings; Knowledge graph; Network embeddings; Online systems; Content knowledge; Embeddings; Hybrid embedding system; Interaction behavior; Knowledge graphs; Multi-interaction behavior; Multi-Interactions; Network embedding; Product recommendation; Tourism product recommendation; Recommender systems","Article","","Scopus"
"Chen B.; Dai H.; Ma X.; Jiang W.; Ning W.","Chen, Ben (57218709252); Dai, Huangyu (57222493664); Ma, Xiang (59206408100); Jiang, Wen (57216647199); Ning, Wei (57210646600)","57218709252; 57222493664; 59206408100; 57216647199; 57210646600","Robust Interaction-Based Relevance Modeling for Online e-Commerce Search","2024","Lecture Notes in Computer Science (including subseries Lecture Notes in Artificial Intelligence and Lecture Notes in Bioinformatics)","https://www.scopus.com/pages/publications/85203866957?origin=resultslist","Alibaba Group, Hangzhou, 310052, China","Chen B., Alibaba Group, Hangzhou, 310052, China; Dai H., Alibaba Group, Hangzhou, 310052, China; Ma X., Alibaba Group, Hangzhou, 310052, China; Jiang W., Alibaba Group, Hangzhou, 310052, China; Ning W., Alibaba Group, Hangzhou, 310052, China","Semantic relevance calculation is vital for e-commerce search engines, as it ensures that the items selected closely align with customer intent. Inadequate attention to this aspect can detrimentally affect user experience and engagement. Traditional text-matching techniques are prevalent but often fail to capture the nuances of search intent accurately, so neural networks now have become a preferred solution to processing such complex text matching. Existing methods predominantly employ representation-based architectures, which strike a balance between high traffic capacity and low latency. However, they exhibit significant shortcomings in generalization and robustness when compared to interaction-based architectures. In this work, we introduce a robust interaction-based modeling paradigm to address these shortcomings. It encompasses 1) a dynamic length representation scheme for expedited inference, 2) a professional terms recognition method to identify subjects and core attributes from complex sentence structures, and 3) a contrastive adversarial training protocol to bolster the model’s robustness and matching capabilities. Extensive offline evaluations demonstrate the superior robustness and effectiveness of our approach, and online A/B testing confirms its ability to improve relevance in the same exposure position, resulting in more clicks and conversions. To the best of our knowledge, this method is the first interaction-based approach for large e-commerce search relevance calculation. Notably, we have deployed it for the entire search traffic on alibaba.com, the largest B2B e-commerce platform in the world. © The Author(s), under exclusive license to Springer Nature Switzerland AG 2024.","E-commerce search; Interaction-based; Semantic relevance","Ability testing; Adversarial machine learning; Semantics; E- commerces; E-commerce search; E-commerce search engines; Interaction-based; Matching techniques; Relevance models; Semantic relevance; Text-matching; User engagement; Users' experiences; Marketplaces","Conference paper","","Scopus"
"","","","Proceedings of the 2009 6th International Conference on Service Systems and Service Management, ICSSSM '09","2009","Proceedings of the 2009 6th International Conference on Service Systems and Service Management, ICSSSM '09","https://www.scopus.com/pages/publications/70449344656?origin=resultslist","","","The proceedings contain 178 papers. The topics discussed include: strategic improving actions based on the refined analysis of service and quality attributes; regional innovation platform and the innovation service for Chinese SMEs; an empirical analysis of value chain and enterprise capability system evolution; a step toward foundation of class diagram algebra for enterprise service systems; research on the logistics enterprise capability based on value advancing; DEA malmquist productivity measure with an application to special automobile industry; research on evaluation of service quality about distribution centre for electronic commerce; the impact of perceived outcome on customer attitude and adopt intention on mobile commerce in china; the empirical study on the credit risk discrimination of listed SMEs based on the distance to default; game analysis on the market entry decisions into the mobile antivirus industry; and the application of rough sets in construction investment decision.","","","Conference review","","Scopus"
"Pan X.; Li J.; Luo J.; Zhan W.","Pan, Xuwei (7401930826); Li, Jihu (58562325700); Luo, Jianhong (9335634000); Zhan, Wenbang (58563131800)","7401930826; 58562325700; 9335634000; 58563131800","How to discover consumer attention to design topics of fast fashion: a topic modeling approach","2024","Journal of Fashion Marketing and Management","https://www.scopus.com/pages/publications/85169803069?origin=resultslist","Zhejiang Sci-Tech University, Hangzhou, China; Management Science and Engineering, Zhejiang Sci-Tech University, Hangzhou, China","Pan X., Zhejiang Sci-Tech University, Hangzhou, China; Li J., Management Science and Engineering, Zhejiang Sci-Tech University, Hangzhou, China; Luo J., Zhejiang Sci-Tech University, Hangzhou, China; Zhan W., Zhejiang Sci-Tech University, Hangzhou, China","Purpose: It is widely known that fast-fashion retailers are struggling to keep up with consumer attention for quick responses within the fashion industry. With the advance of Internet and e-commerce, consumers prefer to purchase online. Online platform information has become an essential source for exploring consumer attention. However, there is often a mismatch between the information provided by retailers and the feedback received from consumers, leading to an imbalance between the supply side and demand side of online information. The purpose of this study is therefore to provide a unified approach to discover consumer attention from the design topic aspect by revealing the information imbalance between supply side and demand side. Design/methodology/approach: To address the issue of online information imbalance and discover consumer attention, this study proposed an approach that focuses on the design topic perspective. The design topic is a collection of design elements that represent a clothing-design feature more comprehensively and accurately compared to a single design element. The proposed approach begins with generating design topics through topic modeling based on online information provided by retailers on e-commerce platforms. Two indicators, influence degree and attention degree, are then used to quantify the intensity of supply information and consumer attention related to design topics. Finally, design topic strategy diagrams are constructed to reveal information imbalance and discover consumer attention. Findings: The experimental case demonstrates the existence of information imbalance, indicating that the intensity of supply information and consumer attention from the perspective of design topics is not uniform, although both follow the Pareto principle. The results of consumer attention distribution with heavy power-law tails are consistent with current research findings. This further demonstrates that the proposed approach is capable of discovering consumer attention in the design topic strategy diagrams. Practical implications: The issue of information imbalance between retailers and consumers poses a challenge in keeping up with customer attention. The proposed approach offers a practical solution by visually identifying the symptoms of information imbalance and discovering consumer attention through design topic strategy diagrams. This approach provides fast-fashion retailers with a valuable reference to seize market opportunities, improve product design and adjust marketing or management strategies. Originality/value: This study proposes a novel approach to disclose the issue of information imbalance between supply side and demand side and therefore to discover consumer attention from the perspective of design topics. In addition, guidelines for applying the proposed approach for fast-fashion marketing and management are presented. © 2023, Emerald Publishing Limited.","Consumer attention; Fast fashion; Information imbalance; Strategic diagram; Topic model","","Article","","Scopus"
"Trubiani C.; Di Marco A.; Cortellessa V.; Mani N.; Petriu D.","Trubiani, Catia (24781277400); Di Marco, Antinisca (7005795661); Cortellessa, Vittorio (6603764364); Mani, Nariman (24824855400); Petriu, Dorina (35451868900)","24781277400; 7005795661; 6603764364; 24824855400; 35451868900","Exploring synergies between bottleneck analysis and performance antipatterns","2014","ICPE 2014 - Proceedings of the 5th ACM/SPEC International Conference on Performance Engineering","https://www.scopus.com/pages/publications/84899695473?origin=resultslist","University of L'Aquila, Italy; Carleton University, Ottawa, Canada","Trubiani C., University of L'Aquila, Italy; Di Marco A., University of L'Aquila, Italy; Cortellessa V., University of L'Aquila, Italy; Mani N., Carleton University, Ottawa, Canada; Petriu D., Carleton University, Ottawa, Canada","The problem of interpreting the results of performance analysis is quite critical, mostly because the analysis results (i.e. mean values, variances, and probability distributions) are hard to transform into feedback for software engineers that allows to remove performance problems. Approaches aimed at identifying and removing the causes of poor performance in software systems commonly fall in two categories: (i) bottleneck analysis, aimed at identifying overloaded software components and/or hardware resources that affect the whole system performance, and (ii) performance antipat-terns, aimed at detecting and removing common design mistakes that notably induce performance degradation. In this paper, we look for possible synergies between these two categories of approaches in order to empower the performance investigation capabilities. In particular, we aim at showing that the approach combination allows to provide software engineers with broader sets of alternative solutions leading to better performance results. We have explored this research direction in the context of Layered Queueing Network models, and we have considered a case study in the e-commerce domain. After comparing the results achievable with each approach separately, we quantitatively show the benefits of merging bottleneck analysis and performance antipatterns. Copyright is held by the owner/author(s). Publication rights licensed to ACM.","Bottleneck analysis; Model-based performance analysis; Performance antipatterns; Software performance; Software performance feedback","Probability distributions; Alternative solutions; Anti-patterns; Bottleneck analysis; Layered queueing networks; Performance analysis; Performance degradation; Performance problems; Software performance; Telecommunication links","Conference paper","","Scopus"
"Huang B.; Song F.","Huang, Bo (59258215500); Song, Fei (57214440148)","59258215500; 57214440148","Empirical Study of BERT-Based Models for Sentiment Analysis","2025","Proceedings - 29th IEEE/ACIS International Conference on Software Engineering, Artificial Intelligence, Networking and Parallel/Distributed Computing, SNPD 2025-Summer","https://www.scopus.com/pages/publications/105031049561?origin=resultslist","University of Guelph, School of Computer Science, Guelph, Canada","Huang B., University of Guelph, School of Computer Science, Guelph, Canada; Song F., University of Guelph, School of Computer Science, Guelph, Canada","The rapid expansion of online applications like social media apps and e-commerce websites has led to a large volume of reviews about different subjects, products, and services. Sentiment analysis, which is a crucial area of study in natural language processing, aims to classify the sentiments of these reviews so that the feedback can be valuable to companies, governments, and individuals in making informed decisions based on the information gathered about the public opinions. The emerging deep learning methods, such as large language models have shown great promises in text-based analysis, but their performance for sentiment analysis has not been fully understood yet. This paper presents a comparative analysis of BERT-based models for sentiment analysis, especially those using prompt-based learning techniques across five diverse datasets. We explore how dataset characteristics influence the effectiveness of hand-crafted, adaptive, and hybrid prompting strategies. Our results demonstrate that input length, class distribution, and dataset structure significantly impact model performance.  © 2025 IEEE.","BERT; datasets; LLMs; metrics; prompt based; sentiment analysis","Deep learning; Electronic commerce; Learning algorithms; Learning systems; Social networking (online); BERT; Dataset; Empirical studies; LLM; Metric; On-line applications; Prompt based; Rapid expansion; Sentiment analysis; Social media; Sentiment analysis","Conference paper","","Scopus"
"Doifode A.Y.; Mali S.D.; Rao T.S.; Vanjale S.B.; Bewoor M.; Medhane S.P.; Adhav L.","Doifode, Akshada Y. (58283485700); Mali, Sonali D. (57193737886); Rao, T. Srinivasa (56964881700); Vanjale, S.B. (56252133700); Bewoor, Mrunal (24829188800); Medhane, Sampat P. (57113687200); Adhav, Laxmi (58535580600)","58283485700; 57193737886; 56964881700; 56252133700; 24829188800; 57113687200; 58535580600","Online Reviews System using Aspect Based Sentimental Analysis & Opinion Mining","2023","International Journal on Recent and Innovation Trends in Computing and Communication","https://www.scopus.com/pages/publications/85167886308?origin=resultslist","Department of Information Technology, Bharati Vidyapeeth (Deemed to be University), College of Engineering, Pune, India; Department of Computer Engineering, GITAM Institute of Technology, GITAM University, Andhra Pradesh, Visakhapatnam, India; Department of Computer Engineering, Bharati Vidyapeeth (Deemed to be University), College of Engineering, Pune, India; Department of Information Technology, PCCOE, Akurdi, Pune, India","Doifode A.Y., Department of Information Technology, Bharati Vidyapeeth (Deemed to be University), College of Engineering, Pune, India; Mali S.D., Department of Information Technology, Bharati Vidyapeeth (Deemed to be University), College of Engineering, Pune, India; Rao T.S., Department of Computer Engineering, GITAM Institute of Technology, GITAM University, Andhra Pradesh, Visakhapatnam, India; Vanjale S.B., Department of Information Technology, Bharati Vidyapeeth (Deemed to be University), College of Engineering, Pune, India; Bewoor M., Department of Computer Engineering, Bharati Vidyapeeth (Deemed to be University), College of Engineering, Pune, India; Medhane S.P., Department of Information Technology, Bharati Vidyapeeth (Deemed to be University), College of Engineering, Pune, India; Adhav L., Department of Information Technology, PCCOE, Akurdi, Pune, India","Aspect extraction is the most critical and thoroughly researched process in SA (Sentiment Analysis) for conducting an accurate classification of feelings. Over the last decade, massive amounts of research have focused on identifying and removing elements. Products have centralized distribution channels, and certain apps may occasionally operate close to the most recent product to be created. Any e-commerce business enterprise must analyses user / customer feedback in order to provide better products and services to them. Because broad reviews frequently include remarks in a consolidated manner when a customer gives his thoughts on various product attributes within the same summary, it is difficult to determine the exact feeling. The key components of this software are included in their release, making it a valuable tool for management to improve the consistency of their own system's specifications. The goal was to categories the aspects of the target entities provided, as well as the feelings conveyed for each aspect. First, we are implementing a supervised classification framework that is tightly restricted and relies solely on training sets for knowledge. As a result, the key terms comes from associated at various elements of a thing within its entirety perform customer sentiment using certain elements. In contrast to current sentiment analysis approaches, synthetic and actual data set experiments yield positive results. © 2023 The authors.","Functional Aspects (FA) etc; Non-Functional Aspects (NFA); Opinion & Aspect Mining; Sentimental Analysis; Software Requirements Specifications (SRS)","","Article","All Open Access; Gold Open Access","Scopus"
"Patil P.; Singh A.; Raut A.; Sharma A.; Rathod A.","Patil, Pooja (57201348153); Singh, Aryan (60033849000); Raut, Aryan (58515945900); Sharma, Aakash (60033849100); Rathod, Adarsh (60034003800)","57201348153; 60033849000; 58515945900; 60033849100; 60034003800","BLOCKARC: A BLOCKCHAIN BASED SMART CONTRACT FOR REWARD SYSTEM IN E-COMMERCE","2025","Journal of Engineering and Technology for Industrial Applications","https://www.scopus.com/pages/publications/105012894277?origin=resultslist","St. John College of Engineering and Management, Maharashtra, Palghar, India","Patil P., St. John College of Engineering and Management, Maharashtra, Palghar, India; Singh A., St. John College of Engineering and Management, Maharashtra, Palghar, India; Raut A., St. John College of Engineering and Management, Maharashtra, Palghar, India; Sharma A., St. John College of Engineering and Management, Maharashtra, Palghar, India; Rathod A., St. John College of Engineering and Management, Maharashtra, Palghar, India","The increasing reliance on e-commerce platforms has amplified challenges related to transparency, trust, fraud, and inefficiencies in reward distribution systems. Existing centralized architectures fail to address these issues effectively. This paper proposes BlockArc, a blockchain-based smart contract framework designed to revolutionize reward systems in e-commerce. The system leverages a permissioned blockchain and smart contracts to automate reward distribution, enhance security, and ensure transaction transparency. The framework consists of four layers: Blockchain Layer, Smart Contract Layer, Application Layer, and User Roles, each addressing key challenges such as reward fragmentation, fraudulent transactions, and inefficient refund processes. Smart contracts autonomously handle reward issuance, redemption, and expiration while integrating oracles for real-world data validation. Security is reinforced using cryptographic hashing, Zero-Knowledge Proofs (ZKPs), and Role-Based Access Control (RBAC) to prevent fraudulent activities. A performance evaluation demonstrated 112 transactions per second (TPS) under moderate load, fraud detection accuracy of 100%, and a 37% reduction in operational costs by eliminating intermediaries. User satisfaction surveys indicated high levels of trust and transparency. The study concludes that BlockArc enhances e-commerce reward systems by improving efficiency, security, and decentralization, paving the way for scalable and interoperable blockchain applications in digital commerce. © 2025 by authors and Galileo Institute of Technology and Education of the Amazon (ITEGAM).","Ethereum & Hyperledger Fabric; Fraud Prevention; Proof of Authority (PoA); Tokenized Reward Systems; Zero-Knowledge Proofs (ZKPs)","","Article","All Open Access; Gold Open Access; Green Open Access","Scopus"
"Smith A.D.; Offodile O.F.","Smith, Alan D. (7406757527); Offodile, O. Felix (6602556312)","7406757527; 6602556312","Gauging web portals' impact on supply chain management concepts","2008","International Journal of Logistics Systems and Management","https://www.scopus.com/pages/publications/39149123460?origin=resultslist","Department of Management and Marketing, Robert Morris University, Pittsburgh, PA 15219-3099, United States; Department of Management and Information Systems, Kent State University, Kent, OH 44242-001, United States","Smith A.D., Department of Management and Marketing, Robert Morris University, Pittsburgh, PA 15219-3099, United States; Offodile O.F., Department of Management and Information Systems, Kent State University, Kent, OH 44242-001, United States","As the utilisation of web-based portals continues to increase in modern businesses, adoption and use of efficient, reliable, secure, and cost-effective enterprise web-based portal modules amongst key departments will be crucial to companies striving to compete in the ever-evolving global economy. This paper will examine Business-to-Business (B2B) web-based portals and their role in business transactions. One of the tools that are allowing this expanding segment of e-commerce to grow is web-based portal applications. An empirical examination was conducted of web portals to illustrate how they can be used as a tool to communicate, share and exchange rich information across wide networks that may span across the globe. Today, web-based portals are used in business to aid in design, manufacturing and production processes, and a key component in business functions like Supply Chain Management (SCM). Web-based portals must provide security, reliability, functionality, usability, and also be cost-effective in order to add value to the organisation as well as provide a competitive advantage. Web-based portals and their use in SCM in its role in the Information Technology applications and its effect on major stakeholder groups like vendors, suppliers, management and employees are explored. Copyright © 2008 Inderscience Enterprises Ltd.","B2B; Customer Relationship Management; E-commerce; Empirical; Information Technology; IT; SCM; Supply Chain Management; Web-based portals","","Article","","Scopus"
"Bauer J.; Nanopoulos A.","Bauer, Josef (59818369100); Nanopoulos, Alexandros (6603555418)","59818369100; 6603555418","Recommender systems based on quantitative implicit customer feedback","2014","Decision Support Systems","https://www.scopus.com/pages/publications/84911950084?origin=resultslist","Auf der Schanz 49, Ingolstadt, 85049, Germany","Bauer J., Auf der Schanz 49, Ingolstadt, 85049, Germany; Nanopoulos A., Auf der Schanz 49, Ingolstadt, 85049, Germany","Due to the abundant variety of products offered by e-commerce companies and online service providers, recommender systems become an increasingly important decision aid for customers. In this paper we focus on quantitative implicit customer feedback like sales and play records data. We extend the current state-of-the-art method for recommendations based on matrix factorization under a normal distribution assumption by allowing for different distributions which are more suitable to model this kind of data. In particular, we use the Poisson, the inverse Gaussian and the gamma distribution as extensions. The experimental evaluation with three real-world data sets shows the improved performance of our approach and we demonstrate the merit of using various distributions depending on the respective data set. © 2014 Elsevier B.V. All rights reserved.","Data mining; e-Commerce; Machine learning; Matrix factorization; Recommender systems","Adversarial machine learning; 'current; Customer feedback; Data set; Decision aids; E- commerces; Machine-learning; Matrix factorizations; On-line service; Service provider; State-of-the-art methods; Marketplaces","Article","","Scopus"
"Bondarenko Y.","Bondarenko, Yana (57216158940)","57216158940","Relative Uplift in Online Experimentation","2025","ICoCSETI 2025 - International Conference on Computer Sciences, Engineering, and Technology Innovation, Proceeding","https://www.scopus.com/pages/publications/105010036279?origin=resultslist","Oles Honchar Dnipro National University, Department of Statistics and Probability Theory, Dnipro, Ukraine","Bondarenko Y., Oles Honchar Dnipro National University, Department of Statistics and Probability Theory, Dnipro, Ukraine","The culture of experimentation, implemented by successful big data companies, allows for data-driven decision-making, the creation of valuable products and services, attracting new and retaining existing clients, and increasing profits. One of the research challenges in online experimentation is obtaining advanced results for ratio metrics, which are highly popular in e-commerce. Relative improvement, or relative uplift, plays a pivotal role in online randomized experiments and quantifies the performance difference between two user groups evaluating the impact of a specific change. Decision-makers rely on relative uplift to evaluate the effectiveness of changes and develop optimization strategies. In this research paper, novel analytical solutions for relative uplift are introduced. Bayesian approach is proposed to estimate parameters for the relative uplift distribution during continuous monitoring of user data. The mixture sequential probability ratio test is recommended to evaluate hypotheses based on sequentially received user data during online randomized experiments. Sequential hypothesis testing is an effective tool for enhancing user experience, perfecting user interface design, and boosting user click rates.  © 2025 IEEE.","Bayesian inference; data-driven e-commerce; large-scale online experiment; relative uplift; sequential analysis","Bayesian networks; Big data; Decision making; Statistical tests; User experience; User interfaces; Bayesian inference; Data driven; Data-driven e-commerce; E- commerces; Large-scale online experiment; Large-scales; On-line experiments; Online experimentations; Relative uplift; Sequential analysis; Inference engines","Conference paper","","Scopus"
"Min L.","Min, Li (57188853458)","57188853458","Design of e-commerce logistics distribution path display system based on virtual reality technology","2020","Proceedings - 2020 International Conference on Virtual Reality and Intelligent Systems, ICVRIS 2020","https://www.scopus.com/pages/publications/85116359158?origin=resultslist","Shandong College of Electronic Technology, 250014, China","Min L., Shandong College of Electronic Technology, 250014, China","At present, the timeliness of updating path information in e-commerce logistics distribution path display system is poor, which leads to a large deviation between the distribution path displayed by the system and the actual path, low system reliability, and affects the user experience. In order to solve the above problems, a virtual reality based e-commerce logistics distribution path display system is designed. Based on the hardware of the current path display system, the logistics vehicle positioning module using GIS and GPRS is designed, and the interaction between the system and users is realized by using the body sense interactive equipment and VR glasses. Based on the designed system hardware, the software part of the system is designed. According to the time difference of signal transmission, the positioning data of logistics distribution is corrected, and the 3D modeling software is used to establish the background of path display and complete the design of e-commerce logistics distribution path display. The simulation results show that the display error of the system is less than 5% and the reliability is good.  © 2020 IEEE.","Distribution path display; E-commerce logistics; System design; Virtual reality technology","3D modeling; Display devices; Reliability; Virtual reality; Display system; Distribution path display; E- commerces; E-commerce logistic; Large deviations; Logistic distributions; Path informations; System reliability; Users' experiences; Virtual reality technology; Electronic commerce","Conference paper","","Scopus"
"Sayadi M.K.; Makui A.","Sayadi, Mohammad Kazem (36992873400); Makui, Ahmad (23975046700)","36992873400; 23975046700","Optimal advertising decisions for promoting retail and online channels in a dynamic framework","2014","International Transactions in Operational Research","https://www.scopus.com/pages/publications/84905576094?origin=resultslist","Department of Industrial Engineering, Iran University of Science and Technology, Tehran, Iran","Sayadi M.K., Department of Industrial Engineering, Iran University of Science and Technology, Tehran, Iran; Makui A., Department of Industrial Engineering, Iran University of Science and Technology, Tehran, Iran","Advertising plays an important role in sales promotion in supply chains. In this paper, advertising decisions for retail and online channels respectively, by retailer and manufacturer will be analyzed. The competition between retailer and manufacturer will be modeled by differential game theory, and feedback Nash equilibrium of the game will be obtained. Some insights are provided by using comparative statics. The obtained results show that compatibility factor of a product with online marketing, difference between manufacturer's online price and wholesale price, effectiveness of advertising, marginal profits, and cost of advertising all have significant effects on the advertising decisions in the equilibrium. © 2013 International Federation of Operational Research.","Advertising; Differential game theory; E-commerce; Feedback Nash equilibrium; Online channel; Retail channel","Costs; Electronic commerce; Game theory; Manufacture; Marketing; Supply chains; Comparative statics; Differential game theory; Dynamic framework; Nash equilibria; Online channels; Optimal advertisings; Retail channel; Whole sale prices; Sales","Article","","Scopus"
"Ge Y.; Xu S.; Liu S.; Fu Z.; Sun F.; Zhang Y.","Ge, Yingqiang (57209226063); Xu, Shuyuan (57209225338); Liu, Shuchang (57209226577); Fu, Zuohui (57209224010); Sun, Fei (56898377400); Zhang, Yongfeng (36816821200)","57209226063; 57209225338; 57209226577; 57209224010; 56898377400; 36816821200","Learning Personalized Risk Preferences for Recommendation","2020","SIGIR 2020 - Proceedings of the 43rd International ACM SIGIR Conference on Research and Development in Information Retrieval","https://www.scopus.com/pages/publications/85090109034?origin=resultslist","Rutgers University, Piscataway, United States; Alibaba Group, Beijing, China","Ge Y., Rutgers University, Piscataway, United States; Xu S., Rutgers University, Piscataway, United States; Liu S., Rutgers University, Piscataway, United States; Fu Z., Rutgers University, Piscataway, United States; Sun F., Alibaba Group, Beijing, China; Zhang Y., Rutgers University, Piscataway, United States","The rapid growth of e-commerce has made people accustomed to shopping online. Before making purchases on e-commerce websites, most consumers tend to rely on rating scores and review information to make purchase decisions. With this information, they can infer the quality of products to reduce the risk of purchase. Specifically, items with high rating scores and good reviews tend to be less risky, while items with low rating scores and bad reviews might be risky to purchase. On the other hand, the purchase behaviors will also be influenced by consumers' tolerance of risks, known as the risk attitudes. Economists have studied risk attitudes for decades. These studies reveal that people are not always rational enough when making decisions, and their risk attitudes may vary in different circumstances. Most existing works over recommendation systems do not consider users' risk attitudes in modeling, which may lead to inappropriate recommendations to users. For example, suggesting a risky item to a risk-averse person or a conservative item to a risk-seeking person may result in the reduction of user experience. In this paper, we propose a novel risk-aware recommendation framework that integrates machine learning and behavioral economics to uncover the risk mechanism behind users' purchasing behaviors. Concretely, we first develop statistical methods to estimate the risk distribution of each item and then draw the Nobel-award winning Prospect Theory into our model to learn how users choose from probabilistic alternatives that involve risks, where the probabilities of the outcomes are uncertain. Experiments on several e-commerce datasets demonstrate that by taking user risk preferences into consideration, our approach can achieve better performance than many classical recommendation approaches, and further analyses also verify the advantages of risk-aware recommendation beyond accuracy. © 2020 ACM.","computational economics; personalization; prospect theory; recommender systems; risk attitudes","Consumer behavior; Electronic commerce; Probability distributions; Recommender systems; Sales; User experience; Behavioral economics; E-commerce websites; Making decision; Purchase decision; Purchasing behaviors; Quality of product; Risk distribution; Risk preference; Risk perception","Conference paper","All Open Access; Green Open Access","Scopus"
"Hou Y.; Zhao G.; Liu C.; Zu Z.; Zhu X.","Hou, Yilin (57465183500); Zhao, Guangming (57465618400); Liu, Chuanren (50161977300); Zu, Zhonglin (57345254700); Zhu, Xiaoqiang (57203391864)","57465183500; 57465618400; 50161977300; 57345254700; 57203391864","Conversion Prediction with Delayed Feedback: A Multi-task Learning Approach","2021","Proceedings - IEEE International Conference on Data Mining, ICDM","https://www.scopus.com/pages/publications/85125207614?origin=resultslist","Alibaba Group, Beijing, China; University of Tennessee, Knoxville, United States","Hou Y., Alibaba Group, Beijing, China; Zhao G., Alibaba Group, Beijing, China; Liu C., University of Tennessee, Knoxville, United States; Zu Z., Alibaba Group, Beijing, China; Zhu X., Alibaba Group, Beijing, China","Online display advertising has become a vital business for large-scale E-commerce markets. As the main goal of advertisers is to reach interested customer prospects, accurate conversion prediction is essential for successful online display advertising. A particular challenge for conversion prediction is that conversions may occur long after the click events. Such delayed feedback makes it a non-trivial task to keep conversion prediction models updated and consistent with the latest customer distribution. Although several studies have been conducted to tackle the delayed feedback issue, the relationship between the early conversion and full term conversion has not been fully exploited to improve conversion prediction. In this paper, we consider conversion prediction as a multi-task learning problem by leveraging multiple conversion labels after different observation intervals. Specifically, we propose a multi-task model with an end-to-end architecture for conversion prediction. Our approach is guided by theoretical and probabilistic analysis of the early and full term conversions. Our mixture-of-experts module can integrate distinct characteristics of input features and optimize the task-specific experts. In addition, the multiple tasks are jointly learned with a regularization term to ensure the embedding consistency between tasks and prevent potential overfitting issues. In comparison with competitive benchmarks, our approach can significantly improve conversion prediction with delayed feedback and improve business performance of online display advertising.  © 2021 IEEE.","Conversion Prediction; Delayed Feedback; Multi-task Learning; Online Display Advertising","Benchmarking; E-learning; Learning systems; Marketing; Conversion prediction; Customer distribution; Delayed feedback; Display advertisings; Large-scales; Learning approach; Multitask learning; Non-trivial tasks; Online display advertizing; Prediction modelling; Forecasting","Conference paper","","Scopus"
"Kumar R.; Dey T.; Das S.","Kumar, Rishav (59794424200); Dey, Titas (59787345300); Das, Soma (59122810700)","59794424200; 59787345300; 59122810700","Empowering Recommendations: Survey of LLM-Based Recommendation Systems","2025","2025 8th International Conference on Electronics, Materials Engineering and Nano-Technology, IEMENTech 2025","https://www.scopus.com/pages/publications/105004578108?origin=resultslist","Institute of Engineering & Management (IEM), University of Engineering & Management, Kolkata, India","Kumar R., Institute of Engineering & Management (IEM), University of Engineering & Management, Kolkata, India; Dey T., Institute of Engineering & Management (IEM), University of Engineering & Management, Kolkata, India; Das S., Institute of Engineering & Management (IEM), University of Engineering & Management, Kolkata, India","The rise of e-commerce has emphasized the importance of recommendation systems in enhancing user experiences. Traditional methods, like collaborative filtering and content-based techniques, often struggle with understanding user preferences. Large Language Models (LLMs), such as ChatGPT and GPT-4, offer a transformative approach by leveraging advanced natural language processing. This survey explores LLM-driven strategies in recommendation systems, focusing on their role in feature encoding, user-item interaction modeling, and explainability. By highlighting their ability to generate contextually relevant recommendations, we provide insights into their advantages over conventional methods and their potential for future advancements. © 2025 IEEE.","Data Distribution Network (DDN); Large Language Models (LLMs); Recommender Systems","Chatbots; Natural language processing systems; Content-based techniques; Data distribution network; Data-distribution networks; E- commerces; Language model; Large language model; Model-based OPC; Natural languages; User's preferences; Users' experiences; Recommender systems","Conference paper","","Scopus"
"Li J.; Lee S.-C.; Jeong H.-E.","Li, Jian (59651998100); Lee, Sang-Chun (57221441906); Jeong, Ha-Eun (57221438191)","59651998100; 57221441906; 57221438191","Research on the relationship between social capital and enterprise performance in supply chain environment","2020","Journal of Korea Trade","https://www.scopus.com/pages/publications/85099151199?origin=resultslist","Department of Logistics, Yancheng Teachers University, China; Department of International Trade, Jungwon University, South Korea; Department of Trade, Halla University, South Korea","Li J., Department of Logistics, Yancheng Teachers University, China; Lee S.-C., Department of International Trade, Jungwon University, South Korea; Jeong H.-E., Department of Trade, Halla University, South Korea","Purpose - The rapid rise of e-commerce enterprises has led to the development of the logistics industry. At the same time, some enterprises are motivated by the interests to start reducing costs and inputs, which on the contrary leads to low quality of service, thus reducing customer satisfaction. In recent years, vicious competition, violent express delivery and lack of professionalism in the logistics market have led to high annual customer complaint rate, which has resulted in the company losing many loyal customers, but also unable to obtain new customers. Therefore, to pay attention to and understand the psychological needs of customers and improve the quality of logistics distribution service has become a pressing problem for Every express company. Design/methodology - By analyzing the problems existing in logistics distribution of express companies, this paper explores various factors affecting customer satisfaction and takes consumer sentiment as a mediating variable. Through questionnaires to collect relevant data, put forward hypotheses for empirical analysis, use two different software including SPSS 21.0 and AMOS 21.0 to analyze the information, draw conclusions and make recommendations. Findings - According to the above research results, the reliability, convenience, efficiency, professional can have a positive impact on customer satisfaction through the mediating effect of their sentiment, convenience and professional on consumer sentiment and satisfaction are more significant. Originality/value - This paper the establishment of distribution service indicators related to customer satisfaction and empirical analysis can not only enrich and supplement the distribution service quality indicator system studied by the former, but also provide a theoretical basis for future research. © 2020 Korea Trade Research Association.","Consumer response; Customer satisfaction; Questionnaire; Spss21.0 & amos21.0","","Article","","Scopus"
"Ma Z.-G.; Ni R.-Y.; Yu K.-H.","Ma, Zhong-Gui (10044672500); Ni, Run-Yu (57219592992); Yu, Kai-Hang (57215883587)","10044672500; 57219592992; 57215883587","Recent advances, key techniques and future challenges of knowledge graph; [知识图谱的最新进展、关键技术和挑战]","2020","Gongcheng Kexue Xuebao/Chinese Journal of Engineering","https://www.scopus.com/pages/publications/85094177327?origin=resultslist","School of Computer and Communication Engineering, University of Science and Technology Beijing, Beijing, 100083, China","Ma Z.-G., School of Computer and Communication Engineering, University of Science and Technology Beijing, Beijing, 100083, China; Ni R.-Y., School of Computer and Communication Engineering, University of Science and Technology Beijing, Beijing, 100083, China; Yu K.-H., School of Computer and Communication Engineering, University of Science and Technology Beijing, Beijing, 100083, China","The Google knowledge graph is a knowledge base used by Google and its services to enhance the search engine's results with information gathered from a variety of sources. Since its inception by Google to improve users' quality of experience of the search engine, the knowledge graph has become a term that is recently ubiquitously used in medical, education, finance, e-commerce and other industries to promote artificial intelligence (AI), which evolves from perceptual intelligence to cognitive intelligence. As a branch of knowledge engineering, a knowledge graph is based on the semantic network of knowledge engineering, and it combines the latest advancements achieved in machine learning, natural language processing, knowledge representation, and inference. Both academia and industries are showing keen interest in AI, and several studies are in progress under promotion of big data. With its powerful semantic processing and open interconnection capabilities, the knowledge graph can break the data isolation in different scenarios, and can generate application value in intelligent information services such as intelligent search and recommendation, intelligent question answering, and content distribution networks, thereby making information services more intelligent. The state of the art of knowledge graph technologies is outlined by introducing a process of building a knowledge graph. A knowledge graph is a structured representation of facts, consisting of entities, relations and semantic descriptions. A comprehensive summary of the overall lifecycle technologies of the knowledge graph is provided, including knowledge extraction, knowledge fusion, knowledge reasoning, and knowledge application. But the focus is on knowledge fusion and knowledge reasoning. Entities, relations, attributes, and other knowledge elements can be extracted from existing structured, semi-structured, unstructured data sources, and websites given in encyclopedia using knowledge extraction. With knowledge fusion, the ambiguity between referential items such as entities, relations, and attributes can be eliminated, and a series of basic facts can be obtained. The final knowledge base is formed through ontology extraction, knowledge reasoning and quality evaluation. Following the three steps of knowledge extraction, knowledge fusion, and knowledge reasoning, it can iteratively update the knowledge graph and realize full process automation knowledge acquisition, such as realizing the automatic extraction, automatic association and fusion, automatic processing of fragmented Internet knowledge, and realizing automatic linking of entries and auxiliary functions of entry editing. Finally, the future directions and possible challenges of the knowledge graph are discussed. Copyright ©2020 Chinese Journal of Engineering. All rights reserved.","Knowledge engineering; Knowledge extraction and representation; Knowledge fusion; Knowledge graph; Knowledge reasoning","Data mining; Engineering education; Extraction; Graph structures; Information services; Iterative methods; Knowledge acquisition; Knowledge based systems; Knowledge management; Life cycle; Natural language processing systems; Quality of service; Search engines; Semantics; User experience; Automatic processing; Cognitive intelligence; Content distribution networks; Intelligent information services; Knowledge application; NAtural language processing; Quality of experience (QoE); Semantic descriptions; Knowledge representation","Article","","Scopus"
"Zhang X.; Tu Y.; Zhong K.","Zhang, Xubo (35147434400); Tu, Yanbin (14012350200); Zhong, Ke (36490887400)","35147434400; 14012350200; 36490887400","Are eBay’s Feedback Ratings Consistent with the Sentiments Embedded in Textual Comments? An Empirical Study","2023","Journal of Theoretical and Applied Electronic Commerce Research","https://www.scopus.com/pages/publications/85180433197?origin=resultslist","School of Economics, Wuhan Polytechnic University, Wuhan, 430048, China; Rockwell School of Business, Robert Morris University, Pittsburgh, 15108, PA, United States; College of Business, Central Washington University, Lynnwood, 98036, WA, United States","Zhang X., School of Economics, Wuhan Polytechnic University, Wuhan, 430048, China; Tu Y., Rockwell School of Business, Robert Morris University, Pittsburgh, 15108, PA, United States; Zhong K., College of Business, Central Washington University, Lynnwood, 98036, WA, United States","eBay’s feedback rating system is currently widely used. In this study, we examine if eBay’s feedback rating types (+, 0, −) are consistent with the sentiments reflected in the textual comments posted by buyers. Using the datasets collected from eBay, we test the hypotheses associated with the research questions at three levels: individual, group, and total. Overall, the types of feedback ratings are consistent with the sentiments embedded in the textual comments. However, there are some issues with eBay’s current feedback rating system: (1) at the individual level, the correlation coefficient between the ratings and the comments’ sentiments is low at 0.4311 (<0.5). While the three types of ratings are symmetric, like (−1, 0, +1), buyers’ textual comments have asymmetric distributions of sentiments among these three types. The three simple feedback ratings (+, 0, −) are not fully aligned with the sentiments revealed in the textual comments posted by buyers. We propose expanding the current three ratings into five ratings such as (−2, −1, 0, +1, +2), which might help remedy the issue. We contribute to the literature by tapping into this less-studied area vital to improving the online marketplace’s efficiency. © 2023 by the authors.","e-commerce; feedback rating system; sentiment analysis; system improvement","","Article","All Open Access; Gold Open Access; Green Open Access","Scopus"
"Dash A.; Chakraborty A.; Ghosh S.; Mukherjee A.; Gummadi K.P.","Dash, Abhisek (57209603470); Chakraborty, Abhijnan (36069014800); Ghosh, Saptarshi (56004548600); Mukherjee, Animesh (57203731567); Gummadi, Krishna P. (6507779856)","57209603470; 36069014800; 56004548600; 57203731567; 6507779856","FaiRIR: Mitigating Exposure Bias From Related Item Recommendations in Two-Sided Platforms","2023","IEEE Transactions on Computational Social Systems","https://www.scopus.com/pages/publications/85129680615?origin=resultslist","Iit Kharagpur, Department of Computer Science and Engineering, Kharagpur, 721302, India; Iit Delhi, Department of Computer Science and Engineering, New Delhi, 110016, India; Max Planck Institute for Software Systems, Saarbrucken, 66123, Germany","Dash A., Iit Kharagpur, Department of Computer Science and Engineering, Kharagpur, 721302, India; Chakraborty A., Iit Delhi, Department of Computer Science and Engineering, New Delhi, 110016, India; Ghosh S., Iit Kharagpur, Department of Computer Science and Engineering, Kharagpur, 721302, India; Mukherjee A., Iit Kharagpur, Department of Computer Science and Engineering, Kharagpur, 721302, India; Gummadi K.P., Max Planck Institute for Software Systems, Saarbrucken, 66123, Germany","Related item recommendations (RIRs) are ubiquitous in most online platforms today, including e-commerce and content streaming sites. These recommendations not only help users compare items related to a given item but also play a major role in bringing traffic to individual items, thus deciding the exposure that different items receive. With a growing number of people depending on such platforms to earn their livelihood, it is important to understand whether different items are receiving their desired exposure. To this end, our experiments on multiple real-world RIR datasets reveal that the existing RIR algorithms often result in very skewed exposure distribution of items, and the quality of items is not a plausible explanation for such skew in exposure. To mitigate this exposure bias, we introduce multiple flexible interventions [fair related item recommendation (FaiRIR)] in the RIR pipeline. We instantiate these mechanisms with two well-known algorithms for constructing RIRs - rating singular value decomposition (SVD) and item2vec - and show on real-world data that our mechanisms allow for a fine-grained control on exposure distribution, often at a small or no cost in terms of recommendation quality, measured in terms of relatedness and user satisfaction.  © 2014 IEEE.","Exposure bias; fair related item recommendation (FaiRIR); related item recommendation (RIR); two-sided platforms","Data mining; Electronic commerce; Singular value decomposition; Space platforms; Space research; Video on demand; Exposure bias; Exposure distribution; Fair related item recommendation; Matrix decomposition; Real-world; Related item recommendation; Space explorations; Teleportation; Two-sided platform.; Two-sided platforms; Pipelines","Article","","Scopus"
"Effendi F.S.; Alfina I.","Effendi, Farah Shafira (57191245872); Alfina, Ika (55867324700)","57191245872; 55867324700","Quality evaluation of airline's e-commerce website, a case study of AirAsia and Lion Air websites","2014","Proceedings - ICACSIS 2014: 2014 International Conference on Advanced Computer Science and Information Systems","https://www.scopus.com/pages/publications/84988273885?origin=resultslist","Faculty of Computer Science, Universitas Indonesia, Indonesia","Effendi F.S., Faculty of Computer Science, Universitas Indonesia, Indonesia; Alfina I., Faculty of Computer Science, Universitas Indonesia, Indonesia","Airline industries utilize e-commerce website as one way to offer services. The website creates a new area of competition between the airlines, i.e. comparative qualities among their e-commerce websites. This research aims to develop a framework which can be used to evaluate the quality of airline's e-commerce website. Furthermore, this research also compares the quality of e-commerce website between AirAsia and Lion Air. The evaluation is based on five quality aspects, i.e. information quality, service interaction quality, usability, website design and playfulness/enjoyment. The evaluation was conducted using two survey methods, direct observation and questionnaire distribution. Wilcoxon Signed-Rank Test Method was used in this research to process data from questionnaire spreadsheets. Analysis result showed that from five quality aspects, AirAsia's website outperformed Lion Air's website. © 2014 IEEE.","","Air transportation; Commerce; Electronic commerce; Surveys; Testing; Websites; Airline industry; Direct observations; E-commerce websites; Information quality; Quality evaluation; Service interaction; Web site design; Wilcoxon signed rank test; Quality control","Conference paper","","Scopus"
"Carlucci D.; De Gennaro B.; Roselli L.; Seccia A.","Carlucci, Domenico (55600898400); De Gennaro, Bernardo (57220781167); Roselli, Luigi (36162548200); Seccia, Antonio (54407927800)","55600898400; 57220781167; 36162548200; 54407927800","E-commerce retail of extra virgin olive oil: An hedonic analysis of Italian Smes supply","2014","British Food Journal","https://www.scopus.com/pages/publications/84924388814?origin=resultslist","Department of Agriculture and Environmental Science, University of Bari “Aldo Moro”, Bari, Italy","Carlucci D., Department of Agriculture and Environmental Science, University of Bari “Aldo Moro”, Bari, Italy; De Gennaro B., Department of Agriculture and Environmental Science, University of Bari “Aldo Moro”, Bari, Italy; Roselli L., Department of Agriculture and Environmental Science, University of Bari “Aldo Moro”, Bari, Italy; Seccia A., Department of Agriculture and Environmental Science, University of Bari “Aldo Moro”, Bari, Italy","Purpose - The purpose of this paper is to analyse the relationship between the price of extra virgin olive (EVO) oil and its main quality attributes, in the specific case of business-to-consumers electronic commerce (B2C EC) channel. The final objective is to provide useful insights for small and medium-sized enterprises (SMEs) interested in online selling of EVO. Design/methodology/approach - A hedonic price model was estimated considering the following attributes: packaging, cultivar composition, organic certification, oil extraction method, origin certification and localization of selling firms. A survey was performed in 2012 considering 169 virtual stores of SMEs (farms, mills and bottlers) located in all the main Italian olive-growing areas. A data set of 667 references was used to estimate the implicit prices of considered attributes. Findings - The EVOs sold through virtual stores are highly differentiated on the basis of several quality attributes among which the most important is the certification of origin (protected denominations of origin/protected geographical indication). Therefore the firm location could generate considerable advantages or disadvantages in adopting a B2C EC strategy. Research limitations/implications - Future researches should develop a comparison between the premium prices and costs associated to each attribute in order to find the best product differentiation strategy. An accurate analysis about the implementation and management costs of EC systems as well as an examination of interactions between online and offline sale channels is needed. It would be useful to compare the manufacturer direct sell business model with other business model. Originality/value - Few studies applied the hedonic price model to analyse the retail olive oil market. Nevertheless, no studies have analysed the market of EVO sold in virtual shops. © Emerald Group Publishing Limited.","Country of origin; Distribution channels; EC; Home shopping; Oil; Small- to medium-sized enterprises","","Article","","Scopus"
"Ding Y.","Ding, Yiyuan (57221013756)","57221013756","Analysis of operation and maintenance of power distribution network management technology under the background of big data era","2020","Advances in Intelligent Systems and Computing","https://www.scopus.com/pages/publications/85079557375?origin=resultslist","State Grid State Grid International Development Co., Ltd., Beijing, 100031, China","Ding Y., State Grid State Grid International Development Co., Ltd., Beijing, 100031, China","The emergence of the Internet has brought tremendous changes to the global economy and society. The emergence of e-commerce has pushed the world to enter the era of network business faster. The great changes in big data to enterprises require power companies to reform traditional financial management methods through corresponding measures. Accelerate the implementation of digital management. Power distribution network management is an important part of strengthening user electricity consumption experience and promoting the development of power enterprises. Power companies should pay attention to the problems existing in power distribution network management, improve the technical level of power distribution network management, and ensure the power supply stability of power systems. This paper explores the problems existing in the domestic power distribution network management under the background of the big data era, and explores the operation and maintenance measures of the power distribution network management technology. © Springer Nature Singapore Pte Ltd. 2020.","Big data era; Maintenance; Management technology; Operation; Power distribution network","Advanced Analytics; Big data; Electric network analysis; Electric power systems; Electric utilities; Embedded systems; Maintenance; Network management; Smart city; User experience; Corresponding measures; Electricity-consumption; Financial managements; Management technologies; Operation; Operation and maintenance; Power distribution network; Power supply stability; Information management","Conference paper","","Scopus"
"Jitsakul W.; Meesad P.; Sodsee S.","Jitsakul, Watchreewan (55387040200); Meesad, Phayung (6603067787); Sodsee, Sunantha (26029604900)","55387040200; 6603067787; 26029604900","Enhancing comment Feedback classification using text classifiers with word centrality measures","2017","Proceeding of 2017 2nd International Conference on Information Technology, INCIT 2017","https://www.scopus.com/pages/publications/85049590184?origin=resultslist","Research Support Unit, Faculty of Information Technology, King Mongkuts University of Technology North Bangkok, Bangkok, Thailand; Department of Information Technology Management, Faculty of Information Technology, King Mongkuts University of Technology North Bangkok, Bangkok, Thailand; Department of Data Communication and Networking, Faculty of Information Technology, King Mongkuts University of Technology North Bangkok, Bangkok, Thailand","Jitsakul W., Research Support Unit, Faculty of Information Technology, King Mongkuts University of Technology North Bangkok, Bangkok, Thailand; Meesad P., Department of Information Technology Management, Faculty of Information Technology, King Mongkuts University of Technology North Bangkok, Bangkok, Thailand; Sodsee S., Department of Data Communication and Networking, Faculty of Information Technology, King Mongkuts University of Technology North Bangkok, Bangkok, Thailand","This paper presents a novelty of item's feedback classification in e-commerce systems. This proposed work is developed based on a combination between a text classifier and word centrality measures. Herein, the item's feedback means comments written by customers to the purchased items, which are classified into positive or negative comments. In this work, the suitable text classifier is selected from four major types of classification: Rule-based, Tree structure-based, Probability-based, and Learning-based, which are Conjunctive Rule, Random Forest, Bayesian Logistic Regression, and Support Vector Machine, respectively. In this work, the classifiers are used for identifying the feedbacks in the probability distribution value [0, 1]. On the other hand, items' feedbacks are also represented by a graph, which is presenting a relationship among words. As well as, centrality measures are applied to determine each contained word centrality, and finalize to a probability centrality in [0, 1]. Both probability distribution and probability centrality, here, are applied to classify the item's feedback to positive or negative comments. The simulation results showed that the proposed classification method was efficient to classify three benchmark datasets, compared to other existing approaches with an average of classification accuracy 80.9%. © 2017 IEEE.","Classification of Items Feedback; Electronic Commerce; Text Classifier; Word Centrality Measure","Decision trees; Electronic commerce; Probability distributions; Support vector machines; Taxonomies; Benchmark datasets; Centrality measures; Classification accuracy; Classification methods; E-commerce systems; Feedback classification; Logistic regressions; Text classifiers; Text processing","Conference paper","","Scopus"
"Lacoche J.; Duval T.; Arnaldi B.; Maisel E.; Royan J.","Lacoche, Jeremy (56780188600); Duval, Thierry (55931172200); Arnaldi, Bruno (6603383416); Maisel, Eric (6506846461); Royan, Jerome (23101034500)","56780188600; 55931172200; 6603383416; 6506846461; 23101034500","A survey of plasticity in 3D user interfaces","2014","2014 IEEE 7th Workshop on Software Engineering and Architectures for Realtime Interactive Systems, SEARIS 2014","https://www.scopus.com/pages/publications/84988299583?origin=resultslist","IRT Bcom, France; Université de Rennes 1, IRT Bcom, France; INSA de Rennes, IRT Bcom, France; ENIB, IRT Bcom, France","Lacoche J., IRT Bcom, France; Duval T., Université de Rennes 1, IRT Bcom, France; Arnaldi B., INSA de Rennes, IRT Bcom, France; Maisel E., ENIB, IRT Bcom, France; Royan J., IRT Bcom, France","Plasticity of 3D user interfaces refers to their capabilities to automatically fit to a set of hardware and environmental constraints. This area of research has already been deeply explored in the domain of traditional 2D user interfaces. Besides, during the last decade, interest in 3D user interfaces has grown. Designers find with 3D user interfaces new ways to promote and interact with data, such as e-commerce websites, scientific data visualization, etc. Because of the wide variety of Virtual Reality (VR) and Augmented Reality (AR) applications in terms of hardware, data and target users, there is a real interest in solutions for automatic adaption in order to improve the user experience in any context while reducing the development costs. An adaptation is performed in reaction to different criteria defining a system such as the targeted hardware platform, the user's context and the structure and the semantic of the manipulated data. This adaptation can then impact the system in different ways, especially content presentation, interaction techniques modifications and eventually the current distribution of the system across a set of available devices. We present the state of the art about plastic 3D user interfaces. Moreover, we present well known methods in the field of 2D user interfaces that could become relevant for 3D user interfaces. With this survey, we show that current solutions do not meet all plasticity requirements. That is why we propose an action plan to meet these requirements. © 2014 IEEE.","-[H.5.1]: Information interfaces and presentation-Multimedia Information Systems Artificial; A.1 [Introductory and Survey]:; and virtual realities; augmented; H.5.2 [Information interfaces and presentation]: User Interfaces-Graphical user interfaces (GUI)","Augmented reality; Data visualization; Graphical user interfaces; Hardware; Interface states; Plasticity; Semantics; Software engineering; Surveys; Three dimensional computer graphics; Virtual reality; Web Design; augmented; Current distribution; Environmental constraints; H.5.2 [information interfaces and presentation]: user interfaces - graphical user interface (GUI); Interaction techniques; Introductory and Survey; Multimedia information systems-artificial; Scientific data visualization; User interfaces","Conference paper","All Open Access; Green Open Access","Scopus"
"Chen S.; Zhao Y.","Chen, Shuai (59354702700); Zhao, Yang (56192958200)","59354702700; 56192958200","Say-one-thing-and-mean-another consumers? A multi-method study of functional demand mismatch in e-commerce AI assistants","2026","Journal of Retailing and Consumer Services","https://www.scopus.com/pages/publications/105018887736?origin=resultslist","School of Information Management, Wuhan University, China, Wuhan, 430072, China","Chen S., School of Information Management, Wuhan University, China, Wuhan, 430072, China; Zhao Y., School of Information Management, Wuhan University, China, Wuhan, 430072, China","With the widespread adoption of large language models (LLMs) and natural language processing (NLP) technologies, AI assistants have become a crucial module for enhancing user experience and service intelligence on e-commerce platforms. Despite their growing presence, the development of AI assistant functions is still predominantly technology-driven, leading to a misalignment with user expectations. To address this issue, this study proposes a multi-source data integration framework that combines BERTopic-based topic modeling, semantic embedding mapping, and a MaxDiff user preference experiment. Drawing on large-scale user review data and subjective experimental responses, the study identifies and quantifies the importance distribution of eight categories of AI assistant functions from both “objective demand” and “subjective preference” perspectives, and analyzes significant discrepancies based on the positive and negative medians of Diff values. Building on this analysis, the study introduces a two-fold functional classification: (1) Foundational Functions, such as 24/7 response and customer service orchestration, which are highly relied upon in practice but underappreciated by users—functions that are typically recognized only when they fail; and (2) Growth-Oriented Functions, such as intelligent pricing, which exhibit strong user preference but limited system-level emphasis, reflecting unmet demands for personalized and intelligent services. This classification offers a practical and data-driven basis for aligning AI functionality with user needs, optimizing resource allocation, and prioritizing function development. It also provides theoretical and engineering insights for guiding e-commerce platforms from technology-centric development toward a user-driven innovation paradigm. © 2025 Elsevier Ltd","BERTopic; E-Commerce AI assistant; MaxDiff","artificial intelligence; consumption behavior; electronic commerce; experimental study; information and communication technology; quantitative analysis; resource allocation; retailing","Article","","Scopus"
"Rana M.; Gadde S.S.","Rana, Milankumar (60058395200); Gadde, Sakhita Sree (60206817200)","60058395200; 60206817200","Designing an AIOps (Artificial Intelligent Operations) Framework for Energy-Efficient IT Operations: A Case Study on Cloud Computing Environment","2025","Proceedings of 2025 IEEE International Symposium on Future Telecommunication Technologies, SOFTT 2025","https://www.scopus.com/pages/publications/105022606571?origin=resultslist","University of the Cumberlands, Williamsburg, United States; College Station, United States","Rana M., University of the Cumberlands, Williamsburg, United States; Gadde S.S., College Station, United States","This study looks at using AI and quantum computing to increase the security and efficiency of financial transactions. The suggested system's hybrid architecture enables autonomous agents to work together to make decisions. Computer performance is enhanced and accelerated by quantum techniques. Grover's algorithm speeds up the process of finding the best solution and confirming transactions. Quantum key distribution (QKD) protocols are designed to be impenetrable and protect data. Agent-based utility models are even more flexible and scalable because they can adapt to the needs of the operational environment. The design places a high value on adaptability, ease of installation across multiple platforms, and compatibility with other systems. It has a cloud-friendly design. Real-world testing demonstrates that the new techniques are far more effective than the previous ones. They reduced transaction throughput by 64%, vulnerability exposure by 89%, and processing time by 42%. Additionally, user experience research indicates that when they are not required to assist as much, people are 37% more likely to complete a transaction. The findings demonstrate that the application of agent-driven systems to the development of business and e-commerce platforms can be altered by quantum technology. Future development of new digital transaction ecosystems will be made easier by the suggested solution, which concurrently addresses security, adaptability, and operational efficiency.  © 2025 IEEE.","Aiops; cloud computing; energy efficiency; green computing; it operations; machine learning; predictive analytics; resource optimization; sustainable it","Artificial intelligence; Autonomous agents; Electronic commerce; Green computing; Network security; Quantum computers; Quantum cryptography; Quantum theory; Aiops; Artificial intelligent; Cloud-computing; Energy; Energy efficient; Intelligent operations; It operation; Machine-learning; Resources optimization; Sustainable it; Cloud computing; Energy efficiency","Conference paper","","Scopus"
"Thitimajshima W.; Esichaikul V.; Krairit D.","Thitimajshima, Wiyada (57193136064); Esichaikul, Vatcharaporn (35606204300); Krairit, Donyaprueth (12792836200)","57193136064; 35606204300; 12792836200","A framework to identify factors affecting the performance of third-party B2B e-marketplaces: A seller’s perspective","2018","Electronic Markets","https://www.scopus.com/pages/publications/85018353693?origin=resultslist","Computer Science and Information Management Program, School of Engineering and Technology, Asian Institute of Technology, Klong Luang, Thailand; School of Management, Asian Institute of Technology, Klong Luang, Thailand","Thitimajshima W., Computer Science and Information Management Program, School of Engineering and Technology, Asian Institute of Technology, Klong Luang, Thailand; Esichaikul V., Computer Science and Information Management Program, School of Engineering and Technology, Asian Institute of Technology, Klong Luang, Thailand; Krairit D., School of Management, Asian Institute of Technology, Klong Luang, Thailand","This study conducted exploratory research to determine factors affecting the performance of third-party B2B e-marketplaces from a seller’s perspective. Building on the relevant literature, ten factors were proposed and mapped into the domain-specific model for e-marketplaces. The performance of e-marketplaces was measured in terms of customer loyalty and trading volume. The proposed model was tested on data from 200 selling companies in Thailand participating in various third-party B2B e-marketplaces. The exploratory factor analysis generated seven factors. Partial least squares structural equation modeling was employed to test the research model. There were three major findings. First, the reputation of e-marketplace and trust in market makers, as well as transaction cost reduction and website usability, had significant effects on customer loyalty. Second, website reliability had a positive impact on trading volume. Finally, the relative advantage and number of buyers had significant effects on both customer loyalty and trading volume. These findings reveal factors previously unreported in the literature on e-marketplaces, and they can be used by practitioners to improve performance. © 2017, Institute of Applied Informatics at University of Leipzig.","B2B e-commerce; B2B e-marketplaces; Business-to-business; Electronic marketplace; Performance","","Article","","Scopus"
"Xin X.; Liu X.; Wang H.; Ren P.; Chen Z.; Lei J.; Shi X.; Luo H.; Jose J.M.; de Rijke M.; Ren Z.","Xin, Xin (57214436254); Liu, Xiangyuan (57224593804); Wang, Hanbing (57945039500); Ren, Pengjie (56181249600); Chen, Zhumin (15749859500); Lei, Jiahuan (57212528402); Shi, Xinlei (57871577900); Luo, Hengliang (57190494873); Jose, Joemon M. (7102211799); de Rijke, Maarten (54790525600); Ren, Zhaochun (53985046100)","57214436254; 57224593804; 57945039500; 56181249600; 15749859500; 57212528402; 57871577900; 57190494873; 7102211799; 54790525600; 53985046100","Improving Implicit Feedback-Based Recommendation through Multi-Behavior Alignment","2023","SIGIR 2023 - Proceedings of the 46th International ACM SIGIR Conference on Research and Development in Information Retrieval","https://www.scopus.com/pages/publications/85168683187?origin=resultslist","Shandong University, Qingdao, China; Meituan, Beijing, China; University of Glasgow, London, United Kingdom; University of Amsterdam, Amsterdam, Netherlands","Xin X., Shandong University, Qingdao, China; Liu X., Shandong University, Qingdao, China; Wang H., Shandong University, Qingdao, China; Ren P., Shandong University, Qingdao, China; Chen Z., Shandong University, Qingdao, China; Lei J., Meituan, Beijing, China; Shi X., Meituan, Beijing, China; Luo H., Meituan, Beijing, China; Jose J.M., University of Glasgow, London, United Kingdom; de Rijke M., University of Amsterdam, Amsterdam, Netherlands; Ren Z., Shandong University, Qingdao, China","Recommender systems that learn from implicit feedback often use large volumes of a single type of implicit user feedback, such as clicks, to enhance the prediction of sparse target behavior such as purchases. Using multiple types of implicit user feedback for such target behavior prediction purposes is still an open question. Existing studies that attempted to learn from multiple types of user behavior often fail to: (i) learn universal and accurate user preferences from different behavioral data distributions, and (ii) overcome the noise and bias in observed implicit user feedback. To address the above problems, we propose multi-behavior alignment (MBA), a novel recommendation framework that learns from implicit feedback by using multiple types of behavioral data. We conjecture that multiple types of behavior from the same user (e.g., clicks and purchases) should reflect similar preferences of that user. To this end, we regard the underlying universal user preferences as a latent variable. The variable is inferred by maximizing the likelihood of multiple observed behavioral data distributions and, at the same time, minimizing the Kullback-Leibler divergence (KL-divergence) between user models learned from auxiliary behavior (such as clicks or views) and the target behavior separately. MBA infers universal user preferences from multi-behavior data and performs data denoising to enable effective knowledge transfer. We conduct experiments on three datasets, including a dataset collected from an operational e-commerce platform. Empirical results demonstrate the effectiveness of our proposed method in utilizing multiple types of behavioral data to enhance the prediction of the target behavior. © 2023 Copyright held by the owner/author(s). Publication rights licensed to ACM.","Implicit feedback recommendation; Multi-behavior recommendation; Recommendation denoising; Transfer learning","Behavioral research; Electronic commerce; Knowledge management; Recommender systems; User profile; Behavioral data; De-noising; Implicit feedback; Implicit feedback recommendation; Learn+; Multi-behavior recommendation; Recommendation denoising; Transfer learning; User feedback; User's preferences; Forecasting","Conference paper","All Open Access; Green Open Access","Scopus"
"Lakshmi Pavani M.; Bhanu Prakash A.V.; Shwetha Koushik M.S.; Amudha J.; Jyotsna C.","Lakshmi Pavani, M. (57205206260); Bhanu Prakash, A.V. (57205207811); Shwetha Koushik, M.S. (57205204241); Amudha, J. (35766448700); Jyotsna, C. (57193578958)","57205206260; 57205207811; 57205204241; 35766448700; 57193578958","Navigation through eye-tracking for human–computer interface","2019","Smart Innovation, Systems and Technologies","https://www.scopus.com/pages/publications/85059065764?origin=resultslist","Department of Computer Science & Engineering, Amrita School of Engineering, Amrita Vishwa Vidyapeetham, Bengaluru, India","Lakshmi Pavani M., Department of Computer Science & Engineering, Amrita School of Engineering, Amrita Vishwa Vidyapeetham, Bengaluru, India; Bhanu Prakash A.V., Department of Computer Science & Engineering, Amrita School of Engineering, Amrita Vishwa Vidyapeetham, Bengaluru, India; Shwetha Koushik M.S., Department of Computer Science & Engineering, Amrita School of Engineering, Amrita Vishwa Vidyapeetham, Bengaluru, India; Amudha J., Department of Computer Science & Engineering, Amrita School of Engineering, Amrita Vishwa Vidyapeetham, Bengaluru, India; Jyotsna C., Department of Computer Science & Engineering, Amrita School of Engineering, Amrita Vishwa Vidyapeetham, Bengaluru, India","Vision Buy is a productive tool in enhancing the user experience of e-commerce Web sites. The consumer has the ability to purchase anything at anytime from anywhere through their visual attention and eye movements. The process of analysis typically involves examining the characteristics and patterns of visual attention during the online shopping process. The selection of the product based on the consumer’s eye movements is done by adopting the principle of attention distribution, which refers to the percentage of time visually allocated to each category of product available on the webpage. This data will be analyzed based on gaze points, and based on these selections, it enables users to navigate through the webpages. Thus, it is an ensuing product for any e-commerce web application. © Springer Nature Singapore Pte Ltd. 2019.","Calibration; Fixation; Gaze points; Heat map; Scan path","Behavioral research; Calibration; Data communication systems; Electronic commerce; Eye movements; Intelligent systems; Nitrogen fixation; Websites; Gaze point; Heat maps; Online shopping; Productive tools; Scan path; User experience; Visual Attention; WEB application; Eye tracking","Conference paper","","Scopus"
"Liu Y.; Wang Y.","Liu, Yuxin (55869737100); Wang, Ying (60164418700)","55869737100; 60164418700","Solving the Multi-Objective Vehicle Routing Problem with Parcel Lockers","2025","SAE Technical Papers","https://www.scopus.com/pages/publications/105020387931?origin=resultslist","Shanghai Maritime University, China","Liu Y., Shanghai Maritime University, China; Wang Y., Shanghai Maritime University, China","With the development of e-commerce and urbanization, logistics distribution has become a key challenge in improving traffic management and efficiency. The use of parcel lockers can alleviate delivery pressure, enhance user experience, and reduce costs. This paper investigates the Multi-Objective Vehicle Routing Problem with Parcel Lockers (MOVRPPL), aiming to optimize transportation costs, customer satisfaction, and the number of vehicles to improve resource utilization. Based on the Non-dominated Sorting Genetic Algorithm II (NSGA-II), this paper proposes the NSGA-II-NI algorithm, which incorporates the nearest neighbor crossover algorithm and route optimization to approximate the Pareto optimal solution set. Experiments using the Solomon dataset are conducted, and the performance is evaluated using the Inverted Generational Distance (IGD) and Hypervolume (HV), compared with the state-of-the-art algorithm NSGA-II-HI. The experimental results show that our method achieves a better balance among multiple objectives, significantly reducing transportation costs and the number of vehicles while enhancing customer satisfaction and providing superior solutions.  © 2025 SAE International. All Rights Reserved.","","Cost reduction; Multiobjective optimization; Routing algorithms; Traffic control; User experience; Vehicle routing; Vehicles; Customers' satisfaction; E- commerces; Logistic distributions; Multi objective; Non dominated sorting genetic algorithm ii (NSGA II); Number of vehicles; Traffic efficiency; Traffic management; Transportation cost; Vehicle Routing Problems; Pareto principle","Conference paper","","Scopus"
"Chugh K.; Kantanantha N.","Chugh, Krisda (58066213900); Kantanantha, Nantachai (35751316400)","58066213900; 35751316400","Enhancing Traditional Trade Through a Market Basket Analysis-Based Recommendation System","2026","Engineering Journal","https://www.scopus.com/pages/publications/105033277438?origin=resultslist","Department of Industrial Engineering, Faculty of Engineering, Chulalongkorn University, Bangkok, 10330, Thailand","Chugh K., Department of Industrial Engineering, Faculty of Engineering, Chulalongkorn University, Bangkok, 10330, Thailand; Kantanantha N., Department of Industrial Engineering, Faculty of Engineering, Chulalongkorn University, Bangkok, 10330, Thailand","Traditional trade businesses in Thailand are increasingly challenged by the rapid growth of modern e-commerce. This study aims to strengthen the competitiveness of wholesalers and retailers in traditional trade by developing and implementing a market basket analysis-based recommendation system. The system applies association rule mining to generate tailored product suggestions based on purchasing patterns, rather than relying on top-selling products. It was integrated into an existing B2B e-commerce platform serving 1,168 retailers and 45 wholesalers. The system’s performance was evaluated using key business metrics, including order behavior, product diversity, sales value, and retailer satisfaction, and the association rules were generated from transaction data collected between January 2021 and March 2022. After implementation, the proportion of orders containing recommended products increased by 64%, and the diversity of recommended products rose by 1,060%, showing that the system broadened exposure to items that were previously rarely purchased. The total value of recommended product purchases grew by 34%. Additionally, a Net Promoter Score of 55% indicated strong user satisfaction. These results demonstrate that a data-driven recommendation system can significantly enhance engagement, product exposure, and revenue in traditional trade environments. The findings underscore the potential for association rule mining to support digital transformation in sectors with limited access to advanced analytics. © 2026, Chulalongkorn University, Faculty of Fine and Applied Arts. All rights reserved.","association rule mining; e-commerce platform; market basket analysis; Recommendation system; traditional trade","","Article","","Scopus"
"Li Y.; Zhou P.-D.","Li, Yang (57192529762); Zhou, Pei-Duan (43262160400)","57192529762; 43262160400","Research on B2B e-commerce site information architecture based on user experience","2011","2011 International Conference on E-Business and E-Government, ICEE2011 - Proceedings","https://www.scopus.com/pages/publications/79960398992?origin=resultslist","School of Management, Shanghai University, Shanghai, China","Li Y., School of Management, Shanghai University, Shanghai, China; Zhou P.-D., School of Management, Shanghai University, Shanghai, China","User analysis is the premise of website information architecture. While ultimate purpose of website information architecture is to achieve a good user experience. This article expounds the theory of user experience and information architecture, and then discusses the model of B2B e-commerce site information architecture based on user experience. In the whole process of information architecture, the model emphasizes that user analysis is the foundation of information architecture, and the user experience is the criterion of evaluate information architecture. © 2011 IEEE.","information architecture; user analysis; user experience","Architecture; Electronic commerce; Government data processing; Information retrieval; Information science; B2B e-commerce; Information architectures; user analysis; User experience; Whole process; Knowledge management","Conference paper","","Scopus"
"Fu H.; Qin Z.; Yang S.; Zhang H.; Lu B.; Li S.; Huang T.; Lui J.C.S.","Fu, Haoyan (58534119900); Qin, Zhida (57193645705); Yang, Shixiao (59446836700); Zhang, Haoyao (60072270300); Lu, Bin (57219876561); Li, Shuang (57188809539); Huang, Tianyu (14831458200); Lui, John C.S. (7007064465)","58534119900; 57193645705; 59446836700; 60072270300; 57219876561; 57188809539; 14831458200; 7007064465","Time Matters: Enhancing Sequential Recommendations with Time-Guided Graph Neural ODEs","2025","Proceedings of the ACM SIGKDD International Conference on Knowledge Discovery and Data Mining","https://www.scopus.com/pages/publications/105014313425?origin=resultslist","Beijing Institute of Technology, Beijing, China; Shanghai Jiao Tong University, Shanghai, China; Beihang University, Beijing, China; The Chinese University of Hong Kong, Hong Kong; Guangdong Laboratory of Artificial Intelligence and Digital Economy (SZ), China","Fu H., Beijing Institute of Technology, Beijing, China, Guangdong Laboratory of Artificial Intelligence and Digital Economy (SZ), China; Qin Z., Beijing Institute of Technology, Beijing, China; Yang S., Beijing Institute of Technology, Beijing, China; Zhang H., Beijing Institute of Technology, Beijing, China; Lu B., Shanghai Jiao Tong University, Shanghai, China; Li S., Beihang University, Beijing, China; Huang T., Beijing Institute of Technology, Beijing, China; Lui J.C.S., The Chinese University of Hong Kong, Hong Kong","Sequential recommendation (SR) is widely deployed in e-commerce platforms, streaming services, etc., revealing significant potential to enhance user experience. The core of SR lies in exploring the sequential relationships in historical user-item interactions. However, existing methods often overlook two critical factors: irregular user interests between interactions and highly uneven item distributions over time. The former factor implies that actual user preferences are not always continuous, and long-term historical interactions may not be relevant to current purchasing behavior. Therefore, relying only on these historical interactions for recommendations may result in a lack of user interest at the target time. The latter factor, characterized by peaks and valleys in interaction frequency, may result from seasonal trends, special events, or promotions. These externally driven distributions may not align with individual user interests, leading to inaccurate recommendations. To address these deficiencies, we propose TGODE to both enhance and capture the long-term historical interactions. Specifically, we first construct the user time graph and item evolution graph, which utilize user personalized preferences and global item distribution information, respectively. To tackle the temporal sparsity caused by irregular user interactions, we design a time-guided diffusion generator to automatically obtain an augmented time-aware user graph. Additionally, we devise a user interest truncation factor to efficiently identify sparse time intervals and achieve balanced preference inference. After that, the augmented user graph and item graph are fed into a generalized graph neural ordinary differential equation (ODE) to align with the evolution of user preferences and item distributions. This allows two patterns of information evolution to be matched over time. Experimental results demonstrate that TGODE outperforms baseline methods across five datasets, with improvements ranging from 10% to 46%. The code is available at https://github.com/Qin-lab-code/TGODE. © 2025 ACM.","diffusion model; graph neural networks; neural ordinary differential equation; sequential recommendation","Behavioral research; Electronic commerce; Graph neural networks; User experience; User profile; Commerce platforms; Diffusion model; E- commerces; Graph neural networks; Neural ordinary differential equation; Sequential recommendation; Streaming service; User's preferences; Users' experiences; Users' interests; Ordinary differential equations","Conference paper","","Scopus"
"Taneja O.; Alpana K.R.S.; Rathod D.C.; Anaum Fathima M.R.; Vishalakshi Prabhu H.","Taneja, Oneeka (59542352600); Alpana, Kuppili Raja Satya (59542572600); Rathod, Deepa C. (59542572700); Anaum Fathima, M.R. (59542515600); Vishalakshi Prabhu, H. (57194198735)","59542352600; 59542572600; 59542572700; 59542515600; 57194198735","Unraveling Customer Sentiment in Indian Fashion E-Commerce: A BERT-Based Approach","2024","8th IEEE International Conference on Computational System and Information Technology for Sustainable Solutions, CSITSS 2024","https://www.scopus.com/pages/publications/85216933161?origin=resultslist","R. V. College of Engineering, Bangalore, India; R. V. College of Engineering, Dept. of Computer Science, Bangalore, India","Taneja O., R. V. College of Engineering, Bangalore, India; Alpana K.R.S., R. V. College of Engineering, Bangalore, India; Rathod D.C., R. V. College of Engineering, Bangalore, India; Anaum Fathima M.R., R. V. College of Engineering, Bangalore, India; Vishalakshi Prabhu H., R. V. College of Engineering, Dept. of Computer Science, Bangalore, India","With the surge of e-commerce growth in India, it has become very necessary for brands to understand the sentiments of customers so that they can improve their offerings and remain in competition. In this study, the transformer-based model, namely BERT is used for conducting sentiment analysis of customer reviews related to famous Indian clothing brands such as Myntra, Ajio and Tata Cliq. Our research utilizes BERT contextual embeddings for the capture of opinions and emotions in customer feedback. In this paper, we will look to prove the efficiency of BERT in sentiment classification regarding Indian fashion e-commerce by analyzing a large corpus of reviews from these popular platforms, as well as compare its accuracy to DistilBERT. The study will identify how this approach extracts meaningful insights from unstructured text data that turn very useful to the brands for understanding customer satisfaction and improvement areas. Sentiment analysis of online cloth industry is one of the rarely explored field and our paper introduces this idea, specifically for the Indian demographic. Our results contribute to the developing literature of sentiment analysis in the Indian e-commerce domain and illustrate some of the many ways in which state-of-the-art natural language processing techniques are put to work in retail.  © 2024 IEEE.","BERT; Consumer Behavior; Customer Reviews; Deep Learning; Indian E-commerce; Natural Language Processing; Sentiment Analysis; Text Classification; Transformers","Commerce; Customer satisfaction; Deep learning; Distribution transformers; Garment industry; Hosiery manufacture; Marketplaces; Natural language processing systems; BERT; Customer review; Deep learning; Indian E-commerce; Language processing; Natural language processing; Natural languages; Sentiment analysis; Text classification; Transformer; Sales","Conference paper","","Scopus"
"Shoukry A.; Khader J.; Gani S.","Shoukry, Alaa (57192378443); Khader, Jameel (55599992200); Gani, Showkat (57197771451)","57192378443; 55599992200; 57197771451","Improving business process and functionality using IoT based E3-value business model","2021","Electronic Markets","https://www.scopus.com/pages/publications/85064898495?origin=resultslist","Community College, King Saud University, Riyadh, 11437, Saudi Arabia; Workers University, Mansoura, 35516, Egypt; College of Business Administration, King Saud University, Muzahimiyah, 11451, Saudi Arabia","Shoukry A., Community College, King Saud University, Riyadh, 11437, Saudi Arabia, Workers University, Mansoura, 35516, Egypt; Khader J., College of Business Administration, King Saud University, Muzahimiyah, 11451, Saudi Arabia; Gani S., College of Business Administration, King Saud University, Muzahimiyah, 11451, Saudi Arabia","The rapid development of the internet and its technologies helps enhance business models, product lifecycles, and services, etc. In addition, the Internet of Things (IoT) manages platforms for e-business and functionality. Even though the IoT-based e-business model improves overall business possibilities, it has several issues such as exact information on business assets and difficulties in the requirements analysis as well as in managing the large volume of business data. This paper introduces the E3-value business model for examining each requirement that successfully predicts the core elements of business, distribution channels, company propositions, and so on. The E3-value model examines the business processes, business segments, interfaces, value objects, and value offerings that successfully defines business and the related business functionality used to improve the overall performance of the business process. The developed method successfully overcomes the abovementioned issues, and the excellence of the IoT-based e-commerce system is evaluated using a relevant medical e-business process case study. Further, the efficiency of the system is evaluated using business process accuracy, end-user satisfaction, the Magnitude Relative Error, and the Pearson Correlation Coefficient. © 2019, Institute of Applied Informatics at University of Leipzig.","Business data; Company proposition; Distribution channels; E3-value business model; Internet of things (IoT)","","Article","","Scopus"
"Youn S.; McLeod D.","Youn, Seongwook (19640871700); McLeod, Dennis (7203000839)","19640871700; 7203000839","Ontology Development Tools for Ontology-Based Knowledge Management","2006","Encyclopedia of E-Commerce, E-Government, and Mobile Commerce","https://www.scopus.com/pages/publications/105011420638?origin=resultslist","University of Southern California, Los Angeles, United States","Youn S., University of Southern California, Los Angeles, United States; McLeod D., University of Southern California, Los Angeles, United States","Ontologies play a key role in realizing the full power of e-technology. Ontologies allow for machine-understandable semantics of data, and facilitate the search, exchange, and integration of knowledge for B2B (business-to-business) and B2C (business-to-consumer) e-commerce. Ontology is defined as the specification of shared knowledge (Waterson & Preece, 1999). By using semantic data, the usability of e-technology can be facilitated. There are several languages like XML (extensible markup language), RDF (resource description framework), RDFS (RDF schema), DAML+OIL (DARPA Markup Language+Web Ontology Language), and OWL. Many tools have been developed for implementing metadata of ontologies using these languages. However, current tools have problems with interoperation and collaboration. The primary goal of this survey is to introduce and understand several tools through their use. Therefore, we can develop a new generation of tools that not only support more capabilities, but also solve the problems of current tools. © 2006 by Idea Group Inc. All rights reserved.","","Electronic commerce; Ontology; Resource Description Framework (RDF); Semantics; XML; 'current; Business to consumer E commerces; Business-to-business; Development tools; E-technology; Integration of knowledge; Ontology development; Ontology's; Ontology-based knowledge managements; Power; Knowledge management","Book chapter","","Scopus"
"Cao W.; Putit L.","Cao, Wang (59311322700); Putit, Lennora (41762608400)","59311322700; 41762608400","Influence of effort expectancy on consumers’ purchase intention within a B2C imported cross-border e-commerce market: The mediating role of consumer trust","2024","International Journal of Innovative Research and Scientific Studies","https://www.scopus.com/pages/publications/85202921494?origin=resultslist","Faculty of Business and Management, Universiti Teknologi MARA, Shah Alam Campus, Selangor, Malaysia; Business School, Chongqing City Management College, China","Cao W., Faculty of Business and Management, Universiti Teknologi MARA, Shah Alam Campus, Selangor, Malaysia, Business School, Chongqing City Management College, China; Putit L., Faculty of Business and Management, Universiti Teknologi MARA, Shah Alam Campus, Selangor, Malaysia","This study is primarily aimed at examining the influence of effort expectancy on consumers’ purchase intention within a Business-to-Consumer (B2C) cross-border e-commerce (CBEC) consumption market in China. With the improvement of the living standards for the Chinese consumers, the B2C imported cross-border e-commerce platforms have become the choice of consumers for online shopping. On the basis of the seminal UTAUT Model, consumer trust is proposed as a potential mediator for the relationship between effort expectancy and purchase intention. By using a non-probability sampling technique, an online questionnaire survey distribution was employed with an overall return rate of 108 usable feedback. Data were analysed using the Smart PLS Version 4.0.9.9 statistical software. Results revealed a positive and significant influence of effort expectancy on consumers’ purchasing intentions. Furthermore, we found that consumer trust significantly mediates the relationship between effort expectancy and purchase intention. These findings could assist imported cross-border e-commerce platform enterprises towards enhancing the convenience of online shopping on these platforms and improving consumers’ trust in online shopping activities. This study contributes to promoting the platform enterprises to improve the convenience of the whole process of platform operation and purchase, and is conductive to paying attention to the consumer trust to enhance the enterprise’s reputation, which will help develop customer stickiness and cultivate loyal customers. © 2024 by the authors.","B2C imported cross-border e-commerce; China; Consumer trust; Effort expectancy; Purchase intention; UTAUT","","Article","All Open Access; Gold Open Access","Scopus"
"Rong H.; Yu X.; Ma T.; Sheng V.S.; Zhou Y.; Mznah A.-R.","Rong, Huan (55440504400); Yu, Xin (58258531100); Ma, Tinghuai (18042318100); Sheng, Victor S. (14049181900); Zhou, Yang (55043481500); Mznah, Al-Rodhaan (57218685848)","55440504400; 58258531100; 18042318100; 14049181900; 55043481500; 57218685848","Three-stage Transferable and Generative Crowdsourced Comment Integration Framework Based on Zero- and Few-shot Learning with Domain Distribution Alignment","2024","ACM Transactions on Knowledge Discovery from Data","https://www.scopus.com/pages/publications/85182595587?origin=resultslist","School of Artificial Intelligence (School of Future Technology), Nanjing University of Information Science & Technology, China; School of Software, Nanjing University of Information Science & Technology, China; School of Computer Engineering, Jiangsu Ocean University, China; Texas Tech University, United States; Auburn University, United States; King Saud University, Saudi Arabia","Rong H., School of Artificial Intelligence (School of Future Technology), Nanjing University of Information Science & Technology, China; Yu X., School of Software, Nanjing University of Information Science & Technology, China; Ma T., School of Software, Nanjing University of Information Science & Technology, China, School of Computer Engineering, Jiangsu Ocean University, China; Sheng V.S., Texas Tech University, United States; Zhou Y., Auburn University, United States; Mznah A.-R., King Saud University, Saudi Arabia","Online shopping has become a crucial way to encourage daily consumption, where the User-generated, or crowdsourced product comments, can offer a broad range of feedback on e-commerce products. As a result, integrating critical opinions or major attitudes from the crowdsourced comments can provide valuable feedback for marketing strategy adjustment or product-quality monitoring. Unfortunately, the scarcity of annotated ground truth on the integrated comment, or the limited gold integration reference, has incurred the infeasibility of the regular supervised-learning-based comment integration. To resolve this problem, in this article, inspired by the principle of Transfer Learning, we propose a three-stage transferable and generative crowdsourced comment integration framework (TTGCIF) based on zero-and-few-shot learning with the support of domain distribution alignment. The proposed framework aims at generating abstractive integrated comment in target domain via the enhanced neural text generation model, by referring the available integration resource in related source domains, to avoid the exhausted effort on resource annotation devoted to the target domain. Specifically, at the first stage, to enhance the domain transferability, representations on the crowdsourced comments have been aligned up between the source and target domain, by minimizing the domain distribution discrepancy in the kernel space. At the second stage, Zero-shot comment integration mechanism has been adopted to deal with the dilemma that none of the gold integration reference may be available in target domain. In other words, taking the sample-level semantic prototype as input, the enhanced neural text generation model in TTGCIF is trained to learn data semantic association among different domains via semantic prototype transduction, so that the ""unlabeled""crowdsourced comments in target domain can be associated with existing integration references in related source domains. At the third stage, based on the parameters trained at the second stage, fast domain adaptation mechanism in a Few-shot manner has also been adopted by seeking most potential parameters along the gradient direction constrained by instances across multiple source domains. In this way, parameters in TTGCIF can be sensitive to any alteration on training data, ensuring that even if only few annotated resource in target domain are available for ""Fine-tune,""TTGCIF can still react promptly to achieve effective target domain adaptation. According to the experimental results, TTGCIF can achieve the best transferable product comment integration performance in target domain, with fast and stable domain adaption effect depending on no more than 10% annotated resource in target domain. More importantly, even if TTGCIF has not been fine-tuned on the target domain, yet by referring to the available integration resource in related source domains, the integrated comments generated by TTGCIF on the target domain are still superior to those generated by models already fine-tuned on the target domain.  © 2024 Copyright held by the owner/author(s). Publication rights licensed to ACM.","Additional Key Words and Phrasescrowdsourcing; comment integration; natural language generation; transfer learning","Alignment; Crowdsourcing; Electronic commerce; Gold; Integration; Learning systems; Natural language processing systems; Additional key word and phrasescrowdsourcing; Comment integration; Domain adaptation; Domain distribution; Integration frameworks; Key words; Natural language generation; Target domain; Text generations; Transfer learning; Semantics","Article","","Scopus"
"Shi L.; Wang J.; Wu T.","Shi, Lei (58384685200); Wang, Jingshen (57218487783); Wu, Tianhao (59603980400)","58384685200; 57218487783; 59603980400","Statistical Inference on Multi-armed Bandits with Delayed Feedback","2023","Proceedings of Machine Learning Research","https://www.scopus.com/pages/publications/85174408694?origin=resultslist","Division of Biostatistics, University of California, Berkeley, United States; Department of Electrical Engineering and Computer Sciences, University of California, Berkeley, United States","Shi L., Division of Biostatistics, University of California, Berkeley, United States; Wang J., Division of Biostatistics, University of California, Berkeley, United States; Wu T., Department of Electrical Engineering and Computer Sciences, University of California, Berkeley, United States","Multi armed bandit (MAB) algorithms have been increasingly used to complement or integrate with A/B tests and randomized clinical trials in e-commerce, healthcare, and policymaking. Recent developments incorporate possible delayed feedback. While existing MAB literature often focuses on maximizing the expected cumulative reward outcomes (or, equivalently, regret minimization), few efforts have been devoted to establish valid statistical inference approaches to quantify the uncertainty of learned policies. We attempt to fill this gap by providing a unified statistical inference framework for policy evaluation where a target policy is allowed to differ from the data collecting policy, and our framework allows delay to be associated with the treatment arms. We present an adaptively weighted estimator that on one hand incorporates the arm-dependent delaying mechanism to achieve consistency, and on the other hand mitigates the variance inflation across stages due to vanishing sampling probability. In particular, our estimator does not critically depend on the ability to estimate the unknown delay mechanism. Under appropriate conditions, we prove that our estimator converges to a normal distribution as the number of time points goes to infinity, which provides guarantees for large-sample statistical inference. We illustrate the finite-sample performance of our approach through Monte Carlo experiments. © 2023 Proceedings of Machine Learning Research. All rights reserved.","","Machine learning; Sampling; Data collecting; Delayed feedback; E- commerces; Multiarmed bandits (MABs); Policy evaluation; Policy making; Randomized clinical trials; Regret minimization; Statistical inference; Uncertainty; Normal distribution","Conference paper","","Scopus"
"Oudah H.J.; Hussein M.H.","Oudah, Hussain Jubair (58178673300); Hussein, Mohsin Hasan (57193056233)","58178673300; 57193056233","Exploiting Textual Reviews for Recommendation Systems Improvement","2022","2022 International Conference on Data Science and Intelligent Computing, ICDSIC 2022","https://www.scopus.com/pages/publications/85152196540?origin=resultslist","University of Kerbala, Department of Computer Science, Kerbala, Iraq","Oudah H.J., University of Kerbala, Department of Computer Science, Kerbala, Iraq; Hussein M.H., University of Kerbala, Department of Computer Science, Kerbala, Iraq","Nowadays, the development of the Web has motivated people to provide their opinions in textual form. Such textual information plays a core role in many methods of Recommendation Systems that can improve the accuracy of recommendations. On successful e-commerce sites, customers naturally tend to evaluate most products positively, which causes unbalanced distributions in the numbers of positive ratings compared to negative ratings. The result here is a decline in the accuracy of recommendation models when the ratios of these distributions converge. In this paper, we developed a recommendation model based on text reviews as additional information. In particular, five essential steps have shaped the proposed model. First, data preprocessing was applied, followed by two parallel steps, namely text classification, and topic modeling. Forth, a combination process was performed between the text polarity and the topic probabilities of the text, followed by the implementation of a process of text similarity. Finally, using the Naïve Bayes model after integrating the inferred adjustment weights in the classification score equation led to a recommendation of items most preferable to the target user. Extensive experiments were managed on three Amazon datasets, which showed that our proposed model exceeded all comparison methods in the Top-N recommendation task. Specifically, the improvement ratio ranged approximately from 10% to 61% on Musical Instruments, 26% on Automotive, and 22% on Amazon Instant Video in terms of F1-measure. © 2022 IEEE.","DistilBERT; implicit feedback; JSD; LDA; Naïve Bayes; textual reviews","Bayesian networks; Classification (of information); Classifiers; Music; Text processing; Distilbert; E-commerce sites; Implicit feedback; JSD; LDA; Naive bayes; Site customers; System improvements; Textual information; Textual review; Recommender systems","Conference paper","","Scopus"
"Kumar A.; Mudgal A.; Yadav A.L.; Sharma A.","Kumar, Anshdwip (58999867100); Mudgal, Ayushman (58999274400); Yadav, Anup Lal (57220799806); Sharma, Aman (55605770207)","58999867100; 58999274400; 57220799806; 55605770207","Cloudsuggest: Enhancing E-Commerce with Personalized Recommendations","2024","Proceedings - International Conference on Computing, Power, and Communication Technologies, IC2PCT 2024","https://www.scopus.com/pages/publications/85191172882?origin=resultslist","Chandigarh University, Compute Science Engineering, Mohali, India","Kumar A., Chandigarh University, Compute Science Engineering, Mohali, India; Mudgal A., Chandigarh University, Compute Science Engineering, Mohali, India; Yadav A.L., Chandigarh University, Compute Science Engineering, Mohali, India; Sharma A., Chandigarh University, Compute Science Engineering, Mohali, India","This review explores the impact of cloud computing on the development of artificial intelligence (AI) in the ecommerce sector, focusing on the advantages and challenges of their integration. It also examines how cloud-based AI technologies have transformed customer assistance, inventory management, fraud detection, and supply chain optimization. The paper also explores potential advancements and business opportunities that could result from the integration of AI and cloud computing in e-commerce. Literature has the potential to transform and offer an escape from daily life, with systems for book recommendations using algorithms like collaborative filtering, content-based, and association criteria. These systems provide personalized suggestions based on users' preferences and reading histories, enhancing the reading experience in the digital age. A strong technique for exact suggestions is created by fusing collaborative filtering with neural networks to merge content. Collaboration and real-time dynamics are emerging themes to address information overload and enhance user experiences in online applications. These trends enable collaborative and dynamic recommendations across devices and the cloud, optimizing suggestions by recognizing various data distributions. The Intelligent Device-Cloud Parameter Request Model (IDEAL) is proposed to address this issue by evaluating request revenue with little resource consumption, enabling adaptive and revenue efficient device-cloud communication.  © 2024 IEEE.","AI techniques; Cloud; Cloud resources; E-commerce; Neural Network architecture; User preferences","Cloud computing; Collaborative filtering; Inventory control; Network architecture; Neural networks; Supply chains; Artificial intelligence techniques; Artificial intelligence technologies; Cloud resource; Cloud-based; Cloud-computing; Inventory management; Management frauds; Neural network architecture; Personalized recommendation; User's preferences; Electronic commerce","Conference paper","","Scopus"
"Xin L.; Datta A.","Xin, Liu (59116556100); Datta, Anwitaman (7402110415)","59116556100; 7402110415","On trust guided collaboration among cloud service providers","2010","Proceedings of the 6th International Conference on Collaborative Computing: Networking, Applications and Worksharing, CollaborateCom 2010","https://www.scopus.com/pages/publications/79957825783?origin=resultslist","School of Computer Engineering, Nanyang Technological University, Singapore, Singapore","Xin L., School of Computer Engineering, Nanyang Technological University, Singapore, Singapore; Datta A., School of Computer Engineering, Nanyang Technological University, Singapore, Singapore","Cloud computing has emerged as a popular paradigm that offers computing resources (e.g. CPU, storage, bandwidth, software) as scalable and on-demand services over the Internet. As more players enter this emerging market, a heterogeneous cloud computing market is expected to evolve, where individual players will have different volumes of resources, and will provide specialized services, and with different levels of quality of services. It is expected that service providers will thus, besides competing, also collaborate to complement their resources in order to improve resource utilization and combine individual services to offer more complex value chains and end-to-end solutions required by the customers. It is challenging to select suitable partners in a decentralized setting due to various factors such as lack of global coordination or information, as well as diversity and scale. Trust is known to play an important role in promoting cooperation in many decentralized settings including the society at large, as well as on the Internet, e.g., in e-commerce, etc. In this paper, we explore how trust can promote collaboration among service providers. The novelty of our approach is a framework to combine disparate trust information - from direct interactions and from (indirect) references among service providers, as well as from customer feedbacks, depending on availability of these different kinds of information. Doing so provides decision making guidance to service providers to initialize collaborations by selecting trustworthy partners. Simulation results demonstrate the promise of our approach by showing that compared to random selection, our proposal can help effectively select trustworthy collaborators to achieve better quality of services. © 2010 ICST.","cloud computing; collaboration; Dirichlet distribution; trust management; value chain","Computer systems; Decision making; Internet; Mobile telecommunication systems; Quality control; Telecommunication networks; Cloud services; collaboration; Complex value chains; Computing markets; Computing resource; Customer feedback; Direct interactions; Dirichlet distributions; E-Commerce; Emerging markets; End-to-end solutions; Global coordination; Individual service; On-demand services; Random selection; Resource utilizations; Service provider; Simulation result; trust management; value chain; Cloud computing","Conference paper","","Scopus"
"Ghattas M.; Odeh S.; Mora A.M.","Ghattas, Mohammad (59303998700); Odeh, Suhail (14631133100); Mora, Antonio M. (19638820100)","59303998700; 14631133100; 19638820100","Predicting Website Performance: A Systematic Review of Metrics, Methods, and Research Gaps (2010–2024)","2025","Computers","https://www.scopus.com/pages/publications/105020161383?origin=resultslist","Department of Software Engineering, Faculty of Science, Bethlehem University, Bethlehem, P1520468, Palestine; Department of Signal Theory, Telematics and Communications, School of Computer Sciences and Telecommunications (ETSIIT) and Research Center on Information and Communication Technologies (CITIC-UGR), University of Granada, Granada, 18071, Spain","Ghattas M., Department of Software Engineering, Faculty of Science, Bethlehem University, Bethlehem, P1520468, Palestine, Department of Signal Theory, Telematics and Communications, School of Computer Sciences and Telecommunications (ETSIIT) and Research Center on Information and Communication Technologies (CITIC-UGR), University of Granada, Granada, 18071, Spain; Odeh S., Department of Software Engineering, Faculty of Science, Bethlehem University, Bethlehem, P1520468, Palestine; Mora A.M., Department of Signal Theory, Telematics and Communications, School of Computer Sciences and Telecommunications (ETSIIT) and Research Center on Information and Communication Technologies (CITIC-UGR), University of Granada, Granada, 18071, Spain","Website performance directly impacts user experience, trust, and competitiveness. While numerous studies have proposed evaluation methods, there is still no comprehensive synthesis that integrates performance metrics with predictive models. This study conducts a systematic literature review (SLR) following the PRISMA framework across seven academic databases (2010–2024). From 6657 initial records, 30 high-quality studies were included after rigorous screening and quality assessment. In addition, 59 website performance metrics were identified and validated through an expert survey, resulting in 16 core indicators. The review highlights a dominant reliance on traditional evaluation metrics (e.g., Load Time, Page Size, Response Time) and reveals limited adoption of machine learning and deep learning approaches. Most existing studies focus on e-government and educational websites, with little attention to e-commerce, healthcare, and industry domains. Furthermore, the geographic distribution of research remains uneven, with a concentration in Asia and limited contributions from North America and Africa. This study contributes by (i) consolidating and validating a set of 16 critical performance metrics, (ii) critically analyzing current methodologies, and (iii) identifying gaps in domain coverage and intelligent prediction models. Future research should prioritize cross-domain benchmarks, integrate machine learning for scalable predictions, and address the lack of standardized evaluation protocols. © 2025 by the authors.","Core Web Vitals; machine learning; prediction models; PRISMA; systematic literature review; web evaluation; website performance","Benchmarking; Deep learning; Electronic commerce; Geographical distribution; Government data processing; Learning systems; Prediction models; User experience; Web Design; Core web vital; Machine-learning; Performance metrices; Prediction modelling; PRISMA; Research gaps; Systematic literature review; Systematic Review; Web evaluations; Website performance; Forecasting","Review","All Open Access; Gold Open Access; Green Open Access","Scopus"
"Zhou Y.; Guo X.; Jiang Y.; Fang J.; Wang J.-Q.; Zhi P.; Liu G.; Zhou R.; Li L.-H.; Liu C.; Zhou Q.; Li K.-C.","Zhou, Yu (60600029300); Guo, Xinyu (60600256000); Jiang, Yuanbo (59202167700); Fang, Jiaxuan (57808234400); Wang, Jin-Qiang (57208348475); Zhi, Peng (57221078469); Liu, Gang (56918818500); Zhou, Rui (56351415900); Li, Ling-Huey (60259870600); Liu, Chuanyi (57221259041); Zhou, Qingguo (7402699808); Li, Kuan-Ching (57224659283)","60600029300; 60600256000; 59202167700; 57808234400; 57208348475; 57221078469; 56918818500; 56351415900; 60259870600; 57221259041; 7402699808; 57224659283","Mitigating Distribution Shift in Offline RL-Based Recommender Systems with a Q-Learning Regularization Decision Transformer","2026","Information (Switzerland)","https://www.scopus.com/pages/publications/105036820992?origin=resultslist","School of Information Science & Engineering, Lanzhou University, Lanzhou, 730000, China; College of Artificial Intelligence, Nankai University, Tianjin, 300350, China; North Automatic Control Technology Institute, Taiyuan, 030006, China; Department of Computer Science/DI, University of Salerno, SA, Fisciano, 84084, Italy; Department of Computer Science and Information Engineering, Providence University, Taichung, 43301, Taiwan","Zhou Y., School of Information Science & Engineering, Lanzhou University, Lanzhou, 730000, China; Guo X., College of Artificial Intelligence, Nankai University, Tianjin, 300350, China, North Automatic Control Technology Institute, Taiyuan, 030006, China; Jiang Y., School of Information Science & Engineering, Lanzhou University, Lanzhou, 730000, China; Fang J., School of Information Science & Engineering, Lanzhou University, Lanzhou, 730000, China; Wang J.-Q., School of Information Science & Engineering, Lanzhou University, Lanzhou, 730000, China; Zhi P., School of Information Science & Engineering, Lanzhou University, Lanzhou, 730000, China; Liu G., School of Information Science & Engineering, Lanzhou University, Lanzhou, 730000, China; Zhou R., School of Information Science & Engineering, Lanzhou University, Lanzhou, 730000, China; Li L.-H., Department of Computer Science/DI, University of Salerno, SA, Fisciano, 84084, Italy; Liu C., School of Information Science & Engineering, Lanzhou University, Lanzhou, 730000, China; Zhou Q., School of Information Science & Engineering, Lanzhou University, Lanzhou, 730000, China; Li K.-C., Department of Computer Science and Information Engineering, Providence University, Taichung, 43301, Taiwan","Optimizing long-term user satisfaction in sequential recommender systems is a critical challenge. Offline reinforcement learning (RL) offers a promising solution by learning recommendation policies from historical interaction logs without incurring the high costs of online exploration. However, offline RL suffers from severe distribution shift: the learned policy often overestimates the value of out-of-distribution (OOD) items, leading to unreliable recommendations and compromising user satisfaction. To address this issue, we propose a novel framework known as the Q-Learning Regularized Decision Transformer (QRDT). Built upon the Decision Transformer architecture, QRDT models recommendations as a sequence prediction task to capture complex user interest dynamics. To mitigate distribution shift, the QRDT integrates Kullback–Leibler (KL) divergence and maximum entropy regularization into the Q-value function, enabling conservative long-term value estimation while encouraging diverse exploration within the logged data distribution. Extensive experiments on four real-world Amazon e-commerce datasets (CDs, Clothing, Cellphones, and Beauty) demonstrate that the QRDT achieves competitive performance and outperforms the PGPR baseline in most scenarios. Specifically, the proposed method yields improvements of 2.99% in Hit Rate (HR), 2.19% in Normalized Discounted Cumulative Gain (NDCG), 0.94% in Recall, and 0.84% in Precision, verifying the effectiveness of our regularization approach. © 2026 by the authors.","decision transformer; distribution shift; offline reinforcement learning; product recommendation; sequential recommendation","Electronic commerce; Maximum entropy methods; Recommender systems; Decision transformer; Distribution shift; Offline; Offline reinforcement learning; Product recommendation; Q-learning; Regularisation; Reinforcement learnings; Sequential recommendation; Users' satisfactions; Reinforcement learning","Article","All Open Access; Gold Open Access; Green Open Access","Scopus"
"Hajli N.","Hajli, Nick (55672739800)","55672739800","The impact of positive valence and negative valence on social commerce purchase intention","2020","Information Technology and People","https://www.scopus.com/pages/publications/85074043131?origin=resultslist","School of Management, Swansea University, Swansea, United Kingdom","Hajli N., School of Management, Swansea University, Swansea, United Kingdom","Purpose: New research emphasizes the importance of social communications in e-commerce purchase decision-making processes but there are many technical and social challenges such as multi-faceted trust concerns. How consumers view and value referent’s online testimonials, ratings, rants and raves, and product usage experiences remain an important factor that needs to be better understood. Social commerce as a relatively new stream in e-commerce yet is growing fast and gaining the attention of scholars and practitioners, especially due to recent revenue developments. Consistent with e-commerce websites that do not enable consumer feedback, trust is a challenging matter for consumers to consider when they visit social commerce websites. Researching trust models and influences is increasingly important especially with the proliferation of online word of mouth (WOM) strongly effecting many consumers at many different phases of social commerce purchase decision making and transacting. The paper aims to discuss this issue. Design/methodology/approach: This study examines the effects and importance of institution-based trust and WOM within a model of consumer behaviour on social commerce websites. This research examines how trust and consumer feedback may affect consumers’ purchase intentions. This study collects data from the little-understood market of urban Iran and develops a research model to examine consumers’ purchase intentions on social commerce websites. A robust data set from urban Iran (n=512) is analyzed using partial least squares regression to analyze the proposed model. Findings: The results of the analysis show that institution-based trust influences social media communication, leading to elevated purchase intention on social commerce websites. This research adds to the prior literature that espouses on the importance of consumers developing strong beliefs of vendor trust in social commerce platforms. Originality/value: Explaining how consumer purchase decision making is effected by using institution-based trust and electronic WOM in a little understood Middle Eastern context an important contribution of this research. Suggestions on practical and theoretical developments of this research in the sharing commerce research stream conclude this paper. © 2019, Emerald Publishing Limited.","E-commerce (B2B/B2C/B2G/G2C); Information sharing; Institution-based trust; Sharing commerce; Sharing economy; Social commerce; Social media; Web 2.0","","Article","","Scopus"
"Chariton C.; Choi M.-H.","Chariton, Craig (6507443311); Choi, Min-Hyung (7402093806)","6507443311; 7402093806","User interface guidelines for enhancing usability of airline travel agency e-commerce Web sites","2002","Conference on Human Factors in Computing Systems - Proceedings","https://www.scopus.com/pages/publications/0037711839?origin=resultslist","United Airlines, Denver, CO, United States; University of Colorado at Denver, Denver, CO 80217, United States","Chariton C., United Airlines, Denver, CO, United States; Choi M.-H., University of Colorado at Denver, Denver, CO 80217, United States","Specific user interface guidelines are described to increase the usability of airline travel e-cornmerce Web sites. Although previous guidelines address the usability issues from the perspective of the sale of tangible products that can be described and depicted, less attention has been given to the usability issues for the sale of services. Service industries have different requirements for communicating with customers, specifically regarding their product offerings. This is prominent in the air travel industry, where Web site usability is known to be poor. We examine how the current guidelines are inadequate for Web sites providing air travel information. We propose specific guidelines for those sites that will enhance their usability.","Airline; e-commerce; Guidelines; Human-computer interaction; Travel agency; Usability; User interface","Electronic commerce; Human computer interaction; Usability engineering; User interfaces; Air transportation; Civil aviation; Electronic commerce; Human computer interaction; Human engineering; Industry; Usability engineering; Websites; Global distribution systems (GDS); Air travels; Guidelines; Product offerings; Service industries; Tangible product; Travel agency; Usability; Websites; User interfaces","Conference paper","","Scopus"
"","","","2013 2nd International Conference on Opto-Electronics Engineering and Materials Research, OEMR 2013","2013","Advanced Materials Research","https://www.scopus.com/pages/publications/84886502751?origin=resultslist","","","The proceedings contain 467 papers. The special focus in this conference is on Optoelectronic, Materials Science, Mechatronics, Control, Measurement and Monitoring, Informatics. The topics include: Stability condition of a Haken-Lorentz equation with self-feedback light field; simplification of the Maxwell-Bloch equation of standing wave lasers; research on minimum resolvable contrast of the telescope; research on useful life of low power LED illumination sources; a novel material for laser diodes of optical fiber communication; next-generation ROADM architecture and technologies; numerical simulation ignition of energetic material with femtosecond laser; application of laser radar in atmosphere environment monitoring; detecting on forward error correction codes; acousto-optic Q-switched pulse fiber laser with the peak power of 9kW; spectral efficiency of phase encoding OCDMA systems; a reliability assessment method of fiber optic gyro; a 94 Ghz orthomode transducer for dual polarization receivers; a comparative study of a Ka-band high harmonic peniotron; a novel wideband transition between waveguide and SIW; design and investigation on characteristics of a semiconductor micro-ring laser with retro-reflector cavity; study and simulation on turbulent atmosphere modeled by gamma-gamma distributions; low-cost implementations of LED intelligent lighting based on DALI; analyses of optical emitter performance in terehertz wireless communication system; a simple compact microstrip wideband bandpass filter; basic study on important parameters of spatial filter used in high power laser system; the research of UAV sensors training virtual laboratory; designing a tunable filter on the one-dimensional ternary photonic crystal; applications of photonic crystals in solar cells; study on the electromagnetic responses of split ring resonator in THz regions; parallel computing of laser propulsion with hypergraph partitioning; SNR estimation of OFDM adaptive system in gauss channel; the design and implementation of reconfigurable cipher unit on FPGA; interference excision of GPS received signal in complex environment; relay protection based on multi-agent system; an adaptive acquisition algorithm of GNSS receiver; third-harmonic generation in special parabolic quantum wells; a novel integrated MEMS pyramidal horn antenna for terahertz applications; research of LED lamp constant current driver software system; carrier-phase differential GPS/INS integrated navigation system; new dual-mode FSE suitable for high-order QAM signals; research on three fierce exploders reflected terahertz spectrum; influence of synchronous jitter on GPS receiving; a new source encoding algorithm based on shannon encoding; design of low voltage low power ADC for WSN node; multi-plane 3-D holographic image fusion in DCT domain; the security of e-commerce data transmission; research and analysis about array antennas in mobile communications; communication performance research for online video over wireless multimedia network; a set of inverse telecommunication network problems; LBS system design and prototyping of digital campus; photosensitivity improvement in multi-component doped photopolymer; research of the THz reflectors based on hybrid polymeride; new type intellectualized clothing materials-color-changing materials; a remote monitoring system of water injection well based on TWACS; semantic similarity measure based on concreteness degree of a concept; test methods research and verify for FPGA; mapping of rescue environment based on NDT scan matching; TD-SCDMA smart antenna signal intensity measurement system; assessment and management the security risk of public cloud service; model predictive control of continuous stirred-tank reactor; management system in routing and switching platforms; a novel BiCMOS current-mode bandgap reference; research of several PID algorithms based on MATLAB; creation of fuzzy control table with data mining; discussion and analysis of digital citys management in Anhui; study on automatic control of urban traffic based on computer vision; steady state model of cooling tower used in air conditioning; performance measurement technique of cloud storage system; fabric defect detection based on cross-entropy; the network security management problem of library; research on control method of complex time-varying system; research on new techniques and development trend of software testing; a uniform magnetic field produced by rectangular coils; current source design for 3D magnetic field simulation; a secondary pretreatment method of particled graph; research of radiographic image enhancement technology; preprocessing for local bianry pattern based face recognition; change detection of multi-temporal remote sensing images based on NSCT and ICA; improved self-adaptive image histogram equalization algorithm; extraction of image features on tooth flank pitting and gluing; an edge detection algorithm based on human visual system; hybrid modeling based on multiple range image; data hiding in digital image based on color difference; iris boundary localization based on improve Hough transform; content based image retrieval with color invariants; cost-sensitive sparsity preserving projections for face recognition; research on digital audio authenticity analysis; a fast BPNN based image deblurring method; distributed fusion kalman self-turning filter; the study of the PCI bus expansion based on PCI bridge chip; an improved data possession checking scheme in cloud computing; research of distributional ecology cloud-structure; semantic annotation of CAD model based on ontology; a planning algorithm with temporal constraints in the working procedures; the architecture of digital library platform based on cloud computing; a modular approach of computer support cooperative work system; harmony search optimization algorithm based on normal cloud; design and realizing of WEB-based notebook; on real-time modeling of 3D terrain database; a general vertex partition refinement algorithm for graph isomorphism; software development in mining subsedence prediction; target tracking analysis based on corner registration; analysis of generalization for a new kind of neural network; an mixed method based on video sequences of moving object detection; study on predicting tumor motion via memory-based learning; web-based interactive visualization of virtual reality; use of watermark in educational administration system; multiple data source discovery with group interaction approach; an approach of advanced optimistic protocol based on time dams; an adaptive level damped algorithm based on PINS for ship; a novel performance metric of routing algorithm; graph colorings applied in scale-free networks; schur D-stability of linear grey discrete dynamic systems and on business-oriented knowledge discovery and data mining.","","","Conference review","","Scopus"
"Delaney T.; Yoong S.L.; Lamont H.; Lecathelinais C.; Wolfenden L.; Clinton-McHarg T.; Sutherland R.; Wyse R.","Delaney, Tessa (56388417500); Yoong, Sze Lin (55214135000); Lamont, Hannah (57219777475); Lecathelinais, Christophe (8850219500); Wolfenden, Luke (6603347444); Clinton-McHarg, Tara (35483309600); Sutherland, Rachel (59682771300); Wyse, Rebecca (36089551100)","56388417500; 55214135000; 57219777475; 8850219500; 6603347444; 35483309600; 59682771300; 36089551100","The efficacy of a multi-strategy choice architecture intervention on improving the nutritional quality of high school students’ lunch purchases from online canteens (Click & Crunch High Schools): a cluster randomized controlled trial","2022","International Journal of Behavioral Nutrition and Physical Activity","https://www.scopus.com/pages/publications/85137936628?origin=resultslist","Hunter New England Population Health, Wallsend, 2287, NSW, Australia; School of Medicine and Public Health, The University of Newcastle, Callaghan, 2308, NSW, Australia; Hunter Medical Research Institute, Newcastle, 2300, NSW, Australia; Priority Research Centre for Health Behavior, The University of Newcastle, Callaghan, 2308, NSW, Australia; School of Health Sciences, Swinburne University of Technology, Hawthorn, 3122, VIC, Australia","Delaney T., Hunter New England Population Health, Wallsend, 2287, NSW, Australia, School of Medicine and Public Health, The University of Newcastle, Callaghan, 2308, NSW, Australia, Hunter Medical Research Institute, Newcastle, 2300, NSW, Australia, Priority Research Centre for Health Behavior, The University of Newcastle, Callaghan, 2308, NSW, Australia; Yoong S.L., Hunter New England Population Health, Wallsend, 2287, NSW, Australia, School of Medicine and Public Health, The University of Newcastle, Callaghan, 2308, NSW, Australia, Hunter Medical Research Institute, Newcastle, 2300, NSW, Australia, Priority Research Centre for Health Behavior, The University of Newcastle, Callaghan, 2308, NSW, Australia, School of Health Sciences, Swinburne University of Technology, Hawthorn, 3122, VIC, Australia; Lamont H., Hunter New England Population Health, Wallsend, 2287, NSW, Australia, School of Medicine and Public Health, The University of Newcastle, Callaghan, 2308, NSW, Australia, Hunter Medical Research Institute, Newcastle, 2300, NSW, Australia, Priority Research Centre for Health Behavior, The University of Newcastle, Callaghan, 2308, NSW, Australia; Lecathelinais C., Hunter New England Population Health, Wallsend, 2287, NSW, Australia, School of Medicine and Public Health, The University of Newcastle, Callaghan, 2308, NSW, Australia, Hunter Medical Research Institute, Newcastle, 2300, NSW, Australia; Wolfenden L., Hunter New England Population Health, Wallsend, 2287, NSW, Australia, School of Medicine and Public Health, The University of Newcastle, Callaghan, 2308, NSW, Australia, Hunter Medical Research Institute, Newcastle, 2300, NSW, Australia, Priority Research Centre for Health Behavior, The University of Newcastle, Callaghan, 2308, NSW, Australia; Clinton-McHarg T., Hunter New England Population Health, Wallsend, 2287, NSW, Australia, School of Medicine and Public Health, The University of Newcastle, Callaghan, 2308, NSW, Australia, Hunter Medical Research Institute, Newcastle, 2300, NSW, Australia, Priority Research Centre for Health Behavior, The University of Newcastle, Callaghan, 2308, NSW, Australia; Sutherland R., Hunter New England Population Health, Wallsend, 2287, NSW, Australia, School of Medicine and Public Health, The University of Newcastle, Callaghan, 2308, NSW, Australia, Hunter Medical Research Institute, Newcastle, 2300, NSW, Australia, Priority Research Centre for Health Behavior, The University of Newcastle, Callaghan, 2308, NSW, Australia; Wyse R., Hunter New England Population Health, Wallsend, 2287, NSW, Australia, School of Medicine and Public Health, The University of Newcastle, Callaghan, 2308, NSW, Australia, Hunter Medical Research Institute, Newcastle, 2300, NSW, Australia, Priority Research Centre for Health Behavior, The University of Newcastle, Callaghan, 2308, NSW, Australia","Background: High school canteens are an ideal setting for public health nutrition intervention, and choice architecture strategies that facilitate the purchase of healthier foods and beverages from school canteens are recommended by the World Health Organization. The rapid uptake of online lunch ordering within school canteens provides a unique opportunity to implement choice architecture strategies that support healthier food choices with high fidelity. Despite this, no trial has tested the efficacy of choice architecture strategies within an online lunch ordering system on improving the nutritional quality of high school student lunch purchases. The objective of this study was to assess the impact of embedding choice architecture strategies into an online lunch ordering system on the nutritional quality of the school canteen lunch purchases of high school students (aged 12–19 years). Methods: A cluster randomized controlled trial was conducted with nine high schools in one Australian state. Schools were randomized to receive either a 2-month choice architecture intervention (involving menu labelling, prompts, item positioning, and feedback), or usual online ordering. Nutrient quality of online canteen lunch purchases was assessed using routine data collected by the online ordering system. Primary outcomes were the proportion of ‘Everyday’, ‘Occasional’, and ‘Should not be sold’ items purchased, categorized using the state healthy canteen policy. Secondary outcomes were the mean energy, saturated fat, sugar, and sodium content of purchases and the mean weekly revenue from online lunch orders. Linear mixed models were analyzed to assess outcomes. Results: Analysis of the student cohort (Intervention: 4 schools, 656 students; Control: 5 schools, 675 students) showed significant between group differences over time for the intervention group for the mean percentage of online lunch items per student that were ‘Everyday’ (+ 5.5%; P < 0.001) and ‘Should not be sold’ (− 4.4%; P < 0.001). There were no between group differences over time in the mean percentage of online lunch items that were ‘Occasional’; the average energy, saturated fat, sugar, or sodium content of lunch orders. There was also no difference in mean weekly revenue from high school student online lunch orders (P = 0.23). Conclusions: These findings suggest that a low intensity, choice architecture intervention embedded within an online ordering system can increase the purchase of healthier food items for high school students in one Australian state without any adverse impact on canteen revenue. Trial registration: This trial was prospectively registered on Open Science Framework on 23rd October 2020 as osf.io/h8zfr. © 2022, The Author(s).","Canteen; Choice architecture; Digital intervention; Intervention; Lunch; Menu labeling; Nudge; Randomized controlled trial; Schools; Web-based ordering systems","Australia; Food Services; Humans; Lunch; Nutritive Value; Sodium; Students; Sugars; saturated fatty acid; sodium; sugar; carbohydrate; adolescent; adult; age distribution; Article; Australia; caloric intake; child; cohort analysis; controlled study; data collection method; fat intake; feedback system; food purchase; healthy diet; healthy food access; high school; high school student; human; menu labeling; nutritional value; online school canteen; online system; purchasing; randomized controlled trial; sodium intake; sugar intake; catering service; meal; nutritional value; student","Article","All Open Access; Gold Open Access; Green Open Access","Scopus"
"Muralidhar A.; Lakkanna Y.","Muralidhar, Amrutha (58976617500); Lakkanna, Yathindra (58975944500)","58976617500; 58975944500","Machine Learning Models for Sentiment Analysis","2024","10th International Conference on Advanced Computing and Communication Systems, ICACCS 2024","https://www.scopus.com/pages/publications/85208605457?origin=resultslist","B. M. S College of Engineering, Department of Computer Science and Engineering, Bengaluru, India; National Institute of Fashion Technology, Department of Fashion and Lifestyle Accessory Design, Bengaluru, India","Muralidhar A., B. M. S College of Engineering, Department of Computer Science and Engineering, Bengaluru, India; Lakkanna Y., National Institute of Fashion Technology, Department of Fashion and Lifestyle Accessory Design, Bengaluru, India","In the competitive landscape of online fashion retail, understanding and responding to customer sentiments is crucial for success. Our study addresses the challenge faced by retailers in effectively analyzing diverse customer feedback data to enhance their understanding of customer sentiments. We evaluate the performance of five machine learning models using techniques like word cloud examination, sentiment distribution assessment, and Latent Dirichlet Allocation. Our findings indicate that SVM and Logistic Regression emerge as the top-performing models, with SVM demonstrating superior accuracy and overall performance compared to the others. By using these methods, online stores may improve consumer satisfaction and obtain a competitive advantage in the market. This research contributes to broader industry advancements by providing clear guidance on leveraging machine learning for sentiment analysis in the online fashion retail sector. © 2024 IEEE.","Customer Satisfaction; E-Commerce Reviews; Machine Learning Models; Sentiment Analysis; Text Classification","Competition; Contrastive Learning; Customer satisfaction; Marketplaces; Sales; Customer feedback; Customers' satisfaction; E-commerce review; Latent Dirichlet allocation; Machine learning models; On-line fashion; Performance; Sentiment analysis; Text classification; Word clouds; Adversarial machine learning","Conference paper","","Scopus"
"Gupta A.A.; Gupta S.S.; Ahmadabadwala Y.M.; Periera J.","Gupta, Arnav Aseem (60102312200); Gupta, Suruchi Santosh (60102387300); Ahmadabadwala, Yasmeen Murtuza (60102688600); Periera, Janisa (60102765700)","60102312200; 60102387300; 60102688600; 60102765700","Automated Analysis for E-Commerce Platforms: Amazon Product Reviews","2025","Proceedings of the 2025 12th International Conference on Computing for Sustainable Global Development, INDIACom 2025","https://www.scopus.com/pages/publications/105016167358?origin=resultslist","Vidyavardhini's College of Engineering and Technology, Department of Computer Science Engineering - Data Science, Vasai, India","Gupta A.A., Vidyavardhini's College of Engineering and Technology, Department of Computer Science Engineering - Data Science, Vasai, India; Gupta S.S., Vidyavardhini's College of Engineering and Technology, Department of Computer Science Engineering - Data Science, Vasai, India; Ahmadabadwala Y.M., Vidyavardhini's College of Engineering and Technology, Department of Computer Science Engineering - Data Science, Vasai, India; Periera J., Vidyavardhini's College of Engineering and Technology, Department of Computer Science Engineering - Data Science, Vasai, India","We live in the age of online shopping - proliferation of Ecommerce platforms such as Amazon has become critical sources of feedback for consumers, through product reviews. With tons of data, it's hard for both the customers and sellers to extract meaningful insight manually. In this paper, we present a system for scraping Amazon Product Reviews, using sophisticated Python libraries to web scrape and perform sentiment analysis. Using a range of plots (pie charts to show sentiment distributions, word clouds of frequent terms, scatter plots of sentiment with ratings, and line plots of temporal trends), the system intuitively visualizes review data. Analyses of these plots uncover key trends such as trending sentiment over product ratings, time distribution, frequency of certain terms, and verified versus unverified purchases. Besides, these data are exported in an Excel file, which provides a complete marketing solution for both consumers and businesses to base their decisions on real customer feedback.  © 2025 Bharati Vidyapeeth, New Delhi.","amazon reviews; analysis; data visualization Introduction; e-commerce; natural language processing; web scraping","","Conference paper","","Scopus"
"Wang M.; Miao L.; Zhang C.","Wang, Mengtong (57353031100); Miao, Lixin (7005303290); Zhang, Canrong (7405490618)","57353031100; 7005303290; 7405490618","Green Location-Routing Problem with Delivery Options","2022","Springer Proceedings in Business and Economics","https://www.scopus.com/pages/publications/85126254313?origin=resultslist","Department of Industrial Engineering, Tsinghua University, Beijing, China; Division of Logistics and Transportation, Shenzhen International Graduate School, Tsinghua University, Shenzhen, China","Wang M., Department of Industrial Engineering, Tsinghua University, Beijing, China, Division of Logistics and Transportation, Shenzhen International Graduate School, Tsinghua University, Shenzhen, China; Miao L., Division of Logistics and Transportation, Shenzhen International Graduate School, Tsinghua University, Shenzhen, China; Zhang C., Division of Logistics and Transportation, Shenzhen International Graduate School, Tsinghua University, Shenzhen, China","In catering to the needs of the growing e-commerce demand and environmentally friendly urban delivery solutions, parcel logistics companies are increasingly focusing on user experience and sustainable operations such as alternative pickup and delivery options (e.g., lockers) and green delivery vehicles (e.g., electric vehicles). We consider the problem of designing a green location-routing problem with delivery options (GLRP-DO) where the location of lockers to open and the delivery plan of electric vehicles (EVs) are optimized simultaneously to satisfy the total demand, while minimizing the opening cost and handling cost of lockers and the routing cost of EVs. We present an effective branch-and-price (B&P) algorithm to solve it, which is demonstrated to greatly outperform commercial branch-and-cut/bound solvers such as CPLEX in the computational study. Moreover, we provide a thorough analysis of several key parameters of the GLRP-DO (e.g., coverage ranges of lockers and battery driving ranges of EVs), evaluate the impact of delivery options in this green last-mile distribution system and give some useful business insights for parcel logistics companies. © 2022, The Author(s), under exclusive license to Springer Nature Switzerland AG.","Branch-and-price; Delivery options; Green logistics; Location-routing","","Conference paper","","Scopus"
"Du S.","Du, Shan (57207999891)","57207999891","Symbiosis Evolution of E-commerce Platform Ecosystem with Cooperative and Competitive Effect: An Extended Population Density Logistic Model-Based Simulation","2023","Modelling and Simulation in Engineering","https://www.scopus.com/pages/publications/85152766805?origin=resultslist","Xi'an University of Posts and Telecommunications, School of Economics and Management, Xi'an, 710061, China","Du S., Xi'an University of Posts and Telecommunications, School of Economics and Management, Xi'an, 710061, China","With the development of the Internet, traditional platforms have been challenged by competition from participants on the platform. However, it is unclear how these two types of population, which are in competition but also mutually dependent, can co-exist in the new platform ecosystem. This paper sheds light on that key phenomenon by extending the population density logistic model of the e-commerce platform ecosystem between participants and platforms based on the symbiosis theory. By solving the logistic equation, we acquire the evolutionary trajectory and final size of populations under different symbiotic patterns. The results reveal that the cooperative and competitive effect determines the equilibrium outcome of the symbiosis evolution of e-commerce platform ecosystem. In the asymmetric symbiosis mode, only one population is influenced by positive synergy that increases population density and promote evolution. The contribution coefficient of subordinate to the dominant is greater than the feedback coefficient from the dominant; the trends of output value are inconsistent. The symmetric symbiosis mode is the optimal model for participants and platforms. The effect ""1+1>2""can only be achieved under the symmetric symbiosis mode, and the growth of the participants and the platforms is more stable and sufficient than that in other modes. The findings will provide additional perspectives to promote the sustainable development of e-commerce platform ecosystem considering the cooperative and competitive effect.  © 2023 Shan Du.","","Ecosystems; Population distribution; Population dynamics; Population statistics; Simulation platform; Co-operative effects; Commerce platforms; Competitive effects; E- commerces; Logistics model; Model-based simulations; Platform ecosystems; Population densities; Symbiosis theory; Symmetrics; Electronic commerce","Article","All Open Access; Gold Open Access; Green Open Access","Scopus"
"Hanson W.","Hanson, Ward (57194146775)","57194146775","E-commerce and Internet Business","2018","Encyclopedia of Social Network Analysis and Mining: Second Edition","https://www.scopus.com/pages/publications/105009561551?origin=resultslist","Department of Economics, Stanford University, Stanford, CA, United States","Hanson W., Department of Economics, Stanford University, Stanford, CA, United States","Customer lifetime value: The discounted net present value of profits achieved from selling to a particular customer. Digital appliance: An easy to use, dedicated digital device such as an e-reader or music player. E-commerce: The sale of goods and services where the buyer places an order or the price and terms of the sale are negotiated online. Payment may or may not be made online. EDI: Electronic data interchange systems are dedicated business-to-business ordering systems, typically used by large businesses to order their production inputs. Long tail: The highly skewed distribution of product availability and sales that is possible with e-commerce. Two-sided market: A specialized marketplace, often subject to positive feedback between the number of vendors and number of customers. Videotext: Early e-commerce systems using text-based protocols for communication. The French Minitel system used dedicated display devices, early British…. © Springer Science+Business Media New York 2014.","Online commerce; Online retail","Digital devices; Display devices; Electronic data interchange; Marketplaces; Online systems; Sales; Customer lifetime value; Data interchange; E-reader; Electronic data; Good and services; Interchange system; Music players; Online commerce; Online retails; The net present value (NPV); Electronic commerce","Book chapter","","Scopus"
"Kesa D.D.; Fu W.-C.; Van Chung N.","Kesa, Deni Danial (57212755842); Fu, Wen-Chuan (60262684400); Van Chung, Nguyen (60262921900)","57212755842; 60262684400; 60262921900","Analysis of E-commerce Website Utilisation using Big Data and Artificial Intelligence: The Context of Indonesia's Silver Generation.","2025","Proceedings of 2025 International Conference on Economic Management and Big Data Application, ICEMBDA 2025","https://www.scopus.com/pages/publications/105026284403?origin=resultslist","Creative Industry Master Program, Universitas Indonesia, West Java, Depok, Indonesia; Department of Finance, Chung Yuan Christian University, Taoyuan, Taiwan; Business Administration Department, Quang Binh University, Quang binh, Dong Hoi, Viet Nam","Kesa D.D., Creative Industry Master Program, Universitas Indonesia, West Java, Depok, Indonesia; Fu W.-C., Department of Finance, Chung Yuan Christian University, Taoyuan, Taiwan; Van Chung N., Business Administration Department, Quang Binh University, Quang binh, Dong Hoi, Viet Nam","The use of websites to enhance local product marketing in rural regions has significantly increased, coinciding with the advent of big data and artificial intelligence (AI) technology. This study seeks to evaluate the efficacy of websites as promotional and distribution mechanisms for local items on e-commerce platforms, emphasizing the perspectives of the Silver Generation (elderly population) in rural Indonesia. A quantitative approach was utilized employing Structural Equation Modelling (SEM) via SmartPLS 4. The study examined factors like website quality, user trust, usability, integration of AI and big data, and customer purchase intention. Data were gathered through surveys administered to 420 older e-commerce consumers in rural regions of West and Central Java. The findings demonstrate that website quality and AI integration substantially affect consumers' purchasing intentions, with user trust and ease of use serving as enhancing variables. The study advocates for the enhancement of content quality, the adoption of data-driven personalization, and the augmentation of digital literacy training for rural older populations to optimize the advantages of digital technology-based websites. © 2025 Copyright held by the owner/author(s).","Artificial intelligence; big data; e-commerce; Silver generation; Website utilization","Big data; Data quality; Electronic commerce; Population statistics; Purchasing; Rural areas; Sales; Silver; Websites; Artificial intelligence technologies; Distribution mechanism; E- commerces; E-commerce websites; Indonesia; Product marketing; Rural regions; Silver generation; Website quality; Website utilization; Artificial intelligence","Conference paper","All Open Access; Gold Open Access","Scopus"
"Li W.; Xiao J.X.; Zhang M.T.","Li, Wenhua (57224479888); Xiao, Jia Xin (56834871400); Zhang, Meng Ting (56962940000)","57224479888; 56834871400; 56962940000","Optimizing Urban e-Commerce Experiences: A Cross-Cultural Interface Design Approach for Enhanced Connectivity and Consumer Engagement","2024","Lecture Notes in Computer Science (including subseries Lecture Notes in Artificial Intelligence and Lecture Notes in Bioinformatics)","https://www.scopus.com/pages/publications/85196085460?origin=resultslist","Guangzhou Academy of Fine Arts, No. 168, Waihuan West Road, Panyu District, Guangzhou, China; Guangdong University of Technology, Yuexiu District, No. 729, Dongfeng East Road, Guangzhou, China; Macau University of Science and Technology, Avenida Wai Long, Taipa, Macao","Li W., Guangzhou Academy of Fine Arts, No. 168, Waihuan West Road, Panyu District, Guangzhou, China; Xiao J.X., Guangdong University of Technology, Yuexiu District, No. 729, Dongfeng East Road, Guangzhou, China; Zhang M.T., Macau University of Science and Technology, Avenida Wai Long, Taipa, Macao","This research paper presents an in-depth analysis of the Canton Fair’s B2B e-commerce platform, with a focus on optimizing user experience in the context of urban e-commerce environments. The study employs a multi-method approach, incorporating heuristic evaluations, usability testing, and user interviews, to identify key areas for improvement in the platform’s design. Central findings highlight significant issues with navigation complexity, limited search functionality, and the platform’s lack of mobile optimization—elements that are critical for success in fast-paced urban markets. In response to these challenges, the paper proposes a set of comprehensive interface design guidelines. These guidelines emphasize a user-centric design philosophy, enhanced search capabilities, streamlined checkout processes, and the integration of advanced technologies such as AI for personalization. The research also underscores the importance of culturally and linguistically inclusive design to cater to the diverse urban user base. The paper concludes with strategic recommendations for the Canton Fair, aiming to transform its platform into a more efficient, accessible, and user-friendly e-commerce environment. This study contributes to the field of electronic commerce by offering insights and practical approaches for adapting traditional trade platforms to meet the evolving demands of the urban digital marketplace. © The Author(s), under exclusive license to Springer Nature Switzerland AG 2024.","Canton Fair; Electronic Commerce; interface design; usability challenges; user experience","Design; Heuristic methods; Optimization; User interfaces; B2B e-commerce; Canton fair; Cultural interface; Design approaches; E- commerces; In-depth analysis; Interface designs; Research papers; Usability challenge; Users' experiences; Electronic commerce","Conference paper","","Scopus"
"Liang X.; Liu P.; Wang Z.","Liang, Xia (52063481300); Liu, Peide (35388763600); Wang, Zhihao (55902681200)","52063481300; 35388763600; 55902681200","Hotel selection utilizing online reviews: A novel decision support model based on sentiment analysis and DL-VIKOR method","2019","Technological and Economic Development of Economy","https://www.scopus.com/pages/publications/85076833057?origin=resultslist","School of Management Science and Engineering, Shandong University of Finance and Economics, Jinan, 250014, China","Liang X., School of Management Science and Engineering, Shandong University of Finance and Economics, Jinan, 250014, China; Liu P., School of Management Science and Engineering, Shandong University of Finance and Economics, Jinan, 250014, China; Wang Z., School of Management Science and Engineering, Shandong University of Finance and Economics, Jinan, 250014, China","With the considerable development of tourism market, as well as the expansion of the e-commerce platform scale, increasing tourists often prefer to select tourism products such as services or hotels online. Thus, it needs to provide an efficient decision support model for tourists to select tourism products. Online reviews based on the user experience would help tourists improve decision efficiency on tourism products. Therefore, in this study, a quantitative method for hotel selection with online reviews is proposed. First, with respect this problem with online reviews, by analyzing sentiment words in online reviews, tourists’ sentiment preferences are transformed into the format of distribution linguistic with respect to sentiment levels. Second, from a theoretical perspective, we proposed a method to determine the ideal solution and nadir solution for distribution linguistic evaluations. Next, based on the frequency of words for evaluating hotel and the distribution linguistic evaluations, the weight vector of the evaluation features is determined. Further, a novel DL-VIKOR method is developed to rank and then to select hotels. Finally, a realistic case from TripAdvisor.com for selecting hotel is used to demonstrate practically and feasibility of the proposed model. © 2019 The Author(s).","Decision making; Distribution linguistic; Hotel selection; Online reviews; Quantitative method","","Article","All Open Access; Gold Open Access","Scopus"
"Huang B.; Wei Y.; Zhao Y.; Zhao Z.; Chen D.; Zhang T.","Huang, Bingjie (59247781300); Wei, Yuhao (60631311200); Zhao, Yushang (60014233300); Zhao, Zhe (60598255200); Chen, Duo (60630785500); Zhang, Tian (60392323400)","59247781300; 60631311200; 60014233300; 60598255200; 60630785500; 60392323400","Reinforcement Learning with LLM-Augmented User Simulations for Adaptive Recommendations","2026","2026 5th International Conference on Electronics Technology and Artificial Intelligence, ETAI 2026","https://www.scopus.com/pages/publications/105038767943?origin=resultslist","Sunnyvale, United States; School of Engineering and Applied Science, University of Pennsylvania, Bellevue, United States; McKelvey School of Engineering, Washington University in St. Louis, St. Louis, United States; Khoury College of Computer Sciences, Northeastern University, Hayward, CA, United States; Fu Foundation School of Engineering and Applied Science, Columbia University, Long Island City, United States; San Jose, United States","Huang B., Sunnyvale, United States; Wei Y., School of Engineering and Applied Science, University of Pennsylvania, Bellevue, United States; Zhao Y., McKelvey School of Engineering, Washington University in St. Louis, St. Louis, United States; Zhao Z., Khoury College of Computer Sciences, Northeastern University, Hayward, CA, United States; Chen D., Fu Foundation School of Engineering and Applied Science, Columbia University, Long Island City, United States; Zhang T., San Jose, United States","Computational recommendation systems demand sufficient modeling of user behavior. Interaction records in the real world severely restrict these tasks because they are sparse, delayed-rewarded, and involve biased policies, and online evaluation of new strategies is impossible. The paper presents a Reinforcement Learning (RL) architecture based on user simulation models, complemented by an LLM, that produces finegrained, context-sensitive synthetic paths to help train policies in counterfactual settings. Architecture The architecture combines a user-conditioned transformer-based model of user history, item features, and latent preferences to offer probabilistic next-action prediction that captures long-horizon behavioral transitions. The RL agent is trained using off-policy policy gradient optimization, with rewards computed from simulated trajectories that are estimated to reflect real-world engagement signals. The distributional similarities in concreteness between synthetic and real trajectories are also along with the aggregate-reward estimation, such as Maximum Mean Discrepancy (MMD) between joint state-action representations, or sequential statistics, such as topic-drift entropy and session-length distributions. Results suggest that the LLM-modified simulator is more closely aligned with real user dynamics, with reduced distributional divergence and mitigates hallucinated counterfactual rollouts behavior patterns (Roy et al., 2026). The suggested framework is especially relevant to the large-scale e-commerce platform where the adaptive policies are required to maximize the long-horizon engagement, cross-category exploration, and purchase conversion in the conditions of sparse and delayed feedback (Tu et al., 2025).  © 2026 IEEE.","Cold-Start Problem; Large Language Models; Preference Modeling; Recommender Systems; Synthetic Interaction Data; Zero-Shot Recommendation","Architecture; Behavioral research; Electronic commerce; Human computer interaction; Modeling languages; Purchasing; Reinforcement learning; Starting; Cold start problems; Counterfactuals; Language model; Large language model; Preference models; Real-world; Reinforcement learnings; Synthetic interaction data; User simulation; Zero-shot recommendation; Recommender systems","Conference paper","","Scopus"
"Casaló L.V.; Flavián C.; Guinalíu M.","Casaló, Luis V. (15847695300); Flavián, Carlos (6505957239); Guinalíu, Miguel (10044674100)","15847695300; 6505957239; 10044674100","The generation of trust in the online services and product distribution: The case of Spanish electronic commerce","2011","Journal of Electronic Commerce Research","https://www.scopus.com/pages/publications/84883535217?origin=resultslist","University of Zaragoza, Departamento de Dirección de Marketing e Investigación de Mercados, Facultad de Empresa y Gestión Pública, 22001. Huesca, Plaza de la Constitución s/n., Spain; University of Zaragoza, Departamento de Dirección de Marketing e Investigación de Mercados, Facultad de Economía y Empresa, 50005. Zaragoza, C/ Gran Vía 2., Spain","Casaló L.V., University of Zaragoza, Departamento de Dirección de Marketing e Investigación de Mercados, Facultad de Empresa y Gestión Pública, 22001. Huesca, Plaza de la Constitución s/n., Spain; Flavián C., University of Zaragoza, Departamento de Dirección de Marketing e Investigación de Mercados, Facultad de Economía y Empresa, 50005. Zaragoza, C/ Gran Vía 2., Spain; Guinalíu M., University of Zaragoza, Departamento de Dirección de Marketing e Investigación de Mercados, Facultad de Economía y Empresa, 50005. Zaragoza, C/ Gran Vía 2., Spain","Not all countries have the same level of e-commerce penetration. This could be due to the influence of cultural factors on consumer trust with regard to online purchasing. This may also explain why countries like Spain, with similar economic and technological levels to its neighbours', have a lower level of e-commerce usage. This paper examines the antecedents of trust, and, the relationship between trust and consumer commitment in Spain. The results obtained show that the factors governing the development of online trust are similar to those detected in other countries. Specifically, the results show that consumer trust is influenced by perceived website usability and reputation, by the consumer satisfaction and by the perceived privacy and security policy of the website. This paper also verifies that consumer trust has a positive effect on consumer commitment. Besides, no significant differences are observed in the research model between online services and product distribution. Finally, managerial recommendations and future research lines are suggested.","Commitment; Culture; Trust","","Article","","Scopus"
"NGO Q.D.; TRAN T.V.; HOANG D.A.","NGO, Quoc Dung (59354259900); TRAN, Tuan Vinh (59500168200); HOANG, Duc Anh (59500445400)","59354259900; 59500168200; 59500445400","Optimizing Digital Healthcare Distribution: An Integrated Model of Channel Efficiency and Technology Acceptance","2024","Journal of Distribution Science","https://www.scopus.com/pages/publications/85214088907?origin=resultslist","Faculty of Planning and Development, National Economics University, Viet Nam; Faculty of Investment, National Economics University, Viet Nam","NGO Q.D., Faculty of Planning and Development, National Economics University, Viet Nam; TRAN T.V., Faculty of Planning and Development, National Economics University, Viet Nam; HOANG D.A., Faculty of Investment, National Economics University, Viet Nam","Purpose: Purpose: This study examines the optimization of healthcare service distribution through digital channel adoption by integrating anticipatory governance perspectives with distribution channel frameworks, emphasizing the role of digital service delivery networks. Research design, data and methodology: The research employs a mixed-methods approach incorporating qualitative expert interviews and quantitative survey data from 295 users across diverse distribution regions of Vietnam. The conceptual framework analyzes the relationships between distribution service quality, security protocols, perceived distribution benefits, and future perception through Partial Least Squares Structural Equation Modeling, focusing on channel efficiency and service accessibility. Results: The findings reveal that service quality and security measures in digital channels significantly influence attitudes toward distribution systems, while traditional usability factors show minimal impact. The study introduces future perception as a novel construct in distribution science, demonstrating its significant effect on adoption intentions. Multi-group analysis reveals notable variations in distribution effectiveness across geographical regions and demographic segments, with distinct patterns between urban and rural areas. Conclusions: The research advances distribution theory by demonstrating how anticipatory elements and demographic variations influence digital service delivery optimization. These insights provide strategic implications for developing efficient, segment-specific digital distribution networks in healthcare service delivery. © The Author(s)","Channel optimization; Digital distribution channels; Distribution innovation; Future perception; Healthcare service networks","","Article","","Scopus"
"Jiang C.; Alshabanah A.; Annavaram M.","Jiang, Chaoyi (59231409200); Alshabanah, Abdulla (57270541200); Annavaram, Murali (57195496128)","59231409200; 57270541200; 57195496128","LEAF: Lightweight, Efficient, Adaptive and Flexible Embedding for Large-Scale Recommendation Models","2025","RecSys2025 - Proceedings of the 19th ACM Conference on Recommender Systems","https://www.scopus.com/pages/publications/105019648973?origin=resultslist","University of Southern California, Los Angeles, United States","Jiang C., University of Southern California, Los Angeles, United States; Alshabanah A., University of Southern California, Los Angeles, United States; Annavaram M., University of Southern California, Los Angeles, United States","Deep Learning Recommendation Models (DLRMs) are central to enhancing user engagement and experience with internet and e-commerce companies. DLRMs provide content and commercial suggestions by modeling user behavior. DLRMs rely on embedding tables to capture the user behavior, where users with similar interests may be represented closer in the embedding space. Embedding tables scale to tens of terabytes as the number of users and features grows, presenting challenges in training and storage. These models typically require substantial GPU memory, as embedding operations are not compute-intensive but occupy significant storage. While some solutions have explored offloading embedding tables to CPU, this approach still demands terabytes of memory and places a significant burden on CPU-GPU interconnect. We introduce LEAF, a multi-level hashing framework that compresses the large embedding tables based on real-time access frequency distribution. In particular, LEAF leverages a streaming algorithm to estimate access distributions on the fly without relying on model gradients or requiring a priori knowledge of access distribution. By using multiple hash functions, LEAF minimizes the collision rates of feature instances. Experiments show that LEAF outperforms state-of-the-art compression methods on Criteo Kaggle, Avazu, KDD12, and Criteo Terabyte datasets, with testing AUC improvements of , , , and , respectively. The source code of LEAF is available at github.com/chaoyij/LEAF. © 2025 Copyright held by the owner/author(s).","Embedding; Model Compression; Recommender Systems","Behavioral research; Deep learning; Electronic commerce; Embeddings; Graphics processing unit; Hash functions; Human computer interaction; Knowledge management; Program processors; Statistical tests; User experience; E- commerces; Embeddings; Internet commerces; Large-scales; Model compression; Multi-level hashing; Similar Interests; User behaviors; User engagement; Users' experiences; Recommender systems","Conference paper","All Open Access; Gold Open Access","Scopus"
"Prakash V.S.; Chitra K.; Britto Jacob S.; Yuvaraj S.; Shiva Kumar B.N.","Prakash, V.S. (57222366075); Chitra, K. (56141400000); Britto Jacob, S. (57206462818); Yuvaraj, S. (57205557214); Shiva Kumar, B.N. (57917796300)","57222366075; 56141400000; 57206462818; 57205557214; 57917796300","Improved Privacy Conservation Applicability for the Disturbed Data in Multi Partitioned Data Collection Environment","2022","Proceedings of the 2022 3rd International Conference on Communication, Computing and Industry 4.0, C2I4 2022","https://www.scopus.com/pages/publications/85150438651?origin=resultslist","Kristu Jayanti College, Department of Computer Science, Bangalore, Karnataka, India; CMR Institute of Technology, Department of EEE, Bengaluru, Karnataka, India; Kristu Jayanti College, Department of Mathematics, Bangalore, Karnataka, India; Sri Eshwar College of Engineering, Department of Computer Science and Engineering, Coimbatore, India","Prakash V.S., Kristu Jayanti College, Department of Computer Science, Bangalore, Karnataka, India; Chitra K., CMR Institute of Technology, Department of EEE, Bengaluru, Karnataka, India; Britto Jacob S., Kristu Jayanti College, Department of Mathematics, Bangalore, Karnataka, India; Yuvaraj S., Sri Eshwar College of Engineering, Department of Computer Science and Engineering, Coimbatore, India; Shiva Kumar B.N., CMR Institute of Technology, Department of EEE, Bengaluru, Karnataka, India","The perturbation technique was widely considered for the protection of the privacy for different datasets in data mining. Multi-partitioned datasets generally consist of together horizontal and vertical data Collection, that are a existing demand in the data mining environment of e- Pay and e-Commerce. In the phase of perturbation, arbitrary disturbance from a known scattering is processed as data susceptible to privacy, prior to the information miner being thrown. Consequently, the data-miner reconstitutes estimates for the specific distribution of data from the disrupted data and exercises the restored delivery of data mining principles. According to the count of noise, information loss versus privacy protection in perturbation-based techniques is a constant transaction. The problem is to what degree of privacy are consumers able to cooperate? This is a choice which is shifting from person to person. The first work is to define the technique of data perturbation with validation and authentication in order to determine a trade-off between data protection and the usability of the data. Diverse people may have different secrecy strategies, focused on customs and cultures. Inappropriately, the earlier privacy-included perturbation that preserves data mining procedures does not allow entities to choose their preferred levels of privacy. It is a negative thing, because privacy is a preference for individuals. Researchers in this study suggest an independently adaptable perturbation model that allows persons to select their own degree of confidentiality. The success of the proposed model lies in Enhancing the Privacy Conservation Applicability for Disturbed Data in Multi-partitioned datasets (PADDM), as validated by numerous studies performed on both unreal and real-world data Collection. Focused on the experimental evaluation, researchers are proposing a simple, useful and resourceful method for building data mining representations from disturbed facts and enhancing the privacy conservation process.  © 2022 IEEE.","Data Collection; Distributed Data; Privacy; Privacy Conservation","Conservation; Data acquisition; Economic and social effects; Historic preservation; Large dataset; Perturbation techniques; Privacy-preserving techniques; Data collection; Data miners; Distributed data; E- commerces; Information loss; Mining environments; Noise information; Privacy; Privacy conservation; Specific distribution; Data mining","Conference paper","","Scopus"
"","","","MIPRO 2006 - 29th International Convention: Microelectronics, Electronics and Electronic Technologies, MEET, Hypermedia and Grid Systems HGS","2006","MIPRO 2006 - 29th International Convention Proceedings: Microelectronics, Electronics and Electronic Technologies, MEET, Hypermedia and Grid Systems HGS","https://www.scopus.com/pages/publications/84896012031?origin=resultslist","","","The proceedings contain 250 papers. The special focus in this conference is on Microelectronics, Electronics and Electronic Technologies, Hypermedia and Grid Systems. The topics include: Optimizing Er3+- luminescent properties in photonic glasses; low pressure chemical vapor deposition of different silicon nanostructures; comparison of dynamic properties of interface traps in silicon and silicon carbide; characterization of InGaAs/InAIAs separate absorption and multiplication layers (SAM) avalanche photodiodes (APD) for Geiger mode operation; fiber optic sensor with dielectric annular core for chemical trace analysis; microsensors based on tensometric layers sputtered on silicon substrates; retraction force measurement with silicon piezoresistor; properties of lateral bipolar transistors in SiGe technology; comparison of semiconductor simulation models on the basis of well-tempered nMOSFETs; a new FGMOS active resistor with improved linearity and lncreased frequency response; bulk driven cascode current mirror; a low-vottage track and hold circuit using CMOS current mirror with pseudo-resistive pseudo-resistive feedback; digitally-selected optimal curvature-corrected voltage reference using FGMOS devices; low voltage class AB opamp; current mode analog multiplier; high accuracy function generator for analog signal processing; the challenges in low noise CMOS analogue design; interconnect delay time estimation; design and optimisation of local interconnected network interface; offset cancellation of CMOS inverter comparators; l bit CMOS current mode digital full adder; two-to-one multiplexer using pseudoresistive load; design of two-channel FIR filter banks with equiripple reconstruction error; dynamic range compressor/expander for digital audio based on LMS algorithm; ultrasonic level measuring; RF front-Bnd of DRM receiver; realization of the lower cut off frequency in the intraoperative evoked potential monitoring amplifier; laboratory model of a rectifier with power factor correction; automated feeding system; cooperative learning of electronics; web service based knowledge grid for biomedicine; a performance analysis of J2ME web services extension; quality of service oriented active routers design; hidden access mechanism for demonstrating and teaching the grid; intelligent sensor-grid computing the nearest future; virtual grid execution environment; frontiers of computational grids; grid-based solution for financial modeling; cluster image processing in ceramic tiles quality evaluation; cost optimization of WDM networks with circuit switching; dimensioning methods in transport UTRAN network; resilience mechanisms in optical transmission networks; network routing function in VoIP and IMS networks; using network simulation software in teaching routing concepts; analysis of connection establishment process of Bluetooth system V1.1 and V1.2; WLAN and Bluetooth coexistence methods and interference reduction; convergence of mobile broadband wireless technologies; prospects of MIMO techniques for broadband wireless systems; flash-OFDM in next-generation mobile broadband networks; mobiles video stream using edge detection; implementation of the diameter-based Cx interface in the IP multimedia subsystem; change request management process evolution; six sigma methodology for software development process improvement; student project management; effectiveness assessment of using project management software in ICT projects in Croatia; empirical research on use of the decision support systems (DSS) on a sample of Croatian managers; ad manager - system for managing value added service content; mobile value added service platform with adaptable business logic data flows; -agent-based creation and provisioning of telecom service; introducing QoS parameters into design and development of real-time systems; an approach to modelling and implementation of the IP network management and control node; seamless mSCTP handover analysis in IEEE 802.11 networks; problems and proposed solution in testing public e-services development project; load test methodology for primary health care information system; connection tracer based method in 2Gl3G PLMN call-processing error detection; LFazzy control scheme for the gantry crane position and load swing control; determination of dynamic model of natural gas cooler in CPS molve III using computer; one method for maintaining accuracy in implementation of fast Fourier transform on fixed point digital signal processors; predicate abstraction based verification framework; interactive simulation and test environment for real-time scheduling ' I-SITER; design and implementation of a wireless accessible network of industrial robot; a contribution to the investigation of algebraic model structures in qualitative space; computerized control techniques on blectromechanical systems; analysis of H.264 decoder's interpolation; personal identification number complexity evaluation; an approach to embedded internet system development; web based document distribution system; using web services to transfer meteorological measurement data; collection and presentation of measurement data acquired via web services; a proposal of telelaboratory structure based on free tools; optimal VR stimulation in functional assessment of whiplash injuries; fluid flow animation; priority scheduling with genetic programming; automatizacija provjere ispravnosti paketa mjerenjem mase; napredno upravljanje u realnom wemenu procesom transporta plina; cellular automata method for removing of date stamps from digital photos; registration techniques for high-resolution visual and low-resolution infrared images; genetic algorithm with adaptive mutation probability in nonstationary environments; H.264 deblocking filter algorithm for parallel processing of pixel locations; object detection based on gray-scale morphology; FPGA verification and emulation of the analog TV-IF demodulator SoC; Slovenian-English speech-to-speech translation; Croatian telephone speech recognition; aspects of a theory and the present state of speech synthesis; automated extraction of fuzzy decision rules from databases using rough set model; news article recommendation using artificial immune system; machine learning techniques for enhancing decisions support systems within organizations; design of substation wire busbars using genetic algorithms; the role of knowledgeo science and technology in education; beer game in the function to illustrate the bullwhip effect in a supply chain; data base web applications for distance learning; user interface model of interactive education software; using XML in education; information and media literacy in kindergarten; students' attitude towards virtual laboratory classes; assistive technologies for hearing impaired persons; the pilot project of distant learning in elementary schools located far from zadar; using elearning methods in teaching mathematics; creating and using information systems in bducation of ''non-professionals'' in informatics; teaching process development according to RUP methodoiogy; virtual learning environments - astronomy school; machine learning algorithms used for validation of the student knowledge; distance education - instructional video; educational microcontroller based system for construction of photoplethysmographs; implementing data acquisition system at laboratory exercises on introduction to electronics; singte chip data acquisition system with USB connectivity; use of e-learning technologies to develop competence in online communication; peer assessment in learning introductory programming course; computer and information literacy; the impact of ICT on economic growth of transition countries; the need for introduction of computer studies department in gymnasiums in republic of Serbia; 3D modeling, vizualization and animation at power electrical engineering study programme; appliance of information and communication technology in Slovenian schools; methodological framework of learning financial modeling within excel spreadsheet interface; instructional objectives and implementation of the course ''game development and virtual environments''; adjustment of the informatics curriculum at the faculty of civil engineering to new trends; real-time learner modeling using gaze-tracking in distributed adaptive E-learning environments; system theories in educations; about IT curricula models - the topology and the applicatons; using educational portals and integration with LMS; new development of teaching concepts in multimedia learning for electrical power systems introducing sonification; computer methods and network support in machine mechanisms design; bridging the gap between school science and everyday experiences through comluterised experiments; teaching programming to secondary school students; digitalna zbirka ispitne literature na filozofskom fakultetu; primjer primjene sustava upravljanja balanced scorecard u organizacijama odgoja i obrazovanja; globalni ICT trendovi u svijetu; web kao mjesto suradnje nastavnika informatike; nove tendencije u razvoju hardvera i softvera; projekt primjene CAD alata u obrazovanju; analysis of blectronic commerce adoption in Serbia; the development of E-business in the enterprises of south eastern Europe; internet as distribution channel in e-tourism - trends and developments; developing egovernment - choice or necessity for the Balkan region; corporate web sites in Croatia; Internet business of the Croatian marinas; digital to intelligent local government transition framework; E - commerce i logistika maloprodajnog poduzeca; E-service quality evaluation instruments.","","","Conference review","","Scopus"
"Mei G.","Mei, Guo (58243816000)","58243816000","Cross Border B2B E-Commerce Website Service Quality Evaluation System","2023","Lecture Notes in Electrical Engineering","https://www.scopus.com/pages/publications/85161717747?origin=resultslist","Hubei Communication Technical College, Hubei, 430079, China","Mei G., Hubei Communication Technical College, Hubei, 430079, China","With the popularity of the Internet, it plays an increasingly important role in people’s lives. More and more people use the Internet to conduct online shopping, sales and other activities. Therefore, B2B e-commerce enterprises have shown a trend of vigorous development in China, and become one of the important fields of Internet information services in China. It has a considerable scale of transactions and users, and it continues to develop at a high speed. This paper studies the service quality evaluation system of cross-border B2B e-commerce websites, which can be used to evaluate the service quality of cross-border B2B e-commerce websites. The evaluation is based on a set of parameters, including user experience, product information and shopping experience. The results will be displayed in a table with corresponding scores for each parameter. Cross border B2B e-commerce websites are more and more popular with users because of their convenience and cost-effectiveness. © 2023, The Author(s), under exclusive license to Springer Nature Singapore Pte Ltd.","B2B; Electronic Commerce; Quality evaluation; Website services","Cost effectiveness; Electronic commerce; Information services; Quality control; Quality of service; B2B; B2B e-commerce; Cross-border; E-commerce enterprise; E-commerce websites; Online shopping; Quality evaluation; Quality evaluation system; Service quality evaluation; Website service; Websites","Conference paper","","Scopus"
"Wang Y.; Li Z.; Zhang C.; Chen S.; Zhang X.; Xu J.; Lin Q.","Wang, Yuan (59852155000); Li, Zhiyu (57208229542); Zhang, Changshuo (58483905300); Chen, Sirui (57668844200); Zhang, Xiao (57219790917); Xu, Jun (57148828000); Lin, Quan (57211938887)","59852155000; 57208229542; 58483905300; 57668844200; 57219790917; 57148828000; 57211938887","Do Not Wait: Learning Re-Ranking Model Without User Feedback At Serving Time in E-Commerce","2024","RecSys 2024 - Proceedings of the 18th ACM Conference on Recommender Systems","https://www.scopus.com/pages/publications/85210476795?origin=resultslist","Alibaba Group, Zhejiang, Hangzhou, China; Gaoling School of Artificial Intelligence, Renmin University of China, Beijing, China; School of Information, Renmin University of China, Beijing, China","Wang Y., Alibaba Group, Zhejiang, Hangzhou, China; Li Z., Alibaba Group, Zhejiang, Hangzhou, China; Zhang C., Gaoling School of Artificial Intelligence, Renmin University of China, Beijing, China; Chen S., School of Information, Renmin University of China, Beijing, China; Zhang X., Gaoling School of Artificial Intelligence, Renmin University of China, Beijing, China; Xu J., Gaoling School of Artificial Intelligence, Renmin University of China, Beijing, China; Lin Q., Alibaba Group, Zhejiang, Hangzhou, China","Recommender systems have been widely used in e-commerce, and re-ranking models are playing an increasingly significant role in the domain, which leverages the inter-item influence and determines the final recommendation lists. Online learning methods keep updating a deployed model with the latest available samples to capture the shifting of the underlying data distribution in e-commerce. However, they depend on the availability of real user feedback, which may be delayed by hours or even days, such as item purchases, leading to a lag in model enhancement. In this paper, we propose a novel extension of online learning methods for re-ranking modeling, which we term LAST, an acronym for Learning At Serving Time. It circumvents the requirement of user feedback by using a surrogate model to provide the instructional signal needed to steer model improvement. Upon receiving an online request, LAST finds and applies a model modification on the fly before generating a recommendation result for the request. The modification is request-specific and transient. It means the modification is tailored to and only to the current request to capture the specific context of the request. After a request, the modification is discarded, which helps to prevent error propagation and stabilizes the online learning procedure since the predictions of the surrogate model may be inaccurate. Most importantly, as a complement to feedback-based online learning methods, LAST can be seamlessly integrated into existing online learning systems to create a more adaptive and responsive recommendation experience. Comprehensive experiments, both offline and online, affirm that LAST outperforms state-of-the-art re-ranking models. © 2024 Copyright held by the owner/author(s).","e-commerce; online learning; re-ranking; recommender system; surrogate model","Adversarial machine learning; Federated learning; Marketplaces; Recommender systems; Transfer learning; Data distribution; E- commerces; Model modification; On-line learning methods; On-the-fly; Online learning; Ranking model; Re-ranking; Surrogate modeling; User feedback; Contrastive Learning","Conference paper","All Open Access; Gold Open Access","Scopus"
"","","","3rd International Conference on Advanced Design and Manufacturing Engineering, ADME 2013","2013","Applied Mechanics and Materials","https://www.scopus.com/pages/publications/84886856745?origin=resultslist","","","The proceedings contain 547 papers. The special focus in this conference is on Advanced Design and Manufacturing Engineering. The topics include: A density-based potential mission risk assessment approach for aerospace products; a rapid simulation and optimization study of production line; research on trusted manufacturing; application of cleaning technology in the remanufacturing for loader's axles and transmission box components; study on a green manufacturing process design system; properties of process gas combustion products; parameters research of precise straightening process in roller leveler; time-pressure switch control for fluid dispensing process based on self-adaptive model; the shape optimization study of the rolling wheel of CNC crushing machine; design method of offsetting transmission ratio of 6 tons truck car; a study of high-speed angular contact ball bearing thermo-mechanical coupling characteristics; a primary design of the general scheme on modular vertical lathe; the research and experimental study of fully automatic CNC grooving machine; study on the design of cantilever crane in wind turbine; design and manufacturing of cylinder-beam integrated hydraulic press; design and optimization based on the spindle of automatic clamping lathe; a new redundant device for monitoring mechanical press slider second fall; design on small multi-function chassis manipulator device; design and manufacture of a planetary gearbox rig; optimization design of dryer machinery in tunnel washing system; research on sewage treatment by combined two-phase ABR and SBR; investigations of energy separation effect in vortex tube for natural gases; study on flow distribution relationship in hydraulic system; effect of turbulence model to simulation accuracy of wind turbine blade; research the internal flow field of valve stem leakage; numerical simulation of Laval nozzle; numerical simulation of shock wave in air based on FCT method; the prediction and analysis of helicopter rotor rotation noise in hover; research on calculation method for polar moment of inertia of spline shaft; study on dynamics characteristics of SINS damping system in shock environment; study on balance simulation of milling tool handle in high speed machining; vibratory stress relief of central air-conditioning evaporator; simulation of roll stability of a van in cross-wind; a constant tension control device of mechanical feedback; simulation of heat stress and fatigue on engine case; vibration analysis of transmission shafts using solid models; load distribution of ball screw with contact angle variation; dynamic analysis of less-teeth gear transmission system; study on the global bifurcation of quasi-zero-stiffness system; prediction on the wear life of bearings for planetary gears; analysis of propeller static thrust estimation method; research of piezoelectric cantilever beam diaphragm pump; study on dynamic simulation of buffering mechanism with liquid bag; wave filtering of ship dynamic positioning system using particle filter; modal analysis and dynamic test of steel slag vehicle; finite element analysis of assembly body of conical pick; the effect of vehicles steering tilt angle impact human thorax; low-wind-drag numerical research on fenders and wheels of car model; research on the simulation method of the belt conveyor correction device; study on the three degrees of freedom model of leaf spring; based on NX NASTRAN finite element analysis of rotary blade axis; evaluation on methods of spatial dependence test; review of human factors in maritime system; researching on the mode of selecting key village in administrative villages; intrinsically 3-linked graph with knotted components; equivalence of transducer; research on product design based on the effect factor of product whole life cycle; the life cycle management and evaluation of equipment maintenance quality; artistic techniques for developing creativity in design; research on multiple environment over stress testing; a new piezoelectric generator based on stairs; sustainable innovation design for buckle ring machine of button battery; an analysis of product design based on traditional Chinese culture; digital design of automotive wire-harness; higher dimension modules incurred mechanism structure variation; a design of ginkgo cleaner; design of single star simulator based on LED light source; research on methodology of module division in fractionated spacecraft; product module division method based degree of modularity; transmission ratio optimization of electric vehicle powertrain; measurement technique based on the three-dimensional white-light scanner; research on enable advanced technologies for swarm construction; research on object-oriented system model based on feature; boiler combustion control system optimization strategy; risk analysis on grain quality in the drying process; load prediction of RBF neural network considering weather factors; several non-rearranged dynamic multicast routing algorithms; study on common fault of wind turbine; a nearly optimal peak reduction tone set selection algorithm; adaptive control for aircraft anti-skid braking system; testing system of needle selectors for jacquard knitting machines; drive control of a class of scan systems; developing and research on liquid level control system of double-tank; rapid prototyping design for in-wheel motor controller; research on integrated control system of the gas pressure in coke oven; step motor control based on FPGA; modeling and simulation of vector control system for asynchronous motor; study on temperature control system of film laminating machine; automation control system of pharmaceutical factory based on wireless sensor network; design of intelligent home control system based on a variety of network; adaptive levitation control based on feedback linearization; design of temperature control system in incubator; study on optimization control method of the pickling process; output feedback control for a class of uncertain fuzzy system by controller switching; model free control of the refrigeration system based on minimum stable superheat; analysis of DAS and ATWS mitigation system in nuclear power plant; control strategy of PMSG in variable speed wind power system; real-time auto-light system for high-speed camera; design of automatic tracking system based on FPGA and binocular vision; robust adaptive control for robotic manipulators based on RBFNN; robotic curve-shaped seam tracking system using vision sensor; application of image processing technology in welds ultrasonic testing; design and analysis of a micro-motion platform based on flexible mechanism; study on dynamic characteristics of parallel robot with 2-DOF; the structural design and kinematic analysis of palletizing robot; the design of stereo vision autonomic navigation robot based on SOC; neural network aided GPS/INS integration for UAV navigation; an improved adaptive algorithm for INS/GPS system; the principle and calibration of the third gear flow-meter; a novel integrated portable elasticity measurement system; measuring routine parameters of wine by ATR-MIR spectroscopy; design of remote control equipment based on industrial Ethernet; three carrier PWM control of improved Z-source inverter; the discussion on communication simulation methods; research on digital I/O modules based on Bluetooth communication; a secret sharing algorithm based on regenerating codes; RSSI based Monte-Carlo localization boxed algorithm; the design of MMS and SMS student service system based on PC; active queue management based on state variable feedback control; the research and application of simulation learning tool; the design and research of virtualization platform; study of selective video encryption for the H.264 standard; a new algorithm of weld seam detection based on mathematical morphology; a data recorder with optimized recording algorithm used in UAV; tunnel face image segmentation optimization; analysis of pipeline dynamic flow signal coupling in hydraulic system; real-time boundary detection of fast moving object in dark surrounds; web-based media asset management system design; image pro-correction for defocus blur image based on wiener filtering; research of the disguise identity based on EEG; a PAPR reduction method for hexagonal constellation-based OFDM signals; fast tone mapping based on sorting; medical bottle tightness detection based on digital image processing; an access control model for XML repositories; research and application of music digitalization based on MATLAB; research on the digital earth based on OpenGL; optimal route retrieval model based on assignment strategy; analysis of the data mining application based on cloud computing; digital earth and exploration of military application; research on spatial cognition training based on the digital earth; research of the integration model of coal heterogeneous systems; the application of decision tree in security audit; the effects of demand randomness in newsvendor model; study on the intra-ship material handling system; the optimization research on the green supply chain network; research on separating mode of business and logistics; model innovation of exhibition logistic supply chain; study on railway materials procurement online; study on virtual reality techniques used in German teaching and research on e-commerce teaching system.","","","Conference review","","Scopus"
"","","","Proceedings of the 2nd International Conference on Computer Science and Software Engineering, CSSE 2019","2019","ACM International Conference Proceeding Series","https://www.scopus.com/pages/publications/85123040217?origin=resultslist","","","The proceedings contain 33 papers. The topics discussed include: predicting the habitat for alien species based on gis; research of mobile recommender service based on user preferences and social tags; vehicle image classification using data mining techniques; spectrum allocation of cognitive radio network based on improved cuckoo search algorithm; a fusion clustering algorithm based on global gravitation search and partitioning around medoid; design and implementation of B2B E-commerce platform based on microservices architecture; bi-group Bayesian personalized ranking from implicit feedback; grouping based on comparison of data and grouping consecutive data for logging visualization; a neural network-based method for automatic pericardium segmentation; learning rate adaptive kernel correlation filter tracking algorithm combined with multi-feature fusion; and micro-level data analysis and visualization of the interrelation between confidence and athletic performance.","","","Conference review","","Scopus"
"Tian B.; Han J.; Liu K.","Tian, Bo (36615993000); Han, Jingti (23389200300); Liu, Kecheng (7404200099)","36615993000; 23389200300; 7404200099","Closed-loop feedback computation model of dynamical reputation based on the local trust evaluation in business-to-consumer e-commerce","2016","Information (Switzerland)","https://www.scopus.com/pages/publications/84963979516?origin=resultslist","School of Information Management and Engineering, Shanghai University of Finance and Economics, Shanghai, 200433, China; Informatics Research Center, University of Reading, Reading, RG6 6UD, United Kingdom","Tian B., School of Information Management and Engineering, Shanghai University of Finance and Economics, Shanghai, 200433, China; Han J., School of Information Management and Engineering, Shanghai University of Finance and Economics, Shanghai, 200433, China; Liu K., Informatics Research Center, University of Reading, Reading, RG6 6UD, United Kingdom","Trust and reputation are important factors that influence the success of both traditional transactions in physical social networks and modern e-commerce in virtual Internet environments. It is difficult to define the concept of trust and quantify it because trust has both subjective and objective characteristics at the same time. A well-reported issue with reputation management system in business-to-consumer (BtoC) e-commerce is the ""all good reputation"" problem. In order to deal with the confusion, a new computational model of reputation is proposed in this paper. The ratings of each customer are set as basic trust score events. In addition, the time series of massive ratings are aggregated to formulate the sellers' local temporal trust scores by Beta distribution. A logical model of trust and reputation is established based on the analysis of the dynamical relationship between trust and reputation. As for single goods with repeat transactions, an iterative mathematical model of trust and reputation is established with a closed-loop feedback mechanism. Numerical experiments on repeated transactions recorded over a period of 24 months are performed. The experimental results show that the proposed method plays guiding roles for both theoretical research into trust and reputation and the practical design of reputation systems in BtoC e-commerce. © 2016 by the authors.","Beta distribution; Closed-loop feedback; Local trust rating; Reputation computation","Commerce; Computation theory; Iterative methods; Beta distributions; Business to Consumer; Business to consumer E commerces; Closed-loop feedback; Numerical experiments; Reputation management; Theoretical research; Trust and reputation; Electronic commerce","Article","All Open Access; Gold Open Access; Green Open Access","Scopus"
